time,H2_pred
2026-05-08 09:56:00,30.139422377695453
2026-05-08 09:57:00,30.0322942589018
2026-05-08 09:58:00,30.108385056358323
2026-05-08 09:59:00,30.018841656235352
2026-05-08 10:00:00,30.016552348347343
2026-05-08 10:01:00,30.125011770892986
2026-05-08 10:02:00,30.50784273522592
2026-05-08 10:03:00,30.46002806178312
2026-05-08 10:04:00,30.464061655788505
2026-05-08 10:05:00,30.42199412013668
2026-05-08 10:06:00,30.47840056212224
2026-05-08 10:07:00,30.449968505152405
2026-05-08 10:08:00,30.47331709902804
2026-05-08 10:09:00,30.49956048746261
2026-05-08 10:10:00,30.44672993142773
2026-05-08 10:11:00,30.46537709508325
2026-05-08 10:12:00,29.45228331307377
2026-05-08 10:13:00,29.42692827080516
2026-05-08 10:14:00,29.378031694891
2026-05-08 10:15:00,29.30667620032062
2026-05-08 10:16:00,29.393366724912426
2026-05-08 10:17:00,29.35148442184004
2026-05-08 10:18:00,29.435796601951587
2026-05-08 10:19:00,29.390591726811284
2026-05-08 10:20:00,29.3820243477934
2026-05-08 10:21:00,29.393951995808457
2026-05-08 10:22:00,29.804522568067885
2026-05-08 10:23:00,29.980163574650057
2026-05-08 10:24:00,29.86190318553489
2026-05-08 10:25:00,29.847120278644443
2026-05-08 10:26:00,29.96915700469978
2026-05-08 10:27:00,29.8720129650053
2026-05-08 10:28:00,29.928267172306377
2026-05-08 10:29:00,29.88481351484824
2026-05-08 10:30:00,29.949611893103054
2026-05-08 10:31:00,29.94081806199055
2026-05-08 10:32:00,29.695709744861567
2026-05-08 10:33:00,29.722771961601097
2026-05-08 10:34:00,29.70083080310843
2026-05-08 10:35:00,29.653358870097293
2026-05-08 10:36:00,29.610399274856107
2026-05-08 10:37:00,29.62746256359124
2026-05-08 10:38:00,29.657387246724905
2026-05-08 10:39:00,29.635346498929948
2026-05-08 10:40:00,29.66828079702397
2026-05-08 10:41:00,29.641122351734644
2026-05-08 10:42:00,29.626791763773685
2026-05-08 10:43:00,29.661769959203504
2026-05-08 10:44:00,29.70095949180477
2026-05-08 10:45:00,29.65554457645212
2026-05-08 10:46:00,29.666638380244148
2026-05-08 10:47:00,29.652440480051062
2026-05-08 10:48:00,29.676567673483024
2026-05-08 10:49:00,29.60685645553736
2026-05-08 10:50:00,29.59250117278704
2026-05-08 10:51:00,29.63643797616863
2026-05-08 10:52:00,29.1821724092454
2026-05-08 10:53:00,29.12307044480178
2026-05-08 10:54:00,29.082857968774
2026-05-08 10:55:00,29.05262925255063
2026-05-08 10:56:00,29.045130144054536
2026-05-08 10:57:00,29.02916733986872
2026-05-08 10:58:00,29.074438807092896
2026-05-08 10:59:00,29.018418105158023
2026-05-08 11:00:00,29.03161526839705
2026-05-08 11:01:00,29.04053106286792
2026-05-08 11:02:00,30.07276059881812
2026-05-08 11:03:00,30.091301498614897
2026-05-08 11:04:00,30.19062784008154
2026-05-08 11:05:00,30.151771450637643
2026-05-08 11:06:00,30.25801052755391
2026-05-08 11:07:00,30.2881587461346
2026-05-08 11:08:00,30.265948375086943
2026-05-08 11:09:00,30.19371625142544
2026-05-08 11:10:00,30.19041783593634
2026-05-08 11:11:00,30.213934982977584
2026-05-08 11:12:00,29.38627841788164
2026-05-08 11:13:00,29.41015249790632
2026-05-08 11:14:00,29.340845992687346
2026-05-08 11:15:00,29.35882127580676
2026-05-08 11:16:00,29.32130728613794
2026-05-08 11:17:00,29.27548122600046
2026-05-08 11:18:00,29.32011458803434
2026-05-08 11:19:00,29.35021600617083
2026-05-08 11:20:00,29.32622115543534
2026-05-08 11:21:00,29.32504636157447
2026-05-08 11:22:00,30.011582132366303
2026-05-08 11:23:00,29.87372735730069
2026-05-08 11:24:00,29.96830263765833
2026-05-08 11:25:00,29.95828651209127
2026-05-08 11:26:00,29.98561642237553
2026-05-08 11:27:00,30.046936615106617
2026-05-08 11:28:00,30.092524941182948
2026-05-08 11:29:00,30.04569678834919
2026-05-08 11:30:00,30.01695525456824
2026-05-08 11:31:00,30.00691741746828
2026-05-08 11:32:00,29.00386549346233
2026-05-08 11:33:00,29.04599134048855
2026-05-08 11:34:00,29.002058101558248
2026-05-08 11:35:00,29.035763095077176
2026-05-08 11:36:00,29.000656722892483
2026-05-08 11:37:00,28.982676374313456
2026-05-08 11:38:00,28.9813475955788
2026-05-08 11:39:00,29.068022522723705
2026-05-08 11:40:00,29.083954094693816
2026-05-08 11:41:00,29.162914734356228
2026-05-08 11:42:00,29.9609808316012
2026-05-08 11:43:00,29.82704159635028
2026-05-08 11:44:00,29.84729855052629
2026-05-08 11:45:00,30.023423290553016
2026-05-08 11:46:00,29.89752407880049
2026-05-08 11:47:00,29.879654977154043
2026-05-08 11:48:00,29.80258768068116
2026-05-08 11:49:00,29.88052570705353
2026-05-08 11:50:00,29.90553369185263
2026-05-08 11:51:00,29.88450359744653
2026-05-08 11:52:00,30.27748161378509
2026-05-08 11:53:00,30.400880743100323
2026-05-08 11:54:00,30.40443708044621
2026-05-08 11:55:00,30.44542281480276
2026-05-08 11:56:00,30.40222099416546
2026-05-08 11:57:00,30.37161151715742
2026-05-08 11:58:00,30.34390592364962
2026-05-08 11:59:00,30.295484427106384
2026-05-08 12:00:00,30.259460701398204
2026-05-08 12:01:00,30.29105459512342
2026-05-08 12:02:00,29.118720934982928
2026-05-08 12:03:00,29.16165128476012
2026-05-08 12:04:00,29.06134733833749
2026-05-08 12:05:00,29.29691916068093
2026-05-08 12:06:00,29.26383214518307
2026-05-08 12:07:00,29.296684272651547
2026-05-08 12:08:00,29.215279970978926
2026-05-08 12:09:00,29.23270027850395
2026-05-08 12:10:00,29.279162614014886
2026-05-08 12:11:00,29.24789270023928
2026-05-08 12:12:00,29.373576033074063
2026-05-08 12:13:00,29.546566402636973
2026-05-08 12:14:00,29.448565515706047
2026-05-08 12:15:00,29.46077470417322
2026-05-08 12:16:00,29.642763845148373
2026-05-08 12:17:00,29.53966003988661
2026-05-08 12:18:00,29.6196966007426
2026-05-08 12:19:00,29.603184663760505
2026-05-08 12:20:00,29.581716841703447
2026-05-08 12:21:00,29.656844623712725
2026-05-08 12:22:00,29.644631348572226
2026-05-08 12:23:00,29.66594064202772
2026-05-08 12:24:00,29.670925189430086
2026-05-08 12:25:00,29.766531655487235
2026-05-08 12:26:00,29.746691483505625
2026-05-08 12:27:00,29.79465618429237
2026-05-08 12:28:00,29.73950221226059
2026-05-08 12:29:00,29.743006625077577
2026-05-08 12:30:00,29.8187386030792
2026-05-08 12:31:00,29.791812338987384
2026-05-08 12:32:00,29.60988605028337
2026-05-08 12:33:00,29.6657576471507
2026-05-08 12:34:00,29.721787329205902
2026-05-08 12:35:00,29.78060998532662
2026-05-08 12:36:00,29.758970651360123
2026-05-08 12:37:00,29.69280081456135
2026-05-08 12:38:00,29.72859844179017
2026-05-08 12:39:00,29.703406218261936
2026-05-08 12:40:00,29.689317657166484
2026-05-08 12:41:00,29.80852172645683
2026-05-08 12:42:00,30.60635621004643
2026-05-08 12:43:00,30.51598513027994
2026-05-08 12:44:00,30.55253632895255
2026-05-08 12:45:00,30.589109397115227
2026-05-08 12:46:00,30.58166502054176
2026-05-08 12:47:00,30.65918830036595
2026-05-08 12:48:00,30.6295586096768
2026-05-08 12:49:00,30.634763335834688
2026-05-08 12:50:00,30.654553471223903
2026-05-08 12:51:00,30.57012838403547
2026-05-08 12:52:00,29.551571647733446
2026-05-08 12:53:00,29.56383250526856
2026-05-08 12:54:00,29.50283694978922
2026-05-08 12:55:00,29.551556281396927
2026-05-08 12:56:00,29.69427221076557
2026-05-08 12:57:00,29.644462096621265
2026-05-08 12:58:00,29.68018359234267
2026-05-08 12:59:00,29.61133629920666
2026-05-08 13:00:00,29.690967854054843
2026-05-08 13:01:00,29.64914576118353
2026-05-08 13:02:00,29.41043227864868
2026-05-08 13:03:00,29.407395173397525
2026-05-08 13:04:00,29.31119915121049
2026-05-08 13:05:00,29.287749918794585
2026-05-08 13:06:00,29.308813485630264
2026-05-08 13:07:00,29.354838191545973
2026-05-08 13:08:00,29.35221978844437
2026-05-08 13:09:00,29.369282567418946
2026-05-08 13:10:00,29.40209430954894
2026-05-08 13:11:00,29.37505217302658
2026-05-08 13:12:00,28.55662517374193
2026-05-08 13:13:00,28.493862766459248
2026-05-08 13:14:00,28.4895399798142
2026-05-08 13:15:00,28.47799967660283
2026-05-08 13:16:00,28.52956230396373
2026-05-08 13:17:00,28.61908374240273
2026-05-08 13:18:00,28.61911767694007
2026-05-08 13:19:00,28.63334860233342
2026-05-08 13:20:00,28.71438880470194
2026-05-08 13:21:00,28.74209097892874
2026-05-08 13:22:00,29.22754656504404
2026-05-08 13:23:00,29.40044674175804
2026-05-08 13:24:00,29.40059017791628
2026-05-08 13:25:00,29.31192277984329
2026-05-08 13:26:00,29.37921906653833
2026-05-08 13:27:00,29.469856495686944
2026-05-08 13:28:00,29.563313041618365
2026-05-08 13:29:00,29.51818138405457
2026-05-08 13:30:00,29.43172158160253
2026-05-08 13:31:00,29.52233985841532
2026-05-08 13:32:00,30.74838160566475
2026-05-08 13:33:00,30.781489343827868
2026-05-08 13:34:00,30.800905911878296
2026-05-08 13:35:00,30.830729182422104
2026-05-08 13:36:00,30.724697163579407
2026-05-08 13:37:00,30.808357169509293
2026-05-08 13:38:00,30.77597570937638
2026-05-08 13:39:00,30.80040540378164
2026-05-08 13:40:00,30.84124174452487
2026-05-08 13:41:00,30.854742342788867
2026-05-08 13:42:00,28.66139795202754
2026-05-08 13:43:00,28.641313061937367
2026-05-08 13:44:00,28.654971316783843
2026-05-08 13:45:00,28.619774638373507
2026-05-08 13:46:00,28.64047090265502
2026-05-08 13:47:00,28.68643086229548
2026-05-08 13:48:00,28.754173606936227
2026-05-08 13:49:00,28.882316776407727
2026-05-08 13:50:00,28.81559635127596
2026-05-08 13:51:00,28.871540849494195
2026-05-08 13:52:00,29.00411064060404
2026-05-08 13:53:00,29.108238500365403
2026-05-08 13:54:00,29.09844178933383
2026-05-08 13:55:00,29.11295049081605
2026-05-08 13:56:00,29.140950753987763
2026-05-08 13:57:00,29.12950387027009
2026-05-08 13:58:00,29.200969878133392
2026-05-08 13:59:00,29.23927166249024
2026-05-08 14:00:00,29.251420625810105
2026-05-08 14:01:00,29.33534618454612
2026-05-08 14:02:00,30.09502933249276
2026-05-08 14:03:00,30.000030730838304
2026-05-08 14:04:00,30.072861834781488
2026-05-08 14:05:00,30.02225113815368
2026-05-08 14:06:00,30.03109313967285
2026-05-08 14:07:00,30.11804656712144
2026-05-08 14:08:00,30.11099612179569
2026-05-08 14:09:00,30.22179764110046
2026-05-08 14:10:00,30.1681222926754
2026-05-08 14:11:00,30.18918076143168
2026-05-08 14:12:00,29.203163864069804
2026-05-08 14:13:00,29.17437435486015
2026-05-08 14:14:00,29.19626062619273
2026-05-08 14:15:00,29.256260038688417
2026-05-08 14:16:00,29.242191795809337
2026-05-08 14:17:00,29.19916652333859
2026-05-08 14:18:00,29.306546570137527
2026-05-08 14:19:00,29.32373780759416
2026-05-08 14:20:00,29.302985163436176
2026-05-08 14:21:00,29.386247889290512
2026-05-08 14:22:00,29.08084496871014
2026-05-08 14:23:00,29.146906368837133
2026-05-08 14:24:00,29.25888264236025
2026-05-08 14:25:00,29.17703486214631
2026-05-08 14:26:00,29.2163635621243
2026-05-08 14:27:00,29.261334356445868
2026-05-08 14:28:00,29.29956397433357
2026-05-08 14:29:00,29.35666901563606
2026-05-08 14:30:00,29.29721253733608
2026-05-08 14:31:00,29.311533836673725
2026-05-08 14:32:00,27.873747582597144
2026-05-08 14:33:00,27.97188165207961
2026-05-08 14:34:00,27.90357322626678
2026-05-08 14:35:00,28.012005301183144
2026-05-08 14:36:00,28.04135638546573
2026-05-08 14:37:00,28.03453547576463
2026-05-08 14:38:00,28.12349267109519
2026-05-08 14:39:00,28.1259721393222
2026-05-08 14:40:00,28.155284646032225
2026-05-08 14:41:00,28.175990601053304
2026-05-08 14:42:00,29.44758564429957
2026-05-08 14:43:00,29.357488075374725
2026-05-08 14:44:00,29.42931093856394
2026-05-08 14:45:00,29.485430151894505
2026-05-08 14:46:00,29.43813789730733
2026-05-08 14:47:00,29.453597442877538
2026-05-08 14:48:00,29.46240263280106
2026-05-08 14:49:00,29.54205289490709
2026-05-08 14:50:00,29.517702202324653
2026-05-08 14:51:00,29.48217814535796
2026-05-08 14:52:00,27.836903449840705
2026-05-08 14:53:00,27.89937082387604
2026-05-08 14:54:00,27.75554671075321
2026-05-08 14:55:00,27.87265255831543
2026-05-08 14:56:00,27.902720640809743
2026-05-08 14:57:00,27.92412691267546
2026-05-08 14:58:00,27.912385409283143
2026-05-08 14:59:00,27.84621041570809
2026-05-08 15:00:00,27.88353534109517
2026-05-08 15:01:00,27.93468273789573
2026-05-08 15:02:00,28.94682589187612
2026-05-08 15:03:00,29.04130848673752
2026-05-08 15:04:00,28.83586963543304
2026-05-08 15:05:00,28.85741463987032
2026-05-08 15:06:00,28.926105246146232
2026-05-08 15:07:00,28.90508951491531
2026-05-08 15:08:00,28.84528082476854
2026-05-08 15:09:00,28.85768667374422
2026-05-08 15:10:00,28.88835331275012
2026-05-08 15:11:00,28.88369775674648
2026-05-08 15:12:00,30.658806451278213
2026-05-08 15:13:00,30.5980871491368
2026-05-08 15:14:00,30.54662953173304
2026-05-08 15:15:00,30.522569670086742
2026-05-08 15:16:00,30.506566883192807
2026-05-08 15:17:00,30.545999082229493
2026-05-08 15:18:00,30.550495643016635
2026-05-08 15:19:00,30.430752311396365
2026-05-08 15:20:00,30.44407267435043
2026-05-08 15:21:00,30.45206275198928
2026-05-08 15:22:00,21.57452401381272
2026-05-08 15:23:00,21.724231419467564
2026-05-08 15:24:00,21.657154710282605
2026-05-08 15:25:00,21.75298451289093
2026-05-08 15:26:00,21.676727275422493
2026-05-08 15:27:00,21.71228905737976
2026-05-08 15:28:00,21.76078858080463
2026-05-08 15:29:00,21.82379088761357
2026-05-08 15:30:00,21.88458835639776
2026-05-08 15:31:00,21.870268575729604
2026-05-08 15:32:00,22.367986674085017
2026-05-08 15:33:00,22.3768989844058
2026-05-08 15:34:00,22.375874249807097
2026-05-08 15:35:00,22.35443514093742
2026-05-08 15:36:00,22.39018864733341
2026-05-08 15:37:00,22.31844349017273
2026-05-08 15:38:00,22.38485841479766
2026-05-08 15:39:00,22.37359438011736
2026-05-08 15:40:00,22.42888777174897
2026-05-08 15:41:00,22.48479119510933
2026-05-08 15:42:00,22.413931191096232
2026-05-08 15:43:00,22.498986136504435
2026-05-08 15:44:00,22.495498774579108
2026-05-08 15:45:00,22.60123492372416
2026-05-08 15:46:00,22.565207204545207
2026-05-08 15:47:00,22.594618760679467
2026-05-08 15:48:00,22.68092287789701
2026-05-08 15:49:00,22.711912936912555
2026-05-08 15:50:00,22.751956860402828
2026-05-08 15:51:00,22.758087452929782
2026-05-08 15:52:00,22.814317617655547
2026-05-08 15:53:00,22.802326493227767
2026-05-08 15:54:00,22.893015853720783
2026-05-08 15:55:00,22.93441493378309
2026-05-08 15:56:00,22.95391530449158
2026-05-08 15:57:00,22.94317447434438
2026-05-08 15:58:00,22.841128741106253
2026-05-08 15:59:00,22.8533882708524
2026-05-08 16:00:00,22.87972371060769
2026-05-08 16:01:00,22.89044130715829
2026-05-08 16:02:00,23.857055720966137
2026-05-08 16:03:00,23.83050819386142
2026-05-08 16:04:00,23.9990476342379
2026-05-08 16:05:00,23.95625820930307
2026-05-08 16:06:00,23.8235897058389
2026-05-08 16:07:00,23.84514052379544
2026-05-08 16:08:00,23.910826114031178
2026-05-08 16:09:00,23.96604416770265
2026-05-08 16:10:00,23.80124512389194
2026-05-08 16:11:00,23.765912350726204
2026-05-08 16:12:00,22.14685113888472
2026-05-08 16:13:00,22.01116984199678
2026-05-08 16:14:00,22.16345840625759
2026-05-08 16:15:00,22.100792823314045
2026-05-08 16:16:00,22.0447153983992
2026-05-08 16:17:00,22.186924831645733
2026-05-08 16:18:00,22.10431122053712
2026-05-08 16:19:00,22.07279679277699
2026-05-08 16:20:00,22.02947435321576
2026-05-08 16:21:00,22.04592015838827
2026-05-08 16:22:00,23.18474818983454
2026-05-08 16:23:00,23.25758434441513
2026-05-08 16:24:00,23.31040060947192
2026-05-08 16:25:00,23.47289706269792
2026-05-08 16:26:00,23.47261712582482
2026-05-08 16:27:00,23.30237076457056
2026-05-08 16:28:00,23.290514306398286
2026-05-08 16:29:00,23.40943118193657
2026-05-08 16:30:00,23.368554180307544
2026-05-08 16:31:00,23.32535973554383
2026-05-08 16:32:00,23.14967078652887
2026-05-08 16:33:00,23.134006617278743
2026-05-08 16:34:00,23.08557041997981
2026-05-08 16:35:00,23.051401801788018
2026-05-08 16:36:00,23.02660682954665
2026-05-08 16:37:00,23.042242275633928
2026-05-08 16:38:00,23.07211931684068
2026-05-08 16:39:00,23.102070512449576
2026-05-08 16:40:00,23.09418235698204
2026-05-08 16:41:00,23.07834646729051
2026-05-08 16:42:00,24.83392074708516
2026-05-08 16:43:00,24.87347736667145
2026-05-08 16:44:00,24.587617035603227
2026-05-08 16:45:00,24.70960460187933
2026-05-08 16:46:00,24.64984568454578
2026-05-08 16:47:00,24.55867805057989
2026-05-08 16:48:00,24.46525371681292
2026-05-08 16:49:00,24.416774184390416
2026-05-08 16:50:00,24.42010338941301
2026-05-08 16:51:00,24.385471013316582
2026-05-08 16:52:00,22.750719182631546
2026-05-08 16:53:00,22.680468555432924
2026-05-08 16:54:00,22.742747166059303
2026-05-08 16:55:00,22.67943130000136
2026-05-08 16:56:00,22.70998247763642
2026-05-08 16:57:00,22.66117628762851
2026-05-08 16:58:00,22.676225661622453
2026-05-08 16:59:00,22.688511677248336
2026-05-08 17:00:00,22.63165485143065
2026-05-08 17:01:00,22.651587495546494
2026-05-08 17:02:00,23.21674427105226
2026-05-08 17:03:00,23.31966829132752
2026-05-08 17:04:00,23.17678129252608
2026-05-08 17:05:00,23.26507796589901
2026-05-08 17:06:00,23.31194449801356
2026-05-08 17:07:00,23.1925575373746
2026-05-08 17:08:00,23.19168007611244
2026-05-08 17:09:00,23.20108112064249
2026-05-08 17:10:00,23.207117366084752
2026-05-08 17:11:00,23.139943727379933
2026-05-08 17:12:00,23.307663631617817
2026-05-08 17:13:00,23.10543614508168
2026-05-08 17:14:00,23.30348658853945
2026-05-08 17:15:00,23.238916268043308
2026-05-08 17:16:00,23.16106275286681
2026-05-08 17:17:00,23.21192471457876
2026-05-08 17:18:00,23.107613492569904
2026-05-08 17:19:00,23.19175997725989
2026-05-08 17:20:00,23.06041818752478
2026-05-08 17:21:00,22.951241158986257
2026-05-08 17:22:00,23.35855573875105
2026-05-08 17:23:00,23.273354020688178
2026-05-08 17:24:00,23.249144514516125
2026-05-08 17:25:00,23.24721864851718
2026-05-08 17:26:00,23.205817050938435
2026-05-08 17:27:00,23.168524456290395
2026-05-08 17:28:00,23.11295631506565
2026-05-08 17:29:00,23.07991913398145
2026-05-08 17:30:00,23.079980305784176
2026-05-08 17:31:00,22.91802103694849
2026-05-08 17:32:00,23.27638751028753
2026-05-08 17:33:00,23.209953569302456
2026-05-08 17:34:00,23.21676764259676
2026-05-08 17:35:00,23.306166150115004
2026-05-08 17:36:00,23.252647770600365
2026-05-08 17:37:00,23.30787449320741
2026-05-08 17:38:00,23.26560050275707
2026-05-08 17:39:00,23.292425747219724
2026-05-08 17:40:00,23.3203972646742
2026-05-08 17:41:00,23.190302976395305
2026-05-08 17:42:00,22.985358407655472
2026-05-08 17:43:00,22.946027622583767
2026-05-08 17:44:00,22.8566590285166
2026-05-08 17:45:00,22.92079827114239
2026-05-08 17:46:00,22.89171330406481
2026-05-08 17:47:00,22.958621098887868
2026-05-08 17:48:00,22.96149011316379
2026-05-08 17:49:00,22.98639909575864
2026-05-08 17:50:00,23.001194916107742
2026-05-08 17:51:00,22.915407952732693
2026-05-08 17:52:00,23.354853070743022
2026-05-08 17:53:00,23.35315320569448
2026-05-08 17:54:00,23.303690116245743
2026-05-08 17:55:00,23.31486568879774
2026-05-08 17:56:00,23.242252449316734
2026-05-08 17:57:00,23.159895166132387
2026-05-08 17:58:00,23.1902121872657
2026-05-08 17:59:00,23.16032196869344
2026-05-08 18:00:00,23.21276556541004
2026-05-08 18:01:00,23.170823623681112
2026-05-08 18:02:00,23.532988099295498
2026-05-08 18:03:00,23.678409106423896
2026-05-08 18:04:00,23.66535946601693
2026-05-08 18:05:00,23.67063705534206
2026-05-08 18:06:00,23.69917610782622
2026-05-08 18:07:00,23.777779669701296
2026-05-08 18:08:00,23.752462103567417
2026-05-08 18:09:00,23.774552800214376
2026-05-08 18:10:00,23.67779269419888
2026-05-08 18:11:00,23.62883665334481
2026-05-08 18:12:00,23.159318200122144
2026-05-08 18:13:00,23.01202202037795
2026-05-08 18:14:00,23.10032288712616
2026-05-08 18:15:00,23.088798779030235
2026-05-08 18:16:00,22.981540468062363
2026-05-08 18:17:00,22.877453238448805
2026-05-08 18:18:00,22.89825015436861
2026-05-08 18:19:00,22.997003243373893
2026-05-08 18:20:00,23.030093005749112
2026-05-08 18:21:00,22.96571189852807
2026-05-08 18:22:00,22.822175074076817
2026-05-08 18:23:00,22.80474529766937
2026-05-08 18:24:00,22.81220482441229
2026-05-08 18:25:00,22.813422938636187
2026-05-08 18:26:00,22.77861872526301
2026-05-08 18:27:00,22.75149811478502
2026-05-08 18:28:00,22.75755586671541
2026-05-08 18:29:00,22.784022840402265
2026-05-08 18:30:00,22.71573925094847
2026-05-08 18:31:00,22.677086515370256
2026-05-08 18:32:00,23.617239034343207
2026-05-08 18:33:00,23.65468872921995
2026-05-08 18:34:00,23.55517345431625
2026-05-08 18:35:00,23.470931911688425
2026-05-08 18:36:00,23.44878471928255
2026-05-08 18:37:00,23.37412576967201
2026-05-08 18:38:00,23.381648133885296
2026-05-08 18:39:00,23.38786076707312
2026-05-08 18:40:00,23.40002376052121
2026-05-08 18:41:00,23.3867216174453
2026-05-08 18:42:00,22.96057894443426
2026-05-08 18:43:00,23.0205146864188
2026-05-08 18:44:00,23.01460889540328
2026-05-08 18:45:00,22.948128838048948
2026-05-08 18:46:00,23.076686253528724
2026-05-08 18:47:00,23.14695506560527
2026-05-08 18:48:00,23.054723119407285
2026-05-08 18:49:00,22.984979507003747
2026-05-08 18:50:00,22.89488540502678
2026-05-08 18:51:00,22.890562856336366
2026-05-08 18:52:00,23.59592893881849
2026-05-08 18:53:00,23.470271135526893
2026-05-08 18:54:00,23.52734045031341
2026-05-08 18:55:00,23.51327788812746
2026-05-08 18:56:00,23.443231650553063
2026-05-08 18:57:00,23.43377374815518
2026-05-08 18:58:00,23.45991912709632
2026-05-08 18:59:00,23.49385079348025
2026-05-08 19:00:00,23.448135467803205
2026-05-08 19:01:00,23.366939650556706
2026-05-08 19:02:00,22.66231835028482
2026-05-08 19:03:00,22.60443784158058
2026-05-08 19:04:00,22.62951378748591
2026-05-08 19:05:00,22.58770094110703
2026-05-08 19:06:00,22.55792702590993
2026-05-08 19:07:00,22.669315427641344
2026-05-08 19:08:00,22.59850316164112
2026-05-08 19:09:00,22.566782962926634
2026-05-08 19:10:00,22.591204975732182
2026-05-08 19:11:00,22.6072757873679
2026-05-08 19:12:00,22.665428119982653
2026-05-08 19:13:00,22.52592072667629
2026-05-08 19:14:00,22.5393778939394
2026-05-08 19:15:00,22.59557328622392
2026-05-08 19:16:00,22.60711864426049
2026-05-08 19:17:00,22.56670643852188
2026-05-08 19:18:00,22.477302854165007
2026-05-08 19:19:00,22.548162523980565
2026-05-08 19:20:00,22.59765691379485
2026-05-08 19:21:00,22.6081298911685
2026-05-08 19:22:00,22.96034724460288
2026-05-08 19:23:00,22.949162189165992
2026-05-08 19:24:00,22.937360950369097
2026-05-08 19:25:00,22.865880020164745
2026-05-08 19:26:00,22.860868877324627
2026-05-08 19:27:00,22.886925730867656
2026-05-08 19:28:00,22.94310159665615
2026-05-08 19:29:00,22.88309034560012
2026-05-08 19:30:00,22.91293300150077
2026-05-08 19:31:00,22.92467763014475
2026-05-08 19:32:00,22.721248747983616
2026-05-08 19:33:00,22.66723821451867
2026-05-08 19:34:00,22.593505800212625
2026-05-08 19:35:00,22.59230465294368
2026-05-08 19:36:00,22.68391004803828
2026-05-08 19:37:00,22.61696544321463
2026-05-08 19:38:00,22.535081880167155
2026-05-08 19:39:00,22.5799827836754
2026-05-08 19:40:00,22.60341275634181
2026-05-08 19:41:00,22.717493845056
2026-05-08 19:42:00,22.98669075162034
2026-05-08 19:43:00,23.079951233831903
2026-05-08 19:44:00,22.965773220265824
2026-05-08 19:45:00,22.88257082756434
2026-05-08 19:46:00,22.90167553407184
2026-05-08 19:47:00,22.89401352025245
2026-05-08 19:48:00,22.973229777014765
2026-05-08 19:49:00,22.97121264623902
2026-05-08 19:50:00,22.939442844503954
2026-05-08 19:51:00,23.01541190941006
2026-05-08 19:52:00,22.82933678334276
2026-05-08 19:53:00,22.815858603980544
2026-05-08 19:54:00,22.71073620963388
2026-05-08 19:55:00,22.71827979023316
2026-05-08 19:56:00,22.80912178605493
2026-05-08 19:57:00,22.77621491770509
2026-05-08 19:58:00,22.755285555034405
2026-05-08 19:59:00,22.80346304374113
2026-05-08 20:00:00,22.78736587018374
2026-05-08 20:01:00,22.893400729896968
2026-05-08 20:02:00,23.40639326793401
2026-05-08 20:03:00,23.53508580365827
2026-05-08 20:04:00,23.58664156693123
2026-05-08 20:05:00,23.411498724754964
2026-05-08 20:06:00,23.430629038157647
2026-05-08 20:07:00,23.37559612455595
2026-05-08 20:08:00,23.49797819708637
2026-05-08 20:09:00,23.454366336116045
2026-05-08 20:10:00,23.307314265417023
2026-05-08 20:11:00,23.405444016442235
2026-05-08 20:12:00,23.157355092070645
2026-05-08 20:13:00,23.07950205144104
2026-05-08 20:14:00,23.039110050028214
2026-05-08 20:15:00,23.006814979297467
2026-05-08 20:16:00,22.89055147203452
2026-05-08 20:17:00,22.84761861138361
2026-05-08 20:18:00,22.77640398179109
2026-05-08 20:19:00,22.808699716374896
2026-05-08 20:20:00,22.8497981084694
2026-05-08 20:21:00,22.8100862481379
2026-05-08 20:22:00,23.550125550661136
2026-05-08 20:23:00,23.43168210120892
2026-05-08 20:24:00,23.55313666652424
2026-05-08 20:25:00,23.41791297877618
2026-05-08 20:26:00,23.436031514805187
2026-05-08 20:27:00,23.30851077412253
2026-05-08 20:28:00,23.404115217977218
2026-05-08 20:29:00,23.537650297939283
2026-05-08 20:30:00,23.344252247891625
2026-05-08 20:31:00,23.3361042301092
2026-05-08 20:32:00,23.62087370420568
2026-05-08 20:33:00,23.633999408713624
2026-05-08 20:34:00,23.510751978699364
2026-05-08 20:35:00,23.60362041106472
2026-05-08 20:36:00,23.64257223057449
2026-05-08 20:37:00,23.628286102769028
2026-05-08 20:38:00,23.47498831007201
2026-05-08 20:39:00,23.48179564145207
2026-05-08 20:40:00,23.51281928593221
2026-05-08 20:41:00,23.567972704106783
2026-05-08 20:42:00,22.46861496531108
2026-05-08 20:43:00,22.463669763520684
2026-05-08 20:44:00,22.559048874368635
2026-05-08 20:45:00,22.47339081080369
2026-05-08 20:46:00,22.537932933135128
2026-05-08 20:47:00,22.465827045848403
2026-05-08 20:48:00,22.393080731668743
2026-05-08 20:49:00,22.48049018797085
2026-05-08 20:50:00,22.411307261000083
2026-05-08 20:51:00,22.464340034652903
2026-05-08 20:52:00,23.131510718865982
2026-05-08 20:53:00,23.243254684350457
2026-05-08 20:54:00,22.92383922471375
2026-05-08 20:55:00,22.95213171380676
2026-05-08 20:56:00,22.935606329311728
2026-05-08 20:57:00,23.03832852877873
2026-05-08 20:58:00,22.890312797212417
2026-05-08 20:59:00,22.89089412868965
2026-05-08 21:00:00,22.833665002578137
2026-05-08 21:01:00,22.91864769929425
2026-05-08 21:02:00,24.34939055384321
2026-05-08 21:03:00,24.275180455564293
2026-05-08 21:04:00,24.480407654542034
2026-05-08 21:05:00,24.422877568892268
2026-05-08 21:06:00,24.444403524662267
2026-05-08 21:07:00,24.409827030779603
2026-05-08 21:08:00,24.331271608920005
2026-05-08 21:09:00,24.250685585819014
2026-05-08 21:10:00,24.181803814766763
2026-05-08 21:11:00,24.253219407739746
2026-05-08 21:12:00,23.55918149151337
2026-05-08 21:13:00,23.73679558238437
2026-05-08 21:14:00,23.720773730641344
2026-05-08 21:15:00,23.8157767727184
2026-05-08 21:16:00,23.79194072590416
2026-05-08 21:17:00,23.82480292093109
2026-05-08 21:18:00,23.75171910399793
2026-05-08 21:19:00,23.806618959377268
2026-05-08 21:20:00,23.66455819887229
2026-05-08 21:21:00,23.671196148787768
2026-05-08 21:22:00,22.7562433508113
2026-05-08 21:23:00,22.675810125676897
2026-05-08 21:24:00,22.82327546631584
2026-05-08 21:25:00,22.75653045119188
2026-05-08 21:26:00,22.841155887867515
2026-05-08 21:27:00,22.75831430801338
2026-05-08 21:28:00,22.78960088526834
2026-05-08 21:29:00,22.745871551880832
2026-05-08 21:30:00,22.72812505703012
2026-05-08 21:31:00,22.80904476451176
2026-05-08 21:32:00,23.122784029607644
2026-05-08 21:33:00,23.03910214053645
2026-05-08 21:34:00,22.99407901551384
2026-05-08 21:35:00,23.03683813916681
2026-05-08 21:36:00,22.967275566430807
2026-05-08 21:37:00,22.995269247369905
2026-05-08 21:38:00,23.01921117640473
2026-05-08 21:39:00,23.12582304415672
2026-05-08 21:40:00,22.973655295178904
2026-05-08 21:41:00,22.93276062157057
2026-05-08 21:42:00,22.34393791322399
2026-05-08 21:43:00,22.276791513793928
2026-05-08 21:44:00,22.3310851349025
2026-05-08 21:45:00,22.17609851537988
2026-05-08 21:46:00,22.158631408893548
2026-05-08 21:47:00,22.09464613078928
2026-05-08 21:48:00,22.06285348025409
2026-05-08 21:49:00,22.002928216320463
2026-05-08 21:50:00,21.883098131188927
2026-05-08 21:51:00,21.89345690014077
2026-05-08 21:52:00,22.70692985428646
2026-05-08 21:53:00,22.87320070773616
2026-05-08 21:54:00,22.68600603806929
2026-05-08 21:55:00,22.62907283754375
2026-05-08 21:56:00,22.66610895727384
2026-05-08 21:57:00,22.5047512140347
2026-05-08 21:58:00,22.54283385691941
2026-05-08 21:59:00,22.534479334345463
2026-05-08 22:00:00,22.53124191945626
2026-05-08 22:01:00,22.473817878306555
2026-05-08 22:02:00,22.253135026334213
2026-05-08 22:03:00,22.227237172103514
2026-05-08 22:04:00,22.15945479367045
2026-05-08 22:05:00,22.075539551201885
2026-05-08 22:06:00,22.0670620655508
2026-05-08 22:07:00,22.07412311088155
2026-05-08 22:08:00,22.004223521887848
2026-05-08 22:09:00,21.93333567772577
2026-05-08 22:10:00,21.89764332728172
2026-05-08 22:11:00,21.8084319910241
2026-05-08 22:12:00,23.289782075914435
2026-05-08 22:13:00,23.282403219331776
2026-05-08 22:14:00,23.375149683889703
2026-05-08 22:15:00,23.228941605769524
2026-05-08 22:16:00,23.167299602561165
2026-05-08 22:17:00,23.058465739284124
2026-05-08 22:18:00,23.013241971135205
2026-05-08 22:19:00,22.9589451985054
2026-05-08 22:20:00,22.86782811715901
2026-05-08 22:21:00,22.8582771824227
2026-05-08 22:22:00,23.16000277679692
2026-05-08 22:23:00,23.123460702747018
2026-05-08 22:24:00,23.067274060160297
2026-05-08 22:25:00,23.03615878437609
2026-05-08 22:26:00,23.14962407414657
2026-05-08 22:27:00,23.1903595246486
2026-05-08 22:28:00,23.160984236481703
2026-05-08 22:29:00,23.07416207746305
2026-05-08 22:30:00,23.00801549425007
2026-05-08 22:31:00,22.98442058154364
2026-05-08 22:32:00,22.781362069713428
2026-05-08 22:33:00,22.81501245125333
2026-05-08 22:34:00,22.874122865519087
2026-05-08 22:35:00,22.853889440706944
2026-05-08 22:36:00,22.94405072539649
2026-05-08 22:37:00,22.84205423658333
2026-05-08 22:38:00,22.809394219127874
2026-05-08 22:39:00,22.80196340513992
2026-05-08 22:40:00,22.75779536193686
2026-05-08 22:41:00,22.74282921889461
2026-05-08 22:42:00,23.111323916681723
2026-05-08 22:43:00,22.994646969833457
2026-05-08 22:44:00,22.956597001039096
2026-05-08 22:45:00,22.98203893887467
2026-05-08 22:46:00,23.02349714305935
2026-05-08 22:47:00,23.043213797887702
2026-05-08 22:48:00,23.015854871741773
2026-05-08 22:49:00,23.054613150319177
2026-05-08 22:50:00,23.02196898575049
2026-05-08 22:51:00,23.032915647540268
2026-05-08 22:52:00,23.02073424566781
2026-05-08 22:53:00,23.04527485118196
2026-05-08 22:54:00,23.007487323341927
2026-05-08 22:55:00,23.04070455449492
2026-05-08 22:56:00,23.008877511395927
2026-05-08 22:57:00,22.935813427791736
2026-05-08 22:58:00,23.02401645689502
2026-05-08 22:59:00,22.9474053068706
2026-05-08 23:00:00,23.042712310691225
2026-05-08 23:01:00,23.03377814864293
2026-05-08 23:02:00,22.8529052176466
2026-05-08 23:03:00,22.84108548935665
2026-05-08 23:04:00,22.798412765614405
2026-05-08 23:05:00,22.77724411854035
2026-05-08 23:06:00,22.76624073922892
2026-05-08 23:07:00,22.702136438101498
2026-05-08 23:08:00,22.74835398575061
2026-05-08 23:09:00,22.868279951200428
2026-05-08 23:10:00,22.88028743229094
2026-05-08 23:11:00,22.9193023158405
2026-05-08 23:12:00,23.10350950429638
2026-05-08 23:13:00,23.256878922572845
2026-05-08 23:14:00,23.25610573590728
2026-05-08 23:15:00,23.33305457578061
2026-05-08 23:16:00,23.234441401886446
2026-05-08 23:17:00,23.10900710374665
2026-05-08 23:18:00,23.25575362542736
2026-05-08 23:19:00,23.160228890361
2026-05-08 23:20:00,23.1746382652034
2026-05-08 23:21:00,23.2406324562471
2026-05-08 23:22:00,22.55072842449572
2026-05-08 23:23:00,22.68033280805001
2026-05-08 23:24:00,22.539745414265028
2026-05-08 23:25:00,22.527608674993303
2026-05-08 23:26:00,22.81686871332194
2026-05-08 23:27:00,22.650338816981726
2026-05-08 23:28:00,22.67192723267852
2026-05-08 23:29:00,22.833885583008552
2026-05-08 23:30:00,22.826642064836253
2026-05-08 23:31:00,23.34086869659522
2026-05-08 23:32:00,23.349011114850523
2026-05-08 23:33:00,23.32461216898909
2026-05-08 23:34:00,23.267027610653265
2026-05-08 23:35:00,23.24851984205
2026-05-08 23:36:00,23.30508482240521
2026-05-08 23:37:00,23.166889997681167
2026-05-08 23:38:00,23.16072066082328
2026-05-08 23:39:00,23.16523224669041
2026-05-08 23:40:00,23.13966047112148
2026-05-08 23:41:00,23.17800645579172
2026-05-08 23:42:00,23.16082473317888
2026-05-08 23:43:00,23.23701715157122
2026-05-08 23:44:00,23.13992429800777
2026-05-08 23:45:00,23.11081058862115
2026-05-08 23:46:00,23.2979814468044
2026-05-08 23:47:00,23.24823809808624
2026-05-08 23:48:00,23.132190241068898
2026-05-08 23:49:00,23.15834008334617
2026-05-08 23:50:00,23.12365291776808
2026-05-08 23:51:00,23.19748954465274
2026-05-08 23:52:00,23.416805776210865
2026-05-08 23:53:00,23.48735365214802
2026-05-08 23:54:00,23.46844391191141
2026-05-08 23:55:00,23.37397017741616
2026-05-08 23:56:00,23.367056613721143
2026-05-08 23:57:00,23.41009910144556
2026-05-08 23:58:00,23.359847789192035
2026-05-08 23:59:00,23.321989199792853
2026-05-09 00:00:00,23.3202882362128
2026-05-09 00:01:00,23.35864587921128
2026-05-09 00:02:00,22.423121185894228
2026-05-09 00:03:00,22.38340856667752
2026-05-09 00:04:00,22.353206924665685
2026-05-09 00:05:00,22.326895329789927
2026-05-09 00:06:00,22.33056411470682
2026-05-09 00:07:00,22.37729998640802
2026-05-09 00:08:00,22.38256119375668
2026-05-09 00:09:00,22.448483268355755
2026-05-09 00:10:00,22.430912232186948
2026-05-09 00:11:00,22.50647594688436
2026-05-09 00:12:00,22.008103373281145
2026-05-09 00:13:00,22.05040533347083
2026-05-09 00:14:00,21.891666494252227
2026-05-09 00:15:00,21.92719077291308
2026-05-09 00:16:00,21.9177994230002
2026-05-09 00:17:00,21.97385927555477
2026-05-09 00:18:00,21.989012489232262
2026-05-09 00:19:00,22.078973775148874
2026-05-09 00:20:00,22.07084737213462
2026-05-09 00:21:00,22.10871258756769
2026-05-09 00:22:00,21.319293972433208
2026-05-09 00:23:00,21.417530116266835
2026-05-09 00:24:00,21.24788748420976
2026-05-09 00:25:00,21.378713076230326
2026-05-09 00:26:00,21.441838546497543
2026-05-09 00:27:00,21.39243468863962
2026-05-09 00:28:00,21.35866785289683
2026-05-09 00:29:00,21.4286260194478
2026-05-09 00:30:00,21.598171350705
2026-05-09 00:31:00,21.67742982900461
2026-05-09 00:32:00,21.754877524636548
2026-05-09 00:33:00,21.855390750595383
2026-05-09 00:34:00,21.7136783007642
2026-05-09 00:35:00,21.757878107883386
2026-05-09 00:36:00,21.79806676503144
2026-05-09 00:37:00,21.84790197280964
2026-05-09 00:38:00,21.876688889852986
2026-05-09 00:39:00,21.94329156077812
2026-05-09 00:40:00,22.04240773380388
2026-05-09 00:41:00,22.02716971494085
2026-05-09 00:42:00,22.08833069894115
2026-05-09 00:43:00,22.207349964889303
2026-05-09 00:44:00,22.289091841346107
2026-05-09 00:45:00,22.314898988078056
2026-05-09 00:46:00,22.34659511964028
2026-05-09 00:47:00,22.40153031694564
2026-05-09 00:48:00,22.43345699247569
2026-05-09 00:49:00,22.380242872426315
2026-05-09 00:50:00,22.392959064313622
2026-05-09 00:51:00,22.37213575389714
2026-05-09 00:52:00,22.26103208816087
2026-05-09 00:53:00,22.37653726612417
2026-05-09 00:54:00,22.31131784627028
2026-05-09 00:55:00,22.28376590578429
2026-05-09 00:56:00,22.409200454053806
2026-05-09 00:57:00,22.365892372634097
2026-05-09 00:58:00,22.40660333971063
2026-05-09 00:59:00,22.425233588060006
2026-05-09 01:00:00,22.538234927275287
2026-05-09 01:01:00,22.68151722389628
2026-05-09 01:02:00,22.18168346205223
2026-05-09 01:03:00,22.254650179059134
2026-05-09 01:04:00,22.294676196151663
2026-05-09 01:05:00,22.344608725358498
2026-05-09 01:06:00,22.393390573029816
2026-05-09 01:07:00,22.35436417805829
2026-05-09 01:08:00,22.394012673915043
2026-05-09 01:09:00,22.43404347666328
2026-05-09 01:10:00,22.42999742626209
2026-05-09 01:11:00,22.38463820111489
2026-05-09 01:12:00,22.48712574119317
2026-05-09 01:13:00,22.273544711502616
2026-05-09 01:14:00,22.324665000087
2026-05-09 01:15:00,22.24462694565312
2026-05-09 01:16:00,22.23399746738025
2026-05-09 01:17:00,22.25283861814671
2026-05-09 01:18:00,22.27716392374733
2026-05-09 01:19:00,22.26167720001821
2026-05-09 01:20:00,22.324316528797777
2026-05-09 01:21:00,22.402259535890224
2026-05-09 01:22:00,21.944675986320423
2026-05-09 01:23:00,21.98543392912248
2026-05-09 01:24:00,21.915153175621647
2026-05-09 01:25:00,21.915814727198608
2026-05-09 01:26:00,22.02486129723465
2026-05-09 01:27:00,21.946482742970726
2026-05-09 01:28:00,21.96223471220326
2026-05-09 01:29:00,22.076304660533776
2026-05-09 01:30:00,22.224806128203216
2026-05-09 01:31:00,22.23182414149436
2026-05-09 01:32:00,22.15737125159359
2026-05-09 01:33:00,22.194163022239024
2026-05-09 01:34:00,22.289078613139
2026-05-09 01:35:00,22.279735224694218
2026-05-09 01:36:00,22.40961994415454
2026-05-09 01:37:00,22.47848289562445
2026-05-09 01:38:00,22.530271300519704
2026-05-09 01:39:00,22.33677576915265
2026-05-09 01:40:00,22.396609987204155
2026-05-09 01:41:00,22.37916113911553
2026-05-09 01:42:00,21.67814361362602
2026-05-09 01:43:00,21.885154035795345
2026-05-09 01:44:00,21.89911058166783
2026-05-09 01:45:00,21.917460441229
2026-05-09 01:46:00,21.86527330306956
2026-05-09 01:47:00,21.84757021037176
2026-05-09 01:48:00,21.719238950518253
2026-05-09 01:49:00,21.723309307367707
2026-05-09 01:50:00,21.73755195036729
2026-05-09 01:51:00,21.8733688893594
2026-05-09 01:52:00,22.254161458991657
2026-05-09 01:53:00,22.27049194738616
2026-05-09 01:54:00,22.322785394176627
2026-05-09 01:55:00,22.257581862447783
2026-05-09 01:56:00,22.369230307219304
2026-05-09 01:57:00,22.410939033901123
2026-05-09 01:58:00,22.56962602471096
2026-05-09 01:59:00,22.46932568234128
2026-05-09 02:00:00,22.48261088239564
2026-05-09 02:01:00,22.31610563874285
2026-05-09 02:02:00,22.357059242288788
2026-05-09 02:03:00,22.445423649978544
2026-05-09 02:04:00,22.617389091635268
2026-05-09 02:05:00,22.14114186340485
2026-05-09 02:06:00,22.07813452204221
2026-05-09 02:07:00,22.116871051328527
2026-05-09 02:08:00,22.123127973709767
2026-05-09 02:09:00,22.227894884572613
2026-05-09 02:10:00,22.079182581659527
2026-05-09 02:11:00,22.1326378984875
2026-05-09 02:12:00,21.6074891730291
2026-05-09 02:13:00,21.713129881091167
2026-05-09 02:14:00,21.564218583556688
2026-05-09 02:15:00,21.59363438975925
2026-05-09 02:16:00,21.66419432154444
2026-05-09 02:17:00,21.623275829167053
2026-05-09 02:18:00,21.721338117625592
2026-05-09 02:19:00,21.67961670016093
2026-05-09 02:20:00,21.812735156659667
2026-05-09 02:21:00,21.872199655757484
2026-05-09 02:22:00,22.90702360970934
2026-05-09 02:23:00,22.86726503800877
2026-05-09 02:24:00,23.378707964946813
2026-05-09 02:25:00,22.96244064576379
2026-05-09 02:26:00,22.9043050302948
2026-05-09 02:27:00,22.9755024439252
2026-05-09 02:28:00,22.962069797425364
2026-05-09 02:29:00,23.07401904550776
2026-05-09 02:30:00,22.97530307754812
2026-05-09 02:31:00,22.94292919250483
2026-05-09 02:32:00,21.87243168481924
2026-05-09 02:33:00,21.940074478540566
2026-05-09 02:34:00,21.85238351418735
2026-05-09 02:35:00,22.073819687471577
2026-05-09 02:36:00,22.137753249810324
2026-05-09 02:37:00,22.11424341109531
2026-05-09 02:38:00,22.29640654036725
2026-05-09 02:39:00,22.108583699511662
2026-05-09 02:40:00,22.194309196319868
2026-05-09 02:41:00,22.17622603652098
2026-05-09 02:42:00,22.75045661881006
2026-05-09 02:43:00,22.66417923847585
2026-05-09 02:44:00,22.84003789929758
2026-05-09 02:45:00,22.78302567623964
2026-05-09 02:46:00,22.729866990350672
2026-05-09 02:47:00,22.85767053398918
2026-05-09 02:48:00,22.824122596713035
2026-05-09 02:49:00,22.98135918488036
2026-05-09 02:50:00,22.939522251353104
2026-05-09 02:51:00,22.944984114617263
2026-05-09 02:52:00,22.26027367052824
2026-05-09 02:53:00,22.157959746256346
2026-05-09 02:54:00,22.12697621635229
2026-05-09 02:55:00,22.158516519635743
2026-05-09 02:56:00,22.14269915397312
2026-05-09 02:57:00,22.14039502325989
2026-05-09 02:58:00,22.3560564295912
2026-05-09 02:59:00,22.37130138378249
2026-05-09 03:00:00,22.48989237144772
2026-05-09 03:01:00,22.41881428983353
2026-05-09 03:02:00,22.29260110051263
2026-05-09 03:03:00,22.341983506087697
2026-05-09 03:04:00,22.480341489406776
2026-05-09 03:05:00,22.326188614918664
2026-05-09 03:06:00,22.30628811616237
2026-05-09 03:07:00,22.43189943689097
2026-05-09 03:08:00,22.442718589482688
2026-05-09 03:09:00,22.577995354249545
2026-05-09 03:10:00,22.548631740177733
2026-05-09 03:11:00,22.50555353478404
2026-05-09 03:12:00,22.77692747983113
2026-05-09 03:13:00,23.01784112695749
2026-05-09 03:14:00,22.80118156337743
2026-05-09 03:15:00,22.908005137934843
2026-05-09 03:16:00,23.113545787904133
2026-05-09 03:17:00,23.00857930500612
2026-05-09 03:18:00,22.987463465356427
2026-05-09 03:19:00,23.08626810392166
2026-05-09 03:20:00,23.183764832538056
2026-05-09 03:21:00,23.224475228286053
2026-05-09 03:22:00,21.760011594771782
2026-05-09 03:23:00,21.8295414854626
2026-05-09 03:24:00,21.946868867898832
2026-05-09 03:25:00,21.806496943929872
2026-05-09 03:26:00,21.76433479175345
2026-05-09 03:27:00,21.84940179551364
2026-05-09 03:28:00,21.87070032699544
2026-05-09 03:29:00,21.917019018620746
2026-05-09 03:30:00,21.908495475904367
2026-05-09 03:31:00,22.006021097861787
2026-05-09 03:32:00,22.346609447242752
2026-05-09 03:33:00,22.30324174386476
2026-05-09 03:34:00,22.37803307857744
2026-05-09 03:35:00,22.41502691644947
2026-05-09 03:36:00,22.33608709674276
2026-05-09 03:37:00,22.372483549741272
2026-05-09 03:38:00,22.34158717357436
2026-05-09 03:39:00,22.417936922003364
2026-05-09 03:40:00,22.555150307788484
2026-05-09 03:41:00,22.60737113217084
2026-05-09 03:42:00,22.55886624169333
2026-05-09 03:43:00,22.41242635182739
2026-05-09 03:44:00,22.3890567486452
2026-05-09 03:45:00,22.36416786669847
2026-05-09 03:46:00,22.335252257760416
2026-05-09 03:47:00,22.39381770548044
2026-05-09 03:48:00,22.4696360615768
2026-05-09 03:49:00,22.499239869069925
2026-05-09 03:50:00,22.39667440921801
2026-05-09 03:51:00,22.470443919235223
2026-05-09 03:52:00,22.945347406985228
2026-05-09 03:53:00,22.813969098880268
2026-05-09 03:54:00,22.91091852578684
2026-05-09 03:55:00,23.076677582888333
2026-05-09 03:56:00,23.05990026974468
2026-05-09 03:57:00,23.05054179350133
2026-05-09 03:58:00,23.022139419800723
2026-05-09 03:59:00,23.020004653184465
2026-05-09 04:00:00,23.086218931220515
2026-05-09 04:01:00,23.08449062697887
2026-05-09 04:02:00,22.68143072421435
2026-05-09 04:03:00,22.56959858911687
2026-05-09 04:04:00,22.656386230563346
2026-05-09 04:05:00,22.65093829698017
2026-05-09 04:06:00,22.70066958768785
2026-05-09 04:07:00,22.68277732705574
2026-05-09 04:08:00,22.724773931291782
2026-05-09 04:09:00,22.737853392585865
2026-05-09 04:10:00,22.743137327409592
2026-05-09 04:11:00,22.827028790835435
2026-05-09 04:12:00,22.238114713275127
2026-05-09 04:13:00,22.20301086294065
2026-05-09 04:14:00,22.16304528384405
2026-05-09 04:15:00,22.19409526328577
2026-05-09 04:16:00,22.3172989772579
2026-05-09 04:17:00,22.281031282022607
2026-05-09 04:18:00,22.324828936472784
2026-05-09 04:19:00,22.35603486821655
2026-05-09 04:20:00,22.34603848459891
2026-05-09 04:21:00,22.438656023707043
2026-05-09 04:22:00,22.08052239030462
2026-05-09 04:23:00,22.0513397691142
2026-05-09 04:24:00,22.103649439223087
2026-05-09 04:25:00,22.05577874919102
2026-05-09 04:26:00,22.08494409987148
2026-05-09 04:27:00,22.117361061863694
2026-05-09 04:28:00,22.191828511531902
2026-05-09 04:29:00,22.221534477887545
2026-05-09 04:30:00,22.240061017042336
2026-05-09 04:31:00,22.209693059286764
2026-05-09 04:32:00,21.9034165309543
2026-05-09 04:33:00,21.87620417265227
2026-05-09 04:34:00,21.92961382223124
2026-05-09 04:35:00,21.90034632638836
2026-05-09 04:36:00,21.940826838967435
2026-05-09 04:37:00,21.946800793265425
2026-05-09 04:38:00,21.96980139758813
2026-05-09 04:39:00,22.01854455366208
2026-05-09 04:40:00,22.04034850459257
2026-05-09 04:41:00,22.126270195161435
2026-05-09 04:42:00,21.516555205807848
2026-05-09 04:43:00,21.556052907988448
2026-05-09 04:44:00,21.637155113559995
2026-05-09 04:45:00,21.49327025391025
2026-05-09 04:46:00,21.55954054558157
2026-05-09 04:47:00,21.418681546798755
2026-05-09 04:48:00,21.51188864882707
2026-05-09 04:49:00,21.61271074249522
2026-05-09 04:50:00,21.722715166304614
2026-05-09 04:51:00,21.844765600114727
2026-05-09 04:52:00,23.882249167529025
2026-05-09 04:53:00,23.613081118432497
2026-05-09 04:54:00,24.03257144435889
2026-05-09 04:55:00,23.78512669669665
2026-05-09 04:56:00,23.24428445427813
2026-05-09 04:57:00,23.16131630685173
2026-05-09 04:58:00,23.13809072393883
2026-05-09 04:59:00,23.281179489338903
2026-05-09 05:00:00,23.369227985660068
2026-05-09 05:01:00,23.26660968703034
2026-05-09 05:02:00,9.194394808840215
2026-05-09 05:03:00,9.522760374240406
2026-05-09 05:04:00,9.262120767820823
2026-05-09 05:05:00,9.455523709225034
2026-05-09 05:06:00,10.029485240243424
2026-05-09 05:07:00,9.748226793616096
2026-05-09 05:08:00,9.841287296789304
2026-05-09 05:09:00,10.172454877065132
2026-05-09 05:10:00,10.101353931426772
2026-05-09 05:11:00,10.295294370980557
2026-05-09 05:12:00,23.384632330536466
2026-05-09 05:13:00,23.513224420956377
2026-05-09 05:14:00,23.938284234150995
2026-05-09 05:15:00,24.01978864186352
2026-05-09 05:16:00,24.027034768391456
2026-05-09 05:17:00,23.81441164633605
2026-05-09 05:18:00,23.726127754363738
2026-05-09 05:19:00,23.868664894954406
2026-05-09 05:20:00,24.086052853766738
2026-05-09 05:21:00,23.999151864479654
2026-05-09 05:22:00,21.868596106111017
2026-05-09 05:23:00,22.103108268293404
2026-05-09 05:24:00,21.99591659392837
2026-05-09 05:25:00,22.209726595257443
2026-05-09 05:26:00,22.093335784215377
2026-05-09 05:27:00,22.283980077706666
2026-05-09 05:28:00,22.10331070867546
2026-05-09 05:29:00,22.406045081270346
2026-05-09 05:30:00,22.37076758853356
2026-05-09 05:31:00,22.660824876382133
2026-05-09 05:32:00,22.85613311492531
2026-05-09 05:33:00,22.9177342328834
2026-05-09 05:34:00,23.06420732070872
2026-05-09 05:35:00,23.08975653338793
2026-05-09 05:36:00,23.137062453141173
2026-05-09 05:37:00,23.19603568290766
2026-05-09 05:38:00,23.201917066784542
2026-05-09 05:39:00,23.25401291678792
2026-05-09 05:40:00,23.208052606207183
2026-05-09 05:41:00,23.25835822190092
2026-05-09 05:42:00,22.15585937484913
2026-05-09 05:43:00,22.2702107665696
2026-05-09 05:44:00,22.360670358773287
2026-05-09 05:45:00,22.33156528402168
2026-05-09 05:46:00,22.352759501447967
2026-05-09 05:47:00,22.36386038864897
2026-05-09 05:48:00,22.47645083510548
2026-05-09 05:49:00,22.57248151704307
2026-05-09 05:50:00,22.589443670242662
2026-05-09 05:51:00,22.275936111160945
2026-05-09 05:52:00,22.43097327271068
2026-05-09 05:53:00,22.385096455267803
2026-05-09 05:54:00,22.5481248514489
2026-05-09 05:55:00,22.33570056473053
2026-05-09 05:56:00,22.41044066774401
2026-05-09 05:57:00,22.48773807764863
2026-05-09 05:58:00,22.456717578214263
2026-05-09 05:59:00,22.79337369288906
2026-05-09 06:00:00,22.713967140479845
2026-05-09 06:01:00,22.76025052523931
2026-05-09 06:02:00,22.674759255863567
2026-05-09 06:03:00,22.75551017848686
2026-05-09 06:04:00,22.82427376866016
2026-05-09 06:05:00,22.87997049146967
2026-05-09 06:06:00,22.93670914943206
2026-05-09 06:07:00,22.871927544283288
2026-05-09 06:08:00,22.941478408738472
2026-05-09 06:09:00,23.056615643545435
2026-05-09 06:10:00,23.0186129126302
2026-05-09 06:11:00,23.072067140398016
2026-05-09 06:12:00,22.57475297686469
2026-05-09 06:13:00,22.613729549888248
2026-05-09 06:14:00,22.73098030113048
2026-05-09 06:15:00,22.607718375336777
2026-05-09 06:16:00,22.59224082982305
2026-05-09 06:17:00,22.70566793108447
2026-05-09 06:18:00,22.51971042751135
2026-05-09 06:19:00,22.716847672308685
2026-05-09 06:20:00,22.87015168637579
2026-05-09 06:21:00,22.87851668943916
2026-05-09 06:22:00,21.26072364115917
2026-05-09 06:23:00,21.23473368735588
2026-05-09 06:24:00,21.325744820659203
2026-05-09 06:25:00,21.393123376767115
2026-05-09 06:26:00,21.442623926413585
2026-05-09 06:27:00,21.50978175772483
2026-05-09 06:28:00,21.62819044896497
2026-05-09 06:29:00,21.65793951458324
2026-05-09 06:30:00,21.66124780476089
2026-05-09 06:31:00,21.68192215338782
2026-05-09 06:32:00,21.701664962542893
2026-05-09 06:33:00,21.76101114630504
2026-05-09 06:34:00,21.775884881696893
2026-05-09 06:35:00,21.751571605616764
2026-05-09 06:36:00,21.79507052121257
2026-05-09 06:37:00,21.868600052922503
2026-05-09 06:38:00,21.86082485297682
2026-05-09 06:39:00,21.776773105654343
2026-05-09 06:40:00,21.969444209341592
2026-05-09 06:41:00,22.1071791765929
2026-05-09 06:42:00,22.138192654156537
2026-05-09 06:43:00,22.151834294469523
2026-05-09 06:44:00,22.203810249112912
2026-05-09 06:45:00,22.22981909989749
2026-05-09 06:46:00,22.197709905294907
2026-05-09 06:47:00,22.31913584640036
2026-05-09 06:48:00,22.361735637869828
2026-05-09 06:49:00,22.41320064318308
2026-05-09 06:50:00,22.421485523289093
2026-05-09 06:51:00,22.471722576580163
2026-05-09 06:52:00,21.966091817616974
2026-05-09 06:53:00,22.05774333317536
2026-05-09 06:54:00,22.05346852479908
2026-05-09 06:55:00,21.9224848189098
2026-05-09 06:56:00,21.96992282765501
2026-05-09 06:57:00,22.058584608501825
2026-05-09 06:58:00,22.09705159060639
2026-05-09 06:59:00,22.054945089626496
2026-05-09 07:00:00,22.16113123235864
2026-05-09 07:01:00,22.251697641068
2026-05-09 07:02:00,21.33384709779273
2026-05-09 07:03:00,21.348481193724297
2026-05-09 07:04:00,21.38511114422457
2026-05-09 07:05:00,21.432276388047555
2026-05-09 07:06:00,21.40983914933132
2026-05-09 07:07:00,21.49725829665998
2026-05-09 07:08:00,21.547519117040707
2026-05-09 07:09:00,21.57038765579659
2026-05-09 07:10:00,21.59445619296576
2026-05-09 07:11:00,21.615941502617336
2026-05-09 07:12:00,21.588184038867
2026-05-09 07:13:00,21.57021231332923
2026-05-09 07:14:00,21.758139170119136
2026-05-09 07:15:00,21.67458164297524
2026-05-09 07:16:00,21.76731258729661
2026-05-09 07:17:00,21.78648397285464
2026-05-09 07:18:00,21.83187690554695
2026-05-09 07:19:00,21.86441484636663
2026-05-09 07:20:00,21.92494906824997
2026-05-09 07:21:00,21.969870928763505
2026-05-09 07:22:00,21.66737519184532
2026-05-09 07:23:00,21.72881810754768
2026-05-09 07:24:00,21.80843432343581
2026-05-09 07:25:00,21.90033332635808
2026-05-09 07:26:00,21.73497244342545
2026-05-09 07:27:00,21.77728023037799
2026-05-09 07:28:00,21.86579765840768
2026-05-09 07:29:00,21.88373266456492
2026-05-09 07:30:00,21.99645885129896
2026-05-09 07:31:00,21.95859400014094
2026-05-09 07:32:00,21.110974532866614
2026-05-09 07:33:00,21.169831975570126
2026-05-09 07:34:00,21.239599192803706
2026-05-09 07:35:00,21.23346833202968
2026-05-09 07:36:00,21.34454339903904
2026-05-09 07:37:00,21.371614691767665
2026-05-09 07:38:00,21.35650521250175
2026-05-09 07:39:00,21.43176104866752
2026-05-09 07:40:00,21.51238252958068
2026-05-09 07:41:00,21.56507228300315
2026-05-09 07:42:00,22.72914465204552
2026-05-09 07:43:00,22.65326682261803
2026-05-09 07:44:00,22.74108699081989
2026-05-09 07:45:00,22.858102815495844
2026-05-09 07:46:00,22.80688980607928
2026-05-09 07:47:00,22.869669417430185
2026-05-09 07:48:00,22.943902105229228
2026-05-09 07:49:00,22.98176655985101
2026-05-09 07:50:00,23.076858889402867
2026-05-09 07:51:00,22.99964428892129
2026-05-09 07:52:00,21.26723455144413
2026-05-09 07:53:00,21.311655598285206
2026-05-09 07:54:00,21.49189037283851
2026-05-09 07:55:00,21.48962157337172
2026-05-09 07:56:00,21.51662771333082
2026-05-09 07:57:00,21.58269087989012
2026-05-09 07:58:00,21.66477700702142
2026-05-09 07:59:00,21.71108811359719
2026-05-09 08:00:00,21.694426617023105
2026-05-09 08:01:00,21.675037086087418
2026-05-09 08:02:00,6.255254452353152
2026-05-09 08:03:00,6.4565917631595084
2026-05-09 08:04:00,6.362287425581975
2026-05-09 08:05:00,6.374333938717377
2026-05-09 08:06:00,6.554603231962237
2026-05-09 08:07:00,6.666041134533432
2026-05-09 08:08:00,6.753310069467914
2026-05-09 08:09:00,6.878743135568985
2026-05-09 08:10:00,7.1234648236068585
2026-05-09 08:11:00,7.170437827032357
2026-05-09 08:12:00,22.014514858176906
2026-05-09 08:13:00,22.054255442923523
2026-05-09 08:14:00,21.99346208066557
2026-05-09 08:15:00,22.027073256572827
2026-05-09 08:16:00,21.95425502033567
2026-05-09 08:17:00,22.31630958756461
2026-05-09 08:18:00,22.324819975720747
2026-05-09 08:19:00,22.38905617618645
2026-05-09 08:20:00,22.43568718812821
2026-05-09 08:21:00,22.472382452970685
2026-05-09 08:22:00,20.42548948484725
2026-05-09 08:23:00,20.64272878963047
2026-05-09 08:24:00,20.68597539555116
2026-05-09 08:25:00,20.772039386212374
2026-05-09 08:26:00,20.77916141422803
2026-05-09 08:27:00,20.86933538286501
2026-05-09 08:28:00,20.91046209322854
2026-05-09 08:29:00,20.90271921085536
2026-05-09 08:30:00,21.03809853046151
2026-05-09 08:31:00,21.22479037812523
2026-05-09 08:32:00,21.65157689575744
2026-05-09 08:33:00,21.603278041112183
2026-05-09 08:34:00,21.54423484174917
2026-05-09 08:35:00,21.69443472452653
2026-05-09 08:36:00,21.36932854576752
2026-05-09 08:37:00,21.67453327096945
2026-05-09 08:38:00,21.743328134105944
2026-05-09 08:39:00,21.72334249658692
2026-05-09 08:40:00,21.822661460445307
2026-05-09 08:41:00,21.903644219509506
2026-05-09 08:42:00,28.09912292018164
2026-05-09 08:43:00,28.185666217970567
2026-05-09 08:44:00,28.310827182240093
2026-05-09 08:45:00,28.31346110996623
2026-05-09 08:46:00,28.1843176851276
2026-05-09 08:47:00,28.27390316998
2026-05-09 08:48:00,28.295266530226293
2026-05-09 08:49:00,28.28611781689268
2026-05-09 08:50:00,28.292037418145537
2026-05-09 08:51:00,28.433404762267408
2026-05-09 08:52:00,7.058115966785187
2026-05-09 08:53:00,6.70198293272395
2026-05-09 08:54:00,6.930806720362777
2026-05-09 08:55:00,7.43310684569215
2026-05-09 08:56:00,7.64270028598685
2026-05-09 08:57:00,7.481171653112482
2026-05-09 08:58:00,7.375858927937155
2026-05-09 08:59:00,7.854723645361322
2026-05-09 09:00:00,8.022039611696348
2026-05-09 09:01:00,8.058057142479553
2026-05-09 09:02:00,18.27726928702006
2026-05-09 09:03:00,18.46052591489323
2026-05-09 09:04:00,18.53729357872295
2026-05-09 09:05:00,18.760654319879546
2026-05-09 09:06:00,18.62903662589668
2026-05-09 09:07:00,18.65198268071483
2026-05-09 09:08:00,18.810932850141107
2026-05-09 09:09:00,18.973744422850977
2026-05-09 09:10:00,19.037155435643733
2026-05-09 09:11:00,19.07412871161408
2026-05-09 09:12:00,25.78465498744954
2026-05-09 09:13:00,25.16327796449021
2026-05-09 09:14:00,25.20629387889249
2026-05-09 09:15:00,25.76008396034593
2026-05-09 09:16:00,25.63952384899516
2026-05-09 09:17:00,26.04501526855807
2026-05-09 09:18:00,25.5556396071152
2026-05-09 09:19:00,25.9593309799984
2026-05-09 09:20:00,26.2843287890184
2026-05-09 09:21:00,25.790109387437912
2026-05-09 09:22:00,24.426256472244425
2026-05-09 09:23:00,24.553883511581788
2026-05-09 09:24:00,24.52579021956495
2026-05-09 09:25:00,24.692406694120024
2026-05-09 09:26:00,24.6129554080632
2026-05-09 09:27:00,24.688818451099923
2026-05-09 09:28:00,24.726929676204566
2026-05-09 09:29:00,24.799782569688865
2026-05-09 09:30:00,25.097642680205468
2026-05-09 09:31:00,25.15134121507204
2026-05-09 09:32:00,5.663022019972193
2026-05-09 09:33:00,5.960150154019458
2026-05-09 09:34:00,5.799463995669676
2026-05-09 09:35:00,5.556876171756072
2026-05-09 09:36:00,5.639440599136783
2026-05-09 09:37:00,5.839148645231758
2026-05-09 09:38:00,5.9027029275805445
2026-05-09 09:39:00,5.981320205253216
2026-05-09 09:40:00,6.72808222862095
2026-05-09 09:41:00,7.095350248974113
2026-05-09 09:42:00,25.789373908236744
2026-05-09 09:43:00,25.89979510679613
2026-05-09 09:44:00,26.24444584732054
2026-05-09 09:45:00,26.014955671424403
2026-05-09 09:46:00,25.435636221928075
2026-05-09 09:47:00,25.782020695194284
2026-05-09 09:48:00,25.7692259450486
2026-05-09 09:49:00,25.58698595573514
2026-05-09 09:50:00,25.679144154859006
2026-05-09 09:51:00,25.60793385315953
2026-05-09 09:52:00,26.44951076203097
2026-05-09 09:53:00,26.593402939894894
2026-05-09 09:54:00,26.848850934623982
2026-05-09 09:55:00,26.743479127534005
2026-05-09 09:56:00,26.646186720571507
2026-05-09 09:57:00,26.516069334627208
2026-05-09 09:58:00,26.790775392150422
2026-05-09 09:59:00,26.720003278875254
2026-05-09 10:00:00,26.586319837361835
2026-05-09 10:01:00,26.98496237366289
2026-05-09 10:02:00,16.39907176183931
2026-05-09 10:03:00,16.280474798974055
2026-05-09 10:04:00,16.39024366289717
2026-05-09 10:05:00,16.646884072879264
2026-05-09 10:06:00,16.328063405259428
2026-05-09 10:07:00,16.750573498854394
2026-05-09 10:08:00,16.71904331467124
2026-05-09 10:09:00,16.90902128962607
2026-05-09 10:10:00,17.058556606048906
2026-05-09 10:11:00,17.187049497026134
2026-05-09 10:12:00,25.89305423946234
2026-05-09 10:13:00,25.673663282073072
2026-05-09 10:14:00,25.770432765905305
2026-05-09 10:15:00,25.86538886577588
2026-05-09 10:16:00,26.01021064610152
2026-05-09 10:17:00,25.942413741163424
2026-05-09 10:18:00,26.279746365952946
2026-05-09 10:19:00,26.324141550526228
2026-05-09 10:20:00,26.249880985662333
2026-05-09 10:21:00,26.087891465436822
2026-05-09 10:22:00,6.146834100405929
2026-05-09 10:23:00,6.594119417372197
2026-05-09 10:24:00,6.494224923287681
2026-05-09 10:25:00,6.769621752463268
2026-05-09 10:26:00,6.931903134534275
2026-05-09 10:27:00,6.844365960464609
2026-05-09 10:28:00,6.692265199170843
2026-05-09 10:29:00,6.849321722137365
2026-05-09 10:30:00,7.129547723325414
2026-05-09 10:31:00,7.433797100304313
2026-05-09 10:32:00,15.109188945352289
2026-05-09 10:33:00,15.212031597781232
2026-05-09 10:34:00,15.298536398801946
2026-05-09 10:35:00,14.91756055668579
2026-05-09 10:36:00,15.255392900567692
2026-05-09 10:37:00,15.33722445268602
2026-05-09 10:38:00,15.636254721560483
2026-05-09 10:39:00,15.672199221779776
2026-05-09 10:40:00,15.755144962005405
2026-05-09 10:41:00,15.595917881579105
2026-05-09 10:42:00,14.403751593346744
2026-05-09 10:43:00,14.51488422024116
2026-05-09 10:44:00,14.492938748465916
2026-05-09 10:45:00,14.831327799993616
2026-05-09 10:46:00,15.486397033786815
2026-05-09 10:47:00,15.403777567373108
2026-05-09 10:48:00,15.497810251391456
2026-05-09 10:49:00,15.53554852545239
2026-05-09 10:50:00,15.551485709922872
2026-05-09 10:51:00,15.556253359526265
2026-05-09 10:52:00,25.558523148736647
2026-05-09 10:53:00,25.36260319824008
2026-05-09 10:54:00,25.81185318681108
2026-05-09 10:55:00,25.46130588559383
2026-05-09 10:56:00,25.276792352290137
2026-05-09 10:57:00,25.384072633827543
2026-05-09 10:58:00,25.508938198486923
2026-05-09 10:59:00,25.63634287125052
2026-05-09 11:00:00,25.56436444999762
2026-05-09 11:01:00,25.376108262005204
2026-05-09 11:02:00,21.56984542016473
2026-05-09 11:03:00,21.29517324434589
2026-05-09 11:04:00,21.49192357114248
2026-05-09 11:05:00,21.41675041640424
2026-05-09 11:06:00,21.585413626455143
2026-05-09 11:07:00,21.558654171101164
2026-05-09 11:08:00,21.64800349489248
2026-05-09 11:09:00,21.897040218903143
2026-05-09 11:10:00,21.67421543038884
2026-05-09 11:11:00,21.75722829891525
2026-05-09 11:12:00,22.665614152904144
2026-05-09 11:13:00,22.83810073124205
2026-05-09 11:14:00,23.1641390715982
2026-05-09 11:15:00,23.117677856204804
2026-05-09 11:16:00,23.16211263415041
2026-05-09 11:17:00,23.136298855702268
2026-05-09 11:18:00,23.28197448635532
2026-05-09 11:19:00,23.40391781436596
2026-05-09 11:20:00,23.353947312175112
2026-05-09 11:21:00,22.984536418536138
2026-05-09 11:22:00,22.22651832238707
2026-05-09 11:23:00,22.150231275092345
2026-05-09 11:24:00,22.06758722075899
2026-05-09 11:25:00,22.15286355087954
2026-05-09 11:26:00,22.35090254712161
2026-05-09 11:27:00,22.52784079157184
2026-05-09 11:28:00,22.57078366639515
2026-05-09 11:29:00,22.963126963438945
2026-05-09 11:30:00,22.96576992403851
2026-05-09 11:31:00,23.11054768545928
2026-05-09 11:32:00,21.811863965506248
2026-05-09 11:33:00,21.82393878342562
2026-05-09 11:34:00,21.92584316481128
2026-05-09 11:35:00,22.00341023246872
2026-05-09 11:36:00,22.044394959646105
2026-05-09 11:37:00,22.008440318360705
2026-05-09 11:38:00,22.23356592631212
2026-05-09 11:39:00,22.51894472090685
2026-05-09 11:40:00,22.64391690547083
2026-05-09 11:41:00,22.616715401290463
2026-05-09 11:42:00,25.85371618905757
2026-05-09 11:43:00,25.96708634055403
2026-05-09 11:44:00,25.91995215409774
2026-05-09 11:45:00,25.99303069028701
2026-05-09 11:46:00,25.943135751348013
2026-05-09 11:47:00,26.05474786318311
2026-05-09 11:48:00,26.05854207638732
2026-05-09 11:49:00,26.054127104307504
2026-05-09 11:50:00,26.188709550915696
2026-05-09 11:51:00,26.38384090241687
2026-05-09 11:52:00,24.276718268933383
2026-05-09 11:53:00,24.044432722442068
2026-05-09 11:54:00,24.292312383884813
2026-05-09 11:55:00,24.4169644634575
2026-05-09 11:56:00,24.412827296520742
2026-05-09 11:57:00,24.3942589814057
2026-05-09 11:58:00,24.466102521208924
2026-05-09 11:59:00,24.617377713610068
2026-05-09 12:00:00,24.70730641700393
2026-05-09 12:01:00,24.686166535925675
2026-05-09 12:02:00,22.54706260712579
2026-05-09 12:03:00,22.539573796328444
2026-05-09 12:04:00,22.555008580185707
2026-05-09 12:05:00,22.75132047849404
2026-05-09 12:06:00,22.68475198953181
2026-05-09 12:07:00,22.864013298454367
2026-05-09 12:08:00,22.97365864916711
2026-05-09 12:09:00,22.80165691599642
2026-05-09 12:10:00,22.873339102007364
2026-05-09 12:11:00,22.884285789932
2026-05-09 12:12:00,13.963193330743586
2026-05-09 12:13:00,14.219291747656053
2026-05-09 12:14:00,14.10007738264266
2026-05-09 12:15:00,14.25095562402741
2026-05-09 12:16:00,14.679139933524764
2026-05-09 12:17:00,14.63907672621419
2026-05-09 12:18:00,14.670979801205876
2026-05-09 12:19:00,14.660938802750572
2026-05-09 12:20:00,14.732742990290214
2026-05-09 12:21:00,14.7286260419686
2026-05-09 12:22:00,14.338981666783338
2026-05-09 12:23:00,14.348351387854189
2026-05-09 12:24:00,14.461121361045372
2026-05-09 12:25:00,14.42742401314668
2026-05-09 12:26:00,14.418130281445627
2026-05-09 12:27:00,14.446993736200444
2026-05-09 12:28:00,14.63646976103597
2026-05-09 12:29:00,14.552851041331914
2026-05-09 12:30:00,14.696042970044587
2026-05-09 12:31:00,14.558712422542593
2026-05-09 12:32:00,14.110998161896172
2026-05-09 12:33:00,14.25805744449552
2026-05-09 12:34:00,14.188891418172275
2026-05-09 12:35:00,14.004894219791906
2026-05-09 12:36:00,14.34581202424563
2026-05-09 12:37:00,14.297973305369151
2026-05-09 12:38:00,14.489807034973516
2026-05-09 12:39:00,14.38022469869801
2026-05-09 12:40:00,14.407221796921576
2026-05-09 12:41:00,14.46564150567051
2026-05-09 12:42:00,14.198186498267802
2026-05-09 12:43:00,14.260474108141562
2026-05-09 12:44:00,14.28775446270028
2026-05-09 12:45:00,14.33764162507769
2026-05-09 12:46:00,14.375791472474535
2026-05-09 12:47:00,14.4362110153252
2026-05-09 12:48:00,14.450324921691312
2026-05-09 12:49:00,14.500826887367124
2026-05-09 12:50:00,14.539107390686972
2026-05-09 12:51:00,14.583872161662535
2026-05-09 12:52:00,14.214945781392942
2026-05-09 12:53:00,14.26274719370581
2026-05-09 12:54:00,14.31277137664152
2026-05-09 12:55:00,14.332889605988848
2026-05-09 12:56:00,14.33259832505584
2026-05-09 12:57:00,14.403706507297803
2026-05-09 12:58:00,14.466152490419562
2026-05-09 12:59:00,14.488562981694166
2026-05-09 13:00:00,14.459822067028666
2026-05-09 13:01:00,14.504661000204612
2026-05-09 13:02:00,13.935921715010306
2026-05-09 13:03:00,13.925150223688586
2026-05-09 13:04:00,13.931785628689711
2026-05-09 13:05:00,14.000202637790292
2026-05-09 13:06:00,13.99087727103822
2026-05-09 13:07:00,14.084678908634878
2026-05-09 13:08:00,14.13321053585346
2026-05-09 13:09:00,14.175549675973476
2026-05-09 13:10:00,14.23404955509028
2026-05-09 13:11:00,14.278783565846894
2026-05-09 13:12:00,14.099866446359313
2026-05-09 13:13:00,14.24185794290575
2026-05-09 13:14:00,14.22050585285164
2026-05-09 13:15:00,14.291744211566623
2026-05-09 13:16:00,14.406183921415632
2026-05-09 13:17:00,14.389062093318133
2026-05-09 13:18:00,14.509381845062968
2026-05-09 13:19:00,14.560838597102997
2026-05-09 13:20:00,14.585971846581035
2026-05-09 13:21:00,14.623236187283826
2026-05-09 13:22:00,14.573378163839996
2026-05-09 13:23:00,14.576500306976
2026-05-09 13:24:00,14.590127572961906
2026-05-09 13:25:00,14.618304839568246
2026-05-09 13:26:00,14.615221442399267
2026-05-09 13:27:00,14.257325706122913
2026-05-09 13:28:00,14.312398221559164
2026-05-09 13:29:00,14.32450118190106
2026-05-09 13:30:00,14.361581536845945
2026-05-09 13:31:00,14.354457391000482
2026-05-09 13:32:00,13.980005024857032
2026-05-09 13:33:00,14.07728783034328
2026-05-09 13:34:00,14.077965596007727
2026-05-09 13:35:00,14.129541720433428
2026-05-09 13:36:00,14.197168875597376
2026-05-09 13:37:00,14.231972927388703
2026-05-09 13:38:00,14.31293592187905
2026-05-09 13:39:00,14.339332225974168
2026-05-09 13:40:00,14.413076159939358
2026-05-09 13:41:00,14.483691468970664
2026-05-09 13:42:00,14.79562039092121
2026-05-09 13:43:00,14.979471158769847
2026-05-09 13:44:00,14.352565637857657
2026-05-09 13:45:00,14.366537193648483
2026-05-09 13:46:00,14.432989553513815
2026-05-09 13:47:00,14.515598951481907
2026-05-09 13:48:00,14.57047783136866
2026-05-09 13:49:00,14.62500812841832
2026-05-09 13:50:00,14.7185558868427
2026-05-09 13:51:00,14.781867724487329
2026-05-09 13:52:00,14.38062478682771
2026-05-09 13:53:00,14.402837544731057
2026-05-09 13:54:00,14.45653475638364
2026-05-09 13:55:00,14.471794599977006
2026-05-09 13:56:00,14.545839646587622
2026-05-09 13:57:00,14.567132756577855
2026-05-09 13:58:00,14.657310472464276
2026-05-09 13:59:00,14.66735071746898
2026-05-09 14:00:00,14.705437804724532
2026-05-09 14:01:00,14.789601850898448
2026-05-09 14:02:00,14.089037275790869
2026-05-09 14:03:00,14.615877980964427
2026-05-09 14:04:00,14.23933481110316
2026-05-09 14:05:00,14.227661923337324
2026-05-09 14:06:00,14.241058488827312
2026-05-09 14:07:00,14.307399669294751
2026-05-09 14:08:00,14.349830205245896
2026-05-09 14:09:00,14.395839169338943
2026-05-09 14:10:00,14.462261055463395
2026-05-09 14:11:00,14.54292333850757
2026-05-09 14:12:00,14.597579852898338
2026-05-09 14:13:00,14.637568572634544
2026-05-09 14:14:00,14.700039691228909
2026-05-09 14:15:00,14.719355285544047
2026-05-09 14:16:00,14.766584330539045
2026-05-09 14:17:00,14.802247515670194
2026-05-09 14:18:00,14.88171005110011
2026-05-09 14:19:00,14.896570109243232
2026-05-09 14:20:00,14.936125056949232
2026-05-09 14:21:00,14.990705582604422
2026-05-09 14:22:00,15.11418500355134
2026-05-09 14:23:00,15.094235692358312
2026-05-09 14:24:00,15.189931670683501
2026-05-09 14:25:00,15.175268087962998
2026-05-09 14:26:00,15.224664473407927
2026-05-09 14:27:00,15.256139890216435
2026-05-09 14:28:00,15.265881657986817
2026-05-09 14:29:00,15.300179364643883
2026-05-09 14:30:00,15.321276732582149
2026-05-09 14:31:00,15.332477878289843
2026-05-09 14:32:00,15.372032540089128
2026-05-09 14:33:00,15.398446241523986
2026-05-09 14:34:00,15.437317175977551
2026-05-09 14:35:00,15.472607985568144
2026-05-09 14:36:00,15.458842531142135
2026-05-09 14:37:00,15.479218158076861
2026-05-09 14:38:00,15.53959747366773
2026-05-09 14:39:00,15.51841912402346
2026-05-09 14:40:00,15.52843372588153
2026-05-09 14:41:00,15.552990032406592
2026-05-09 14:42:00,15.593123072247792
2026-05-09 14:43:00,15.612829714165077
2026-05-09 14:44:00,15.631201558553697
2026-05-09 14:45:00,15.646142009698982
2026-05-09 14:46:00,15.661268009293712
2026-05-09 14:47:00,15.677962384443646
2026-05-09 14:48:00,15.696020791590616
2026-05-09 14:49:00,15.708468970308303
2026-05-09 14:50:00,15.724021636149223
2026-05-09 14:51:00,15.740503622482615
2026-05-09 14:52:00,15.75987607970404
2026-05-09 14:53:00,15.771434897077071
2026-05-09 14:54:00,15.787582824828075
2026-05-09 14:55:00,15.798358805630725
2026-05-09 14:56:00,15.811896135587554
2026-05-09 14:57:00,15.824435744140196
2026-05-09 14:58:00,15.835594558726878
2026-05-09 14:59:00,15.847482804016884
2026-05-09 15:00:00,15.858557335914073
2026-05-09 15:01:00,15.868958365611297
2026-05-09 15:02:00,15.880211881994267
2026-05-09 15:03:00,15.890296735021266
2026-05-09 15:04:00,15.90088759191456
2026-05-09 15:05:00,15.910902141322847
2026-05-09 15:06:00,15.91856525348451
2026-05-09 15:07:00,15.927365728558215
2026-05-09 15:08:00,15.93770405826518
2026-05-09 15:09:00,15.94429020251277
2026-05-09 15:10:00,15.951922484194064
2026-05-09 15:11:00,15.959829619297876
2026-05-09 15:12:00,15.96838708706593
2026-05-09 15:13:00,15.97588696131194
2026-05-09 15:14:00,15.983058752900833
2026-05-09 15:15:00,15.989819950272485
2026-05-09 15:16:00,15.99635964001426
2026-05-09 15:17:00,16.00289236967389
2026-05-09 15:18:00,16.009307083138832
2026-05-09 15:19:00,16.01519337445666
2026-05-09 15:20:00,16.02114803965517
2026-05-09 15:21:00,16.027012451196683
2026-05-09 15:22:00,16.03288033098031
2026-05-09 15:23:00,16.038201696011196
2026-05-09 15:24:00,16.043566645772785
2026-05-09 15:25:00,16.048543045444305
2026-05-09 15:26:00,16.0535205302331
2026-05-09 15:27:00,16.0583339489509
2026-05-09 15:28:00,16.06295263502434
2026-05-09 15:29:00,16.06747713516923
2026-05-09 15:30:00,16.07185446673045
2026-05-09 15:31:00,16.076089414773946
2026-05-09 15:32:00,16.080243927924545
2026-05-09 15:33:00,16.084219214982703
2026-05-09 15:34:00,16.088119523267228
2026-05-09 15:35:00,16.091884262501722
2026-05-09 15:36:00,16.095449128036062
2026-05-09 15:37:00,16.098961575105253
2026-05-09 15:38:00,16.10244724576362
2026-05-09 15:39:00,16.10567854951852
2026-05-09 15:40:00,16.108862335298927
2026-05-09 15:41:00,16.11196435404826
2026-05-09 15:42:00,16.115017483563538
2026-05-09 15:43:00,16.117943882033327
2026-05-09 15:44:00,16.120774367725474
2026-05-09 15:45:00,16.12350654470612
2026-05-09 15:46:00,16.12615207315471
2026-05-09 15:47:00,16.128729457883175
2026-05-09 15:48:00,16.131231622851768
2026-05-09 15:49:00,16.13363747907754
2026-05-09 15:50:00,16.135984236707014
2026-05-09 15:51:00,16.138264304343757
2026-05-09 15:52:00,16.140484847148652
2026-05-09 15:53:00,16.142619093266852
2026-05-09 15:54:00,16.144696263114305
2026-05-09 15:55:00,16.146699335051782
2026-05-09 15:56:00,16.148648660351782
2026-05-09 15:57:00,16.150538740340387
2026-05-09 15:58:00,16.1523687280733
2026-05-09 15:59:00,16.154144788504137
2026-05-09 16:00:00,16.155866924846446
2026-05-09 16:01:00,16.157536463764167
2026-05-09 16:02:00,16.159157132435713
2026-05-09 16:03:00,16.160725140181224
2026-05-09 16:04:00,16.162247749924777
2026-05-09 16:05:00,16.16372295043274
2026-05-09 16:06:00,16.165149729498946
2026-05-09 16:07:00,16.16653532783597
2026-05-09 16:08:00,16.16788221994885
2026-05-09 16:09:00,16.169181677866284
2026-05-09 16:10:00,16.170443602097162
2026-05-09 16:11:00,16.171667375887342
2026-05-09 16:12:00,16.172856059970943
2026-05-09 16:13:00,16.174007029274275
2026-05-09 16:14:00,16.175122526764046
2026-05-09 16:15:00,16.176203292153634
2026-05-09 16:16:00,16.177250799165726
2026-05-09 16:17:00,16.178267056112293
2026-05-09 16:18:00,16.179252437744406
2026-05-09 16:19:00,16.180206615177514
2026-05-09 16:20:00,16.181132412082878
2026-05-09 16:21:00,16.182030180935215
2026-05-09 16:22:00,16.18290109622563
2026-05-09 16:23:00,16.18374449806319
2026-05-09 16:24:00,16.184562440303008
2026-05-09 16:25:00,16.185354882974522
2026-05-09 16:26:00,16.186123475253194
2026-05-09 16:27:00,16.18686865097577
2026-05-09 16:28:00,16.187590946398082
2026-05-09 16:29:00,16.188291256886036
2026-05-09 16:30:00,16.188970231933354
2026-05-09 16:31:00,16.189628491315226
2026-05-09 16:32:00,16.190266743202233
2026-05-09 16:33:00,16.190885316717935
2026-05-09 16:34:00,16.19148512447881
2026-05-09 16:35:00,16.19206656647616
2026-05-09 16:36:00,16.192630125420287
2026-05-09 16:37:00,16.19317657895644
2026-05-09 16:38:00,16.19370650699162
2026-05-09 16:39:00,16.19421998687882
2026-05-09 16:40:00,16.194717879914727
2026-05-09 16:41:00,16.195200573738905
2026-05-09 16:42:00,16.19566863869653
2026-05-09 16:43:00,16.196122350192073
2026-05-09 16:44:00,16.196562194291754
2026-05-09 16:45:00,16.196988572709135
2026-05-09 16:46:00,16.19740191611132
2026-05-09 16:47:00,16.197802678813446
2026-05-09 16:48:00,16.19819121209746
2026-05-09 16:49:00,16.19856782225025
2026-05-09 16:50:00,16.19893297050162
2026-05-09 16:51:00,16.199286979965347
2026-05-09 16:52:00,16.19963021080675
2026-05-09 16:53:00,16.199962916207156
2026-05-09 16:54:00,16.200285472275755
2026-05-09 16:55:00,16.20059815301984
2026-05-09 16:56:00,16.200901301899815
2026-05-09 16:57:00,16.201195198518384
2026-05-09 16:58:00,16.201480114136928
2026-05-09 16:59:00,16.201756331767026
2026-05-09 17:00:00,16.202024118852833
2026-05-09 17:01:00,16.202283730583552
2026-05-09 17:02:00,16.202535419238195
2026-05-09 17:03:00,16.202779411472715
2026-05-09 17:04:00,16.203015958950132
2026-05-09 17:05:00,16.203245280529703
2026-05-09 17:06:00,16.203467595057095
2026-05-09 17:07:00,16.203683125673113
2026-05-09 17:08:00,16.203892082070833
2026-05-09 17:09:00,16.204094646715625
2026-05-09 17:10:00,16.20429103007654
2026-05-09 17:11:00,16.204481416445894
2026-05-09 17:12:00,16.204665994530664
2026-05-09 17:13:00,16.20484493376209
2026-05-09 17:14:00,16.20501840862625
2026-05-09 17:15:00,16.20518658468455
2026-05-09 17:16:00,16.20534962466825
2026-05-09 17:17:00,16.20550768841541
2026-05-09 17:18:00,16.205660926122018
2026-05-09 17:19:00,16.205809481696978
2026-05-09 17:20:00,16.20595350298463
2026-05-09 17:21:00,16.20609312707059
2026-05-09 17:22:00,16.20622848945855
2026-05-09 17:23:00,16.206359716426938
2026-05-09 17:24:00,16.2064869366993
2026-05-09 17:25:00,16.206610271021304
2026-05-09 17:26:00,16.206729840065016
2026-05-09 17:27:00,16.20684575839373
2026-05-09 17:28:00,16.20695813680712
2026-05-09 17:29:00,16.207067083777897
2026-05-09 17:30:00,16.20717270431292
2026-05-09 17:31:00,16.20727509984885
2026-05-09 17:32:00,16.20737436895549
2026-05-09 17:33:00,16.20747060626294
2026-05-09 17:34:00,16.207563905212524
2026-05-09 17:35:00,16.20765435512256
2026-05-09 17:36:00,16.207742042996276
2026-05-09 17:37:00,16.20782705353087
2026-05-09 17:38:00,16.20790946858149
2026-05-09 17:39:00,16.20798936662544
2026-05-09 17:40:00,16.208066825173887
2026-05-09 17:41:00,16.208141918491417
2026-05-09 17:42:00,16.208214719081298
2026-05-09 17:43:00,16.208285296583405
2026-05-09 17:44:00,16.20835371900011
2026-05-09 17:45:00,16.208420052064213
2026-05-09 17:46:00,16.2084843596199
2026-05-09 17:47:00,16.208546703670137
2026-05-09 17:48:00,16.208607144080215
2026-05-09 17:49:00,16.208665738803845
2026-05-09 17:50:00,16.208722544437418
2026-05-09 17:51:00,16.208777615541866
2026-05-09 17:52:00,16.208831005154682
2026-05-09 17:53:00,16.20888276442707
2026-05-09 17:54:00,16.208932943250833
2026-05-09 17:55:00,16.208981589812446
2026-05-09 17:56:00,16.209028750995923
2026-05-09 17:57:00,16.209074472144515
2026-05-09 17:58:00,16.20911879719058
2026-05-09 17:59:00,16.209161768779982
2026-05-09 18:00:00,16.20920342825767
2026-05-09 18:01:00,16.209243815681265
2026-05-09 18:02:00,16.209282969896567
2026-05-09 18:03:00,16.209320928513666
2026-05-09 18:04:00,16.209357728083898
2026-05-09 18:05:00,16.209393403979483
2026-05-09 18:06:00,16.209427990516502
2026-05-09 18:07:00,16.20946152097209
2026-05-09 18:08:00,16.209494027597053
2026-05-09 18:09:00,16.20952554162121
2026-05-09 18:10:00,16.209556093381583
2026-05-09 18:11:00,16.209585712249304
2026-05-09 18:12:00,16.20961442672369
2026-05-09 18:13:00,16.209642264402863
2026-05-09 18:14:00,16.20966925206619
2026-05-09 18:15:00,16.209695415664825
2026-05-09 18:16:00,16.209720780363753
2026-05-09 18:17:00,16.209745370564846
2026-05-09 18:18:00,16.20976920991267
2026-05-09 18:19:00,16.209792321325768
2026-05-09 18:20:00,16.209814727042893
2026-05-09 18:21:00,16.20983644860886
2026-05-09 18:22:00,16.20985750691833
2026-05-09 18:23:00,16.20987792221412
2026-05-09 18:24:00,16.20989771413543
2026-05-09 18:25:00,16.209916901713523
2026-05-09 18:26:00,16.209935503406477
2026-05-09 18:27:00,16.209953537103882
2026-05-09 18:28:00,16.209971020147165
2026-05-09 18:29:00,16.20998796935105
2026-05-09 18:30:00,16.210004401017308
2026-05-09 18:31:00,16.210020330948417
2026-05-09 18:32:00,16.210035774464927
2026-05-09 18:33:00,16.21005074641688
2026-05-09 18:34:00,16.21006526120556
2026-05-09 18:35:00,16.210079332789423
2026-05-09 18:36:00,16.21009297470205
2026-05-09 18:37:00,16.210106200063848
2026-05-09 18:38:00,16.210119021594164
2026-05-09 18:39:00,16.210131451622505
2026-05-09 18:40:00,16.210143502104497
2026-05-09 18:41:00,16.210155184628896
2026-05-09 18:42:00,16.210166510431815
2026-05-09 18:43:00,16.21017749040481
2026-05-09 18:44:00,16.21018813510806
2026-05-09 18:45:00,16.210198454778723
2026-05-09 18:46:00,16.21020845934169
2026-05-09 18:47:00,16.21021815841905
2026-05-09 18:48:00,16.210227561338478
2026-05-09 18:49:00,16.21023667714265
2026-05-09 18:50:00,16.210245514599073
2026-05-09 18:51:00,16.21025408220684
2026-05-09 18:52:00,16.21026238820593
2026-05-09 18:53:00,16.210270440584008
2026-05-09 18:54:00,16.21027824708554
2026-05-09 18:55:00,16.21028581521813
2026-05-09 18:56:00,16.210293152260512
2026-05-09 18:57:00,16.21030026526896
2026-05-09 18:58:00,16.210307161084152
2026-05-09 18:59:00,16.210313846338043
2026-05-09 19:00:00,16.210320327460117
2026-05-09 19:01:00,16.210326610683452
2026-05-09 19:02:00,16.21033270205083
2026-05-09 19:03:00,16.21033860742038
2026-05-09 19:04:00,16.21034433247159
2026-05-09 19:05:00,16.21034988271037
2026-05-09 19:06:00,16.210355263474597
2026-05-09 19:07:00,16.21036047993914
2026-05-09 19:08:00,16.210365537120826
2026-05-09 19:09:00,16.210370439883253
2026-05-09 19:10:00,16.210375192941612
2026-05-09 19:11:00,16.210379800867035
2026-05-09 19:12:00,16.210384268091133
2026-05-09 19:13:00,16.21038859891014
2026-05-09 19:14:00,16.21039279748915
2026-05-09 19:15:00,16.21039686786606
2026-05-09 19:16:00,16.21040081395548
2026-05-09 19:17:00,16.210404639552507
2026-05-09 19:18:00,16.210408348336323
2026-05-09 19:19:00,16.21041194387375
2026-05-09 19:20:00,16.210415429622763
2026-05-09 19:21:00,16.210418808935692
2026-05-09 19:22:00,16.21042208506255
2026-05-09 19:23:00,16.210425261154057
2026-05-09 19:24:00,16.210428340264766
2026-05-09 19:25:00,16.21043132535595
2026-05-09 19:26:00,16.21043421929847
2026-05-09 19:27:00,16.210437024875517
2026-05-09 19:28:00,16.210439744785294
2026-05-09 19:29:00,16.21044238164362
2026-05-09 19:30:00,16.21044493798645
2026-05-09 19:31:00,16.210447416272288
2026-05-09 19:32:00,16.21044981888458
2026-05-09 19:33:00,16.21045214813399
2026-05-09 19:34:00,16.21045440626062
2026-05-09 19:35:00,16.210456595436185
2026-05-09 19:36:00,16.21045871776608
2026-05-09 19:37:00,16.210460775291413
2026-05-09 19:38:00,16.210462769990972
2026-05-09 19:39:00,16.210464703783114
2026-05-09 19:40:00,16.21046657852763
2026-05-09 19:41:00,16.210468396027508
2026-05-09 19:42:00,16.210470158030706
2026-05-09 19:43:00,16.21047186623178
2026-05-09 19:44:00,16.21047352227357
2026-05-09 19:45:00,16.210475127748737
2026-05-09 19:46:00,16.210476684201314
2026-05-09 19:47:00,16.210478193128186
2026-05-09 19:48:00,16.210479655980535
2026-05-09 19:49:00,16.21048107416523
2026-05-09 19:50:00,16.210482449046182
2026-05-09 19:51:00,16.210483781945655
2026-05-09 19:52:00,16.210485074145534
2026-05-09 19:53:00,16.21048632688857
2026-05-09 19:54:00,16.210487541379567
2026-05-09 19:55:00,16.21048871878653
2026-05-09 19:56:00,16.210489860241807
2026-05-09 19:57:00,16.21049096684317
2026-05-09 19:58:00,16.210492039654874
2026-05-09 19:59:00,16.210493079708673
2026-05-09 20:00:00,16.210494088004815
2026-05-09 20:01:00,16.21049506551301
2026-05-09 20:02:00,16.21049601317335
2026-05-09 20:03:00,16.210496931897243
2026-05-09 20:04:00,16.21049782256824
2026-05-09 20:05:00,16.21049868604293
2026-05-09 20:06:00,16.210499523151743
2026-05-09 20:07:00,16.21050033469975
2026-05-09 20:08:00,16.21050112146744
2026-05-09 20:09:00,16.21050188421147
2026-05-09 20:10:00,16.2105026236654
2026-05-09 20:11:00,16.210503340540377
2026-05-09 20:12:00,16.210504035525847
2026-05-09 20:13:00,16.21050470929019
2026-05-09 20:14:00,16.210505362481396
2026-05-09 20:15:00,16.210505995727647
2026-05-09 20:16:00,16.210506609637964
2026-05-09 20:17:00,16.210507204802756
2026-05-09 20:18:00,16.210507781794416
2026-05-09 20:19:00,16.21050834116785
2026-05-09 20:20:00,16.210508883461024
2026-05-09 20:21:00,16.21050940919548
2026-05-09 20:22:00,16.21050991887683
2026-05-09 20:23:00,16.21051041299525
2026-05-09 20:24:00,16.21051089202595
2026-05-09 20:25:00,16.210511356429627
2026-05-09 20:26:00,16.21051180665291
2026-05-09 20:27:00,16.210512243128793
2026-05-09 20:28:00,16.21051266627705
2026-05-09 20:29:00,16.210513076504633
2026-05-09 20:30:00,16.210513474206067
2026-05-09 20:31:00,16.21051385976384
2026-05-09 20:32:00,16.21051423354875
2026-05-09 20:33:00,16.210514595920277
2026-05-09 20:34:00,16.210514947226926
2026-05-09 20:35:00,16.210515287806555
2026-05-09 20:36:00,16.210515617986715
2026-05-09 20:37:00,16.210515938084946
2026-05-09 20:38:00,16.2105162484091
2026-05-09 20:39:00,16.21051654925762
2026-05-09 20:40:00,16.210516840919844
2026-05-09 20:41:00,16.21051712367627
2026-05-09 20:42:00,16.210517397798835
2026-05-09 20:43:00,16.21051766355117
2026-05-09 20:44:00,16.210517921188856
2026-05-09 20:45:00,16.210518170959674
2026-05-09 20:46:00,16.21051841310383
2026-05-09 20:47:00,16.210518647854208
2026-05-09 20:48:00,16.210518875436573
2026-05-09 20:49:00,16.210519096069792
2026-05-09 20:50:00,16.21051930996606
2026-05-09 20:51:00,16.210519517331086
2026-05-09 20:52:00,16.210519718364296
2026-05-09 20:53:00,16.210519913259034
2026-05-09 20:54:00,16.210520102202736
2026-05-09 20:55:00,16.21052028537711
2026-05-09 20:56:00,16.210520462958325
2026-05-09 20:57:00,16.210520635117163
2026-05-09 20:58:00,16.210520802019197
2026-05-09 20:59:00,16.210520963824937
2026-05-09 21:00:00,16.210521120690004
2026-05-09 21:01:00,16.21052127276525
2026-05-09 21:02:00,16.210521420196937
2026-05-09 21:03:00,16.210521563126854
2026-05-09 21:04:00,16.210521701692457
2026-05-09 21:05:00,16.210521836027013
2026-05-09 21:06:00,16.210521966259716
2026-05-09 21:07:00,16.21052209251581
2026-05-09 21:08:00,16.210522214916722
2026-05-09 21:09:00,16.210522333580165
2026-05-09 21:10:00,16.210522448620267
2026-05-09 21:11:00,16.210522560147663
2026-05-09 21:12:00,16.21052266826961
2026-05-09 21:13:00,16.210522773090098
2026-05-09 21:14:00,16.210522874709927
2026-05-09 21:15:00,16.210522973226833
2026-05-09 21:16:00,16.210523068735565
2026-05-09 21:17:00,16.210523161327973
2026-05-09 21:18:00,16.210523251093104
2026-05-09 21:19:00,16.210523338117294
2026-05-09 21:20:00,16.210523422484233
2026-05-09 21:21:00,16.210523504275056
2026-05-09 21:22:00,16.210523583568428
2026-05-09 21:23:00,16.210523660440607
2026-05-09 21:24:00,16.210523734965523
2026-05-09 21:25:00,16.210523807214848
2026-05-09 21:26:00,16.21052387725807
2026-05-09 21:27:00,16.210523945162542
2026-05-09 21:28:00,16.21052401099358
2026-05-09 21:29:00,16.210524074814494
2026-05-09 21:30:00,16.210524136686658
2026-05-09 21:31:00,16.21052419666958
2026-05-09 21:32:00,16.210524254820946
2026-05-09 21:33:00,16.210524311196682
2026-05-09 21:34:00,16.210524365851004
2026-05-09 21:35:00,16.210524418836478
2026-05-09 21:36:00,16.21052447020406
2026-05-09 21:37:00,16.210524520003155
2026-05-09 21:38:00,16.21052456828165
2026-05-09 21:39:00,16.21052461508598
2026-05-09 21:40:00,16.210524660461157
2026-05-09 21:41:00,16.21052470445082
2026-05-09 21:42:00,16.210524747097274
2026-05-09 21:43:00,16.21052478844154
2026-05-09 21:44:00,16.21052482852337
2026-05-09 21:45:00,16.210524867381316
2026-05-09 21:46:00,16.21052490505275
2026-05-09 21:47:00,16.2105249415739
2026-05-09 21:48:00,16.210524976979894
2026-05-09 21:49:00,16.210525011304775
2026-05-09 21:50:00,16.210525044581562
2026-05-09 21:51:00,16.210525076842252
2026-05-09 21:52:00,16.210525108117874
2026-05-09 21:53:00,16.21052513843851
2026-05-09 21:54:00,16.210525167833314
2026-05-09 21:55:00,16.210525196330558
2026-05-09 21:56:00,16.21052522395765
2026-05-09 21:57:00,16.21052525074116
2026-05-09 21:58:00,16.210525276706846
2026-05-09 21:59:00,16.210525301879677
2026-05-09 22:00:00,16.210525326283868
2026-05-09 22:01:00,16.210525349942884
2026-05-09 22:02:00,16.21052537287948
2026-05-09 22:03:00,16.21052539511572
2026-05-09 22:04:00,16.21052541667298
2026-05-09 22:05:00,16.210525437572
2026-05-09 22:06:00,16.210525457832876
2026-05-09 22:07:00,16.210525477475095
2026-05-09 22:08:00,16.210525496517544
2026-05-09 22:09:00,16.21052551497854
2026-05-09 22:10:00,16.210525532875835
2026-05-09 22:11:00,16.21052555022664
2026-05-09 22:12:00,16.21052556704765
2026-05-09 22:13:00,16.210525583355036
2026-05-09 22:14:00,16.21052559916448
2026-05-09 22:15:00,16.210525614491193
2026-05-09 22:16:00,16.210525629349906
2026-05-09 22:17:00,16.210525643754917
2026-05-09 22:18:00,16.210525657720073
2026-05-09 22:19:00,16.210525671258807
2026-05-09 22:20:00,16.210525684384145
2026-05-09 22:21:00,16.210525697108704
2026-05-09 22:22:00,16.210525709444724
2026-05-09 22:23:00,16.210525721404068
2026-05-09 22:24:00,16.21052573299824
2026-05-09 22:25:00,16.210525744238385
2026-05-09 22:26:00,16.21052575513532
2026-05-09 22:27:00,16.210525765699515
2026-05-09 22:28:00,16.210525775941143
2026-05-09 22:29:00,16.210525785870043
2026-05-09 22:30:00,16.210525795495766
2026-05-09 22:31:00,16.210525804827576
2026-05-09 22:32:00,16.21052581387444
2026-05-09 22:33:00,16.21052582264506
2026-05-09 22:34:00,16.210525831147876
2026-05-09 22:35:00,16.21052583939106
2026-05-09 22:36:00,16.21052584738254
2026-05-09 22:37:00,16.210525855130005
2026-05-09 22:38:00,16.210525862640903
2026-05-09 22:39:00,16.21052586992246
2026-05-09 22:40:00,16.210525876981677
2026-05-09 22:41:00,16.21052588382534
2026-05-09 22:42:00,16.21052589046004
2026-05-09 22:43:00,16.21052589689215
2026-05-09 22:44:00,16.210525903127856
2026-05-09 22:45:00,16.210525909173157
2026-05-09 22:46:00,16.21052591503387
2026-05-09 22:47:00,16.210525920715625
2026-05-09 22:48:00,16.21052592622389
2026-05-09 22:49:00,16.210525931563964
2026-05-09 22:50:00,16.210525936740982
2026-05-09 22:51:00,16.21052594175992
2026-05-09 22:52:00,16.210525946625605
2026-05-09 22:53:00,16.21052595134272
2026-05-09 22:54:00,16.2105259559158
2026-05-09 22:55:00,16.21052596034924
2026-05-09 22:56:00,16.21052596464731
2026-05-09 22:57:00,16.21052596881414
2026-05-09 22:58:00,16.210525972853738
2026-05-09 22:59:00,16.210525976769986
2026-05-09 23:00:00,16.21052598056665
2026-05-09 23:01:00,16.21052598424739
2026-05-09 23:02:00,16.210525987815736
2026-05-09 23:03:00,16.210525991275127
2026-05-09 23:04:00,16.210525994628885
2026-05-09 23:05:00,16.21052599788024
2026-05-09 23:06:00,16.210526001032314
2026-05-09 23:07:00,16.210526004088138
2026-05-09 23:08:00,16.210526007050657
2026-05-09 23:09:00,16.210526009922713
2026-05-09 23:10:00,16.210526012707074
2026-05-09 23:11:00,16.210526015406415
2026-05-09 23:12:00,16.210526018023337
2026-05-09 23:13:00,16.210526020560348
2026-05-09 23:14:00,16.21052602301989
2026-05-09 23:15:00,16.210526025404338
2026-05-09 23:16:00,16.21052602771597
2026-05-09 23:17:00,16.210526029957023
2026-05-09 23:18:00,16.210526032129643
2026-05-09 23:19:00,16.210526034235926
2026-05-09 23:20:00,16.21052603627789
2026-05-09 23:21:00,16.21052603825751
2026-05-09 23:22:00,16.210526040176678
2026-05-09 23:23:00,16.210526042037245
2026-05-09 23:24:00,16.210526043841
2026-05-09 23:25:00,16.21052604558968
2026-05-09 23:26:00,16.210526047284965
2026-05-09 23:27:00,16.210526048928482
2026-05-09 23:28:00,16.210526050521818
2026-05-09 23:29:00,16.210526052066502
2026-05-09 23:30:00,16.210526053564017
2026-05-09 23:31:00,16.21052605501581
2026-05-09 23:32:00,16.21052605642327
2026-05-09 23:33:00,16.210526057787753
2026-05-09 23:34:00,16.210526059110574
2026-05-09 23:35:00,16.210526060393
2026-05-09 23:36:00,16.210526061636273
2026-05-09 23:37:00,16.210526062841577
2026-05-09 23:38:00,16.210526064010082
2026-05-09 23:39:00,16.210526065142908
2026-05-09 23:40:00,16.21052606624114
2026-05-09 23:41:00,16.21052606730584
2026-05-09 23:42:00,16.210526068338027
2026-05-09 23:43:00,16.210526069338698
2026-05-09 23:44:00,16.210526070308816
2026-05-09 23:45:00,16.210526071249312
2026-05-09 23:46:00,16.210526072161088
2026-05-09 23:47:00,16.210526073045024
2026-05-09 23:48:00,16.210526073901967
2026-05-09 23:49:00,16.210526074732748
2026-05-09 23:50:00,16.21052607553816
2026-05-09 23:51:00,16.210526076318978
2026-05-09 23:52:00,16.210526077075954
2026-05-09 23:53:00,16.210526077809817
2026-05-09 23:54:00,16.21052607852127
2026-05-09 23:55:00,16.210526079211
2026-05-09 23:56:00,16.21052607987967
2026-05-09 23:57:00,16.21052608052792
2026-05-09 23:58:00,16.210526081156377
2026-05-09 23:59:00,16.210526081765646
2026-05-10 00:00:00,16.21052608235631
2026-05-10 00:01:00,16.21052608292894
2026-05-10 00:02:00,16.210526083484083
2026-05-10 00:03:00,16.210526084022277
2026-05-10 00:04:00,16.210526084544036
2026-05-10 00:05:00,16.210526085049864
2026-05-10 00:06:00,16.210526085540245
2026-05-10 00:07:00,16.21052608601565
2026-05-10 00:08:00,16.210526086476545
2026-05-10 00:09:00,16.210526086923362
2026-05-10 00:10:00,16.210526087356538
2026-05-10 00:11:00,16.210526087776486
2026-05-10 00:12:00,16.210526088183613
2026-05-10 00:13:00,16.210526088578305
2026-05-10 00:14:00,16.21052608896095
2026-05-10 00:15:00,16.210526089331907
2026-05-10 00:16:00,16.210526089691538
2026-05-10 00:17:00,16.21052609004019
2026-05-10 00:18:00,16.210526090378192
2026-05-10 00:19:00,16.210526090705876
2026-05-10 00:20:00,16.210526091023553
2026-05-10 00:21:00,16.21052609133153
2026-05-10 00:22:00,16.210526091630104
2026-05-10 00:23:00,16.21052609191956
2026-05-10 00:24:00,16.21052609220018
2026-05-10 00:25:00,16.21052609247223
2026-05-10 00:26:00,16.21052609273597
2026-05-10 00:27:00,16.210526092991664
2026-05-10 00:28:00,16.210526093239544
2026-05-10 00:29:00,16.210526093479857
2026-05-10 00:30:00,16.210526093712833
2026-05-10 00:31:00,16.210526093938693
2026-05-10 00:32:00,16.210526094157657
2026-05-10 00:33:00,16.21052609436994
2026-05-10 00:34:00,16.210526094575734
2026-05-10 00:35:00,16.210526094775247
2026-05-10 00:36:00,16.21052609496867
2026-05-10 00:37:00,16.210526095156183
2026-05-10 00:38:00,16.210526095337972
2026-05-10 00:39:00,16.21052609551421
2026-05-10 00:40:00,16.21052609568507
2026-05-10 00:41:00,16.21052609585071
2026-05-10 00:42:00,16.210526096011293
2026-05-10 00:43:00,16.21052609616697
2026-05-10 00:44:00,16.210526096317896
2026-05-10 00:45:00,16.210526096464214
2026-05-10 00:46:00,16.21052609660606
2026-05-10 00:47:00,16.21052609674358
2026-05-10 00:48:00,16.210526096876897
2026-05-10 00:49:00,16.210526097006145
2026-05-10 00:50:00,16.210526097131446
2026-05-10 00:51:00,16.210526097252924
2026-05-10 00:52:00,16.21052609737069
2026-05-10 00:53:00,16.21052609748486
2026-05-10 00:54:00,16.210526097595544
2026-05-10 00:55:00,16.210526097702846
2026-05-10 00:56:00,16.210526097806873
2026-05-10 00:57:00,16.210526097907728
2026-05-10 00:58:00,16.2105260980055
2026-05-10 00:59:00,16.210526098100285
2026-05-10 01:00:00,16.210526098192176
2026-05-10 01:01:00,16.210526098281264
2026-05-10 01:02:00,16.21052609836763
2026-05-10 01:03:00,16.21052609845136
2026-05-10 01:04:00,16.21052609853253
2026-05-10 01:05:00,16.210526098611226
2026-05-10 01:06:00,16.210526098687517
2026-05-10 01:07:00,16.210526098761477
2026-05-10 01:08:00,16.21052609883318
2026-05-10 01:09:00,16.210526098902694
2026-05-10 01:10:00,16.210526098970085
2026-05-10 01:11:00,16.21052609903542
2026-05-10 01:12:00,16.210526099098757
2026-05-10 01:13:00,16.210526099160163
2026-05-10 01:14:00,16.210526099219692
2026-05-10 01:15:00,16.210526099277402
2026-05-10 01:16:00,16.21052609933335
2026-05-10 01:17:00,16.210526099387593
2026-05-10 01:18:00,16.210526099440177
2026-05-10 01:19:00,16.210526099491155
2026-05-10 01:20:00,16.21052609954058
2026-05-10 01:21:00,16.210526099588492
2026-05-10 01:22:00,16.210526099634944
2026-05-10 01:23:00,16.210526099679974
2026-05-10 01:24:00,16.21052609972363
2026-05-10 01:25:00,16.210526099765957
2026-05-10 01:26:00,16.210526099806987
2026-05-10 01:27:00,16.210526099846767
2026-05-10 01:28:00,16.21052609988533
2026-05-10 01:29:00,16.210526099922717
2026-05-10 01:30:00,16.21052609995896
2026-05-10 01:31:00,16.2105260999941
2026-05-10 01:32:00,16.210526100028165
2026-05-10 01:33:00,16.21052610006119
2026-05-10 01:34:00,16.210526100093208
2026-05-10 01:35:00,16.210526100124245
2026-05-10 01:36:00,16.210526100154336
2026-05-10 01:37:00,16.21052610018351
2026-05-10 01:38:00,16.21052610021179
2026-05-10 01:39:00,16.21052610023921
2026-05-10 01:40:00,16.210526100265792
2026-05-10 01:41:00,16.21052610029156
2026-05-10 01:42:00,16.210526100316542
2026-05-10 01:43:00,16.21052610034076
2026-05-10 01:44:00,16.210526100364245
2026-05-10 01:45:00,16.210526100387007
2026-05-10 01:46:00,16.210526100409073
2026-05-10 01:47:00,16.210526100430467
2026-05-10 01:48:00,16.210526100451208
2026-05-10 01:49:00,16.210526100471316
2026-05-10 01:50:00,16.21052610049081
2026-05-10 01:51:00,16.210526100509707
2026-05-10 01:52:00,16.210526100528032
2026-05-10 01:53:00,16.210526100545792
2026-05-10 01:54:00,16.210526100563012
2026-05-10 01:55:00,16.210526100579706
2026-05-10 01:56:00,16.21052610059589
2026-05-10 01:57:00,16.21052610061158
2026-05-10 01:58:00,16.21052610062679
2026-05-10 01:59:00,16.210526100641538
2026-05-10 02:00:00,16.210526100655834
2026-05-10 02:01:00,16.210526100669693
2026-05-10 02:02:00,16.21052610068313
2026-05-10 02:03:00,16.210526100696153
2026-05-10 02:04:00,16.210526100708783
2026-05-10 02:05:00,16.210526100721026
2026-05-10 02:06:00,16.210526100732896
2026-05-10 02:07:00,16.210526100744403
2026-05-10 02:08:00,16.21052610075556
2026-05-10 02:09:00,16.210526100766373
2026-05-10 02:10:00,16.210526100776857
2026-05-10 02:11:00,16.21052610078702
2026-05-10 02:12:00,16.210526100796873
2026-05-10 02:13:00,16.210526100806426
2026-05-10 02:14:00,16.210526100815688
2026-05-10 02:15:00,16.210526100824666
2026-05-10 02:16:00,16.21052610083337
2026-05-10 02:17:00,16.210526100841808
2026-05-10 02:18:00,16.21052610084999
2026-05-10 02:19:00,16.210526100857923
2026-05-10 02:20:00,16.21052610086561
2026-05-10 02:21:00,16.210526100873064
2026-05-10 02:22:00,16.21052610088029
2026-05-10 02:23:00,16.210526100887297
2026-05-10 02:24:00,16.21052610089409
2026-05-10 02:25:00,16.210526100900672
2026-05-10 02:26:00,16.210526100907057
2026-05-10 02:27:00,16.210526100913246
2026-05-10 02:28:00,16.210526100919246
2026-05-10 02:29:00,16.210526100925062
2026-05-10 02:30:00,16.2105261009307
2026-05-10 02:31:00,16.210526100936168
2026-05-10 02:32:00,16.210526100941465
2026-05-10 02:33:00,16.210526100946602
2026-05-10 02:34:00,16.210526100951583
2026-05-10 02:35:00,16.210526100956415
2026-05-10 02:36:00,16.210526100961097
2026-05-10 02:37:00,16.210526100965634
2026-05-10 02:38:00,16.210526100970032
2026-05-10 02:39:00,16.2105261009743
2026-05-10 02:40:00,16.210526100978434
2026-05-10 02:41:00,16.21052610098244
2026-05-10 02:42:00,16.21052610098633
2026-05-10 02:43:00,16.210526100990098
2026-05-10 02:44:00,16.21052610099375
2026-05-10 02:45:00,16.210526100997292
2026-05-10 02:46:00,16.210526101000724
2026-05-10 02:47:00,16.210526101004053
2026-05-10 02:48:00,16.210526101007282
2026-05-10 02:49:00,16.21052610101041
2026-05-10 02:50:00,16.210526101013443
2026-05-10 02:51:00,16.21052610101638
2026-05-10 02:52:00,16.210526101019234
2026-05-10 02:53:00,16.210526101021994
2026-05-10 02:54:00,16.210526101024673
2026-05-10 02:55:00,16.21052610102727
2026-05-10 02:56:00,16.21052610102979
2026-05-10 02:57:00,16.21052610103223
2026-05-10 02:58:00,16.210526101034596
2026-05-10 02:59:00,16.21052610103689
2026-05-10 03:00:00,16.210526101039115
2026-05-10 03:01:00,16.21052610104127
2026-05-10 03:02:00,16.21052610104336
2026-05-10 03:03:00,16.21052610104539
2026-05-10 03:04:00,16.210526101047353
2026-05-10 03:05:00,16.210526101049258
2026-05-10 03:06:00,16.210526101051105
2026-05-10 03:07:00,16.210526101052892
2026-05-10 03:08:00,16.21052610105463
2026-05-10 03:09:00,16.210526101056313
2026-05-10 03:10:00,16.210526101057944
2026-05-10 03:11:00,16.210526101059525
2026-05-10 03:12:00,16.210526101061056
2026-05-10 03:13:00,16.21052610106254
2026-05-10 03:14:00,16.210526101063984
2026-05-10 03:15:00,16.21052610106538
2026-05-10 03:16:00,16.210526101066733
2026-05-10 03:17:00,16.210526101068048
2026-05-10 03:18:00,16.21052610106932
2026-05-10 03:19:00,16.210526101070553
2026-05-10 03:20:00,16.21052610107175
2026-05-10 03:21:00,16.21052610107291
2026-05-10 03:22:00,16.210526101074034
2026-05-10 03:23:00,16.210526101075125
2026-05-10 03:24:00,16.21052610107618
2026-05-10 03:25:00,16.210526101077207
2026-05-10 03:26:00,16.210526101078198
2026-05-10 03:27:00,16.21052610107916
2026-05-10 03:28:00,16.210526101080095
2026-05-10 03:29:00,16.210526101081
2026-05-10 03:30:00,16.210526101081875
2026-05-10 03:31:00,16.210526101082728
2026-05-10 03:32:00,16.210526101083552
2026-05-10 03:33:00,16.21052610108435
2026-05-10 03:34:00,16.210526101085126
2026-05-10 03:35:00,16.210526101085875
2026-05-10 03:36:00,16.210526101086604
2026-05-10 03:37:00,16.21052610108731
2026-05-10 03:38:00,16.210526101087996
2026-05-10 03:39:00,16.21052610108866
2026-05-10 03:40:00,16.210526101089304
2026-05-10 03:41:00,16.210526101089926
2026-05-10 03:42:00,16.210526101090533
2026-05-10 03:43:00,16.21052610109112
2026-05-10 03:44:00,16.210526101091688
2026-05-10 03:45:00,16.21052610109224
2026-05-10 03:46:00,16.21052610109277
2026-05-10 03:47:00,16.21052610109329
2026-05-10 03:48:00,16.21052610109379
2026-05-10 03:49:00,16.210526101094278
2026-05-10 03:50:00,16.21052610109475
2026-05-10 03:51:00,16.210526101095205
2026-05-10 03:52:00,16.21052610109565
2026-05-10 03:53:00,16.21052610109608
2026-05-10 03:54:00,16.210526101096498
2026-05-10 03:55:00,16.2105261010969
2026-05-10 03:56:00,16.210526101097294
2026-05-10 03:57:00,16.210526101097674
2026-05-10 03:58:00,16.21052610109804
2026-05-10 03:59:00,16.2105261010984
2026-05-10 04:00:00,16.210526101098743
2026-05-10 04:01:00,16.210526101099077
2026-05-10 04:02:00,16.210526101099404
2026-05-10 04:03:00,16.21052610109972
2026-05-10 04:04:00,16.210526101100026
2026-05-10 04:05:00,16.21052610110032
2026-05-10 04:06:00,16.21052610110061
2026-05-10 04:07:00,16.210526101100886
2026-05-10 04:08:00,16.210526101101156
2026-05-10 04:09:00,16.21052610110142
2026-05-10 04:10:00,16.210526101101674
2026-05-10 04:11:00,16.21052610110192
2026-05-10 04:12:00,16.210526101102158
2026-05-10 04:13:00,16.21052610110239
2026-05-10 04:14:00,16.210526101102612
2026-05-10 04:15:00,16.21052610110283
2026-05-10 04:16:00,16.210526101103042
2026-05-10 04:17:00,16.210526101103245
2026-05-10 04:18:00,16.210526101103444
2026-05-10 04:19:00,16.210526101103635
2026-05-10 04:20:00,16.21052610110382
2026-05-10 04:21:00,16.210526101104
2026-05-10 04:22:00,16.210526101104175
2026-05-10 04:23:00,16.210526101104346
2026-05-10 04:24:00,16.21052610110451
2026-05-10 04:25:00,16.21052610110467
2026-05-10 04:26:00,16.210526101104822
2026-05-10 04:27:00,16.210526101104975
2026-05-10 04:28:00,16.21052610110512
2026-05-10 04:29:00,16.21052610110526
2026-05-10 04:30:00,16.210526101105398
2026-05-10 04:31:00,16.21052610110553
2026-05-10 04:32:00,16.210526101105657
2026-05-10 04:33:00,16.21052610110578
2026-05-10 04:34:00,16.210526101105902
2026-05-10 04:35:00,16.21052610110602
2026-05-10 04:36:00,16.210526101106133
2026-05-10 04:37:00,16.210526101106243
2026-05-10 04:38:00,16.210526101106346
2026-05-10 04:39:00,16.210526101106453
2026-05-10 04:40:00,16.210526101106552
2026-05-10 04:41:00,16.210526101106648
2026-05-10 04:42:00,16.210526101106744
2026-05-10 04:43:00,16.210526101106833
2026-05-10 04:44:00,16.21052610110692
2026-05-10 04:45:00,16.210526101107007
2026-05-10 04:46:00,16.210526101107092
2026-05-10 04:47:00,16.21052610110717
2026-05-10 04:48:00,16.21052610110725
2026-05-10 04:49:00,16.210526101107327
2026-05-10 04:50:00,16.210526101107398
2026-05-10 04:51:00,16.21052610110747
2026-05-10 04:52:00,16.21052610110754
2026-05-10 04:53:00,16.210526101107607
2026-05-10 04:54:00,16.21052610110767
2026-05-10 04:55:00,16.210526101107735
2026-05-10 04:56:00,16.210526101107796
2026-05-10 04:57:00,16.210526101107853
2026-05-10 04:58:00,16.21052610110791
2026-05-10 04:59:00,16.210526101107966
2026-05-10 05:00:00,16.21052610110802
2026-05-10 05:01:00,16.210526101108073
2026-05-10 05:02:00,16.210526101108123
2026-05-10 05:03:00,16.210526101108172
2026-05-10 05:04:00,16.21052610110822
2026-05-10 05:05:00,16.210526101108265
2026-05-10 05:06:00,16.21052610110831
2026-05-10 05:07:00,16.210526101108353
2026-05-10 05:08:00,16.210526101108396
2026-05-10 05:09:00,16.210526101108435
2026-05-10 05:10:00,16.210526101108474
2026-05-10 05:11:00,16.210526101108513
2026-05-10 05:12:00,16.210526101108552
2026-05-10 05:13:00,16.210526101108588
2026-05-10 05:14:00,16.210526101108623
2026-05-10 05:15:00,16.210526101108655
2026-05-10 05:16:00,16.210526101108687
2026-05-10 05:17:00,16.21052610110872
2026-05-10 05:18:00,16.21052610110875
2026-05-10 05:19:00,16.21052610110878
2026-05-10 05:20:00,16.21052610110881
2026-05-10 05:21:00,16.210526101108837
2026-05-10 05:22:00,16.210526101108865
2026-05-10 05:23:00,16.210526101108893
2026-05-10 05:24:00,16.21052610110892
2026-05-10 05:25:00,16.210526101108943
2026-05-10 05:26:00,16.210526101108965
2026-05-10 05:27:00,16.21052610110899
2026-05-10 05:28:00,16.21052610110901
2026-05-10 05:29:00,16.210526101109036
2026-05-10 05:30:00,16.210526101109057
2026-05-10 05:31:00,16.210526101109075
2026-05-10 05:32:00,16.210526101109096
2026-05-10 05:33:00,16.210526101109114
2026-05-10 05:34:00,16.210526101109135
2026-05-10 05:35:00,16.210526101109153
2026-05-10 05:36:00,16.21052610110917
2026-05-10 05:37:00,16.210526101109185
2026-05-10 05:38:00,16.210526101109203
2026-05-10 05:39:00,16.21052610110922
2026-05-10 05:40:00,16.210526101109235
2026-05-10 05:41:00,16.21052610110925
2026-05-10 05:42:00,16.210526101109267
2026-05-10 05:43:00,16.210526101109277
2026-05-10 05:44:00,16.21052610110929
2026-05-10 05:45:00,16.210526101109306
2026-05-10 05:46:00,16.21052610110932
2026-05-10 05:47:00,16.21052610110933
2026-05-10 05:48:00,16.210526101109345
2026-05-10 05:49:00,16.210526101109355
2026-05-10 05:50:00,16.210526101109366
2026-05-10 05:51:00,16.210526101109377
2026-05-10 05:52:00,16.210526101109387
2026-05-10 05:53:00,16.210526101109398
2026-05-10 05:54:00,16.21052610110941
2026-05-10 05:55:00,16.21052610110942
2026-05-10 05:56:00,16.21052610110943
2026-05-10 05:57:00,16.210526101109437
2026-05-10 05:58:00,16.210526101109448
2026-05-10 05:59:00,16.210526101109455
2026-05-10 06:00:00,16.210526101109462
2026-05-10 06:01:00,16.210526101109473
2026-05-10 06:02:00,16.21052610110948
2026-05-10 06:03:00,16.210526101109487
2026-05-10 06:04:00,16.210526101109494
2026-05-10 06:05:00,16.2105261011095
2026-05-10 06:06:00,16.210526101109508
2026-05-10 06:07:00,16.210526101109515
2026-05-10 06:08:00,16.210526101109522
2026-05-10 06:09:00,16.21052610110953
2026-05-10 06:10:00,16.210526101109533
2026-05-10 06:11:00,16.21052610110954
2026-05-10 06:12:00,16.210526101109547
2026-05-10 06:13:00,16.21052610110955
2026-05-10 06:14:00,16.210526101109558
2026-05-10 06:15:00,16.21052610110956
2026-05-10 06:16:00,16.21052610110957
2026-05-10 06:17:00,16.210526101109572
2026-05-10 06:18:00,16.21052610110958
2026-05-10 06:19:00,16.210526101109583
2026-05-10 06:20:00,16.210526101109586
2026-05-10 06:21:00,16.21052610110959
2026-05-10 06:22:00,16.210526101109593
2026-05-10 06:23:00,16.2105261011096
2026-05-10 06:24:00,16.210526101109604
2026-05-10 06:25:00,16.210526101109608
2026-05-10 06:26:00,16.21052610110961
2026-05-10 06:27:00,16.210526101109615
2026-05-10 06:28:00,16.21052610110962
2026-05-10 06:29:00,16.210526101109622
2026-05-10 06:30:00,16.210526101109625
2026-05-10 06:31:00,16.21052610110963
2026-05-10 06:32:00,16.210526101109632
2026-05-10 06:33:00,16.210526101109632
2026-05-10 06:34:00,16.210526101109636
2026-05-10 06:35:00,16.21052610110964
2026-05-10 06:36:00,16.210526101109643
2026-05-10 06:37:00,16.210526101109647
2026-05-10 06:38:00,16.210526101109647
2026-05-10 06:39:00,16.21052610110965
2026-05-10 06:40:00,16.210526101109654
2026-05-10 06:41:00,16.210526101109654
2026-05-10 06:42:00,16.210526101109657
2026-05-10 06:43:00,16.21052610110966
2026-05-10 06:44:00,16.21052610110966
2026-05-10 06:45:00,16.210526101109664
2026-05-10 06:46:00,16.210526101109664
2026-05-10 06:47:00,16.210526101109668
2026-05-10 06:48:00,16.210526101109668
2026-05-10 06:49:00,16.21052610110967
2026-05-10 06:50:00,16.21052610110967
2026-05-10 06:51:00,16.210526101109675
2026-05-10 06:52:00,16.210526101109675
2026-05-10 06:53:00,16.21052610110968
2026-05-10 06:54:00,16.21052610110968
2026-05-10 06:55:00,16.210526101109682
2026-05-10 06:56:00,16.210526101109682
2026-05-10 06:57:00,16.210526101109686
2026-05-10 06:58:00,16.210526101109686
2026-05-10 06:59:00,16.210526101109686
2026-05-10 07:00:00,16.21052610110969
2026-05-10 07:01:00,16.21052610110969
2026-05-10 07:02:00,16.21052610110969
2026-05-10 07:03:00,16.210526101109693
2026-05-10 07:04:00,16.210526101109693
2026-05-10 07:05:00,16.210526101109693
2026-05-10 07:06:00,16.210526101109696
2026-05-10 07:07:00,16.210526101109696
2026-05-10 07:08:00,16.210526101109696
2026-05-10 07:09:00,16.2105261011097
2026-05-10 07:10:00,16.2105261011097
2026-05-10 07:11:00,16.2105261011097
2026-05-10 07:12:00,16.2105261011097
2026-05-10 07:13:00,16.210526101109703
2026-05-10 07:14:00,16.210526101109703
2026-05-10 07:15:00,16.210526101109703
2026-05-10 07:16:00,16.210526101109703
2026-05-10 07:17:00,16.210526101109703
2026-05-10 07:18:00,16.210526101109707
2026-05-10 07:19:00,16.210526101109707
2026-05-10 07:20:00,16.210526101109707
2026-05-10 07:21:00,16.210526101109707
2026-05-10 07:22:00,16.210526101109707
2026-05-10 07:23:00,16.21052610110971
2026-05-10 07:24:00,16.21052610110971
2026-05-10 07:25:00,16.21052610110971
2026-05-10 07:26:00,16.21052610110971
2026-05-10 07:27:00,16.21052610110971
2026-05-10 07:28:00,16.21052610110971
2026-05-10 07:29:00,16.210526101109714
2026-05-10 07:30:00,16.210526101109714
2026-05-10 07:31:00,16.210526101109714
2026-05-10 07:32:00,16.210526101109714
2026-05-10 07:33:00,16.210526101109714
2026-05-10 07:34:00,16.210526101109714
2026-05-10 07:35:00,16.210526101109714
2026-05-10 07:36:00,16.210526101109714
2026-05-10 07:37:00,16.210526101109714
2026-05-10 07:38:00,16.210526101109714
2026-05-10 07:39:00,16.210526101109718
2026-05-10 07:40:00,16.210526101109718
2026-05-10 07:41:00,16.210526101109718
2026-05-10 07:42:00,16.210526101109718
2026-05-10 07:43:00,16.210526101109718
2026-05-10 07:44:00,16.210526101109718
2026-05-10 07:45:00,16.210526101109718
2026-05-10 07:46:00,16.210526101109718
2026-05-10 07:47:00,16.21052610110972
2026-05-10 07:48:00,16.21052610110972
2026-05-10 07:49:00,16.21052610110972
2026-05-10 07:50:00,16.21052610110972
2026-05-10 07:51:00,16.21052610110972
2026-05-10 07:52:00,16.21052610110972
2026-05-10 07:53:00,16.21052610110972
2026-05-10 07:54:00,16.21052610110972
2026-05-10 07:55:00,16.21052610110972
2026-05-10 07:56:00,16.21052610110972
2026-05-10 07:57:00,16.21052610110972
2026-05-10 07:58:00,16.21052610110972
2026-05-10 07:59:00,16.21052610110972
2026-05-10 08:00:00,16.21052610110972
2026-05-10 08:01:00,16.21052610110972
2026-05-10 08:02:00,16.21052610110972
2026-05-10 08:03:00,16.210526101109725
2026-05-10 08:04:00,16.210526101109725
2026-05-10 08:05:00,16.210526101109725
2026-05-10 08:06:00,16.210526101109725
2026-05-10 08:07:00,16.210526101109725
2026-05-10 08:08:00,16.210526101109725
2026-05-10 08:09:00,16.210526101109725
2026-05-10 08:10:00,16.210526101109725
2026-05-10 08:11:00,16.210526101109725
2026-05-10 08:12:00,16.210526101109725
2026-05-10 08:13:00,16.210526101109725
2026-05-10 08:14:00,16.210526101109725
2026-05-10 08:15:00,16.210526101109725
2026-05-10 08:16:00,16.210526101109725
2026-05-10 08:17:00,16.210526101109725
2026-05-10 08:18:00,16.210526101109725
2026-05-10 08:19:00,16.210526101109725
2026-05-10 08:20:00,16.210526101109725
2026-05-10 08:21:00,16.210526101109725
2026-05-10 08:22:00,16.210526101109725
2026-05-10 08:23:00,16.210526101109725
2026-05-10 08:24:00,16.210526101109725
2026-05-10 08:25:00,16.210526101109725
2026-05-10 08:26:00,16.210526101109725
2026-05-10 08:27:00,16.210526101109725
2026-05-10 08:28:00,16.210526101109725
2026-05-10 08:29:00,16.210526101109725
2026-05-10 08:30:00,16.210526101109725
2026-05-10 08:31:00,16.210526101109725
2026-05-10 08:32:00,16.210526101109725
2026-05-10 08:33:00,16.210526101109725
2026-05-10 08:34:00,16.210526101109725
2026-05-10 08:35:00,16.210526101109725
2026-05-10 08:36:00,16.210526101109725
2026-05-10 08:37:00,16.210526101109725
2026-05-10 08:38:00,16.210526101109725
2026-05-10 08:39:00,16.210526101109725
2026-05-10 08:40:00,16.210526101109725
2026-05-10 08:41:00,16.210526101109725
2026-05-10 08:42:00,16.210526101109725
2026-05-10 08:43:00,16.210526101109725
2026-05-10 08:44:00,16.210526101109725
2026-05-10 08:45:00,16.210526101109725
2026-05-10 08:46:00,16.210526101109725
2026-05-10 08:47:00,16.21052610110973
2026-05-10 08:48:00,16.21052610110973
2026-05-10 08:49:00,16.21052610110973
2026-05-10 08:50:00,16.21052610110973
2026-05-10 08:51:00,16.21052610110973
2026-05-10 08:52:00,16.21052610110973
2026-05-10 08:53:00,16.21052610110973
2026-05-10 08:54:00,16.21052610110973
2026-05-10 08:55:00,16.21052610110973
2026-05-10 08:56:00,16.21052610110973
2026-05-10 08:57:00,16.21052610110973
2026-05-10 08:58:00,16.21052610110973
2026-05-10 08:59:00,16.21052610110973
2026-05-10 09:00:00,16.21052610110973
2026-05-10 09:01:00,16.21052610110973
2026-05-10 09:02:00,16.21052610110973
2026-05-10 09:03:00,16.21052610110973
2026-05-10 09:04:00,16.21052610110973
2026-05-10 09:05:00,16.21052610110973
2026-05-10 09:06:00,16.21052610110973
2026-05-10 09:07:00,16.21052610110973
2026-05-10 09:08:00,16.21052610110973
2026-05-10 09:09:00,16.21052610110973
2026-05-10 09:10:00,16.21052610110973
2026-05-10 09:11:00,16.21052610110973
2026-05-10 09:12:00,16.21052610110973
2026-05-10 09:13:00,16.21052610110973
2026-05-10 09:14:00,16.21052610110973
2026-05-10 09:15:00,16.21052610110973
2026-05-10 09:16:00,16.21052610110973
2026-05-10 09:17:00,16.21052610110973
2026-05-10 09:18:00,16.21052610110973
2026-05-10 09:19:00,16.21052610110973
2026-05-10 09:20:00,16.21052610110973
2026-05-10 09:21:00,16.21052610110973
2026-05-10 09:22:00,16.21052610110973
2026-05-10 09:23:00,16.21052610110973
2026-05-10 09:24:00,16.21052610110973
2026-05-10 09:25:00,16.21052610110973
2026-05-10 09:26:00,16.21052610110973
2026-05-10 09:27:00,16.21052610110973
2026-05-10 09:28:00,16.21052610110973
2026-05-10 09:29:00,16.21052610110973
2026-05-10 09:30:00,16.21052610110973
2026-05-10 09:31:00,16.21052610110973
2026-05-10 09:32:00,16.21052610110973
2026-05-10 09:33:00,16.21052610110973
2026-05-10 09:34:00,16.21052610110973
2026-05-10 09:35:00,16.21052610110973
2026-05-10 09:36:00,16.21052610110973
2026-05-10 09:37:00,16.21052610110973
2026-05-10 09:38:00,16.21052610110973
2026-05-10 09:39:00,16.21052610110973
2026-05-10 09:40:00,16.21052610110973
2026-05-10 09:41:00,16.21052610110973
2026-05-10 09:42:00,16.21052610110973
2026-05-10 09:43:00,16.21052610110973
2026-05-10 09:44:00,16.21052610110973
2026-05-10 09:45:00,16.21052610110973
2026-05-10 09:46:00,16.21052610110973
2026-05-10 09:47:00,16.21052610110973
2026-05-10 09:48:00,16.21052610110973
2026-05-10 09:49:00,16.21052610110973
2026-05-10 09:50:00,16.21052610110973
2026-05-10 09:51:00,16.21052610110973
2026-05-10 09:52:00,16.21052610110973
2026-05-10 09:53:00,16.21052610110973
2026-05-10 09:54:00,16.21052610110973
2026-05-10 09:55:00,16.21052610110973
2026-05-10 09:56:00,16.21052610110973
2026-05-10 09:57:00,16.21052610110973
2026-05-10 09:58:00,16.21052610110973
2026-05-10 09:59:00,16.21052610110973
2026-05-10 10:00:00,16.21052610110973
2026-05-10 10:01:00,16.21052610110973
2026-05-10 10:02:00,16.21052610110973
2026-05-10 10:03:00,16.21052610110973
2026-05-10 10:04:00,16.21052610110973
2026-05-10 10:05:00,16.21052610110973
2026-05-10 10:06:00,16.21052610110973
2026-05-10 10:07:00,16.21052610110973
2026-05-10 10:08:00,16.21052610110973
2026-05-10 10:09:00,16.21052610110973
2026-05-10 10:10:00,16.21052610110973
2026-05-10 10:11:00,16.21052610110973
2026-05-10 10:12:00,16.21052610110973
2026-05-10 10:13:00,16.21052610110973
2026-05-10 10:14:00,16.21052610110973
2026-05-10 10:15:00,16.21052610110973
2026-05-10 10:16:00,16.21052610110973
2026-05-10 10:17:00,16.21052610110973
2026-05-10 10:18:00,16.21052610110973
2026-05-10 10:19:00,16.21052610110973
2026-05-10 10:20:00,16.21052610110973
2026-05-10 10:21:00,16.21052610110973
2026-05-10 10:22:00,16.21052610110973
2026-05-10 10:23:00,16.21052610110973
2026-05-10 10:24:00,16.21052610110973
2026-05-10 10:25:00,16.21052610110973
2026-05-10 10:26:00,16.21052610110973
2026-05-10 10:27:00,16.21052610110973
2026-05-10 10:28:00,16.21052610110973
2026-05-10 10:29:00,16.21052610110973
2026-05-10 10:30:00,16.21052610110973
2026-05-10 10:31:00,16.21052610110973
2026-05-10 10:32:00,16.21052610110973
2026-05-10 10:33:00,16.21052610110973
2026-05-10 10:34:00,16.21052610110973
2026-05-10 10:35:00,16.21052610110973
2026-05-10 10:36:00,16.21052610110973
2026-05-10 10:37:00,16.21052610110973
2026-05-10 10:38:00,16.21052610110973
2026-05-10 10:39:00,16.21052610110973
2026-05-10 10:40:00,16.21052610110973
2026-05-10 10:41:00,16.21052610110973
2026-05-10 10:42:00,16.21052610110973
2026-05-10 10:43:00,16.21052610110973
2026-05-10 10:44:00,16.21052610110973
2026-05-10 10:45:00,16.21052610110973
2026-05-10 10:46:00,16.21052610110973
2026-05-10 10:47:00,16.21052610110973
2026-05-10 10:48:00,16.21052610110973
2026-05-10 10:49:00,16.21052610110973
2026-05-10 10:50:00,16.21052610110973
2026-05-10 10:51:00,16.21052610110973
2026-05-10 10:52:00,16.21052610110973
2026-05-10 10:53:00,16.21052610110973
2026-05-10 10:54:00,16.21052610110973
2026-05-10 10:55:00,16.21052610110973
2026-05-10 10:56:00,16.21052610110973
2026-05-10 10:57:00,16.21052610110973
2026-05-10 10:58:00,16.21052610110973
2026-05-10 10:59:00,16.21052610110973
2026-05-10 11:00:00,16.21052610110973
2026-05-10 11:01:00,16.21052610110973
2026-05-10 11:02:00,16.21052610110973
2026-05-10 11:03:00,16.21052610110973
2026-05-10 11:04:00,16.21052610110973
2026-05-10 11:05:00,16.21052610110973
2026-05-10 11:06:00,16.21052610110973
2026-05-10 11:07:00,16.21052610110973
2026-05-10 11:08:00,16.21052610110973
2026-05-10 11:09:00,16.21052610110973
2026-05-10 11:10:00,16.21052610110973
2026-05-10 11:11:00,16.21052610110973
2026-05-10 11:12:00,16.21052610110973
2026-05-10 11:13:00,16.21052610110973
2026-05-10 11:14:00,16.21052610110973
2026-05-10 11:15:00,16.21052610110973
2026-05-10 11:16:00,16.21052610110973
2026-05-10 11:17:00,16.21052610110973
2026-05-10 11:18:00,16.21052610110973
2026-05-10 11:19:00,16.21052610110973
2026-05-10 11:20:00,16.21052610110973
2026-05-10 11:21:00,16.21052610110973
2026-05-10 11:22:00,16.21052610110973
2026-05-10 11:23:00,16.21052610110973
2026-05-10 11:24:00,16.21052610110973
2026-05-10 11:25:00,16.21052610110973
2026-05-10 11:26:00,16.21052610110973
2026-05-10 11:27:00,16.21052610110973
2026-05-10 11:28:00,16.21052610110973
2026-05-10 11:29:00,16.21052610110973
2026-05-10 11:30:00,16.21052610110973
2026-05-10 11:31:00,16.21052610110973
2026-05-10 11:32:00,16.21052610110973
2026-05-10 11:33:00,16.21052610110973
2026-05-10 11:34:00,16.21052610110973
2026-05-10 11:35:00,16.21052610110973
2026-05-10 11:36:00,16.21052610110973
2026-05-10 11:37:00,16.21052610110973
2026-05-10 11:38:00,16.21052610110973
2026-05-10 11:39:00,16.21052610110973
2026-05-10 11:40:00,16.21052610110973
2026-05-10 11:41:00,16.21052610110973
2026-05-10 11:42:00,16.21052610110973
2026-05-10 11:43:00,16.21052610110973
2026-05-10 11:44:00,16.21052610110973
2026-05-10 11:45:00,16.21052610110973
2026-05-10 11:46:00,16.21052610110973
2026-05-10 11:47:00,16.21052610110973
2026-05-10 11:48:00,16.21052610110973
2026-05-10 11:49:00,16.21052610110973
2026-05-10 11:50:00,16.21052610110973
2026-05-10 11:51:00,16.21052610110973
2026-05-10 11:52:00,16.21052610110973
2026-05-10 11:53:00,16.21052610110973
2026-05-10 11:54:00,16.21052610110973
2026-05-10 11:55:00,16.21052610110973
2026-05-10 11:56:00,16.21052610110973
2026-05-10 11:57:00,16.21052610110973
2026-05-10 11:58:00,16.21052610110973
2026-05-10 11:59:00,16.21052610110973
2026-05-10 12:00:00,16.21052610110973
2026-05-10 12:01:00,16.21052610110973
2026-05-10 12:02:00,16.21052610110973
2026-05-10 12:03:00,16.21052610110973
2026-05-10 12:04:00,16.21052610110973
2026-05-10 12:05:00,16.21052610110973
2026-05-10 12:06:00,16.21052610110973
2026-05-10 12:07:00,16.21052610110973
2026-05-10 12:08:00,16.21052610110973
2026-05-10 12:09:00,16.21052610110973
2026-05-10 12:10:00,16.21052610110973
2026-05-10 12:11:00,16.21052610110973
2026-05-10 12:12:00,16.21052610110973
2026-05-10 12:13:00,16.21052610110973
2026-05-10 12:14:00,16.21052610110973
2026-05-10 12:15:00,16.21052610110973
2026-05-10 12:16:00,16.21052610110973
2026-05-10 12:17:00,16.21052610110973
2026-05-10 12:18:00,16.21052610110973
2026-05-10 12:19:00,16.21052610110973
2026-05-10 12:20:00,16.21052610110973
2026-05-10 12:21:00,16.21052610110973
2026-05-10 12:22:00,16.21052610110973
2026-05-10 12:23:00,16.21052610110973
2026-05-10 12:24:00,16.21052610110973
2026-05-10 12:25:00,16.21052610110973
2026-05-10 12:26:00,16.21052610110973
2026-05-10 12:27:00,16.21052610110973
2026-05-10 12:28:00,16.21052610110973
2026-05-10 12:29:00,16.21052610110973
2026-05-10 12:30:00,16.21052610110973
2026-05-10 12:31:00,16.21052610110973
2026-05-10 12:32:00,16.21052610110973
2026-05-10 12:33:00,16.21052610110973
2026-05-10 12:34:00,16.21052610110973
2026-05-10 12:35:00,16.21052610110973
2026-05-10 12:36:00,16.21052610110973
2026-05-10 12:37:00,16.21052610110973
2026-05-10 12:38:00,16.21052610110973
2026-05-10 12:39:00,16.21052610110973
2026-05-10 12:40:00,16.21052610110973
2026-05-10 12:41:00,16.21052610110973
2026-05-10 12:42:00,16.21052610110973
2026-05-10 12:43:00,16.21052610110973
2026-05-10 12:44:00,16.21052610110973
2026-05-10 12:45:00,16.21052610110973
2026-05-10 12:46:00,16.21052610110973
2026-05-10 12:47:00,16.21052610110973
2026-05-10 12:48:00,16.21052610110973
2026-05-10 12:49:00,16.21052610110973
2026-05-10 12:50:00,16.21052610110973
2026-05-10 12:51:00,16.21052610110973
2026-05-10 12:52:00,16.21052610110973
2026-05-10 12:53:00,16.21052610110973
2026-05-10 12:54:00,16.21052610110973
2026-05-10 12:55:00,16.21052610110973
2026-05-10 12:56:00,16.21052610110973
2026-05-10 12:57:00,16.21052610110973
2026-05-10 12:58:00,16.21052610110973
2026-05-10 12:59:00,16.21052610110973
2026-05-10 13:00:00,16.21052610110973
2026-05-10 13:01:00,16.21052610110973
2026-05-10 13:02:00,16.21052610110973
2026-05-10 13:03:00,16.21052610110973
2026-05-10 13:04:00,16.21052610110973
2026-05-10 13:05:00,16.21052610110973
2026-05-10 13:06:00,16.21052610110973
2026-05-10 13:07:00,16.21052610110973
2026-05-10 13:08:00,16.21052610110973
2026-05-10 13:09:00,16.21052610110973
2026-05-10 13:10:00,16.21052610110973
2026-05-10 13:11:00,16.21052610110973
2026-05-10 13:12:00,16.21052610110973
2026-05-10 13:13:00,16.21052610110973
2026-05-10 13:14:00,16.21052610110973
2026-05-10 13:15:00,16.21052610110973
2026-05-10 13:16:00,16.21052610110973
2026-05-10 13:17:00,16.21052610110973
2026-05-10 13:18:00,16.21052610110973
2026-05-10 13:19:00,16.21052610110973
2026-05-10 13:20:00,16.21052610110973
2026-05-10 13:21:00,16.21052610110973
2026-05-10 13:22:00,16.21052610110973
2026-05-10 13:23:00,16.21052610110973
2026-05-10 13:24:00,16.21052610110973
2026-05-10 13:25:00,16.21052610110973
2026-05-10 13:26:00,16.21052610110973
2026-05-10 13:27:00,16.21052610110973
2026-05-10 13:28:00,16.21052610110973
2026-05-10 13:29:00,16.21052610110973
2026-05-10 13:30:00,16.21052610110973
2026-05-10 13:31:00,16.21052610110973
2026-05-10 13:32:00,16.21052610110973
2026-05-10 13:33:00,16.21052610110973
2026-05-10 13:34:00,16.21052610110973
2026-05-10 13:35:00,16.21052610110973
2026-05-10 13:36:00,16.21052610110973
2026-05-10 13:37:00,16.21052610110973
2026-05-10 13:38:00,16.21052610110973
2026-05-10 13:39:00,16.21052610110973
2026-05-10 13:40:00,16.21052610110973
2026-05-10 13:41:00,16.21052610110973
2026-05-10 13:42:00,16.21052610110973
2026-05-10 13:43:00,16.21052610110973
2026-05-10 13:44:00,16.21052610110973
2026-05-10 13:45:00,16.21052610110973
2026-05-10 13:46:00,16.21052610110973
2026-05-10 13:47:00,16.21052610110973
2026-05-10 13:48:00,16.21052610110973
2026-05-10 13:49:00,16.21052610110973
2026-05-10 13:50:00,16.21052610110973
2026-05-10 13:51:00,16.21052610110973
2026-05-10 13:52:00,16.21052610110973
2026-05-10 13:53:00,16.21052610110973
2026-05-10 13:54:00,16.21052610110973
2026-05-10 13:55:00,16.21052610110973
2026-05-10 13:56:00,16.21052610110973
2026-05-10 13:57:00,16.21052610110973
2026-05-10 13:58:00,16.21052610110973
2026-05-10 13:59:00,16.21052610110973
2026-05-10 14:00:00,16.21052610110973
2026-05-10 14:01:00,16.21052610110973
2026-05-10 14:02:00,16.21052610110973
2026-05-10 14:03:00,16.21052610110973
2026-05-10 14:04:00,16.21052610110973
2026-05-10 14:05:00,16.21052610110973
2026-05-10 14:06:00,16.21052610110973
2026-05-10 14:07:00,16.21052610110973
2026-05-10 14:08:00,16.21052610110973
2026-05-10 14:09:00,16.21052610110973
2026-05-10 14:10:00,16.21052610110973
2026-05-10 14:11:00,16.21052610110973
2026-05-10 14:12:00,16.21052610110973
2026-05-10 14:13:00,16.21052610110973
2026-05-10 14:14:00,16.21052610110973
2026-05-10 14:15:00,16.21052610110973
2026-05-10 14:16:00,16.21052610110973
2026-05-10 14:17:00,16.21052610110973
2026-05-10 14:18:00,16.21052610110973
2026-05-10 14:19:00,16.21052610110973
2026-05-10 14:20:00,16.21052610110973
2026-05-10 14:21:00,16.21052610110973
2026-05-10 14:22:00,16.21052610110973
2026-05-10 14:23:00,16.21052610110973
2026-05-10 14:24:00,16.21052610110973
2026-05-10 14:25:00,16.21052610110973
2026-05-10 14:26:00,16.21052610110973
2026-05-10 14:27:00,16.21052610110973
2026-05-10 14:28:00,16.21052610110973
2026-05-10 14:29:00,16.21052610110973
2026-05-10 14:30:00,16.21052610110973
2026-05-10 14:31:00,16.21052610110973
2026-05-10 14:32:00,16.21052610110973
2026-05-10 14:33:00,16.21052610110973
2026-05-10 14:34:00,16.21052610110973
2026-05-10 14:35:00,16.21052610110973
2026-05-10 14:36:00,16.21052610110973
2026-05-10 14:37:00,16.21052610110973
2026-05-10 14:38:00,16.21052610110973
2026-05-10 14:39:00,16.21052610110973
2026-05-10 14:40:00,16.21052610110973
2026-05-10 14:41:00,16.21052610110973
2026-05-10 14:42:00,16.21052610110973
2026-05-10 14:43:00,16.21052610110973
2026-05-10 14:44:00,16.21052610110973
2026-05-10 14:45:00,16.21052610110973
2026-05-10 14:46:00,16.21052610110973
2026-05-10 14:47:00,16.21052610110973
2026-05-10 14:48:00,16.21052610110973
2026-05-10 14:49:00,16.21052610110973
2026-05-10 14:50:00,16.21052610110973
2026-05-10 14:51:00,16.21052610110973
2026-05-10 14:52:00,16.21052610110973
2026-05-10 14:53:00,16.21052610110973
2026-05-10 14:54:00,16.21052610110973
2026-05-10 14:55:00,16.21052610110973
2026-05-10 14:56:00,16.21052610110973
2026-05-10 14:57:00,16.21052610110973
2026-05-10 14:58:00,16.21052610110973
2026-05-10 14:59:00,16.21052610110973
2026-05-10 15:00:00,16.21052610110973
2026-05-10 15:01:00,16.21052610110973
2026-05-10 15:02:00,16.21052610110973
2026-05-10 15:03:00,16.21052610110973
2026-05-10 15:04:00,16.21052610110973
2026-05-10 15:05:00,16.21052610110973
2026-05-10 15:06:00,16.21052610110973
2026-05-10 15:07:00,16.21052610110973
2026-05-10 15:08:00,16.21052610110973
2026-05-10 15:09:00,16.21052610110973
2026-05-10 15:10:00,16.21052610110973
2026-05-10 15:11:00,16.21052610110973
2026-05-10 15:12:00,16.21052610110973
2026-05-10 15:13:00,16.21052610110973
2026-05-10 15:14:00,16.21052610110973
2026-05-10 15:15:00,16.21052610110973
2026-05-10 15:16:00,16.21052610110973
2026-05-10 15:17:00,16.21052610110973
2026-05-10 15:18:00,16.21052610110973
2026-05-10 15:19:00,16.21052610110973
2026-05-10 15:20:00,16.21052610110973
2026-05-10 15:21:00,16.21052610110973
2026-05-10 15:22:00,16.21052610110973
2026-05-10 15:23:00,16.21052610110973
2026-05-10 15:24:00,16.21052610110973
2026-05-10 15:25:00,16.21052610110973
2026-05-10 15:26:00,16.21052610110973
2026-05-10 15:27:00,16.21052610110973
2026-05-10 15:28:00,16.21052610110973
2026-05-10 15:29:00,16.21052610110973
2026-05-10 15:30:00,16.21052610110973
2026-05-10 15:31:00,16.21052610110973
2026-05-10 15:32:00,16.21052610110973
2026-05-10 15:33:00,16.21052610110973
2026-05-10 15:34:00,16.21052610110973
2026-05-10 15:35:00,16.21052610110973
2026-05-10 15:36:00,16.21052610110973
2026-05-10 15:37:00,16.21052610110973
2026-05-10 15:38:00,16.21052610110973
2026-05-10 15:39:00,16.21052610110973
2026-05-10 15:40:00,16.21052610110973
2026-05-10 15:41:00,16.21052610110973
2026-05-10 15:42:00,16.21052610110973
2026-05-10 15:43:00,16.21052610110973
2026-05-10 15:44:00,16.21052610110973
2026-05-10 15:45:00,16.21052610110973
2026-05-10 15:46:00,16.21052610110973
2026-05-10 15:47:00,16.21052610110973
2026-05-10 15:48:00,16.21052610110973
2026-05-10 15:49:00,16.21052610110973
2026-05-10 15:50:00,16.21052610110973
2026-05-10 15:51:00,16.21052610110973
2026-05-10 15:52:00,16.21052610110973
2026-05-10 15:53:00,16.21052610110973
2026-05-10 15:54:00,16.21052610110973
2026-05-10 15:55:00,16.21052610110973
2026-05-10 15:56:00,16.21052610110973
2026-05-10 15:57:00,16.21052610110973
2026-05-10 15:58:00,16.21052610110973
2026-05-10 15:59:00,16.21052610110973
2026-05-10 16:00:00,16.21052610110973
2026-05-10 16:01:00,16.21052610110973
2026-05-10 16:02:00,16.21052610110973
2026-05-10 16:03:00,16.21052610110973
2026-05-10 16:04:00,16.21052610110973
2026-05-10 16:05:00,16.21052610110973
2026-05-10 16:06:00,16.21052610110973
2026-05-10 16:07:00,16.21052610110973
2026-05-10 16:08:00,16.21052610110973
2026-05-10 16:09:00,16.21052610110973
2026-05-10 16:10:00,16.21052610110973
2026-05-10 16:11:00,16.21052610110973
2026-05-10 16:12:00,16.21052610110973
2026-05-10 16:13:00,16.21052610110973
2026-05-10 16:14:00,16.21052610110973
2026-05-10 16:15:00,16.21052610110973
2026-05-10 16:16:00,16.21052610110973
2026-05-10 16:17:00,16.21052610110973
2026-05-10 16:18:00,16.21052610110973
2026-05-10 16:19:00,16.21052610110973
2026-05-10 16:20:00,16.21052610110973
2026-05-10 16:21:00,16.21052610110973
2026-05-10 16:22:00,16.21052610110973
2026-05-10 16:23:00,16.21052610110973
2026-05-10 16:24:00,16.21052610110973
2026-05-10 16:25:00,16.21052610110973
2026-05-10 16:26:00,16.21052610110973
2026-05-10 16:27:00,16.21052610110973
2026-05-10 16:28:00,16.21052610110973
2026-05-10 16:29:00,16.21052610110973
2026-05-10 16:30:00,16.21052610110973
2026-05-10 16:31:00,16.21052610110973
2026-05-10 16:32:00,16.21052610110973
2026-05-10 16:33:00,16.21052610110973
2026-05-10 16:34:00,16.21052610110973
2026-05-10 16:35:00,16.21052610110973
2026-05-10 16:36:00,16.21052610110973
2026-05-10 16:37:00,16.21052610110973
2026-05-10 16:38:00,16.21052610110973
2026-05-10 16:39:00,16.21052610110973
2026-05-10 16:40:00,16.21052610110973
2026-05-10 16:41:00,16.21052610110973
2026-05-10 16:42:00,16.21052610110973
2026-05-10 16:43:00,16.21052610110973
2026-05-10 16:44:00,16.21052610110973
2026-05-10 16:45:00,16.21052610110973
2026-05-10 16:46:00,16.21052610110973
2026-05-10 16:47:00,16.21052610110973
2026-05-10 16:48:00,16.21052610110973
2026-05-10 16:49:00,16.21052610110973
2026-05-10 16:50:00,16.21052610110973
2026-05-10 16:51:00,16.21052610110973
2026-05-10 16:52:00,16.21052610110973
2026-05-10 16:53:00,16.21052610110973
2026-05-10 16:54:00,16.21052610110973
2026-05-10 16:55:00,16.21052610110973
2026-05-10 16:56:00,16.21052610110973
2026-05-10 16:57:00,16.21052610110973
2026-05-10 16:58:00,16.21052610110973
2026-05-10 16:59:00,16.21052610110973
2026-05-10 17:00:00,16.21052610110973
2026-05-10 17:01:00,16.21052610110973
2026-05-10 17:02:00,16.21052610110973
2026-05-10 17:03:00,16.21052610110973
2026-05-10 17:04:00,16.21052610110973
2026-05-10 17:05:00,16.21052610110973
2026-05-10 17:06:00,16.21052610110973
2026-05-10 17:07:00,16.21052610110973
2026-05-10 17:08:00,16.21052610110973
2026-05-10 17:09:00,16.21052610110973
2026-05-10 17:10:00,16.21052610110973
2026-05-10 17:11:00,16.21052610110973
2026-05-10 17:12:00,16.21052610110973
2026-05-10 17:13:00,16.21052610110973
2026-05-10 17:14:00,16.21052610110973
2026-05-10 17:15:00,16.21052610110973
2026-05-10 17:16:00,16.21052610110973
2026-05-10 17:17:00,16.21052610110973
2026-05-10 17:18:00,16.21052610110973
2026-05-10 17:19:00,16.21052610110973
2026-05-10 17:20:00,16.21052610110973
2026-05-10 17:21:00,16.21052610110973
2026-05-10 17:22:00,16.21052610110973
2026-05-10 17:23:00,16.21052610110973
2026-05-10 17:24:00,16.21052610110973
2026-05-10 17:25:00,16.21052610110973
2026-05-10 17:26:00,16.21052610110973
2026-05-10 17:27:00,16.21052610110973
2026-05-10 17:28:00,16.21052610110973
2026-05-10 17:29:00,16.21052610110973
2026-05-10 17:30:00,16.21052610110973
2026-05-10 17:31:00,16.21052610110973
2026-05-10 17:32:00,16.21052610110973
2026-05-10 17:33:00,16.21052610110973
2026-05-10 17:34:00,16.21052610110973
2026-05-10 17:35:00,16.21052610110973
2026-05-10 17:36:00,16.21052610110973
2026-05-10 17:37:00,16.21052610110973
2026-05-10 17:38:00,16.21052610110973
2026-05-10 17:39:00,16.21052610110973
2026-05-10 17:40:00,16.21052610110973
2026-05-10 17:41:00,16.21052610110973
2026-05-10 17:42:00,16.21052610110973
2026-05-10 17:43:00,16.21052610110973
2026-05-10 17:44:00,16.21052610110973
2026-05-10 17:45:00,16.21052610110973
2026-05-10 17:46:00,16.21052610110973
2026-05-10 17:47:00,16.21052610110973
2026-05-10 17:48:00,16.21052610110973
2026-05-10 17:49:00,16.21052610110973
2026-05-10 17:50:00,16.21052610110973
2026-05-10 17:51:00,16.21052610110973
2026-05-10 17:52:00,16.21052610110973
2026-05-10 17:53:00,16.21052610110973
2026-05-10 17:54:00,16.21052610110973
2026-05-10 17:55:00,16.21052610110973
2026-05-10 17:56:00,16.21052610110973
2026-05-10 17:57:00,16.21052610110973
2026-05-10 17:58:00,16.21052610110973
2026-05-10 17:59:00,16.21052610110973
2026-05-10 18:00:00,16.21052610110973
2026-05-10 18:01:00,16.21052610110973
2026-05-10 18:02:00,16.21052610110973
2026-05-10 18:03:00,16.21052610110973
2026-05-10 18:04:00,16.21052610110973
2026-05-10 18:05:00,16.21052610110973
2026-05-10 18:06:00,16.21052610110973
2026-05-10 18:07:00,16.21052610110973
2026-05-10 18:08:00,16.21052610110973
2026-05-10 18:09:00,16.21052610110973
2026-05-10 18:10:00,16.21052610110973
2026-05-10 18:11:00,16.21052610110973
2026-05-10 18:12:00,16.21052610110973
2026-05-10 18:13:00,16.21052610110973
2026-05-10 18:14:00,16.21052610110973
2026-05-10 18:15:00,16.21052610110973
2026-05-10 18:16:00,16.21052610110973
2026-05-10 18:17:00,16.21052610110973
2026-05-10 18:18:00,16.21052610110973
2026-05-10 18:19:00,16.21052610110973
2026-05-10 18:20:00,16.21052610110973
2026-05-10 18:21:00,16.21052610110973
2026-05-10 18:22:00,16.21052610110973
2026-05-10 18:23:00,16.21052610110973
2026-05-10 18:24:00,16.21052610110973
2026-05-10 18:25:00,16.21052610110973
2026-05-10 18:26:00,16.21052610110973
2026-05-10 18:27:00,16.21052610110973
2026-05-10 18:28:00,16.21052610110973
2026-05-10 18:29:00,16.21052610110973
2026-05-10 18:30:00,16.21052610110973
2026-05-10 18:31:00,16.21052610110973
2026-05-10 18:32:00,16.21052610110973
2026-05-10 18:33:00,16.21052610110973
2026-05-10 18:34:00,16.21052610110973
2026-05-10 18:35:00,16.21052610110973
2026-05-10 18:36:00,16.21052610110973
2026-05-10 18:37:00,16.21052610110973
2026-05-10 18:38:00,16.21052610110973
2026-05-10 18:39:00,16.21052610110973
2026-05-10 18:40:00,16.21052610110973
2026-05-10 18:41:00,16.21052610110973
2026-05-10 18:42:00,16.21052610110973
2026-05-10 18:43:00,16.21052610110973
2026-05-10 18:44:00,16.21052610110973
2026-05-10 18:45:00,16.21052610110973
2026-05-10 18:46:00,16.21052610110973
2026-05-10 18:47:00,16.21052610110973
2026-05-10 18:48:00,16.21052610110973
2026-05-10 18:49:00,16.21052610110973
2026-05-10 18:50:00,16.21052610110973
2026-05-10 18:51:00,16.21052610110973
2026-05-10 18:52:00,16.21052610110973
2026-05-10 18:53:00,16.21052610110973
2026-05-10 18:54:00,16.21052610110973
2026-05-10 18:55:00,16.21052610110973
2026-05-10 18:56:00,16.21052610110973
2026-05-10 18:57:00,16.21052610110973
2026-05-10 18:58:00,16.21052610110973
2026-05-10 18:59:00,16.21052610110973
2026-05-10 19:00:00,16.21052610110973
2026-05-10 19:01:00,16.21052610110973
2026-05-10 19:02:00,16.21052610110973
2026-05-10 19:03:00,16.21052610110973
2026-05-10 19:04:00,16.21052610110973
2026-05-10 19:05:00,16.21052610110973
2026-05-10 19:06:00,16.21052610110973
2026-05-10 19:07:00,16.21052610110973
2026-05-10 19:08:00,16.21052610110973
2026-05-10 19:09:00,16.21052610110973
2026-05-10 19:10:00,16.21052610110973
2026-05-10 19:11:00,16.21052610110973
2026-05-10 19:12:00,16.21052610110973
2026-05-10 19:13:00,16.21052610110973
2026-05-10 19:14:00,16.21052610110973
2026-05-10 19:15:00,16.21052610110973
2026-05-10 19:16:00,16.21052610110973
2026-05-10 19:17:00,16.21052610110973
2026-05-10 19:18:00,16.21052610110973
2026-05-10 19:19:00,16.21052610110973
2026-05-10 19:20:00,16.21052610110973
2026-05-10 19:21:00,16.21052610110973
2026-05-10 19:22:00,16.21052610110973
2026-05-10 19:23:00,16.21052610110973
2026-05-10 19:24:00,16.21052610110973
2026-05-10 19:25:00,16.21052610110973
2026-05-10 19:26:00,16.21052610110973
2026-05-10 19:27:00,16.21052610110973
2026-05-10 19:28:00,16.21052610110973
2026-05-10 19:29:00,16.21052610110973
2026-05-10 19:30:00,16.21052610110973
2026-05-10 19:31:00,16.21052610110973
2026-05-10 19:32:00,16.21052610110973
2026-05-10 19:33:00,16.21052610110973
2026-05-10 19:34:00,16.21052610110973
2026-05-10 19:35:00,16.21052610110973
2026-05-10 19:36:00,16.21052610110973
2026-05-10 19:37:00,16.21052610110973
2026-05-10 19:38:00,16.21052610110973
2026-05-10 19:39:00,16.21052610110973
2026-05-10 19:40:00,16.21052610110973
2026-05-10 19:41:00,16.21052610110973
2026-05-10 19:42:00,16.21052610110973
2026-05-10 19:43:00,16.21052610110973
2026-05-10 19:44:00,16.21052610110973
2026-05-10 19:45:00,16.21052610110973
2026-05-10 19:46:00,16.21052610110973
2026-05-10 19:47:00,16.21052610110973
2026-05-10 19:48:00,16.21052610110973
2026-05-10 19:49:00,16.21052610110973
2026-05-10 19:50:00,16.21052610110973
2026-05-10 19:51:00,16.21052610110973
2026-05-10 19:52:00,16.21052610110973
2026-05-10 19:53:00,16.21052610110973
2026-05-10 19:54:00,16.21052610110973
2026-05-10 19:55:00,16.21052610110973
2026-05-10 19:56:00,16.21052610110973
2026-05-10 19:57:00,16.21052610110973
2026-05-10 19:58:00,16.21052610110973
2026-05-10 19:59:00,16.21052610110973
2026-05-10 20:00:00,16.21052610110973
2026-05-10 20:01:00,16.21052610110973
2026-05-10 20:02:00,16.21052610110973
2026-05-10 20:03:00,16.21052610110973
2026-05-10 20:04:00,16.21052610110973
2026-05-10 20:05:00,16.21052610110973
2026-05-10 20:06:00,16.21052610110973
2026-05-10 20:07:00,16.21052610110973
2026-05-10 20:08:00,16.21052610110973
2026-05-10 20:09:00,16.21052610110973
2026-05-10 20:10:00,16.21052610110973
2026-05-10 20:11:00,16.21052610110973
2026-05-10 20:12:00,16.21052610110973
2026-05-10 20:13:00,16.21052610110973
2026-05-10 20:14:00,16.21052610110973
2026-05-10 20:15:00,16.21052610110973
2026-05-10 20:16:00,16.21052610110973
2026-05-10 20:17:00,16.21052610110973
2026-05-10 20:18:00,16.21052610110973
2026-05-10 20:19:00,16.21052610110973
2026-05-10 20:20:00,16.21052610110973
2026-05-10 20:21:00,16.21052610110973
2026-05-10 20:22:00,16.21052610110973
2026-05-10 20:23:00,16.21052610110973
2026-05-10 20:24:00,16.21052610110973
2026-05-10 20:25:00,16.21052610110973
2026-05-10 20:26:00,16.21052610110973
2026-05-10 20:27:00,16.21052610110973
2026-05-10 20:28:00,16.21052610110973
2026-05-10 20:29:00,16.21052610110973
2026-05-10 20:30:00,16.21052610110973
2026-05-10 20:31:00,16.21052610110973
2026-05-10 20:32:00,16.21052610110973
2026-05-10 20:33:00,16.21052610110973
2026-05-10 20:34:00,16.21052610110973
2026-05-10 20:35:00,16.21052610110973
2026-05-10 20:36:00,16.21052610110973
2026-05-10 20:37:00,16.21052610110973
2026-05-10 20:38:00,16.21052610110973
2026-05-10 20:39:00,16.21052610110973
2026-05-10 20:40:00,16.21052610110973
2026-05-10 20:41:00,16.21052610110973
2026-05-10 20:42:00,16.21052610110973
2026-05-10 20:43:00,16.21052610110973
2026-05-10 20:44:00,16.21052610110973
2026-05-10 20:45:00,16.21052610110973
2026-05-10 20:46:00,16.21052610110973
2026-05-10 20:47:00,16.21052610110973
2026-05-10 20:48:00,16.21052610110973
2026-05-10 20:49:00,16.21052610110973
2026-05-10 20:50:00,16.21052610110973
2026-05-10 20:51:00,16.21052610110973
2026-05-10 20:52:00,16.21052610110973
2026-05-10 20:53:00,16.21052610110973
2026-05-10 20:54:00,16.21052610110973
2026-05-10 20:55:00,16.21052610110973
2026-05-10 20:56:00,16.21052610110973
2026-05-10 20:57:00,16.21052610110973
2026-05-10 20:58:00,16.21052610110973
2026-05-10 20:59:00,16.21052610110973
2026-05-10 21:00:00,16.21052610110973
2026-05-10 21:01:00,16.21052610110973
2026-05-10 21:02:00,16.21052610110973
2026-05-10 21:03:00,16.21052610110973
2026-05-10 21:04:00,16.21052610110973
2026-05-10 21:05:00,16.21052610110973
2026-05-10 21:06:00,16.21052610110973
2026-05-10 21:07:00,16.21052610110973
2026-05-10 21:08:00,16.21052610110973
2026-05-10 21:09:00,16.21052610110973
2026-05-10 21:10:00,16.21052610110973
2026-05-10 21:11:00,16.21052610110973
2026-05-10 21:12:00,16.21052610110973
2026-05-10 21:13:00,16.21052610110973
2026-05-10 21:14:00,16.21052610110973
2026-05-10 21:15:00,16.21052610110973
2026-05-10 21:16:00,16.21052610110973
2026-05-10 21:17:00,16.21052610110973
2026-05-10 21:18:00,16.21052610110973
2026-05-10 21:19:00,16.21052610110973
2026-05-10 21:20:00,16.21052610110973
2026-05-10 21:21:00,16.21052610110973
2026-05-10 21:22:00,16.21052610110973
2026-05-10 21:23:00,16.21052610110973
2026-05-10 21:24:00,16.21052610110973
2026-05-10 21:25:00,16.21052610110973
2026-05-10 21:26:00,16.21052610110973
2026-05-10 21:27:00,16.21052610110973
2026-05-10 21:28:00,16.21052610110973
2026-05-10 21:29:00,16.21052610110973
2026-05-10 21:30:00,16.21052610110973
2026-05-10 21:31:00,16.21052610110973
2026-05-10 21:32:00,16.21052610110973
2026-05-10 21:33:00,16.21052610110973
2026-05-10 21:34:00,16.21052610110973
2026-05-10 21:35:00,16.21052610110973
2026-05-10 21:36:00,16.21052610110973
2026-05-10 21:37:00,16.21052610110973
2026-05-10 21:38:00,16.21052610110973
2026-05-10 21:39:00,16.21052610110973
2026-05-10 21:40:00,16.21052610110973
2026-05-10 21:41:00,16.21052610110973
2026-05-10 21:42:00,16.21052610110973
2026-05-10 21:43:00,16.21052610110973
2026-05-10 21:44:00,16.21052610110973
2026-05-10 21:45:00,16.21052610110973
2026-05-10 21:46:00,16.21052610110973
2026-05-10 21:47:00,16.21052610110973
2026-05-10 21:48:00,16.21052610110973
2026-05-10 21:49:00,16.21052610110973
2026-05-10 21:50:00,16.21052610110973
2026-05-10 21:51:00,16.21052610110973
2026-05-10 21:52:00,16.21052610110973
2026-05-10 21:53:00,16.21052610110973
2026-05-10 21:54:00,16.21052610110973
2026-05-10 21:55:00,16.21052610110973
2026-05-10 21:56:00,16.21052610110973
2026-05-10 21:57:00,16.21052610110973
2026-05-10 21:58:00,16.21052610110973
2026-05-10 21:59:00,16.21052610110973
2026-05-10 22:00:00,16.21052610110973
2026-05-10 22:01:00,16.21052610110973
2026-05-10 22:02:00,16.21052610110973
2026-05-10 22:03:00,16.21052610110973
2026-05-10 22:04:00,16.21052610110973
2026-05-10 22:05:00,16.21052610110973
2026-05-10 22:06:00,16.21052610110973
2026-05-10 22:07:00,16.21052610110973
2026-05-10 22:08:00,16.21052610110973
2026-05-10 22:09:00,16.21052610110973
2026-05-10 22:10:00,16.21052610110973
2026-05-10 22:11:00,16.21052610110973
2026-05-10 22:12:00,16.21052610110973
2026-05-10 22:13:00,16.21052610110973
2026-05-10 22:14:00,16.21052610110973
2026-05-10 22:15:00,16.21052610110973
2026-05-10 22:16:00,16.21052610110973
2026-05-10 22:17:00,16.21052610110973
2026-05-10 22:18:00,16.21052610110973
2026-05-10 22:19:00,16.21052610110973
2026-05-10 22:20:00,16.21052610110973
2026-05-10 22:21:00,16.21052610110973
2026-05-10 22:22:00,16.21052610110973
2026-05-10 22:23:00,16.21052610110973
2026-05-10 22:24:00,16.21052610110973
2026-05-10 22:25:00,16.21052610110973
2026-05-10 22:26:00,16.21052610110973
2026-05-10 22:27:00,16.21052610110973
2026-05-10 22:28:00,16.21052610110973
2026-05-10 22:29:00,16.21052610110973
2026-05-10 22:30:00,16.21052610110973
2026-05-10 22:31:00,16.21052610110973
2026-05-10 22:32:00,16.21052610110973
2026-05-10 22:33:00,16.21052610110973
2026-05-10 22:34:00,16.21052610110973
2026-05-10 22:35:00,16.21052610110973
2026-05-10 22:36:00,16.21052610110973
2026-05-10 22:37:00,16.21052610110973
2026-05-10 22:38:00,16.21052610110973
2026-05-10 22:39:00,16.21052610110973
2026-05-10 22:40:00,16.21052610110973
2026-05-10 22:41:00,16.21052610110973
2026-05-10 22:42:00,16.21052610110973
2026-05-10 22:43:00,16.21052610110973
2026-05-10 22:44:00,16.21052610110973
2026-05-10 22:45:00,16.21052610110973
2026-05-10 22:46:00,16.21052610110973
2026-05-10 22:47:00,16.21052610110973
2026-05-10 22:48:00,16.21052610110973
2026-05-10 22:49:00,16.21052610110973
2026-05-10 22:50:00,16.21052610110973
2026-05-10 22:51:00,16.21052610110973
2026-05-10 22:52:00,16.21052610110973
2026-05-10 22:53:00,16.21052610110973
2026-05-10 22:54:00,16.21052610110973
2026-05-10 22:55:00,16.21052610110973
2026-05-10 22:56:00,16.21052610110973
2026-05-10 22:57:00,16.21052610110973
2026-05-10 22:58:00,16.21052610110973
2026-05-10 22:59:00,16.21052610110973
2026-05-10 23:00:00,16.21052610110973
2026-05-10 23:01:00,16.21052610110973
2026-05-10 23:02:00,16.21052610110973
2026-05-10 23:03:00,16.21052610110973
2026-05-10 23:04:00,16.21052610110973
2026-05-10 23:05:00,16.21052610110973
2026-05-10 23:06:00,16.21052610110973
2026-05-10 23:07:00,16.21052610110973
2026-05-10 23:08:00,16.21052610110973
2026-05-10 23:09:00,16.21052610110973
2026-05-10 23:10:00,16.21052610110973
2026-05-10 23:11:00,16.21052610110973
2026-05-10 23:12:00,16.21052610110973
2026-05-10 23:13:00,16.21052610110973
2026-05-10 23:14:00,16.21052610110973
2026-05-10 23:15:00,16.21052610110973
2026-05-10 23:16:00,16.21052610110973
2026-05-10 23:17:00,16.21052610110973
2026-05-10 23:18:00,16.21052610110973
2026-05-10 23:19:00,16.21052610110973
2026-05-10 23:20:00,16.21052610110973
2026-05-10 23:21:00,16.21052610110973
2026-05-10 23:22:00,16.21052610110973
2026-05-10 23:23:00,16.21052610110973
2026-05-10 23:24:00,16.21052610110973
2026-05-10 23:25:00,16.21052610110973
2026-05-10 23:26:00,16.21052610110973
2026-05-10 23:27:00,16.21052610110973
2026-05-10 23:28:00,16.21052610110973
2026-05-10 23:29:00,16.21052610110973
2026-05-10 23:30:00,16.21052610110973
2026-05-10 23:31:00,16.21052610110973
2026-05-10 23:32:00,16.21052610110973
2026-05-10 23:33:00,16.21052610110973
2026-05-10 23:34:00,16.21052610110973
2026-05-10 23:35:00,16.21052610110973
2026-05-10 23:36:00,16.21052610110973
2026-05-10 23:37:00,16.21052610110973
2026-05-10 23:38:00,16.21052610110973
2026-05-10 23:39:00,16.21052610110973
2026-05-10 23:40:00,16.21052610110973
2026-05-10 23:41:00,16.21052610110973
2026-05-10 23:42:00,16.21052610110973
2026-05-10 23:43:00,16.21052610110973
2026-05-10 23:44:00,16.21052610110973
2026-05-10 23:45:00,16.21052610110973
2026-05-10 23:46:00,16.21052610110973
2026-05-10 23:47:00,16.21052610110973
2026-05-10 23:48:00,16.21052610110973
2026-05-10 23:49:00,16.21052610110973
2026-05-10 23:50:00,16.21052610110973
2026-05-10 23:51:00,16.21052610110973
2026-05-10 23:52:00,16.21052610110973
2026-05-10 23:53:00,16.21052610110973
2026-05-10 23:54:00,16.21052610110973
2026-05-10 23:55:00,16.21052610110973
2026-05-10 23:56:00,16.21052610110973
2026-05-10 23:57:00,16.21052610110973
2026-05-10 23:58:00,16.21052610110973
2026-05-10 23:59:00,16.21052610110973
2026-05-11 00:00:00,16.21052610110973
2026-05-11 00:01:00,16.21052610110973
2026-05-11 00:02:00,16.21052610110973
2026-05-11 00:03:00,16.21052610110973
2026-05-11 00:04:00,16.21052610110973
2026-05-11 00:05:00,16.21052610110973
2026-05-11 00:06:00,16.21052610110973
2026-05-11 00:07:00,16.21052610110973
2026-05-11 00:08:00,16.21052610110973
2026-05-11 00:09:00,16.21052610110973
2026-05-11 00:10:00,16.21052610110973
2026-05-11 00:11:00,16.21052610110973
2026-05-11 00:12:00,16.21052610110973
2026-05-11 00:13:00,16.21052610110973
2026-05-11 00:14:00,16.21052610110973
2026-05-11 00:15:00,16.21052610110973
2026-05-11 00:16:00,16.21052610110973
2026-05-11 00:17:00,16.21052610110973
2026-05-11 00:18:00,16.21052610110973
2026-05-11 00:19:00,16.21052610110973
2026-05-11 00:20:00,16.21052610110973
2026-05-11 00:21:00,16.21052610110973
2026-05-11 00:22:00,16.21052610110973
2026-05-11 00:23:00,16.21052610110973
2026-05-11 00:24:00,16.21052610110973
2026-05-11 00:25:00,16.21052610110973
2026-05-11 00:26:00,16.21052610110973
2026-05-11 00:27:00,16.21052610110973
2026-05-11 00:28:00,16.21052610110973
2026-05-11 00:29:00,16.21052610110973
2026-05-11 00:30:00,16.21052610110973
2026-05-11 00:31:00,16.21052610110973
2026-05-11 00:32:00,16.21052610110973
2026-05-11 00:33:00,16.21052610110973
2026-05-11 00:34:00,16.21052610110973
2026-05-11 00:35:00,16.21052610110973
2026-05-11 00:36:00,16.21052610110973
2026-05-11 00:37:00,16.21052610110973
2026-05-11 00:38:00,16.21052610110973
2026-05-11 00:39:00,16.21052610110973
2026-05-11 00:40:00,16.21052610110973
2026-05-11 00:41:00,16.21052610110973
2026-05-11 00:42:00,16.21052610110973
2026-05-11 00:43:00,16.21052610110973
2026-05-11 00:44:00,16.21052610110973
2026-05-11 00:45:00,16.21052610110973
2026-05-11 00:46:00,16.21052610110973
2026-05-11 00:47:00,16.21052610110973
2026-05-11 00:48:00,16.21052610110973
2026-05-11 00:49:00,16.21052610110973
2026-05-11 00:50:00,16.21052610110973
2026-05-11 00:51:00,16.21052610110973
2026-05-11 00:52:00,16.21052610110973
2026-05-11 00:53:00,16.21052610110973
2026-05-11 00:54:00,16.21052610110973
2026-05-11 00:55:00,16.21052610110973
2026-05-11 00:56:00,16.21052610110973
2026-05-11 00:57:00,16.21052610110973
2026-05-11 00:58:00,16.21052610110973
2026-05-11 00:59:00,16.21052610110973
2026-05-11 01:00:00,16.21052610110973
2026-05-11 01:01:00,16.21052610110973
2026-05-11 01:02:00,16.21052610110973
2026-05-11 01:03:00,16.21052610110973
2026-05-11 01:04:00,16.21052610110973
2026-05-11 01:05:00,16.21052610110973
2026-05-11 01:06:00,16.21052610110973
2026-05-11 01:07:00,16.21052610110973
2026-05-11 01:08:00,16.21052610110973
2026-05-11 01:09:00,16.21052610110973
2026-05-11 01:10:00,16.21052610110973
2026-05-11 01:11:00,16.21052610110973
2026-05-11 01:12:00,16.21052610110973
2026-05-11 01:13:00,16.21052610110973
2026-05-11 01:14:00,16.21052610110973
2026-05-11 01:15:00,16.21052610110973
2026-05-11 01:16:00,16.21052610110973
2026-05-11 01:17:00,16.21052610110973
2026-05-11 01:18:00,16.21052610110973
2026-05-11 01:19:00,16.21052610110973
2026-05-11 01:20:00,16.21052610110973
2026-05-11 01:21:00,16.21052610110973
2026-05-11 01:22:00,16.21052610110973
2026-05-11 01:23:00,16.21052610110973
2026-05-11 01:24:00,16.21052610110973
2026-05-11 01:25:00,16.21052610110973
2026-05-11 01:26:00,16.21052610110973
2026-05-11 01:27:00,16.21052610110973
2026-05-11 01:28:00,16.21052610110973
2026-05-11 01:29:00,16.21052610110973
2026-05-11 01:30:00,16.21052610110973
2026-05-11 01:31:00,16.21052610110973
2026-05-11 01:32:00,16.21052610110973
2026-05-11 01:33:00,16.21052610110973
2026-05-11 01:34:00,16.21052610110973
2026-05-11 01:35:00,16.21052610110973
2026-05-11 01:36:00,16.21052610110973
2026-05-11 01:37:00,16.21052610110973
2026-05-11 01:38:00,16.21052610110973
2026-05-11 01:39:00,16.21052610110973
2026-05-11 01:40:00,16.21052610110973
2026-05-11 01:41:00,16.21052610110973
2026-05-11 01:42:00,16.21052610110973
2026-05-11 01:43:00,16.21052610110973
2026-05-11 01:44:00,16.21052610110973
2026-05-11 01:45:00,16.21052610110973
2026-05-11 01:46:00,16.21052610110973
2026-05-11 01:47:00,16.21052610110973
2026-05-11 01:48:00,16.21052610110973
2026-05-11 01:49:00,16.21052610110973
2026-05-11 01:50:00,16.21052610110973
2026-05-11 01:51:00,16.21052610110973
2026-05-11 01:52:00,16.21052610110973
2026-05-11 01:53:00,16.21052610110973
2026-05-11 01:54:00,16.21052610110973
2026-05-11 01:55:00,16.21052610110973
2026-05-11 01:56:00,16.21052610110973
2026-05-11 01:57:00,16.21052610110973
2026-05-11 01:58:00,16.21052610110973
2026-05-11 01:59:00,16.21052610110973
2026-05-11 02:00:00,16.21052610110973
2026-05-11 02:01:00,16.21052610110973
2026-05-11 02:02:00,16.21052610110973
2026-05-11 02:03:00,16.21052610110973
2026-05-11 02:04:00,16.21052610110973
2026-05-11 02:05:00,16.21052610110973
2026-05-11 02:06:00,16.21052610110973
2026-05-11 02:07:00,16.21052610110973
2026-05-11 02:08:00,16.21052610110973
2026-05-11 02:09:00,16.21052610110973
2026-05-11 02:10:00,16.21052610110973
2026-05-11 02:11:00,16.21052610110973
2026-05-11 02:12:00,16.21052610110973
2026-05-11 02:13:00,16.21052610110973
2026-05-11 02:14:00,16.21052610110973
2026-05-11 02:15:00,16.21052610110973
2026-05-11 02:16:00,16.21052610110973
2026-05-11 02:17:00,16.21052610110973
2026-05-11 02:18:00,16.21052610110973
2026-05-11 02:19:00,16.21052610110973
2026-05-11 02:20:00,16.21052610110973
2026-05-11 02:21:00,16.21052610110973
2026-05-11 02:22:00,16.21052610110973
2026-05-11 02:23:00,16.21052610110973
2026-05-11 02:24:00,16.21052610110973
2026-05-11 02:25:00,16.21052610110973
2026-05-11 02:26:00,16.21052610110973
2026-05-11 02:27:00,16.21052610110973
2026-05-11 02:28:00,16.21052610110973
2026-05-11 02:29:00,16.21052610110973
2026-05-11 02:30:00,16.21052610110973
2026-05-11 02:31:00,16.21052610110973
2026-05-11 02:32:00,16.21052610110973
2026-05-11 02:33:00,16.21052610110973
2026-05-11 02:34:00,16.21052610110973
2026-05-11 02:35:00,16.21052610110973
2026-05-11 02:36:00,16.21052610110973
2026-05-11 02:37:00,16.21052610110973
2026-05-11 02:38:00,16.21052610110973
2026-05-11 02:39:00,16.21052610110973
2026-05-11 02:40:00,16.21052610110973
2026-05-11 02:41:00,16.21052610110973
2026-05-11 02:42:00,16.21052610110973
2026-05-11 02:43:00,16.21052610110973
2026-05-11 02:44:00,16.21052610110973
2026-05-11 02:45:00,16.21052610110973
2026-05-11 02:46:00,16.21052610110973
2026-05-11 02:47:00,16.21052610110973
2026-05-11 02:48:00,16.21052610110973
2026-05-11 02:49:00,16.21052610110973
2026-05-11 02:50:00,16.21052610110973
2026-05-11 02:51:00,16.21052610110973
2026-05-11 02:52:00,16.21052610110973
2026-05-11 02:53:00,16.21052610110973
2026-05-11 02:54:00,16.21052610110973
2026-05-11 02:55:00,16.21052610110973
2026-05-11 02:56:00,16.21052610110973
2026-05-11 02:57:00,16.21052610110973
2026-05-11 02:58:00,16.21052610110973
2026-05-11 02:59:00,16.21052610110973
2026-05-11 03:00:00,16.21052610110973
2026-05-11 03:01:00,16.21052610110973
2026-05-11 03:02:00,16.21052610110973
2026-05-11 03:03:00,16.21052610110973
2026-05-11 03:04:00,16.21052610110973
2026-05-11 03:05:00,16.21052610110973
2026-05-11 03:06:00,16.21052610110973
2026-05-11 03:07:00,16.21052610110973
2026-05-11 03:08:00,16.21052610110973
2026-05-11 03:09:00,16.21052610110973
2026-05-11 03:10:00,16.21052610110973
2026-05-11 03:11:00,16.21052610110973
2026-05-11 03:12:00,16.21052610110973
2026-05-11 03:13:00,16.21052610110973
2026-05-11 03:14:00,16.21052610110973
2026-05-11 03:15:00,16.21052610110973
2026-05-11 03:16:00,16.21052610110973
2026-05-11 03:17:00,16.21052610110973
2026-05-11 03:18:00,16.21052610110973
2026-05-11 03:19:00,16.21052610110973
2026-05-11 03:20:00,16.21052610110973
2026-05-11 03:21:00,16.21052610110973
2026-05-11 03:22:00,16.21052610110973
2026-05-11 03:23:00,16.21052610110973
2026-05-11 03:24:00,16.21052610110973
2026-05-11 03:25:00,16.21052610110973
2026-05-11 03:26:00,16.21052610110973
2026-05-11 03:27:00,16.21052610110973
2026-05-11 03:28:00,16.21052610110973
2026-05-11 03:29:00,16.21052610110973
2026-05-11 03:30:00,16.21052610110973
2026-05-11 03:31:00,16.21052610110973
2026-05-11 03:32:00,16.21052610110973
2026-05-11 03:33:00,16.21052610110973
2026-05-11 03:34:00,16.21052610110973
2026-05-11 03:35:00,16.21052610110973
2026-05-11 03:36:00,16.21052610110973
2026-05-11 03:37:00,16.21052610110973
2026-05-11 03:38:00,16.21052610110973
2026-05-11 03:39:00,16.21052610110973
2026-05-11 03:40:00,16.21052610110973
2026-05-11 03:41:00,16.21052610110973
2026-05-11 03:42:00,16.21052610110973
2026-05-11 03:43:00,16.21052610110973
2026-05-11 03:44:00,16.21052610110973
2026-05-11 03:45:00,16.21052610110973
2026-05-11 03:46:00,16.21052610110973
2026-05-11 03:47:00,16.21052610110973
2026-05-11 03:48:00,16.21052610110973
2026-05-11 03:49:00,16.21052610110973
2026-05-11 03:50:00,16.21052610110973
2026-05-11 03:51:00,16.21052610110973
2026-05-11 03:52:00,16.21052610110973
2026-05-11 03:53:00,16.21052610110973
2026-05-11 03:54:00,16.21052610110973
2026-05-11 03:55:00,16.21052610110973
2026-05-11 03:56:00,16.21052610110973
2026-05-11 03:57:00,16.21052610110973
2026-05-11 03:58:00,16.21052610110973
2026-05-11 03:59:00,16.21052610110973
2026-05-11 04:00:00,16.21052610110973
2026-05-11 04:01:00,16.21052610110973
2026-05-11 04:02:00,16.21052610110973
2026-05-11 04:03:00,16.21052610110973
2026-05-11 04:04:00,16.21052610110973
2026-05-11 04:05:00,16.21052610110973
2026-05-11 04:06:00,16.21052610110973
2026-05-11 04:07:00,16.21052610110973
2026-05-11 04:08:00,16.21052610110973
2026-05-11 04:09:00,16.21052610110973
2026-05-11 04:10:00,16.21052610110973
2026-05-11 04:11:00,16.21052610110973
2026-05-11 04:12:00,16.21052610110973
2026-05-11 04:13:00,16.21052610110973
2026-05-11 04:14:00,16.21052610110973
2026-05-11 04:15:00,16.21052610110973
2026-05-11 04:16:00,16.21052610110973
2026-05-11 04:17:00,16.21052610110973
2026-05-11 04:18:00,16.21052610110973
2026-05-11 04:19:00,16.21052610110973
2026-05-11 04:20:00,16.21052610110973
2026-05-11 04:21:00,16.21052610110973
2026-05-11 04:22:00,16.21052610110973
2026-05-11 04:23:00,16.21052610110973
2026-05-11 04:24:00,16.21052610110973
2026-05-11 04:25:00,16.21052610110973
2026-05-11 04:26:00,16.21052610110973
2026-05-11 04:27:00,16.21052610110973
2026-05-11 04:28:00,16.21052610110973
2026-05-11 04:29:00,16.21052610110973
2026-05-11 04:30:00,16.21052610110973
2026-05-11 04:31:00,16.21052610110973
2026-05-11 04:32:00,16.21052610110973
2026-05-11 04:33:00,16.21052610110973
2026-05-11 04:34:00,16.21052610110973
2026-05-11 04:35:00,16.21052610110973
2026-05-11 04:36:00,16.21052610110973
2026-05-11 04:37:00,16.21052610110973
2026-05-11 04:38:00,16.21052610110973
2026-05-11 04:39:00,16.21052610110973
2026-05-11 04:40:00,16.21052610110973
2026-05-11 04:41:00,16.21052610110973
2026-05-11 04:42:00,16.21052610110973
2026-05-11 04:43:00,16.21052610110973
2026-05-11 04:44:00,16.21052610110973
2026-05-11 04:45:00,16.21052610110973
2026-05-11 04:46:00,16.21052610110973
2026-05-11 04:47:00,16.21052610110973
2026-05-11 04:48:00,16.21052610110973
2026-05-11 04:49:00,16.21052610110973
2026-05-11 04:50:00,16.21052610110973
2026-05-11 04:51:00,16.21052610110973
2026-05-11 04:52:00,16.21052610110973
2026-05-11 04:53:00,16.21052610110973
2026-05-11 04:54:00,16.21052610110973
2026-05-11 04:55:00,16.21052610110973
2026-05-11 04:56:00,16.21052610110973
2026-05-11 04:57:00,16.21052610110973
2026-05-11 04:58:00,16.21052610110973
2026-05-11 04:59:00,16.21052610110973
2026-05-11 05:00:00,16.21052610110973
2026-05-11 05:01:00,16.21052610110973
2026-05-11 05:02:00,16.21052610110973
2026-05-11 05:03:00,16.21052610110973
2026-05-11 05:04:00,16.21052610110973
2026-05-11 05:05:00,16.21052610110973
2026-05-11 05:06:00,16.21052610110973
2026-05-11 05:07:00,16.21052610110973
2026-05-11 05:08:00,16.21052610110973
2026-05-11 05:09:00,16.21052610110973
2026-05-11 05:10:00,16.21052610110973
2026-05-11 05:11:00,16.21052610110973
2026-05-11 05:12:00,16.21052610110973
2026-05-11 05:13:00,16.21052610110973
2026-05-11 05:14:00,16.21052610110973
2026-05-11 05:15:00,16.21052610110973
2026-05-11 05:16:00,16.21052610110973
2026-05-11 05:17:00,16.21052610110973
2026-05-11 05:18:00,16.21052610110973
2026-05-11 05:19:00,16.21052610110973
2026-05-11 05:20:00,16.21052610110973
2026-05-11 05:21:00,16.21052610110973
2026-05-11 05:22:00,16.21052610110973
2026-05-11 05:23:00,16.21052610110973
2026-05-11 05:24:00,16.21052610110973
2026-05-11 05:25:00,16.21052610110973
2026-05-11 05:26:00,16.21052610110973
2026-05-11 05:27:00,16.21052610110973
2026-05-11 05:28:00,16.21052610110973
2026-05-11 05:29:00,16.21052610110973
2026-05-11 05:30:00,16.21052610110973
2026-05-11 05:31:00,16.21052610110973
2026-05-11 05:32:00,16.21052610110973
2026-05-11 05:33:00,16.21052610110973
2026-05-11 05:34:00,16.21052610110973
2026-05-11 05:35:00,16.21052610110973
2026-05-11 05:36:00,16.21052610110973
2026-05-11 05:37:00,16.21052610110973
2026-05-11 05:38:00,16.21052610110973
2026-05-11 05:39:00,16.21052610110973
2026-05-11 05:40:00,16.21052610110973
2026-05-11 05:41:00,16.21052610110973
2026-05-11 05:42:00,16.21052610110973
2026-05-11 05:43:00,16.21052610110973
2026-05-11 05:44:00,16.21052610110973
2026-05-11 05:45:00,16.21052610110973
2026-05-11 05:46:00,16.21052610110973
2026-05-11 05:47:00,16.21052610110973
2026-05-11 05:48:00,16.21052610110973
2026-05-11 05:49:00,16.21052610110973
2026-05-11 05:50:00,16.21052610110973
2026-05-11 05:51:00,16.21052610110973
2026-05-11 05:52:00,16.21052610110973
2026-05-11 05:53:00,16.21052610110973
2026-05-11 05:54:00,16.21052610110973
2026-05-11 05:55:00,16.21052610110973
2026-05-11 05:56:00,16.21052610110973
2026-05-11 05:57:00,16.21052610110973
2026-05-11 05:58:00,16.21052610110973
2026-05-11 05:59:00,16.21052610110973
2026-05-11 06:00:00,16.21052610110973
2026-05-11 06:01:00,16.21052610110973
2026-05-11 06:02:00,16.21052610110973
2026-05-11 06:03:00,16.21052610110973
2026-05-11 06:04:00,16.21052610110973
2026-05-11 06:05:00,16.21052610110973
2026-05-11 06:06:00,16.21052610110973
2026-05-11 06:07:00,16.21052610110973
2026-05-11 06:08:00,16.21052610110973
2026-05-11 06:09:00,16.21052610110973
2026-05-11 06:10:00,16.21052610110973
2026-05-11 06:11:00,16.21052610110973
2026-05-11 06:12:00,16.21052610110973
2026-05-11 06:13:00,16.21052610110973
2026-05-11 06:14:00,16.21052610110973
2026-05-11 06:15:00,16.21052610110973
2026-05-11 06:16:00,16.21052610110973
2026-05-11 06:17:00,16.21052610110973
2026-05-11 06:18:00,16.21052610110973
2026-05-11 06:19:00,16.21052610110973
2026-05-11 06:20:00,16.21052610110973
2026-05-11 06:21:00,16.21052610110973
2026-05-11 06:22:00,16.21052610110973
2026-05-11 06:23:00,16.21052610110973
2026-05-11 06:24:00,16.21052610110973
2026-05-11 06:25:00,16.21052610110973
2026-05-11 06:26:00,16.21052610110973
2026-05-11 06:27:00,16.21052610110973
2026-05-11 06:28:00,16.21052610110973
2026-05-11 06:29:00,16.21052610110973
2026-05-11 06:30:00,16.21052610110973
2026-05-11 06:31:00,16.21052610110973
2026-05-11 06:32:00,16.21052610110973
2026-05-11 06:33:00,16.21052610110973
2026-05-11 06:34:00,16.21052610110973
2026-05-11 06:35:00,16.21052610110973
2026-05-11 06:36:00,16.21052610110973
2026-05-11 06:37:00,16.21052610110973
2026-05-11 06:38:00,16.21052610110973
2026-05-11 06:39:00,16.21052610110973
2026-05-11 06:40:00,16.21052610110973
2026-05-11 06:41:00,16.21052610110973
2026-05-11 06:42:00,16.21052610110973
2026-05-11 06:43:00,16.21052610110973
2026-05-11 06:44:00,16.21052610110973
2026-05-11 06:45:00,16.21052610110973
2026-05-11 06:46:00,16.21052610110973
2026-05-11 06:47:00,16.21052610110973
2026-05-11 06:48:00,16.21052610110973
2026-05-11 06:49:00,16.21052610110973
2026-05-11 06:50:00,16.21052610110973
2026-05-11 06:51:00,16.21052610110973
2026-05-11 06:52:00,16.21052610110973
2026-05-11 06:53:00,16.21052610110973
2026-05-11 06:54:00,16.21052610110973
2026-05-11 06:55:00,16.21052610110973
2026-05-11 06:56:00,16.21052610110973
2026-05-11 06:57:00,16.21052610110973
2026-05-11 06:58:00,16.21052610110973
2026-05-11 06:59:00,16.21052610110973
2026-05-11 07:00:00,16.21052610110973
2026-05-11 07:01:00,16.21052610110973
2026-05-11 07:02:00,16.21052610110973
2026-05-11 07:03:00,16.21052610110973
2026-05-11 07:04:00,16.21052610110973
2026-05-11 07:05:00,16.21052610110973
2026-05-11 07:06:00,16.21052610110973
2026-05-11 07:07:00,16.21052610110973
2026-05-11 07:08:00,16.21052610110973
2026-05-11 07:09:00,16.21052610110973
2026-05-11 07:10:00,16.21052610110973
2026-05-11 07:11:00,16.21052610110973
2026-05-11 07:12:00,16.21052610110973
2026-05-11 07:13:00,16.21052610110973
2026-05-11 07:14:00,16.21052610110973
2026-05-11 07:15:00,16.21052610110973
2026-05-11 07:16:00,16.21052610110973
2026-05-11 07:17:00,16.21052610110973
2026-05-11 07:18:00,16.21052610110973
2026-05-11 07:19:00,16.21052610110973
2026-05-11 07:20:00,16.21052610110973
2026-05-11 07:21:00,16.21052610110973
2026-05-11 07:22:00,16.21052610110973
2026-05-11 07:23:00,16.21052610110973
2026-05-11 07:24:00,16.21052610110973
2026-05-11 07:25:00,16.21052610110973
2026-05-11 07:26:00,16.21052610110973
2026-05-11 07:27:00,16.21052610110973
2026-05-11 07:28:00,16.21052610110973
2026-05-11 07:29:00,16.21052610110973
2026-05-11 07:30:00,16.21052610110973
2026-05-11 07:31:00,16.21052610110973
2026-05-11 07:32:00,16.21052610110973
2026-05-11 07:33:00,16.21052610110973
2026-05-11 07:34:00,16.21052610110973
2026-05-11 07:35:00,16.21052610110973
2026-05-11 07:36:00,16.21052610110973
2026-05-11 07:37:00,16.21052610110973
2026-05-11 07:38:00,16.21052610110973
2026-05-11 07:39:00,16.21052610110973
2026-05-11 07:40:00,16.21052610110973
2026-05-11 07:41:00,16.21052610110973
2026-05-11 07:42:00,16.21052610110973
2026-05-11 07:43:00,16.21052610110973
2026-05-11 07:44:00,16.21052610110973
2026-05-11 07:45:00,16.21052610110973
2026-05-11 07:46:00,16.21052610110973
2026-05-11 07:47:00,16.21052610110973
2026-05-11 07:48:00,16.21052610110973
2026-05-11 07:49:00,16.21052610110973
2026-05-11 07:50:00,16.21052610110973
2026-05-11 07:51:00,16.21052610110973
2026-05-11 07:52:00,16.21052610110973
2026-05-11 07:53:00,16.21052610110973
2026-05-11 07:54:00,16.21052610110973
2026-05-11 07:55:00,16.21052610110973
2026-05-11 07:56:00,16.21052610110973
2026-05-11 07:57:00,16.21052610110973
2026-05-11 07:58:00,16.21052610110973
2026-05-11 07:59:00,16.21052610110973
2026-05-11 08:00:00,16.21052610110973
2026-05-11 08:01:00,16.21052610110973
2026-05-11 08:02:00,16.21052610110973
2026-05-11 08:03:00,16.21052610110973
2026-05-11 08:04:00,16.21052610110973
2026-05-11 08:05:00,16.21052610110973
2026-05-11 08:06:00,16.21052610110973
2026-05-11 08:07:00,16.21052610110973
2026-05-11 08:08:00,16.21052610110973
2026-05-11 08:09:00,16.21052610110973
2026-05-11 08:10:00,16.21052610110973
2026-05-11 08:11:00,16.21052610110973
2026-05-11 08:12:00,16.21052610110973
2026-05-11 08:13:00,16.21052610110973
2026-05-11 08:14:00,16.21052610110973
2026-05-11 08:15:00,16.21052610110973
2026-05-11 08:16:00,16.21052610110973
2026-05-11 08:17:00,16.21052610110973
2026-05-11 08:18:00,16.21052610110973
2026-05-11 08:19:00,16.21052610110973
2026-05-11 08:20:00,16.21052610110973
2026-05-11 08:21:00,16.21052610110973
2026-05-11 08:22:00,16.21052610110973
2026-05-11 08:23:00,16.21052610110973
2026-05-11 08:24:00,16.21052610110973
2026-05-11 08:25:00,16.21052610110973
2026-05-11 08:26:00,16.21052610110973
2026-05-11 08:27:00,16.21052610110973
2026-05-11 08:28:00,16.21052610110973
2026-05-11 08:29:00,16.21052610110973
2026-05-11 08:30:00,16.21052610110973
2026-05-11 08:31:00,16.21052610110973
2026-05-11 08:32:00,16.21052610110973
2026-05-11 08:33:00,16.21052610110973
2026-05-11 08:34:00,16.21052610110973
2026-05-11 08:35:00,16.21052610110973
2026-05-11 08:36:00,16.21052610110973
2026-05-11 08:37:00,16.21052610110973
2026-05-11 08:38:00,16.21052610110973
2026-05-11 08:39:00,16.21052610110973
2026-05-11 08:40:00,16.21052610110973
2026-05-11 08:41:00,16.21052610110973
2026-05-11 08:42:00,16.21052610110973
2026-05-11 08:43:00,16.21052610110973
2026-05-11 08:44:00,16.21052610110973
2026-05-11 08:45:00,16.21052610110973
2026-05-11 08:46:00,16.21052610110973
2026-05-11 08:47:00,16.21052610110973
2026-05-11 08:48:00,16.21052610110973
2026-05-11 08:49:00,16.21052610110973
2026-05-11 08:50:00,16.21052610110973
2026-05-11 08:51:00,16.21052610110973
2026-05-11 08:52:00,16.21052610110973
2026-05-11 08:53:00,16.21052610110973
2026-05-11 08:54:00,16.21052610110973
2026-05-11 08:55:00,16.21052610110973
2026-05-11 08:56:00,16.21052610110973
2026-05-11 08:57:00,16.21052610110973
2026-05-11 08:58:00,16.21052610110973
2026-05-11 08:59:00,16.21052610110973
2026-05-11 09:00:00,16.21052610110973
2026-05-11 09:01:00,16.21052610110973
2026-05-11 09:02:00,16.21052610110973
2026-05-11 09:03:00,16.21052610110973
2026-05-11 09:04:00,16.21052610110973
2026-05-11 09:05:00,16.21052610110973
2026-05-11 09:06:00,16.21052610110973
2026-05-11 09:07:00,16.21052610110973
2026-05-11 09:08:00,16.21052610110973
2026-05-11 09:09:00,16.21052610110973
2026-05-11 09:10:00,16.21052610110973
2026-05-11 09:11:00,16.21052610110973
2026-05-11 09:12:00,16.21052610110973
2026-05-11 09:13:00,16.21052610110973
2026-05-11 09:14:00,16.21052610110973
2026-05-11 09:15:00,16.21052610110973
2026-05-11 09:16:00,16.21052610110973
2026-05-11 09:17:00,16.21052610110973
2026-05-11 09:18:00,16.21052610110973
2026-05-11 09:19:00,16.21052610110973
2026-05-11 09:20:00,16.21052610110973
2026-05-11 09:21:00,16.21052610110973
2026-05-11 09:22:00,16.21052610110973
2026-05-11 09:23:00,16.21052610110973
2026-05-11 09:24:00,16.21052610110973
2026-05-11 09:25:00,16.21052610110973
2026-05-11 09:26:00,16.21052610110973
2026-05-11 09:27:00,16.21052610110973
2026-05-11 09:28:00,16.21052610110973
2026-05-11 09:29:00,16.21052610110973
2026-05-11 09:30:00,16.21052610110973
2026-05-11 09:31:00,16.21052610110973
2026-05-11 09:32:00,16.21052610110973
2026-05-11 09:33:00,16.21052610110973
2026-05-11 09:34:00,16.21052610110973
2026-05-11 09:35:00,16.21052610110973
2026-05-11 09:36:00,16.21052610110973
2026-05-11 09:37:00,16.21052610110973
2026-05-11 09:38:00,16.21052610110973
2026-05-11 09:39:00,16.21052610110973
2026-05-11 09:40:00,16.21052610110973
2026-05-11 09:41:00,16.21052610110973
2026-05-11 09:42:00,16.21052610110973
2026-05-11 09:43:00,16.21052610110973
2026-05-11 09:44:00,16.21052610110973
2026-05-11 09:45:00,16.21052610110973
2026-05-11 09:46:00,16.21052610110973
2026-05-11 09:47:00,16.21052610110973
2026-05-11 09:48:00,16.21052610110973
2026-05-11 09:49:00,16.21052610110973
2026-05-11 09:50:00,16.21052610110973
2026-05-11 09:51:00,16.21052610110973
2026-05-11 09:52:00,16.21052610110973
2026-05-11 09:53:00,16.21052610110973
2026-05-11 09:54:00,16.21052610110973
2026-05-11 09:55:00,16.21052610110973
2026-05-11 09:56:00,16.21052610110973
2026-05-11 09:57:00,16.21052610110973
2026-05-11 09:58:00,16.21052610110973
2026-05-11 09:59:00,16.21052610110973
2026-05-11 10:00:00,16.21052610110973
2026-05-11 10:01:00,16.21052610110973
2026-05-11 10:02:00,16.21052610110973
2026-05-11 10:03:00,16.21052610110973
2026-05-11 10:04:00,16.21052610110973
2026-05-11 10:05:00,16.21052610110973
2026-05-11 10:06:00,16.21052610110973
2026-05-11 10:07:00,16.21052610110973
2026-05-11 10:08:00,16.21052610110973
2026-05-11 10:09:00,16.21052610110973
2026-05-11 10:10:00,16.21052610110973
2026-05-11 10:11:00,16.21052610110973
2026-05-11 10:12:00,16.21052610110973
2026-05-11 10:13:00,16.21052610110973
2026-05-11 10:14:00,16.21052610110973
2026-05-11 10:15:00,16.21052610110973
2026-05-11 10:16:00,16.21052610110973
2026-05-11 10:17:00,16.21052610110973
2026-05-11 10:18:00,16.21052610110973
2026-05-11 10:19:00,16.21052610110973
2026-05-11 10:20:00,16.21052610110973
2026-05-11 10:21:00,16.21052610110973
2026-05-11 10:22:00,16.21052610110973
2026-05-11 10:23:00,16.21052610110973
2026-05-11 10:24:00,16.21052610110973
2026-05-11 10:25:00,16.21052610110973
2026-05-11 10:26:00,16.21052610110973
2026-05-11 10:27:00,16.21052610110973
2026-05-11 10:28:00,16.21052610110973
2026-05-11 10:29:00,16.21052610110973
2026-05-11 10:30:00,16.21052610110973
2026-05-11 10:31:00,16.21052610110973
2026-05-11 10:32:00,16.21052610110973
2026-05-11 10:33:00,16.21052610110973
2026-05-11 10:34:00,16.21052610110973
2026-05-11 10:35:00,16.21052610110973
2026-05-11 10:36:00,16.21052610110973
2026-05-11 10:37:00,16.21052610110973
2026-05-11 10:38:00,16.21052610110973
2026-05-11 10:39:00,16.21052610110973
2026-05-11 10:40:00,16.21052610110973
2026-05-11 10:41:00,16.21052610110973
2026-05-11 10:42:00,16.21052610110973
2026-05-11 10:43:00,16.21052610110973
2026-05-11 10:44:00,16.21052610110973
2026-05-11 10:45:00,16.21052610110973
2026-05-11 10:46:00,16.21052610110973
2026-05-11 10:47:00,16.21052610110973
2026-05-11 10:48:00,16.21052610110973
2026-05-11 10:49:00,16.21052610110973
2026-05-11 10:50:00,16.21052610110973
2026-05-11 10:51:00,16.21052610110973
2026-05-11 10:52:00,16.21052610110973
2026-05-11 10:53:00,16.21052610110973
2026-05-11 10:54:00,16.21052610110973
2026-05-11 10:55:00,16.21052610110973
2026-05-11 10:56:00,16.21052610110973
2026-05-11 10:57:00,16.21052610110973
2026-05-11 10:58:00,16.21052610110973
2026-05-11 10:59:00,16.21052610110973
2026-05-11 11:00:00,16.21052610110973
2026-05-11 11:01:00,16.21052610110973
2026-05-11 11:02:00,16.21052610110973
2026-05-11 11:03:00,16.21052610110973
2026-05-11 11:04:00,16.21052610110973
2026-05-11 11:05:00,16.21052610110973
2026-05-11 11:06:00,16.21052610110973
2026-05-11 11:07:00,16.21052610110973
2026-05-11 11:08:00,16.21052610110973
2026-05-11 11:09:00,16.21052610110973
2026-05-11 11:10:00,16.21052610110973
2026-05-11 11:11:00,16.21052610110973
2026-05-11 11:12:00,16.21052610110973
2026-05-11 11:13:00,16.21052610110973
2026-05-11 11:14:00,16.21052610110973
2026-05-11 11:15:00,16.21052610110973
2026-05-11 11:16:00,16.21052610110973
2026-05-11 11:17:00,16.21052610110973
2026-05-11 11:18:00,16.21052610110973
2026-05-11 11:19:00,16.21052610110973
2026-05-11 11:20:00,16.21052610110973
2026-05-11 11:21:00,16.21052610110973
2026-05-11 11:22:00,16.21052610110973
2026-05-11 11:23:00,16.21052610110973
2026-05-11 11:24:00,16.21052610110973
2026-05-11 11:25:00,16.21052610110973
2026-05-11 11:26:00,16.21052610110973
2026-05-11 11:27:00,16.21052610110973
2026-05-11 11:28:00,16.21052610110973
2026-05-11 11:29:00,16.21052610110973
2026-05-11 11:30:00,16.21052610110973
2026-05-11 11:31:00,16.21052610110973
2026-05-11 11:32:00,16.21052610110973
2026-05-11 11:33:00,16.21052610110973
2026-05-11 11:34:00,16.21052610110973
2026-05-11 11:35:00,16.21052610110973
2026-05-11 11:36:00,16.21052610110973
2026-05-11 11:37:00,16.21052610110973
2026-05-11 11:38:00,16.21052610110973
2026-05-11 11:39:00,16.21052610110973
2026-05-11 11:40:00,16.21052610110973
2026-05-11 11:41:00,16.21052610110973
2026-05-11 11:42:00,16.21052610110973
2026-05-11 11:43:00,16.21052610110973
2026-05-11 11:44:00,16.21052610110973
2026-05-11 11:45:00,16.21052610110973
2026-05-11 11:46:00,16.21052610110973
2026-05-11 11:47:00,16.21052610110973
2026-05-11 11:48:00,16.21052610110973
2026-05-11 11:49:00,16.21052610110973
2026-05-11 11:50:00,16.21052610110973
2026-05-11 11:51:00,16.21052610110973
2026-05-11 11:52:00,16.21052610110973
2026-05-11 11:53:00,16.21052610110973
2026-05-11 11:54:00,16.21052610110973
2026-05-11 11:55:00,16.21052610110973
2026-05-11 11:56:00,16.21052610110973
2026-05-11 11:57:00,16.21052610110973
2026-05-11 11:58:00,16.21052610110973
2026-05-11 11:59:00,16.21052610110973
2026-05-11 12:00:00,16.21052610110973
2026-05-11 12:01:00,16.21052610110973
2026-05-11 12:02:00,16.21052610110973
2026-05-11 12:03:00,16.21052610110973
2026-05-11 12:04:00,16.21052610110973
2026-05-11 12:05:00,16.21052610110973
2026-05-11 12:06:00,16.21052610110973
2026-05-11 12:07:00,16.21052610110973
2026-05-11 12:08:00,16.21052610110973
2026-05-11 12:09:00,16.21052610110973
2026-05-11 12:10:00,16.21052610110973
2026-05-11 12:11:00,16.21052610110973
2026-05-11 12:12:00,16.21052610110973
2026-05-11 12:13:00,16.21052610110973
2026-05-11 12:14:00,16.21052610110973
2026-05-11 12:15:00,16.21052610110973
2026-05-11 12:16:00,16.21052610110973
2026-05-11 12:17:00,16.21052610110973
2026-05-11 12:18:00,16.21052610110973
2026-05-11 12:19:00,16.21052610110973
2026-05-11 12:20:00,16.21052610110973
2026-05-11 12:21:00,16.21052610110973
2026-05-11 12:22:00,16.21052610110973
2026-05-11 12:23:00,16.21052610110973
2026-05-11 12:24:00,16.21052610110973
2026-05-11 12:25:00,16.21052610110973
2026-05-11 12:26:00,16.21052610110973
2026-05-11 12:27:00,16.21052610110973
2026-05-11 12:28:00,16.21052610110973
2026-05-11 12:29:00,16.21052610110973
2026-05-11 12:30:00,16.21052610110973
2026-05-11 12:31:00,16.21052610110973
2026-05-11 12:32:00,16.21052610110973
2026-05-11 12:33:00,16.21052610110973
2026-05-11 12:34:00,16.21052610110973
2026-05-11 12:35:00,16.21052610110973
2026-05-11 12:36:00,16.21052610110973
2026-05-11 12:37:00,16.21052610110973
2026-05-11 12:38:00,16.21052610110973
2026-05-11 12:39:00,16.21052610110973
2026-05-11 12:40:00,16.21052610110973
2026-05-11 12:41:00,16.21052610110973
2026-05-11 12:42:00,16.21052610110973
2026-05-11 12:43:00,16.21052610110973
2026-05-11 12:44:00,16.21052610110973
2026-05-11 12:45:00,16.21052610110973
2026-05-11 12:46:00,16.21052610110973
2026-05-11 12:47:00,16.21052610110973
2026-05-11 12:48:00,16.21052610110973
2026-05-11 12:49:00,16.21052610110973
2026-05-11 12:50:00,16.21052610110973
2026-05-11 12:51:00,16.21052610110973
2026-05-11 12:52:00,16.21052610110973
2026-05-11 12:53:00,16.21052610110973
2026-05-11 12:54:00,16.21052610110973
2026-05-11 12:55:00,16.21052610110973
2026-05-11 12:56:00,16.21052610110973
2026-05-11 12:57:00,16.21052610110973
2026-05-11 12:58:00,16.21052610110973
2026-05-11 12:59:00,16.21052610110973
2026-05-11 13:00:00,16.21052610110973
2026-05-11 13:01:00,16.21052610110973
2026-05-11 13:02:00,16.21052610110973
2026-05-11 13:03:00,16.21052610110973
2026-05-11 13:04:00,16.21052610110973
2026-05-11 13:05:00,16.21052610110973
2026-05-11 13:06:00,16.21052610110973
2026-05-11 13:07:00,16.21052610110973
2026-05-11 13:08:00,16.21052610110973
2026-05-11 13:09:00,16.21052610110973
2026-05-11 13:10:00,16.21052610110973
2026-05-11 13:11:00,16.21052610110973
2026-05-11 13:12:00,16.21052610110973
2026-05-11 13:13:00,16.21052610110973
2026-05-11 13:14:00,16.21052610110973
2026-05-11 13:15:00,16.21052610110973
2026-05-11 13:16:00,16.21052610110973
2026-05-11 13:17:00,16.21052610110973
2026-05-11 13:18:00,16.21052610110973
2026-05-11 13:19:00,16.21052610110973
2026-05-11 13:20:00,16.21052610110973
2026-05-11 13:21:00,16.21052610110973
2026-05-11 13:22:00,16.21052610110973
2026-05-11 13:23:00,16.21052610110973
2026-05-11 13:24:00,16.21052610110973
2026-05-11 13:25:00,16.21052610110973
2026-05-11 13:26:00,16.21052610110973
2026-05-11 13:27:00,16.21052610110973
2026-05-11 13:28:00,16.21052610110973
2026-05-11 13:29:00,16.21052610110973
2026-05-11 13:30:00,16.21052610110973
2026-05-11 13:31:00,16.21052610110973
2026-05-11 13:32:00,16.21052610110973
2026-05-11 13:33:00,16.21052610110973
2026-05-11 13:34:00,16.21052610110973
2026-05-11 13:35:00,16.21052610110973
2026-05-11 13:36:00,16.21052610110973
2026-05-11 13:37:00,16.21052610110973
2026-05-11 13:38:00,16.21052610110973
2026-05-11 13:39:00,16.21052610110973
2026-05-11 13:40:00,16.21052610110973
2026-05-11 13:41:00,16.21052610110973
2026-05-11 13:42:00,16.21052610110973
2026-05-11 13:43:00,16.21052610110973
2026-05-11 13:44:00,16.21052610110973
2026-05-11 13:45:00,16.21052610110973
2026-05-11 13:46:00,16.21052610110973
2026-05-11 13:47:00,16.21052610110973
2026-05-11 13:48:00,16.21052610110973
2026-05-11 13:49:00,16.21052610110973
2026-05-11 13:50:00,16.21052610110973
2026-05-11 13:51:00,16.21052610110973
2026-05-11 13:52:00,16.21052610110973
2026-05-11 13:53:00,16.21052610110973
2026-05-11 13:54:00,16.21052610110973
2026-05-11 13:55:00,16.21052610110973
2026-05-11 13:56:00,16.21052610110973
2026-05-11 13:57:00,16.21052610110973
2026-05-11 13:58:00,16.21052610110973
2026-05-11 13:59:00,16.21052610110973
2026-05-11 14:00:00,16.21052610110973
2026-05-11 14:01:00,16.21052610110973
2026-05-11 14:02:00,16.21052610110973
2026-05-11 14:03:00,16.21052610110973
2026-05-11 14:04:00,16.21052610110973
2026-05-11 14:05:00,16.21052610110973
2026-05-11 14:06:00,16.21052610110973
2026-05-11 14:07:00,16.21052610110973
2026-05-11 14:08:00,16.21052610110973
2026-05-11 14:09:00,16.21052610110973
2026-05-11 14:10:00,16.21052610110973
2026-05-11 14:11:00,16.21052610110973
2026-05-11 14:12:00,16.21052610110973
2026-05-11 14:13:00,16.21052610110973
2026-05-11 14:14:00,16.21052610110973
2026-05-11 14:15:00,16.21052610110973
2026-05-11 14:16:00,16.21052610110973
2026-05-11 14:17:00,16.21052610110973
2026-05-11 14:18:00,16.21052610110973
2026-05-11 14:19:00,16.21052610110973
2026-05-11 14:20:00,16.21052610110973
2026-05-11 14:21:00,16.21052610110973
2026-05-11 14:22:00,16.21052610110973
2026-05-11 14:23:00,16.21052610110973
2026-05-11 14:24:00,16.21052610110973
2026-05-11 14:25:00,16.21052610110973
2026-05-11 14:26:00,16.21052610110973
2026-05-11 14:27:00,16.21052610110973
2026-05-11 14:28:00,16.21052610110973
2026-05-11 14:29:00,16.21052610110973
2026-05-11 14:30:00,16.21052610110973
2026-05-11 14:31:00,16.21052610110973
2026-05-11 14:32:00,16.21052610110973
2026-05-11 14:33:00,16.21052610110973
2026-05-11 14:34:00,16.21052610110973
2026-05-11 14:35:00,16.21052610110973
2026-05-11 14:36:00,16.21052610110973
2026-05-11 14:37:00,16.21052610110973
2026-05-11 14:38:00,16.21052610110973
2026-05-11 14:39:00,16.21052610110973
2026-05-11 14:40:00,16.21052610110973
2026-05-11 14:41:00,16.21052610110973
2026-05-11 14:42:00,16.21052610110973
2026-05-11 14:43:00,16.21052610110973
2026-05-11 14:44:00,16.21052610110973
2026-05-11 14:45:00,16.21052610110973
2026-05-11 14:46:00,16.21052610110973
2026-05-11 14:47:00,16.21052610110973
2026-05-11 14:48:00,16.21052610110973
2026-05-11 14:49:00,16.21052610110973
2026-05-11 14:50:00,16.21052610110973
2026-05-11 14:51:00,16.21052610110973
2026-05-11 14:52:00,16.21052610110973
2026-05-11 14:53:00,16.21052610110973
2026-05-11 14:54:00,16.21052610110973
2026-05-11 14:55:00,16.21052610110973
2026-05-11 14:56:00,16.21052610110973
2026-05-11 14:57:00,16.21052610110973
2026-05-11 14:58:00,16.21052610110973
2026-05-11 14:59:00,16.21052610110973
2026-05-11 15:00:00,16.21052610110973
2026-05-11 15:01:00,16.21052610110973
2026-05-11 15:02:00,16.21052610110973
2026-05-11 15:03:00,16.21052610110973
2026-05-11 15:04:00,16.21052610110973
2026-05-11 15:05:00,16.21052610110973
2026-05-11 15:06:00,16.21052610110973
2026-05-11 15:07:00,16.21052610110973
2026-05-11 15:08:00,16.21052610110973
2026-05-11 15:09:00,16.21052610110973
2026-05-11 15:10:00,16.21052610110973
2026-05-11 15:11:00,16.21052610110973
2026-05-11 15:12:00,16.21052610110973
2026-05-11 15:13:00,16.21052610110973
2026-05-11 15:14:00,16.21052610110973
2026-05-11 15:15:00,16.21052610110973
2026-05-11 15:16:00,16.21052610110973
2026-05-11 15:17:00,16.21052610110973
2026-05-11 15:18:00,16.21052610110973
2026-05-11 15:19:00,16.21052610110973
2026-05-11 15:20:00,16.21052610110973
2026-05-11 15:21:00,16.21052610110973
2026-05-11 15:22:00,16.21052610110973
2026-05-11 15:23:00,16.21052610110973
2026-05-11 15:24:00,16.21052610110973
2026-05-11 15:25:00,16.21052610110973
2026-05-11 15:26:00,16.21052610110973
2026-05-11 15:27:00,16.21052610110973
2026-05-11 15:28:00,16.21052610110973
2026-05-11 15:29:00,16.21052610110973
2026-05-11 15:30:00,16.21052610110973
2026-05-11 15:31:00,16.21052610110973
2026-05-11 15:32:00,16.21052610110973
2026-05-11 15:33:00,16.21052610110973
2026-05-11 15:34:00,16.21052610110973
2026-05-11 15:35:00,16.21052610110973
2026-05-11 15:36:00,16.21052610110973
2026-05-11 15:37:00,16.21052610110973
2026-05-11 15:38:00,16.21052610110973
2026-05-11 15:39:00,16.21052610110973
2026-05-11 15:40:00,16.21052610110973
2026-05-11 15:41:00,16.21052610110973
2026-05-11 15:42:00,16.21052610110973
2026-05-11 15:43:00,16.21052610110973
2026-05-11 15:44:00,16.21052610110973
2026-05-11 15:45:00,16.21052610110973
2026-05-11 15:46:00,16.21052610110973
2026-05-11 15:47:00,16.21052610110973
2026-05-11 15:48:00,16.21052610110973
2026-05-11 15:49:00,16.21052610110973
2026-05-11 15:50:00,16.21052610110973
2026-05-11 15:51:00,16.21052610110973
2026-05-11 15:52:00,16.21052610110973
2026-05-11 15:53:00,16.21052610110973
2026-05-11 15:54:00,16.21052610110973
2026-05-11 15:55:00,16.21052610110973
2026-05-11 15:56:00,16.21052610110973
2026-05-11 15:57:00,16.21052610110973
2026-05-11 15:58:00,16.21052610110973
2026-05-11 15:59:00,16.21052610110973
2026-05-11 16:00:00,16.21052610110973
2026-05-11 16:01:00,16.21052610110973
2026-05-11 16:02:00,16.21052610110973
2026-05-11 16:03:00,16.21052610110973
2026-05-11 16:04:00,16.21052610110973
2026-05-11 16:05:00,16.21052610110973
2026-05-11 16:06:00,16.21052610110973
2026-05-11 16:07:00,16.21052610110973
2026-05-11 16:08:00,16.21052610110973
2026-05-11 16:09:00,16.21052610110973
2026-05-11 16:10:00,16.21052610110973
2026-05-11 16:11:00,16.21052610110973
2026-05-11 16:12:00,16.21052610110973
2026-05-11 16:13:00,16.21052610110973
2026-05-11 16:14:00,16.21052610110973
2026-05-11 16:15:00,16.21052610110973
2026-05-11 16:16:00,16.21052610110973
2026-05-11 16:17:00,16.21052610110973
2026-05-11 16:18:00,16.21052610110973
2026-05-11 16:19:00,16.21052610110973
2026-05-11 16:20:00,16.21052610110973
2026-05-11 16:21:00,16.21052610110973
2026-05-11 16:22:00,16.21052610110973
2026-05-11 16:23:00,16.21052610110973
2026-05-11 16:24:00,16.21052610110973
2026-05-11 16:25:00,16.21052610110973
2026-05-11 16:26:00,16.21052610110973
2026-05-11 16:27:00,16.21052610110973
2026-05-11 16:28:00,16.21052610110973
2026-05-11 16:29:00,16.21052610110973
2026-05-11 16:30:00,16.21052610110973
2026-05-11 16:31:00,16.21052610110973
2026-05-11 16:32:00,16.21052610110973
2026-05-11 16:33:00,16.21052610110973
2026-05-11 16:34:00,16.21052610110973
2026-05-11 16:35:00,16.21052610110973
2026-05-11 16:36:00,16.21052610110973
2026-05-11 16:37:00,16.21052610110973
2026-05-11 16:38:00,16.21052610110973
2026-05-11 16:39:00,16.21052610110973
2026-05-11 16:40:00,16.21052610110973
2026-05-11 16:41:00,16.21052610110973
2026-05-11 16:42:00,16.21052610110973
2026-05-11 16:43:00,16.21052610110973
2026-05-11 16:44:00,16.21052610110973
2026-05-11 16:45:00,16.21052610110973
2026-05-11 16:46:00,16.21052610110973
2026-05-11 16:47:00,16.21052610110973
2026-05-11 16:48:00,16.21052610110973
2026-05-11 16:49:00,16.21052610110973
2026-05-11 16:50:00,16.21052610110973
2026-05-11 16:51:00,16.21052610110973
2026-05-11 16:52:00,16.21052610110973
2026-05-11 16:53:00,16.21052610110973
2026-05-11 16:54:00,16.21052610110973
2026-05-11 16:55:00,16.21052610110973
2026-05-11 16:56:00,16.21052610110973
2026-05-11 16:57:00,16.21052610110973
2026-05-11 16:58:00,16.21052610110973
2026-05-11 16:59:00,16.21052610110973
2026-05-11 17:00:00,16.21052610110973
2026-05-11 17:01:00,16.21052610110973
2026-05-11 17:02:00,16.21052610110973
2026-05-11 17:03:00,16.21052610110973
2026-05-11 17:04:00,16.21052610110973
2026-05-11 17:05:00,16.21052610110973
2026-05-11 17:06:00,16.21052610110973
2026-05-11 17:07:00,16.21052610110973
2026-05-11 17:08:00,16.21052610110973
2026-05-11 17:09:00,16.21052610110973
2026-05-11 17:10:00,16.21052610110973
2026-05-11 17:11:00,16.21052610110973
2026-05-11 17:12:00,16.21052610110973
2026-05-11 17:13:00,16.21052610110973
2026-05-11 17:14:00,16.21052610110973
2026-05-11 17:15:00,16.21052610110973
2026-05-11 17:16:00,16.21052610110973
2026-05-11 17:17:00,16.21052610110973
2026-05-11 17:18:00,16.21052610110973
2026-05-11 17:19:00,16.21052610110973
2026-05-11 17:20:00,16.21052610110973
2026-05-11 17:21:00,16.21052610110973
2026-05-11 17:22:00,16.21052610110973
2026-05-11 17:23:00,16.21052610110973
2026-05-11 17:24:00,16.21052610110973
2026-05-11 17:25:00,16.21052610110973
2026-05-11 17:26:00,16.21052610110973
2026-05-11 17:27:00,16.21052610110973
2026-05-11 17:28:00,16.21052610110973
2026-05-11 17:29:00,16.21052610110973
2026-05-11 17:30:00,16.21052610110973
2026-05-11 17:31:00,16.21052610110973
2026-05-11 17:32:00,16.21052610110973
2026-05-11 17:33:00,16.21052610110973
2026-05-11 17:34:00,16.21052610110973
2026-05-11 17:35:00,16.21052610110973
2026-05-11 17:36:00,16.21052610110973
2026-05-11 17:37:00,16.21052610110973
2026-05-11 17:38:00,16.21052610110973
2026-05-11 17:39:00,16.21052610110973
2026-05-11 17:40:00,16.21052610110973
2026-05-11 17:41:00,16.21052610110973
2026-05-11 17:42:00,16.21052610110973
2026-05-11 17:43:00,16.21052610110973
2026-05-11 17:44:00,16.21052610110973
2026-05-11 17:45:00,16.21052610110973
2026-05-11 17:46:00,16.21052610110973
2026-05-11 17:47:00,16.21052610110973
2026-05-11 17:48:00,16.21052610110973
2026-05-11 17:49:00,16.21052610110973
2026-05-11 17:50:00,16.21052610110973
2026-05-11 17:51:00,16.21052610110973
2026-05-11 17:52:00,16.21052610110973
2026-05-11 17:53:00,16.21052610110973
2026-05-11 17:54:00,16.21052610110973
2026-05-11 17:55:00,16.21052610110973
2026-05-11 17:56:00,16.21052610110973
2026-05-11 17:57:00,16.21052610110973
2026-05-11 17:58:00,16.21052610110973
2026-05-11 17:59:00,16.21052610110973
2026-05-11 18:00:00,16.21052610110973
2026-05-11 18:01:00,16.21052610110973
2026-05-11 18:02:00,16.21052610110973
2026-05-11 18:03:00,16.21052610110973
2026-05-11 18:04:00,16.21052610110973
2026-05-11 18:05:00,16.21052610110973
2026-05-11 18:06:00,16.21052610110973
2026-05-11 18:07:00,16.21052610110973
2026-05-11 18:08:00,16.21052610110973
2026-05-11 18:09:00,16.21052610110973
2026-05-11 18:10:00,16.21052610110973
2026-05-11 18:11:00,16.21052610110973
2026-05-11 18:12:00,16.21052610110973
2026-05-11 18:13:00,16.21052610110973
2026-05-11 18:14:00,16.21052610110973
2026-05-11 18:15:00,16.21052610110973
2026-05-11 18:16:00,16.21052610110973
2026-05-11 18:17:00,16.21052610110973
2026-05-11 18:18:00,16.21052610110973
2026-05-11 18:19:00,16.21052610110973
2026-05-11 18:20:00,16.21052610110973
2026-05-11 18:21:00,16.21052610110973
2026-05-11 18:22:00,16.21052610110973
2026-05-11 18:23:00,16.21052610110973
2026-05-11 18:24:00,16.21052610110973
2026-05-11 18:25:00,16.21052610110973
2026-05-11 18:26:00,16.21052610110973
2026-05-11 18:27:00,16.21052610110973
2026-05-11 18:28:00,16.21052610110973
2026-05-11 18:29:00,16.21052610110973
2026-05-11 18:30:00,16.21052610110973
2026-05-11 18:31:00,16.21052610110973
2026-05-11 18:32:00,16.21052610110973
2026-05-11 18:33:00,16.21052610110973
2026-05-11 18:34:00,16.21052610110973
2026-05-11 18:35:00,16.21052610110973
2026-05-11 18:36:00,16.21052610110973
2026-05-11 18:37:00,16.21052610110973
2026-05-11 18:38:00,16.21052610110973
2026-05-11 18:39:00,16.21052610110973
2026-05-11 18:40:00,16.21052610110973
2026-05-11 18:41:00,16.21052610110973
2026-05-11 18:42:00,16.21052610110973
2026-05-11 18:43:00,16.21052610110973
2026-05-11 18:44:00,16.21052610110973
2026-05-11 18:45:00,16.21052610110973
2026-05-11 18:46:00,16.21052610110973
2026-05-11 18:47:00,16.21052610110973
2026-05-11 18:48:00,16.21052610110973
2026-05-11 18:49:00,16.21052610110973
2026-05-11 18:50:00,16.21052610110973
2026-05-11 18:51:00,16.21052610110973
2026-05-11 18:52:00,16.21052610110973
2026-05-11 18:53:00,16.21052610110973
2026-05-11 18:54:00,16.21052610110973
2026-05-11 18:55:00,16.21052610110973
2026-05-11 18:56:00,16.21052610110973
2026-05-11 18:57:00,16.21052610110973
2026-05-11 18:58:00,16.21052610110973
2026-05-11 18:59:00,16.21052610110973
2026-05-11 19:00:00,16.21052610110973
2026-05-11 19:01:00,16.21052610110973
2026-05-11 19:02:00,16.21052610110973
2026-05-11 19:03:00,16.21052610110973
2026-05-11 19:04:00,16.21052610110973
2026-05-11 19:05:00,16.21052610110973
2026-05-11 19:06:00,16.21052610110973
2026-05-11 19:07:00,16.21052610110973
2026-05-11 19:08:00,16.21052610110973
2026-05-11 19:09:00,16.21052610110973
2026-05-11 19:10:00,16.21052610110973
2026-05-11 19:11:00,16.21052610110973
2026-05-11 19:12:00,16.21052610110973
2026-05-11 19:13:00,16.21052610110973
2026-05-11 19:14:00,16.21052610110973
2026-05-11 19:15:00,16.21052610110973
2026-05-11 19:16:00,16.21052610110973
2026-05-11 19:17:00,16.21052610110973
2026-05-11 19:18:00,16.21052610110973
2026-05-11 19:19:00,16.21052610110973
2026-05-11 19:20:00,16.21052610110973
2026-05-11 19:21:00,16.21052610110973
2026-05-11 19:22:00,16.21052610110973
2026-05-11 19:23:00,16.21052610110973
2026-05-11 19:24:00,16.21052610110973
2026-05-11 19:25:00,16.21052610110973
2026-05-11 19:26:00,16.21052610110973
2026-05-11 19:27:00,16.21052610110973
2026-05-11 19:28:00,16.21052610110973
2026-05-11 19:29:00,16.21052610110973
2026-05-11 19:30:00,16.21052610110973
2026-05-11 19:31:00,16.21052610110973
2026-05-11 19:32:00,16.21052610110973
2026-05-11 19:33:00,16.21052610110973
2026-05-11 19:34:00,16.21052610110973
2026-05-11 19:35:00,16.21052610110973
2026-05-11 19:36:00,16.21052610110973
2026-05-11 19:37:00,16.21052610110973
2026-05-11 19:38:00,16.21052610110973
2026-05-11 19:39:00,16.21052610110973
2026-05-11 19:40:00,16.21052610110973
2026-05-11 19:41:00,16.21052610110973
2026-05-11 19:42:00,16.21052610110973
2026-05-11 19:43:00,16.21052610110973
2026-05-11 19:44:00,16.21052610110973
2026-05-11 19:45:00,16.21052610110973
2026-05-11 19:46:00,16.21052610110973
2026-05-11 19:47:00,16.21052610110973
2026-05-11 19:48:00,16.21052610110973
2026-05-11 19:49:00,16.21052610110973
2026-05-11 19:50:00,16.21052610110973
2026-05-11 19:51:00,16.21052610110973
2026-05-11 19:52:00,16.21052610110973
2026-05-11 19:53:00,16.21052610110973
2026-05-11 19:54:00,16.21052610110973
2026-05-11 19:55:00,16.21052610110973
2026-05-11 19:56:00,16.21052610110973
2026-05-11 19:57:00,16.21052610110973
2026-05-11 19:58:00,16.21052610110973
2026-05-11 19:59:00,16.21052610110973
2026-05-11 20:00:00,16.21052610110973
2026-05-11 20:01:00,16.21052610110973
2026-05-11 20:02:00,16.21052610110973
2026-05-11 20:03:00,16.21052610110973
2026-05-11 20:04:00,16.21052610110973
2026-05-11 20:05:00,16.21052610110973
2026-05-11 20:06:00,16.21052610110973
2026-05-11 20:07:00,16.21052610110973
2026-05-11 20:08:00,16.21052610110973
2026-05-11 20:09:00,16.21052610110973
2026-05-11 20:10:00,16.21052610110973
2026-05-11 20:11:00,16.21052610110973
2026-05-11 20:12:00,16.21052610110973
2026-05-11 20:13:00,16.21052610110973
2026-05-11 20:14:00,16.21052610110973
2026-05-11 20:15:00,16.21052610110973
2026-05-11 20:16:00,16.21052610110973
2026-05-11 20:17:00,16.21052610110973
2026-05-11 20:18:00,16.21052610110973
2026-05-11 20:19:00,16.21052610110973
2026-05-11 20:20:00,16.21052610110973
2026-05-11 20:21:00,16.21052610110973
2026-05-11 20:22:00,16.21052610110973
2026-05-11 20:23:00,16.21052610110973
2026-05-11 20:24:00,16.21052610110973
2026-05-11 20:25:00,16.21052610110973
2026-05-11 20:26:00,16.21052610110973
2026-05-11 20:27:00,16.21052610110973
2026-05-11 20:28:00,16.21052610110973
2026-05-11 20:29:00,16.21052610110973
2026-05-11 20:30:00,16.21052610110973
2026-05-11 20:31:00,16.21052610110973
2026-05-11 20:32:00,16.21052610110973
2026-05-11 20:33:00,16.21052610110973
2026-05-11 20:34:00,16.21052610110973
2026-05-11 20:35:00,16.21052610110973
2026-05-11 20:36:00,16.21052610110973
2026-05-11 20:37:00,16.21052610110973
2026-05-11 20:38:00,16.21052610110973
2026-05-11 20:39:00,16.21052610110973
2026-05-11 20:40:00,16.21052610110973
2026-05-11 20:41:00,16.21052610110973
2026-05-11 20:42:00,16.21052610110973
2026-05-11 20:43:00,16.21052610110973
2026-05-11 20:44:00,16.21052610110973
2026-05-11 20:45:00,16.21052610110973
2026-05-11 20:46:00,16.21052610110973
2026-05-11 20:47:00,16.21052610110973
2026-05-11 20:48:00,16.21052610110973
2026-05-11 20:49:00,16.21052610110973
2026-05-11 20:50:00,16.21052610110973
2026-05-11 20:51:00,16.21052610110973
2026-05-11 20:52:00,16.21052610110973
2026-05-11 20:53:00,16.21052610110973
2026-05-11 20:54:00,16.21052610110973
2026-05-11 20:55:00,16.21052610110973
2026-05-11 20:56:00,16.21052610110973
2026-05-11 20:57:00,16.21052610110973
2026-05-11 20:58:00,16.21052610110973
2026-05-11 20:59:00,16.21052610110973
2026-05-11 21:00:00,16.21052610110973
2026-05-11 21:01:00,16.21052610110973
2026-05-11 21:02:00,16.21052610110973
2026-05-11 21:03:00,16.21052610110973
2026-05-11 21:04:00,16.21052610110973
2026-05-11 21:05:00,16.21052610110973
2026-05-11 21:06:00,16.21052610110973
2026-05-11 21:07:00,16.21052610110973
2026-05-11 21:08:00,16.21052610110973
2026-05-11 21:09:00,16.21052610110973
2026-05-11 21:10:00,16.21052610110973
2026-05-11 21:11:00,16.21052610110973
2026-05-11 21:12:00,16.21052610110973
2026-05-11 21:13:00,16.21052610110973
2026-05-11 21:14:00,16.21052610110973
2026-05-11 21:15:00,16.21052610110973
2026-05-11 21:16:00,16.21052610110973
2026-05-11 21:17:00,16.21052610110973
2026-05-11 21:18:00,16.21052610110973
2026-05-11 21:19:00,16.21052610110973
2026-05-11 21:20:00,16.21052610110973
2026-05-11 21:21:00,16.21052610110973
2026-05-11 21:22:00,16.21052610110973
2026-05-11 21:23:00,16.21052610110973
2026-05-11 21:24:00,16.21052610110973
2026-05-11 21:25:00,16.21052610110973
2026-05-11 21:26:00,16.21052610110973
2026-05-11 21:27:00,16.21052610110973
2026-05-11 21:28:00,16.21052610110973
2026-05-11 21:29:00,16.21052610110973
2026-05-11 21:30:00,16.21052610110973
2026-05-11 21:31:00,16.21052610110973
2026-05-11 21:32:00,16.21052610110973
2026-05-11 21:33:00,16.21052610110973
2026-05-11 21:34:00,16.21052610110973
2026-05-11 21:35:00,16.21052610110973
2026-05-11 21:36:00,16.21052610110973
2026-05-11 21:37:00,16.21052610110973
2026-05-11 21:38:00,16.21052610110973
2026-05-11 21:39:00,16.21052610110973
2026-05-11 21:40:00,16.21052610110973
2026-05-11 21:41:00,16.21052610110973
2026-05-11 21:42:00,16.21052610110973
2026-05-11 21:43:00,16.21052610110973
2026-05-11 21:44:00,16.21052610110973
2026-05-11 21:45:00,16.21052610110973
2026-05-11 21:46:00,16.21052610110973
2026-05-11 21:47:00,16.21052610110973
2026-05-11 21:48:00,16.21052610110973
2026-05-11 21:49:00,16.21052610110973
2026-05-11 21:50:00,16.21052610110973
2026-05-11 21:51:00,16.21052610110973
2026-05-11 21:52:00,16.21052610110973
2026-05-11 21:53:00,16.21052610110973
2026-05-11 21:54:00,16.21052610110973
2026-05-11 21:55:00,16.21052610110973
2026-05-11 21:56:00,16.21052610110973
2026-05-11 21:57:00,16.21052610110973
2026-05-11 21:58:00,16.21052610110973
2026-05-11 21:59:00,16.21052610110973
2026-05-11 22:00:00,16.21052610110973
2026-05-11 22:01:00,16.21052610110973
2026-05-11 22:02:00,16.21052610110973
2026-05-11 22:03:00,16.21052610110973
2026-05-11 22:04:00,16.21052610110973
2026-05-11 22:05:00,16.21052610110973
2026-05-11 22:06:00,16.21052610110973
2026-05-11 22:07:00,16.21052610110973
2026-05-11 22:08:00,16.21052610110973
2026-05-11 22:09:00,16.21052610110973
2026-05-11 22:10:00,16.21052610110973
2026-05-11 22:11:00,16.21052610110973
2026-05-11 22:12:00,16.21052610110973
2026-05-11 22:13:00,16.21052610110973
2026-05-11 22:14:00,16.21052610110973
2026-05-11 22:15:00,16.21052610110973
2026-05-11 22:16:00,16.21052610110973
2026-05-11 22:17:00,16.21052610110973
2026-05-11 22:18:00,16.21052610110973
2026-05-11 22:19:00,16.21052610110973
2026-05-11 22:20:00,16.21052610110973
2026-05-11 22:21:00,16.21052610110973
2026-05-11 22:22:00,16.21052610110973
2026-05-11 22:23:00,16.21052610110973
2026-05-11 22:24:00,16.21052610110973
2026-05-11 22:25:00,16.21052610110973
2026-05-11 22:26:00,16.21052610110973
2026-05-11 22:27:00,16.21052610110973
2026-05-11 22:28:00,16.21052610110973
2026-05-11 22:29:00,16.21052610110973
2026-05-11 22:30:00,16.21052610110973
2026-05-11 22:31:00,16.21052610110973
2026-05-11 22:32:00,16.21052610110973
2026-05-11 22:33:00,16.21052610110973
2026-05-11 22:34:00,16.21052610110973
2026-05-11 22:35:00,16.21052610110973
2026-05-11 22:36:00,16.21052610110973
2026-05-11 22:37:00,16.21052610110973
2026-05-11 22:38:00,16.21052610110973
2026-05-11 22:39:00,16.21052610110973
2026-05-11 22:40:00,16.21052610110973
2026-05-11 22:41:00,16.21052610110973
2026-05-11 22:42:00,16.21052610110973
2026-05-11 22:43:00,16.21052610110973
2026-05-11 22:44:00,16.21052610110973
2026-05-11 22:45:00,16.21052610110973
2026-05-11 22:46:00,16.21052610110973
2026-05-11 22:47:00,16.21052610110973
2026-05-11 22:48:00,16.21052610110973
2026-05-11 22:49:00,16.21052610110973
2026-05-11 22:50:00,16.21052610110973
2026-05-11 22:51:00,16.21052610110973
2026-05-11 22:52:00,16.21052610110973
2026-05-11 22:53:00,16.21052610110973
2026-05-11 22:54:00,16.21052610110973
2026-05-11 22:55:00,16.21052610110973
2026-05-11 22:56:00,16.21052610110973
2026-05-11 22:57:00,16.21052610110973
2026-05-11 22:58:00,16.21052610110973
2026-05-11 22:59:00,16.21052610110973
2026-05-11 23:00:00,16.21052610110973
2026-05-11 23:01:00,16.21052610110973
2026-05-11 23:02:00,16.21052610110973
2026-05-11 23:03:00,16.21052610110973
2026-05-11 23:04:00,16.21052610110973
2026-05-11 23:05:00,16.21052610110973
2026-05-11 23:06:00,16.21052610110973
2026-05-11 23:07:00,16.21052610110973
2026-05-11 23:08:00,16.21052610110973
2026-05-11 23:09:00,16.21052610110973
2026-05-11 23:10:00,16.21052610110973
2026-05-11 23:11:00,16.21052610110973
2026-05-11 23:12:00,16.21052610110973
2026-05-11 23:13:00,16.21052610110973
2026-05-11 23:14:00,16.21052610110973
2026-05-11 23:15:00,16.21052610110973
2026-05-11 23:16:00,16.21052610110973
2026-05-11 23:17:00,16.21052610110973
2026-05-11 23:18:00,16.21052610110973
2026-05-11 23:19:00,16.21052610110973
2026-05-11 23:20:00,16.21052610110973
2026-05-11 23:21:00,16.21052610110973
2026-05-11 23:22:00,16.21052610110973
2026-05-11 23:23:00,16.21052610110973
2026-05-11 23:24:00,16.21052610110973
2026-05-11 23:25:00,16.21052610110973
2026-05-11 23:26:00,16.21052610110973
2026-05-11 23:27:00,16.21052610110973
2026-05-11 23:28:00,16.21052610110973
2026-05-11 23:29:00,16.21052610110973
2026-05-11 23:30:00,16.21052610110973
2026-05-11 23:31:00,16.21052610110973
2026-05-11 23:32:00,16.21052610110973
2026-05-11 23:33:00,16.21052610110973
2026-05-11 23:34:00,16.21052610110973
2026-05-11 23:35:00,16.21052610110973
2026-05-11 23:36:00,16.21052610110973
2026-05-11 23:37:00,16.21052610110973
2026-05-11 23:38:00,16.21052610110973
2026-05-11 23:39:00,16.21052610110973
2026-05-11 23:40:00,16.21052610110973
2026-05-11 23:41:00,16.21052610110973
2026-05-11 23:42:00,16.21052610110973
2026-05-11 23:43:00,16.21052610110973
2026-05-11 23:44:00,16.21052610110973
2026-05-11 23:45:00,16.21052610110973
2026-05-11 23:46:00,16.21052610110973
2026-05-11 23:47:00,16.21052610110973
2026-05-11 23:48:00,16.21052610110973
2026-05-11 23:49:00,16.21052610110973
2026-05-11 23:50:00,16.21052610110973
2026-05-11 23:51:00,16.21052610110973
2026-05-11 23:52:00,16.21052610110973
2026-05-11 23:53:00,16.21052610110973
2026-05-11 23:54:00,16.21052610110973
2026-05-11 23:55:00,16.21052610110973
2026-05-11 23:56:00,16.21052610110973
2026-05-11 23:57:00,16.21052610110973
2026-05-11 23:58:00,16.21052610110973
2026-05-11 23:59:00,16.21052610110973
2026-05-12 00:00:00,16.21052610110973
2026-05-12 00:01:00,16.21052610110973
2026-05-12 00:02:00,16.21052610110973
2026-05-12 00:03:00,16.21052610110973
2026-05-12 00:04:00,16.21052610110973
2026-05-12 00:05:00,16.21052610110973
2026-05-12 00:06:00,16.21052610110973
2026-05-12 00:07:00,16.21052610110973
2026-05-12 00:08:00,16.21052610110973
2026-05-12 00:09:00,16.21052610110973
2026-05-12 00:10:00,16.21052610110973
2026-05-12 00:11:00,16.21052610110973
2026-05-12 00:12:00,16.21052610110973
2026-05-12 00:13:00,16.21052610110973
2026-05-12 00:14:00,16.21052610110973
2026-05-12 00:15:00,16.21052610110973
2026-05-12 00:16:00,16.21052610110973
2026-05-12 00:17:00,16.21052610110973
2026-05-12 00:18:00,16.21052610110973
2026-05-12 00:19:00,16.21052610110973
2026-05-12 00:20:00,16.21052610110973
2026-05-12 00:21:00,16.21052610110973
2026-05-12 00:22:00,16.21052610110973
2026-05-12 00:23:00,16.21052610110973
2026-05-12 00:24:00,16.21052610110973
2026-05-12 00:25:00,16.21052610110973
2026-05-12 00:26:00,16.21052610110973
2026-05-12 00:27:00,16.21052610110973
2026-05-12 00:28:00,16.21052610110973
2026-05-12 00:29:00,16.21052610110973
2026-05-12 00:30:00,16.21052610110973
2026-05-12 00:31:00,16.21052610110973
2026-05-12 00:32:00,16.21052610110973
2026-05-12 00:33:00,16.21052610110973
2026-05-12 00:34:00,16.21052610110973
2026-05-12 00:35:00,16.21052610110973
2026-05-12 00:36:00,16.21052610110973
2026-05-12 00:37:00,16.21052610110973
2026-05-12 00:38:00,16.21052610110973
2026-05-12 00:39:00,16.21052610110973
2026-05-12 00:40:00,16.21052610110973
2026-05-12 00:41:00,16.21052610110973
2026-05-12 00:42:00,16.21052610110973
2026-05-12 00:43:00,16.21052610110973
2026-05-12 00:44:00,16.21052610110973
2026-05-12 00:45:00,16.21052610110973
2026-05-12 00:46:00,16.21052610110973
2026-05-12 00:47:00,16.21052610110973
2026-05-12 00:48:00,16.21052610110973
2026-05-12 00:49:00,16.21052610110973
2026-05-12 00:50:00,16.21052610110973
2026-05-12 00:51:00,16.21052610110973
2026-05-12 00:52:00,16.21052610110973
2026-05-12 00:53:00,16.21052610110973
2026-05-12 00:54:00,16.21052610110973
2026-05-12 00:55:00,16.21052610110973
2026-05-12 00:56:00,16.21052610110973
2026-05-12 00:57:00,16.21052610110973
2026-05-12 00:58:00,16.21052610110973
2026-05-12 00:59:00,16.21052610110973
2026-05-12 01:00:00,16.21052610110973
2026-05-12 01:01:00,16.21052610110973
2026-05-12 01:02:00,16.21052610110973
2026-05-12 01:03:00,16.21052610110973
2026-05-12 01:04:00,16.21052610110973
2026-05-12 01:05:00,16.21052610110973
2026-05-12 01:06:00,16.21052610110973
2026-05-12 01:07:00,16.21052610110973
2026-05-12 01:08:00,16.21052610110973
2026-05-12 01:09:00,16.21052610110973
2026-05-12 01:10:00,16.21052610110973
2026-05-12 01:11:00,16.21052610110973
2026-05-12 01:12:00,16.21052610110973
2026-05-12 01:13:00,16.21052610110973
2026-05-12 01:14:00,16.21052610110973
2026-05-12 01:15:00,16.21052610110973
2026-05-12 01:16:00,16.21052610110973
2026-05-12 01:17:00,16.21052610110973
2026-05-12 01:18:00,16.21052610110973
2026-05-12 01:19:00,16.21052610110973
2026-05-12 01:20:00,16.21052610110973
2026-05-12 01:21:00,16.21052610110973
2026-05-12 01:22:00,16.21052610110973
2026-05-12 01:23:00,16.21052610110973
2026-05-12 01:24:00,16.21052610110973
2026-05-12 01:25:00,16.21052610110973
2026-05-12 01:26:00,16.21052610110973
2026-05-12 01:27:00,16.21052610110973
2026-05-12 01:28:00,16.21052610110973
2026-05-12 01:29:00,16.21052610110973
2026-05-12 01:30:00,16.21052610110973
2026-05-12 01:31:00,16.21052610110973
2026-05-12 01:32:00,16.21052610110973
2026-05-12 01:33:00,16.21052610110973
2026-05-12 01:34:00,16.21052610110973
2026-05-12 01:35:00,16.21052610110973
2026-05-12 01:36:00,16.21052610110973
2026-05-12 01:37:00,16.21052610110973
2026-05-12 01:38:00,16.21052610110973
2026-05-12 01:39:00,16.21052610110973
2026-05-12 01:40:00,16.21052610110973
2026-05-12 01:41:00,16.21052610110973
2026-05-12 01:42:00,16.21052610110973
2026-05-12 01:43:00,16.21052610110973
2026-05-12 01:44:00,16.21052610110973
2026-05-12 01:45:00,16.21052610110973
2026-05-12 01:46:00,16.21052610110973
2026-05-12 01:47:00,16.21052610110973
2026-05-12 01:48:00,16.21052610110973
2026-05-12 01:49:00,16.21052610110973
2026-05-12 01:50:00,16.21052610110973
2026-05-12 01:51:00,16.21052610110973
2026-05-12 01:52:00,16.21052610110973
2026-05-12 01:53:00,16.21052610110973
2026-05-12 01:54:00,16.21052610110973
2026-05-12 01:55:00,16.21052610110973
2026-05-12 01:56:00,16.21052610110973
2026-05-12 01:57:00,16.21052610110973
2026-05-12 01:58:00,16.21052610110973
2026-05-12 01:59:00,16.21052610110973
2026-05-12 02:00:00,16.21052610110973
2026-05-12 02:01:00,16.21052610110973
2026-05-12 02:02:00,16.21052610110973
2026-05-12 02:03:00,16.21052610110973
2026-05-12 02:04:00,16.21052610110973
2026-05-12 02:05:00,16.21052610110973
2026-05-12 02:06:00,16.21052610110973
2026-05-12 02:07:00,16.21052610110973
2026-05-12 02:08:00,16.21052610110973
2026-05-12 02:09:00,16.21052610110973
2026-05-12 02:10:00,16.21052610110973
2026-05-12 02:11:00,16.21052610110973
2026-05-12 02:12:00,16.21052610110973
2026-05-12 02:13:00,16.21052610110973
2026-05-12 02:14:00,16.21052610110973
2026-05-12 02:15:00,16.21052610110973
2026-05-12 02:16:00,16.21052610110973
2026-05-12 02:17:00,16.21052610110973
2026-05-12 02:18:00,16.21052610110973
2026-05-12 02:19:00,16.21052610110973
2026-05-12 02:20:00,16.21052610110973
2026-05-12 02:21:00,16.21052610110973
2026-05-12 02:22:00,16.21052610110973
2026-05-12 02:23:00,16.21052610110973
2026-05-12 02:24:00,16.21052610110973
2026-05-12 02:25:00,16.21052610110973
2026-05-12 02:26:00,16.21052610110973
2026-05-12 02:27:00,16.21052610110973
2026-05-12 02:28:00,16.21052610110973
2026-05-12 02:29:00,16.21052610110973
2026-05-12 02:30:00,16.21052610110973
2026-05-12 02:31:00,16.21052610110973
2026-05-12 02:32:00,16.21052610110973
2026-05-12 02:33:00,16.21052610110973
2026-05-12 02:34:00,16.21052610110973
2026-05-12 02:35:00,16.21052610110973
2026-05-12 02:36:00,16.21052610110973
2026-05-12 02:37:00,16.21052610110973
2026-05-12 02:38:00,16.21052610110973
2026-05-12 02:39:00,16.21052610110973
2026-05-12 02:40:00,16.21052610110973
2026-05-12 02:41:00,16.21052610110973
2026-05-12 02:42:00,16.21052610110973
2026-05-12 02:43:00,16.21052610110973
2026-05-12 02:44:00,16.21052610110973
2026-05-12 02:45:00,16.21052610110973
2026-05-12 02:46:00,16.21052610110973
2026-05-12 02:47:00,16.21052610110973
2026-05-12 02:48:00,16.21052610110973
2026-05-12 02:49:00,16.21052610110973
2026-05-12 02:50:00,16.21052610110973
2026-05-12 02:51:00,16.21052610110973
2026-05-12 02:52:00,16.21052610110973
2026-05-12 02:53:00,16.21052610110973
2026-05-12 02:54:00,16.21052610110973
2026-05-12 02:55:00,16.21052610110973
2026-05-12 02:56:00,16.21052610110973
2026-05-12 02:57:00,16.21052610110973
2026-05-12 02:58:00,16.21052610110973
2026-05-12 02:59:00,16.21052610110973
2026-05-12 03:00:00,16.21052610110973
2026-05-12 03:01:00,16.21052610110973
2026-05-12 03:02:00,16.21052610110973
2026-05-12 03:03:00,16.21052610110973
2026-05-12 03:04:00,16.21052610110973
2026-05-12 03:05:00,16.21052610110973
2026-05-12 03:06:00,16.21052610110973
2026-05-12 03:07:00,16.21052610110973
2026-05-12 03:08:00,16.21052610110973
2026-05-12 03:09:00,16.21052610110973
2026-05-12 03:10:00,16.21052610110973
2026-05-12 03:11:00,16.21052610110973
2026-05-12 03:12:00,16.21052610110973
2026-05-12 03:13:00,16.21052610110973
2026-05-12 03:14:00,16.21052610110973
2026-05-12 03:15:00,16.21052610110973
2026-05-12 03:16:00,16.21052610110973
2026-05-12 03:17:00,16.21052610110973
2026-05-12 03:18:00,16.21052610110973
2026-05-12 03:19:00,16.21052610110973
2026-05-12 03:20:00,16.21052610110973
2026-05-12 03:21:00,16.21052610110973
2026-05-12 03:22:00,16.21052610110973
2026-05-12 03:23:00,16.21052610110973
2026-05-12 03:24:00,16.21052610110973
2026-05-12 03:25:00,16.21052610110973
2026-05-12 03:26:00,16.21052610110973
2026-05-12 03:27:00,16.21052610110973
2026-05-12 03:28:00,16.21052610110973
2026-05-12 03:29:00,16.21052610110973
2026-05-12 03:30:00,16.21052610110973
2026-05-12 03:31:00,16.21052610110973
2026-05-12 03:32:00,16.21052610110973
2026-05-12 03:33:00,16.21052610110973
2026-05-12 03:34:00,16.21052610110973
2026-05-12 03:35:00,16.21052610110973
2026-05-12 03:36:00,16.21052610110973
2026-05-12 03:37:00,16.21052610110973
2026-05-12 03:38:00,16.21052610110973
2026-05-12 03:39:00,16.21052610110973
2026-05-12 03:40:00,16.21052610110973
2026-05-12 03:41:00,16.21052610110973
2026-05-12 03:42:00,16.21052610110973
2026-05-12 03:43:00,16.21052610110973
2026-05-12 03:44:00,16.21052610110973
2026-05-12 03:45:00,16.21052610110973
2026-05-12 03:46:00,16.21052610110973
2026-05-12 03:47:00,16.21052610110973
2026-05-12 03:48:00,16.21052610110973
2026-05-12 03:49:00,16.21052610110973
2026-05-12 03:50:00,16.21052610110973
2026-05-12 03:51:00,16.21052610110973
2026-05-12 03:52:00,16.21052610110973
2026-05-12 03:53:00,16.21052610110973
2026-05-12 03:54:00,16.21052610110973
2026-05-12 03:55:00,16.21052610110973
2026-05-12 03:56:00,16.21052610110973
2026-05-12 03:57:00,16.21052610110973
2026-05-12 03:58:00,16.21052610110973
2026-05-12 03:59:00,16.21052610110973
2026-05-12 04:00:00,16.21052610110973
2026-05-12 04:01:00,16.21052610110973
2026-05-12 04:02:00,16.21052610110973
2026-05-12 04:03:00,16.21052610110973
2026-05-12 04:04:00,16.21052610110973
2026-05-12 04:05:00,16.21052610110973
2026-05-12 04:06:00,16.21052610110973
2026-05-12 04:07:00,16.21052610110973
2026-05-12 04:08:00,16.21052610110973
2026-05-12 04:09:00,16.21052610110973
2026-05-12 04:10:00,16.21052610110973
2026-05-12 04:11:00,16.21052610110973
2026-05-12 04:12:00,16.21052610110973
2026-05-12 04:13:00,16.21052610110973
2026-05-12 04:14:00,16.21052610110973
2026-05-12 04:15:00,16.21052610110973
2026-05-12 04:16:00,16.21052610110973
2026-05-12 04:17:00,16.21052610110973
2026-05-12 04:18:00,16.21052610110973
2026-05-12 04:19:00,16.21052610110973
2026-05-12 04:20:00,16.21052610110973
2026-05-12 04:21:00,16.21052610110973
2026-05-12 04:22:00,16.21052610110973
2026-05-12 04:23:00,16.21052610110973
2026-05-12 04:24:00,16.21052610110973
2026-05-12 04:25:00,16.21052610110973
2026-05-12 04:26:00,16.21052610110973
2026-05-12 04:27:00,16.21052610110973
2026-05-12 04:28:00,16.21052610110973
2026-05-12 04:29:00,16.21052610110973
2026-05-12 04:30:00,16.21052610110973
2026-05-12 04:31:00,16.21052610110973
2026-05-12 04:32:00,16.21052610110973
2026-05-12 04:33:00,16.21052610110973
2026-05-12 04:34:00,16.21052610110973
2026-05-12 04:35:00,16.21052610110973
2026-05-12 04:36:00,16.21052610110973
2026-05-12 04:37:00,16.21052610110973
2026-05-12 04:38:00,16.21052610110973
2026-05-12 04:39:00,16.21052610110973
2026-05-12 04:40:00,16.21052610110973
2026-05-12 04:41:00,16.21052610110973
2026-05-12 04:42:00,16.21052610110973
2026-05-12 04:43:00,16.21052610110973
2026-05-12 04:44:00,16.21052610110973
2026-05-12 04:45:00,16.21052610110973
2026-05-12 04:46:00,16.21052610110973
2026-05-12 04:47:00,16.21052610110973
2026-05-12 04:48:00,16.21052610110973
2026-05-12 04:49:00,16.21052610110973
2026-05-12 04:50:00,16.21052610110973
2026-05-12 04:51:00,16.21052610110973
2026-05-12 04:52:00,16.21052610110973
2026-05-12 04:53:00,16.21052610110973
2026-05-12 04:54:00,16.21052610110973
2026-05-12 04:55:00,16.21052610110973
2026-05-12 04:56:00,16.21052610110973
2026-05-12 04:57:00,16.21052610110973
2026-05-12 04:58:00,16.21052610110973
2026-05-12 04:59:00,16.21052610110973
2026-05-12 05:00:00,16.21052610110973
2026-05-12 05:01:00,16.21052610110973
2026-05-12 05:02:00,16.21052610110973
2026-05-12 05:03:00,16.21052610110973
2026-05-12 05:04:00,16.21052610110973
2026-05-12 05:05:00,16.21052610110973
2026-05-12 05:06:00,16.21052610110973
2026-05-12 05:07:00,16.21052610110973
2026-05-12 05:08:00,16.21052610110973
2026-05-12 05:09:00,16.21052610110973
2026-05-12 05:10:00,16.21052610110973
2026-05-12 05:11:00,16.21052610110973
2026-05-12 05:12:00,16.21052610110973
2026-05-12 05:13:00,16.21052610110973
2026-05-12 05:14:00,16.21052610110973
2026-05-12 05:15:00,16.21052610110973
2026-05-12 05:16:00,16.21052610110973
2026-05-12 05:17:00,16.21052610110973
2026-05-12 05:18:00,16.21052610110973
2026-05-12 05:19:00,16.21052610110973
2026-05-12 05:20:00,16.21052610110973
2026-05-12 05:21:00,16.21052610110973
2026-05-12 05:22:00,16.21052610110973
2026-05-12 05:23:00,16.21052610110973
2026-05-12 05:24:00,16.21052610110973
2026-05-12 05:25:00,16.21052610110973
2026-05-12 05:26:00,16.21052610110973
2026-05-12 05:27:00,16.21052610110973
2026-05-12 05:28:00,16.21052610110973
2026-05-12 05:29:00,16.21052610110973
2026-05-12 05:30:00,16.21052610110973
2026-05-12 05:31:00,16.21052610110973
2026-05-12 05:32:00,16.21052610110973
2026-05-12 05:33:00,16.21052610110973
2026-05-12 05:34:00,16.21052610110973
2026-05-12 05:35:00,16.21052610110973
2026-05-12 05:36:00,16.21052610110973
2026-05-12 05:37:00,16.21052610110973
2026-05-12 05:38:00,16.21052610110973
2026-05-12 05:39:00,16.21052610110973
2026-05-12 05:40:00,16.21052610110973
2026-05-12 05:41:00,16.21052610110973
2026-05-12 05:42:00,16.21052610110973
2026-05-12 05:43:00,16.21052610110973
2026-05-12 05:44:00,16.21052610110973
2026-05-12 05:45:00,16.21052610110973
2026-05-12 05:46:00,16.21052610110973
2026-05-12 05:47:00,16.21052610110973
2026-05-12 05:48:00,16.21052610110973
2026-05-12 05:49:00,16.21052610110973
2026-05-12 05:50:00,16.21052610110973
2026-05-12 05:51:00,16.21052610110973
2026-05-12 05:52:00,16.21052610110973
2026-05-12 05:53:00,16.21052610110973
2026-05-12 05:54:00,16.21052610110973
2026-05-12 05:55:00,16.21052610110973
2026-05-12 05:56:00,16.21052610110973
2026-05-12 05:57:00,16.21052610110973
2026-05-12 05:58:00,16.21052610110973
2026-05-12 05:59:00,16.21052610110973
2026-05-12 06:00:00,16.21052610110973
2026-05-12 06:01:00,16.21052610110973
2026-05-12 06:02:00,16.21052610110973
2026-05-12 06:03:00,16.21052610110973
2026-05-12 06:04:00,16.21052610110973
2026-05-12 06:05:00,16.21052610110973
2026-05-12 06:06:00,16.21052610110973
2026-05-12 06:07:00,16.21052610110973
2026-05-12 06:08:00,16.21052610110973
2026-05-12 06:09:00,16.21052610110973
2026-05-12 06:10:00,16.21052610110973
2026-05-12 06:11:00,16.21052610110973
2026-05-12 06:12:00,16.21052610110973
2026-05-12 06:13:00,16.21052610110973
2026-05-12 06:14:00,16.21052610110973
2026-05-12 06:15:00,16.21052610110973
2026-05-12 06:16:00,16.21052610110973
2026-05-12 06:17:00,16.21052610110973
2026-05-12 06:18:00,16.21052610110973
2026-05-12 06:19:00,16.21052610110973
2026-05-12 06:20:00,16.21052610110973
2026-05-12 06:21:00,16.21052610110973
2026-05-12 06:22:00,16.21052610110973
2026-05-12 06:23:00,16.21052610110973
2026-05-12 06:24:00,16.21052610110973
2026-05-12 06:25:00,16.21052610110973
2026-05-12 06:26:00,16.21052610110973
2026-05-12 06:27:00,16.21052610110973
2026-05-12 06:28:00,16.21052610110973
2026-05-12 06:29:00,16.21052610110973
2026-05-12 06:30:00,16.21052610110973
2026-05-12 06:31:00,16.21052610110973
2026-05-12 06:32:00,16.21052610110973
2026-05-12 06:33:00,16.21052610110973
2026-05-12 06:34:00,16.21052610110973
2026-05-12 06:35:00,16.21052610110973
2026-05-12 06:36:00,16.21052610110973
2026-05-12 06:37:00,16.21052610110973
2026-05-12 06:38:00,16.21052610110973
2026-05-12 06:39:00,16.21052610110973
2026-05-12 06:40:00,16.21052610110973
2026-05-12 06:41:00,16.21052610110973
2026-05-12 06:42:00,16.21052610110973
2026-05-12 06:43:00,16.21052610110973
2026-05-12 06:44:00,16.21052610110973
2026-05-12 06:45:00,16.21052610110973
2026-05-12 06:46:00,16.21052610110973
2026-05-12 06:47:00,16.21052610110973
2026-05-12 06:48:00,16.21052610110973
2026-05-12 06:49:00,16.21052610110973
2026-05-12 06:50:00,16.21052610110973
2026-05-12 06:51:00,16.21052610110973
2026-05-12 06:52:00,16.21052610110973
2026-05-12 06:53:00,16.21052610110973
2026-05-12 06:54:00,16.21052610110973
2026-05-12 06:55:00,16.21052610110973
2026-05-12 06:56:00,16.21052610110973
2026-05-12 06:57:00,16.21052610110973
2026-05-12 06:58:00,16.21052610110973
2026-05-12 06:59:00,16.21052610110973
2026-05-12 07:00:00,16.21052610110973
2026-05-12 07:01:00,16.21052610110973
2026-05-12 07:02:00,16.21052610110973
2026-05-12 07:03:00,16.21052610110973
2026-05-12 07:04:00,16.21052610110973
2026-05-12 07:05:00,16.21052610110973
2026-05-12 07:06:00,16.21052610110973
2026-05-12 07:07:00,16.21052610110973
2026-05-12 07:08:00,16.21052610110973
2026-05-12 07:09:00,16.21052610110973
2026-05-12 07:10:00,16.21052610110973
2026-05-12 07:11:00,16.21052610110973
2026-05-12 07:12:00,16.21052610110973
2026-05-12 07:13:00,16.21052610110973
2026-05-12 07:14:00,16.21052610110973
2026-05-12 07:15:00,16.21052610110973
2026-05-12 07:16:00,16.21052610110973
2026-05-12 07:17:00,16.21052610110973
2026-05-12 07:18:00,16.21052610110973
2026-05-12 07:19:00,16.21052610110973
2026-05-12 07:20:00,16.21052610110973
2026-05-12 07:21:00,16.21052610110973
2026-05-12 07:22:00,16.21052610110973
2026-05-12 07:23:00,16.21052610110973
2026-05-12 07:24:00,16.21052610110973
2026-05-12 07:25:00,16.21052610110973
2026-05-12 07:26:00,16.21052610110973
2026-05-12 07:27:00,16.21052610110973
2026-05-12 07:28:00,16.21052610110973
2026-05-12 07:29:00,16.21052610110973
2026-05-12 07:30:00,16.21052610110973
2026-05-12 07:31:00,16.21052610110973
2026-05-12 07:32:00,16.21052610110973
2026-05-12 07:33:00,16.21052610110973
2026-05-12 07:34:00,16.21052610110973
2026-05-12 07:35:00,16.21052610110973
2026-05-12 07:36:00,16.21052610110973
2026-05-12 07:37:00,16.21052610110973
2026-05-12 07:38:00,16.21052610110973
2026-05-12 07:39:00,16.21052610110973
2026-05-12 07:40:00,16.21052610110973
2026-05-12 07:41:00,16.21052610110973
2026-05-12 07:42:00,16.21052610110973
2026-05-12 07:43:00,16.21052610110973
2026-05-12 07:44:00,16.21052610110973
2026-05-12 07:45:00,16.21052610110973
2026-05-12 07:46:00,16.21052610110973
2026-05-12 07:47:00,16.21052610110973
2026-05-12 07:48:00,16.21052610110973
2026-05-12 07:49:00,16.21052610110973
2026-05-12 07:50:00,16.21052610110973
2026-05-12 07:51:00,16.21052610110973
2026-05-12 07:52:00,16.21052610110973
2026-05-12 07:53:00,16.21052610110973
2026-05-12 07:54:00,16.21052610110973
2026-05-12 07:55:00,16.21052610110973
2026-05-12 07:56:00,16.21052610110973
2026-05-12 07:57:00,16.21052610110973
2026-05-12 07:58:00,16.21052610110973
2026-05-12 07:59:00,16.21052610110973
2026-05-12 08:00:00,16.21052610110973
2026-05-12 08:01:00,16.21052610110973
2026-05-12 08:02:00,16.21052610110973
2026-05-12 08:03:00,16.21052610110973
2026-05-12 08:04:00,16.21052610110973
2026-05-12 08:05:00,16.21052610110973
2026-05-12 08:06:00,16.21052610110973
2026-05-12 08:07:00,16.21052610110973
2026-05-12 08:08:00,16.21052610110973
2026-05-12 08:09:00,16.21052610110973
2026-05-12 08:10:00,16.21052610110973
2026-05-12 08:11:00,16.21052610110973
2026-05-12 08:12:00,16.21052610110973
2026-05-12 08:13:00,16.21052610110973
2026-05-12 08:14:00,16.21052610110973
2026-05-12 08:15:00,16.21052610110973
2026-05-12 08:16:00,16.21052610110973
2026-05-12 08:17:00,16.21052610110973
2026-05-12 08:18:00,16.21052610110973
2026-05-12 08:19:00,16.21052610110973
2026-05-12 08:20:00,16.21052610110973
2026-05-12 08:21:00,16.21052610110973
2026-05-12 08:22:00,16.21052610110973
2026-05-12 08:23:00,16.21052610110973
2026-05-12 08:24:00,16.21052610110973
2026-05-12 08:25:00,16.21052610110973
2026-05-12 08:26:00,16.21052610110973
2026-05-12 08:27:00,16.21052610110973
2026-05-12 08:28:00,16.21052610110973
2026-05-12 08:29:00,16.21052610110973
2026-05-12 08:30:00,16.21052610110973
2026-05-12 08:31:00,16.21052610110973
2026-05-12 08:32:00,16.21052610110973
2026-05-12 08:33:00,16.21052610110973
2026-05-12 08:34:00,16.21052610110973
2026-05-12 08:35:00,16.21052610110973
2026-05-12 08:36:00,16.21052610110973
2026-05-12 08:37:00,16.21052610110973
2026-05-12 08:38:00,16.21052610110973
2026-05-12 08:39:00,16.21052610110973
2026-05-12 08:40:00,16.21052610110973
2026-05-12 08:41:00,16.21052610110973
2026-05-12 08:42:00,16.21052610110973
2026-05-12 08:43:00,16.21052610110973
2026-05-12 08:44:00,16.21052610110973
2026-05-12 08:45:00,16.21052610110973
2026-05-12 08:46:00,16.21052610110973
2026-05-12 08:47:00,16.21052610110973
2026-05-12 08:48:00,16.21052610110973
2026-05-12 08:49:00,16.21052610110973
2026-05-12 08:50:00,16.21052610110973
2026-05-12 08:51:00,16.21052610110973
2026-05-12 08:52:00,16.21052610110973
2026-05-12 08:53:00,16.21052610110973
2026-05-12 08:54:00,16.21052610110973
2026-05-12 08:55:00,16.21052610110973
2026-05-12 08:56:00,16.21052610110973
2026-05-12 08:57:00,16.21052610110973
2026-05-12 08:58:00,16.21052610110973
2026-05-12 08:59:00,16.21052610110973
2026-05-12 09:00:00,16.21052610110973
2026-05-12 09:01:00,16.21052610110973
2026-05-12 09:02:00,16.21052610110973
2026-05-12 09:03:00,16.21052610110973
2026-05-12 09:04:00,16.21052610110973
2026-05-12 09:05:00,16.21052610110973
2026-05-12 09:06:00,16.21052610110973
2026-05-12 09:07:00,16.21052610110973
2026-05-12 09:08:00,16.21052610110973
2026-05-12 09:09:00,16.21052610110973
2026-05-12 09:10:00,16.21052610110973
2026-05-12 09:11:00,16.21052610110973
2026-05-12 09:12:00,16.21052610110973
2026-05-12 09:13:00,16.21052610110973
2026-05-12 09:14:00,16.21052610110973
2026-05-12 09:15:00,16.21052610110973
2026-05-12 09:16:00,16.21052610110973
2026-05-12 09:17:00,16.21052610110973
2026-05-12 09:18:00,16.21052610110973
2026-05-12 09:19:00,16.21052610110973
2026-05-12 09:20:00,16.21052610110973
2026-05-12 09:21:00,16.21052610110973
2026-05-12 09:22:00,16.21052610110973
2026-05-12 09:23:00,16.21052610110973
2026-05-12 09:24:00,16.21052610110973
2026-05-12 09:25:00,16.21052610110973
2026-05-12 09:26:00,16.21052610110973
2026-05-12 09:27:00,16.21052610110973
2026-05-12 09:28:00,16.21052610110973
2026-05-12 09:29:00,16.21052610110973
2026-05-12 09:30:00,16.21052610110973
2026-05-12 09:31:00,16.21052610110973
2026-05-12 09:32:00,16.21052610110973
2026-05-12 09:33:00,16.21052610110973
2026-05-12 09:34:00,16.21052610110973
2026-05-12 09:35:00,16.21052610110973
2026-05-12 09:36:00,16.21052610110973
2026-05-12 09:37:00,16.21052610110973
2026-05-12 09:38:00,16.21052610110973
2026-05-12 09:39:00,16.21052610110973
2026-05-12 09:40:00,16.21052610110973
2026-05-12 09:41:00,16.21052610110973
2026-05-12 09:42:00,16.21052610110973
2026-05-12 09:43:00,16.21052610110973
2026-05-12 09:44:00,16.21052610110973
2026-05-12 09:45:00,16.21052610110973
2026-05-12 09:46:00,16.21052610110973
2026-05-12 09:47:00,16.21052610110973
2026-05-12 09:48:00,16.21052610110973
2026-05-12 09:49:00,16.21052610110973
2026-05-12 09:50:00,16.21052610110973
2026-05-12 09:51:00,16.21052610110973
2026-05-12 09:52:00,16.21052610110973
2026-05-12 09:53:00,16.21052610110973
2026-05-12 09:54:00,16.21052610110973
2026-05-12 09:55:00,16.21052610110973
2026-05-12 09:56:00,16.21052610110973
2026-05-12 09:57:00,16.21052610110973
2026-05-12 09:58:00,16.21052610110973
2026-05-12 09:59:00,16.21052610110973
2026-05-12 10:00:00,16.21052610110973
2026-05-12 10:01:00,16.21052610110973
2026-05-12 10:02:00,16.21052610110973
2026-05-12 10:03:00,16.21052610110973
2026-05-12 10:04:00,16.21052610110973
2026-05-12 10:05:00,16.21052610110973
2026-05-12 10:06:00,16.21052610110973
2026-05-12 10:07:00,16.21052610110973
2026-05-12 10:08:00,16.21052610110973
2026-05-12 10:09:00,16.21052610110973
2026-05-12 10:10:00,16.21052610110973
2026-05-12 10:11:00,16.21052610110973
2026-05-12 10:12:00,16.21052610110973
2026-05-12 10:13:00,16.21052610110973
2026-05-12 10:14:00,16.21052610110973
2026-05-12 10:15:00,16.21052610110973
2026-05-12 10:16:00,16.21052610110973
2026-05-12 10:17:00,16.21052610110973
2026-05-12 10:18:00,16.21052610110973
2026-05-12 10:19:00,16.21052610110973
2026-05-12 10:20:00,16.21052610110973
2026-05-12 10:21:00,16.21052610110973
2026-05-12 10:22:00,16.21052610110973
2026-05-12 10:23:00,16.21052610110973
2026-05-12 10:24:00,16.21052610110973
2026-05-12 10:25:00,16.21052610110973
2026-05-12 10:26:00,16.21052610110973
2026-05-12 10:27:00,16.21052610110973
2026-05-12 10:28:00,16.21052610110973
2026-05-12 10:29:00,16.21052610110973
2026-05-12 10:30:00,16.21052610110973
2026-05-12 10:31:00,16.21052610110973
2026-05-12 10:32:00,16.21052610110973
2026-05-12 10:33:00,16.21052610110973
2026-05-12 10:34:00,16.21052610110973
2026-05-12 10:35:00,16.21052610110973
2026-05-12 10:36:00,16.21052610110973
2026-05-12 10:37:00,16.21052610110973
2026-05-12 10:38:00,16.21052610110973
2026-05-12 10:39:00,16.21052610110973
2026-05-12 10:40:00,16.21052610110973
2026-05-12 10:41:00,16.21052610110973
2026-05-12 10:42:00,16.21052610110973
2026-05-12 10:43:00,16.21052610110973
2026-05-12 10:44:00,16.21052610110973
2026-05-12 10:45:00,16.21052610110973
2026-05-12 10:46:00,16.21052610110973
2026-05-12 10:47:00,16.21052610110973
2026-05-12 10:48:00,16.21052610110973
2026-05-12 10:49:00,16.21052610110973
2026-05-12 10:50:00,16.21052610110973
2026-05-12 10:51:00,16.21052610110973
2026-05-12 10:52:00,16.21052610110973
2026-05-12 10:53:00,16.21052610110973
2026-05-12 10:54:00,16.21052610110973
2026-05-12 10:55:00,16.21052610110973
2026-05-12 10:56:00,16.21052610110973
2026-05-12 10:57:00,16.21052610110973
2026-05-12 10:58:00,16.21052610110973
2026-05-12 10:59:00,16.21052610110973
2026-05-12 11:00:00,16.21052610110973
2026-05-12 11:01:00,16.21052610110973
2026-05-12 11:02:00,16.21052610110973
2026-05-12 11:03:00,16.21052610110973
2026-05-12 11:04:00,16.21052610110973
2026-05-12 11:05:00,16.21052610110973
2026-05-12 11:06:00,16.21052610110973
2026-05-12 11:07:00,16.21052610110973
2026-05-12 11:08:00,16.21052610110973
2026-05-12 11:09:00,16.21052610110973
2026-05-12 11:10:00,16.21052610110973
2026-05-12 11:11:00,16.21052610110973
2026-05-12 11:12:00,16.21052610110973
2026-05-12 11:13:00,16.21052610110973
2026-05-12 11:14:00,16.21052610110973
2026-05-12 11:15:00,16.21052610110973
2026-05-12 11:16:00,16.21052610110973
2026-05-12 11:17:00,16.21052610110973
2026-05-12 11:18:00,16.21052610110973
2026-05-12 11:19:00,16.21052610110973
2026-05-12 11:20:00,16.21052610110973
2026-05-12 11:21:00,16.21052610110973
2026-05-12 11:22:00,16.21052610110973
2026-05-12 11:23:00,16.21052610110973
2026-05-12 11:24:00,16.21052610110973
2026-05-12 11:25:00,16.21052610110973
2026-05-12 11:26:00,16.21052610110973
2026-05-12 11:27:00,16.21052610110973
2026-05-12 11:28:00,16.21052610110973
2026-05-12 11:29:00,16.21052610110973
2026-05-12 11:30:00,16.21052610110973
2026-05-12 11:31:00,16.21052610110973
2026-05-12 11:32:00,16.21052610110973
2026-05-12 11:33:00,16.21052610110973
2026-05-12 11:34:00,16.21052610110973
2026-05-12 11:35:00,16.21052610110973
2026-05-12 11:36:00,16.21052610110973
2026-05-12 11:37:00,16.21052610110973
2026-05-12 11:38:00,16.21052610110973
2026-05-12 11:39:00,16.21052610110973
2026-05-12 11:40:00,16.21052610110973
2026-05-12 11:41:00,16.21052610110973
2026-05-12 11:42:00,16.21052610110973
2026-05-12 11:43:00,16.21052610110973
2026-05-12 11:44:00,16.21052610110973
2026-05-12 11:45:00,16.21052610110973
2026-05-12 11:46:00,16.21052610110973
2026-05-12 11:47:00,16.21052610110973
2026-05-12 11:48:00,16.21052610110973
2026-05-12 11:49:00,16.21052610110973
2026-05-12 11:50:00,16.21052610110973
2026-05-12 11:51:00,16.21052610110973
2026-05-12 11:52:00,16.21052610110973
2026-05-12 11:53:00,16.21052610110973
2026-05-12 11:54:00,16.21052610110973
2026-05-12 11:55:00,16.21052610110973
2026-05-12 11:56:00,16.21052610110973
2026-05-12 11:57:00,16.21052610110973
2026-05-12 11:58:00,16.21052610110973
2026-05-12 11:59:00,16.21052610110973
2026-05-12 12:00:00,16.21052610110973
2026-05-12 12:01:00,16.21052610110973
2026-05-12 12:02:00,16.21052610110973
2026-05-12 12:03:00,16.21052610110973
2026-05-12 12:04:00,16.21052610110973
2026-05-12 12:05:00,16.21052610110973
2026-05-12 12:06:00,16.21052610110973
2026-05-12 12:07:00,16.21052610110973
2026-05-12 12:08:00,16.21052610110973
2026-05-12 12:09:00,16.21052610110973
2026-05-12 12:10:00,16.21052610110973
2026-05-12 12:11:00,16.21052610110973
2026-05-12 12:12:00,16.21052610110973
2026-05-12 12:13:00,16.21052610110973
2026-05-12 12:14:00,16.21052610110973
2026-05-12 12:15:00,16.21052610110973
2026-05-12 12:16:00,16.21052610110973
2026-05-12 12:17:00,16.21052610110973
2026-05-12 12:18:00,16.21052610110973
2026-05-12 12:19:00,16.21052610110973
2026-05-12 12:20:00,16.21052610110973
2026-05-12 12:21:00,16.21052610110973
2026-05-12 12:22:00,16.21052610110973
2026-05-12 12:23:00,16.21052610110973
2026-05-12 12:24:00,16.21052610110973
2026-05-12 12:25:00,16.21052610110973
2026-05-12 12:26:00,16.21052610110973
2026-05-12 12:27:00,16.21052610110973
2026-05-12 12:28:00,16.21052610110973
2026-05-12 12:29:00,16.21052610110973
2026-05-12 12:30:00,16.21052610110973
2026-05-12 12:31:00,16.21052610110973
2026-05-12 12:32:00,16.21052610110973
2026-05-12 12:33:00,16.21052610110973
2026-05-12 12:34:00,16.21052610110973
2026-05-12 12:35:00,16.21052610110973
2026-05-12 12:36:00,16.21052610110973
2026-05-12 12:37:00,16.21052610110973
2026-05-12 12:38:00,16.21052610110973
2026-05-12 12:39:00,16.21052610110973
2026-05-12 12:40:00,16.21052610110973
2026-05-12 12:41:00,16.21052610110973
2026-05-12 12:42:00,16.21052610110973
2026-05-12 12:43:00,16.21052610110973
2026-05-12 12:44:00,16.21052610110973
2026-05-12 12:45:00,16.21052610110973
2026-05-12 12:46:00,16.21052610110973
2026-05-12 12:47:00,16.21052610110973
2026-05-12 12:48:00,16.21052610110973
2026-05-12 12:49:00,16.21052610110973
2026-05-12 12:50:00,16.21052610110973
2026-05-12 12:51:00,16.21052610110973
2026-05-12 12:52:00,16.21052610110973
2026-05-12 12:53:00,16.21052610110973
2026-05-12 12:54:00,16.21052610110973
2026-05-12 12:55:00,16.21052610110973
2026-05-12 12:56:00,16.21052610110973
2026-05-12 12:57:00,16.21052610110973
2026-05-12 12:58:00,16.21052610110973
2026-05-12 12:59:00,16.21052610110973
2026-05-12 13:00:00,16.21052610110973
2026-05-12 13:01:00,16.21052610110973
2026-05-12 13:02:00,16.21052610110973
2026-05-12 13:03:00,16.21052610110973
2026-05-12 13:04:00,16.21052610110973
2026-05-12 13:05:00,16.21052610110973
2026-05-12 13:06:00,16.21052610110973
2026-05-12 13:07:00,16.21052610110973
2026-05-12 13:08:00,16.21052610110973
2026-05-12 13:09:00,16.21052610110973
2026-05-12 13:10:00,16.21052610110973
2026-05-12 13:11:00,16.21052610110973
2026-05-12 13:12:00,16.21052610110973
2026-05-12 13:13:00,16.21052610110973
2026-05-12 13:14:00,16.21052610110973
2026-05-12 13:15:00,16.21052610110973
2026-05-12 13:16:00,16.21052610110973
2026-05-12 13:17:00,16.21052610110973
2026-05-12 13:18:00,16.21052610110973
2026-05-12 13:19:00,16.21052610110973
2026-05-12 13:20:00,16.21052610110973
2026-05-12 13:21:00,16.21052610110973
2026-05-12 13:22:00,16.21052610110973
2026-05-12 13:23:00,16.21052610110973
2026-05-12 13:24:00,16.21052610110973
2026-05-12 13:25:00,16.21052610110973
2026-05-12 13:26:00,16.21052610110973
2026-05-12 13:27:00,16.21052610110973
2026-05-12 13:28:00,16.21052610110973
2026-05-12 13:29:00,16.21052610110973
2026-05-12 13:30:00,16.21052610110973
2026-05-12 13:31:00,16.21052610110973
2026-05-12 13:32:00,16.21052610110973
2026-05-12 13:33:00,16.21052610110973
2026-05-12 13:34:00,16.21052610110973
2026-05-12 13:35:00,16.21052610110973
2026-05-12 13:36:00,16.21052610110973
2026-05-12 13:37:00,16.21052610110973
2026-05-12 13:38:00,16.21052610110973
2026-05-12 13:39:00,16.21052610110973
2026-05-12 13:40:00,16.21052610110973
2026-05-12 13:41:00,16.21052610110973
2026-05-12 13:42:00,16.21052610110973
2026-05-12 13:43:00,16.21052610110973
2026-05-12 13:44:00,16.21052610110973
2026-05-12 13:45:00,16.21052610110973
2026-05-12 13:46:00,16.21052610110973
2026-05-12 13:47:00,16.21052610110973
2026-05-12 13:48:00,16.21052610110973
2026-05-12 13:49:00,16.21052610110973
2026-05-12 13:50:00,16.21052610110973
2026-05-12 13:51:00,16.21052610110973
2026-05-12 13:52:00,16.21052610110973
2026-05-12 13:53:00,16.21052610110973
2026-05-12 13:54:00,16.21052610110973
2026-05-12 13:55:00,16.21052610110973
2026-05-12 13:56:00,16.21052610110973
2026-05-12 13:57:00,16.21052610110973
2026-05-12 13:58:00,16.21052610110973
2026-05-12 13:59:00,16.21052610110973
2026-05-12 14:00:00,16.21052610110973
2026-05-12 14:01:00,16.21052610110973
2026-05-12 14:02:00,16.21052610110973
2026-05-12 14:03:00,16.21052610110973
2026-05-12 14:04:00,16.21052610110973
2026-05-12 14:05:00,16.21052610110973
2026-05-12 14:06:00,16.21052610110973
2026-05-12 14:07:00,16.21052610110973
2026-05-12 14:08:00,16.21052610110973
2026-05-12 14:09:00,16.21052610110973
2026-05-12 14:10:00,16.21052610110973
2026-05-12 14:11:00,16.21052610110973
2026-05-12 14:12:00,16.21052610110973
2026-05-12 14:13:00,16.21052610110973
2026-05-12 14:14:00,16.21052610110973
2026-05-12 14:15:00,16.21052610110973
2026-05-12 14:16:00,16.21052610110973
2026-05-12 14:17:00,16.21052610110973
2026-05-12 14:18:00,16.21052610110973
2026-05-12 14:19:00,16.21052610110973
2026-05-12 14:20:00,16.21052610110973
2026-05-12 14:21:00,16.21052610110973
2026-05-12 14:22:00,16.21052610110973
2026-05-12 14:23:00,16.21052610110973
2026-05-12 14:24:00,16.21052610110973
2026-05-12 14:25:00,16.21052610110973
2026-05-12 14:26:00,16.21052610110973
2026-05-12 14:27:00,16.21052610110973
2026-05-12 14:28:00,16.21052610110973
2026-05-12 14:29:00,16.21052610110973
2026-05-12 14:30:00,16.21052610110973
2026-05-12 14:31:00,16.21052610110973
2026-05-12 14:32:00,16.21052610110973
2026-05-12 14:33:00,16.21052610110973
2026-05-12 14:34:00,16.21052610110973
2026-05-12 14:35:00,16.21052610110973
2026-05-12 14:36:00,16.21052610110973
2026-05-12 14:37:00,16.21052610110973
2026-05-12 14:38:00,16.21052610110973
2026-05-12 14:39:00,16.21052610110973
2026-05-12 14:40:00,16.21052610110973
2026-05-12 14:41:00,16.21052610110973
2026-05-12 14:42:00,16.21052610110973
2026-05-12 14:43:00,16.21052610110973
2026-05-12 14:44:00,16.21052610110973
2026-05-12 14:45:00,16.21052610110973
2026-05-12 14:46:00,16.21052610110973
2026-05-12 14:47:00,16.21052610110973
2026-05-12 14:48:00,16.21052610110973
2026-05-12 14:49:00,16.21052610110973
2026-05-12 14:50:00,16.21052610110973
2026-05-12 14:51:00,16.21052610110973
2026-05-12 14:52:00,16.21052610110973
2026-05-12 14:53:00,16.21052610110973
2026-05-12 14:54:00,16.21052610110973
2026-05-12 14:55:00,16.21052610110973
2026-05-12 14:56:00,16.21052610110973
2026-05-12 14:57:00,16.21052610110973
2026-05-12 14:58:00,16.21052610110973
2026-05-12 14:59:00,16.21052610110973
2026-05-12 15:00:00,16.21052610110973
2026-05-12 15:01:00,16.21052610110973
2026-05-12 15:02:00,16.21052610110973
2026-05-12 15:03:00,16.21052610110973
2026-05-12 15:04:00,16.21052610110973
2026-05-12 15:05:00,16.21052610110973
2026-05-12 15:06:00,16.21052610110973
2026-05-12 15:07:00,16.21052610110973
2026-05-12 15:08:00,16.21052610110973
2026-05-12 15:09:00,16.21052610110973
2026-05-12 15:10:00,16.21052610110973
2026-05-12 15:11:00,16.21052610110973
2026-05-12 15:12:00,16.21052610110973
2026-05-12 15:13:00,16.21052610110973
2026-05-12 15:14:00,16.21052610110973
2026-05-12 15:15:00,16.21052610110973
2026-05-12 15:16:00,16.21052610110973
2026-05-12 15:17:00,16.21052610110973
2026-05-12 15:18:00,16.21052610110973
2026-05-12 15:19:00,16.21052610110973
2026-05-12 15:20:00,16.21052610110973
2026-05-12 15:21:00,16.21052610110973
2026-05-12 15:22:00,16.21052610110973
2026-05-12 15:23:00,16.21052610110973
2026-05-12 15:24:00,16.21052610110973
2026-05-12 15:25:00,16.21052610110973
2026-05-12 15:26:00,16.21052610110973
2026-05-12 15:27:00,16.21052610110973
2026-05-12 15:28:00,16.21052610110973
2026-05-12 15:29:00,16.21052610110973
2026-05-12 15:30:00,16.21052610110973
2026-05-12 15:31:00,16.21052610110973
2026-05-12 15:32:00,16.21052610110973
2026-05-12 15:33:00,16.21052610110973
2026-05-12 15:34:00,16.21052610110973
2026-05-12 15:35:00,16.21052610110973
2026-05-12 15:36:00,16.21052610110973
2026-05-12 15:37:00,16.21052610110973
2026-05-12 15:38:00,16.21052610110973
2026-05-12 15:39:00,16.21052610110973
2026-05-12 15:40:00,16.21052610110973
2026-05-12 15:41:00,16.21052610110973
2026-05-12 15:42:00,16.21052610110973
2026-05-12 15:43:00,16.21052610110973
2026-05-12 15:44:00,16.21052610110973
2026-05-12 15:45:00,16.21052610110973
2026-05-12 15:46:00,16.21052610110973
2026-05-12 15:47:00,16.21052610110973
2026-05-12 15:48:00,16.21052610110973
2026-05-12 15:49:00,16.21052610110973
2026-05-12 15:50:00,16.21052610110973
2026-05-12 15:51:00,16.21052610110973
2026-05-12 15:52:00,16.21052610110973
2026-05-12 15:53:00,16.21052610110973
2026-05-12 15:54:00,16.21052610110973
2026-05-12 15:55:00,16.21052610110973
2026-05-12 15:56:00,16.21052610110973
2026-05-12 15:57:00,16.21052610110973
2026-05-12 15:58:00,16.21052610110973
2026-05-12 15:59:00,16.21052610110973
2026-05-12 16:00:00,16.21052610110973
2026-05-12 16:01:00,16.21052610110973
2026-05-12 16:02:00,16.21052610110973
2026-05-12 16:03:00,16.21052610110973
2026-05-12 16:04:00,16.21052610110973
2026-05-12 16:05:00,16.21052610110973
2026-05-12 16:06:00,16.21052610110973
2026-05-12 16:07:00,16.21052610110973
2026-05-12 16:08:00,16.21052610110973
2026-05-12 16:09:00,16.21052610110973
2026-05-12 16:10:00,16.21052610110973
2026-05-12 16:11:00,16.21052610110973
2026-05-12 16:12:00,16.21052610110973
2026-05-12 16:13:00,16.21052610110973
2026-05-12 16:14:00,16.21052610110973
2026-05-12 16:15:00,16.21052610110973
2026-05-12 16:16:00,16.21052610110973
2026-05-12 16:17:00,16.21052610110973
2026-05-12 16:18:00,16.21052610110973
2026-05-12 16:19:00,16.21052610110973
2026-05-12 16:20:00,16.21052610110973
2026-05-12 16:21:00,16.21052610110973
2026-05-12 16:22:00,16.21052610110973
2026-05-12 16:23:00,16.21052610110973
2026-05-12 16:24:00,16.21052610110973
2026-05-12 16:25:00,16.21052610110973
2026-05-12 16:26:00,16.21052610110973
2026-05-12 16:27:00,16.21052610110973
2026-05-12 16:28:00,16.21052610110973
2026-05-12 16:29:00,16.21052610110973
2026-05-12 16:30:00,16.21052610110973
2026-05-12 16:31:00,16.21052610110973
2026-05-12 16:32:00,16.21052610110973
2026-05-12 16:33:00,16.21052610110973
2026-05-12 16:34:00,16.21052610110973
2026-05-12 16:35:00,16.21052610110973
2026-05-12 16:36:00,16.21052610110973
2026-05-12 16:37:00,16.21052610110973
2026-05-12 16:38:00,16.21052610110973
2026-05-12 16:39:00,16.21052610110973
2026-05-12 16:40:00,16.21052610110973
2026-05-12 16:41:00,16.21052610110973
2026-05-12 16:42:00,16.21052610110973
2026-05-12 16:43:00,16.21052610110973
2026-05-12 16:44:00,16.21052610110973
2026-05-12 16:45:00,16.21052610110973
2026-05-12 16:46:00,16.21052610110973
2026-05-12 16:47:00,16.21052610110973
2026-05-12 16:48:00,16.21052610110973
2026-05-12 16:49:00,16.21052610110973
2026-05-12 16:50:00,16.21052610110973
2026-05-12 16:51:00,16.21052610110973
2026-05-12 16:52:00,16.21052610110973
2026-05-12 16:53:00,16.21052610110973
2026-05-12 16:54:00,16.21052610110973
2026-05-12 16:55:00,16.21052610110973
2026-05-12 16:56:00,16.21052610110973
2026-05-12 16:57:00,16.21052610110973
2026-05-12 16:58:00,16.21052610110973
2026-05-12 16:59:00,16.21052610110973
2026-05-12 17:00:00,16.21052610110973
2026-05-12 17:01:00,16.21052610110973
2026-05-12 17:02:00,16.21052610110973
2026-05-12 17:03:00,16.21052610110973
2026-05-12 17:04:00,16.21052610110973
2026-05-12 17:05:00,16.21052610110973
2026-05-12 17:06:00,16.21052610110973
2026-05-12 17:07:00,16.21052610110973
2026-05-12 17:08:00,16.21052610110973
2026-05-12 17:09:00,16.21052610110973
2026-05-12 17:10:00,16.21052610110973
2026-05-12 17:11:00,16.21052610110973
2026-05-12 17:12:00,16.21052610110973
2026-05-12 17:13:00,16.21052610110973
2026-05-12 17:14:00,16.21052610110973
2026-05-12 17:15:00,16.21052610110973
2026-05-12 17:16:00,16.21052610110973
2026-05-12 17:17:00,16.21052610110973
2026-05-12 17:18:00,16.21052610110973
2026-05-12 17:19:00,16.21052610110973
2026-05-12 17:20:00,16.21052610110973
2026-05-12 17:21:00,16.21052610110973
2026-05-12 17:22:00,16.21052610110973
2026-05-12 17:23:00,16.21052610110973
2026-05-12 17:24:00,16.21052610110973
2026-05-12 17:25:00,16.21052610110973
2026-05-12 17:26:00,16.21052610110973
2026-05-12 17:27:00,16.21052610110973
2026-05-12 17:28:00,16.21052610110973
2026-05-12 17:29:00,16.21052610110973
2026-05-12 17:30:00,16.21052610110973
2026-05-12 17:31:00,16.21052610110973
2026-05-12 17:32:00,16.21052610110973
2026-05-12 17:33:00,16.21052610110973
2026-05-12 17:34:00,16.21052610110973
2026-05-12 17:35:00,16.21052610110973
2026-05-12 17:36:00,16.21052610110973
2026-05-12 17:37:00,16.21052610110973
2026-05-12 17:38:00,16.21052610110973
2026-05-12 17:39:00,16.21052610110973
2026-05-12 17:40:00,16.21052610110973
2026-05-12 17:41:00,16.21052610110973
2026-05-12 17:42:00,16.21052610110973
2026-05-12 17:43:00,16.21052610110973
2026-05-12 17:44:00,16.21052610110973
2026-05-12 17:45:00,16.21052610110973
2026-05-12 17:46:00,16.21052610110973
2026-05-12 17:47:00,16.21052610110973
2026-05-12 17:48:00,16.21052610110973
2026-05-12 17:49:00,16.21052610110973
2026-05-12 17:50:00,16.21052610110973
2026-05-12 17:51:00,16.21052610110973
2026-05-12 17:52:00,16.21052610110973
2026-05-12 17:53:00,16.21052610110973
2026-05-12 17:54:00,16.21052610110973
2026-05-12 17:55:00,16.21052610110973
2026-05-12 17:56:00,16.21052610110973
2026-05-12 17:57:00,16.21052610110973
2026-05-12 17:58:00,16.21052610110973
2026-05-12 17:59:00,16.21052610110973
2026-05-12 18:00:00,16.21052610110973
2026-05-12 18:01:00,16.21052610110973
2026-05-12 18:02:00,16.21052610110973
2026-05-12 18:03:00,16.21052610110973
2026-05-12 18:04:00,16.21052610110973
2026-05-12 18:05:00,16.21052610110973
2026-05-12 18:06:00,16.21052610110973
2026-05-12 18:07:00,16.21052610110973
2026-05-12 18:08:00,16.21052610110973
2026-05-12 18:09:00,16.21052610110973
2026-05-12 18:10:00,16.21052610110973
2026-05-12 18:11:00,16.21052610110973
2026-05-12 18:12:00,16.21052610110973
2026-05-12 18:13:00,16.21052610110973
2026-05-12 18:14:00,16.21052610110973
2026-05-12 18:15:00,16.21052610110973
2026-05-12 18:16:00,16.21052610110973
2026-05-12 18:17:00,16.21052610110973
2026-05-12 18:18:00,16.21052610110973
2026-05-12 18:19:00,16.21052610110973
2026-05-12 18:20:00,16.21052610110973
2026-05-12 18:21:00,16.21052610110973
2026-05-12 18:22:00,16.21052610110973
2026-05-12 18:23:00,16.21052610110973
2026-05-12 18:24:00,16.21052610110973
2026-05-12 18:25:00,16.21052610110973
2026-05-12 18:26:00,16.21052610110973
2026-05-12 18:27:00,16.21052610110973
2026-05-12 18:28:00,16.21052610110973
2026-05-12 18:29:00,16.21052610110973
2026-05-12 18:30:00,16.21052610110973
2026-05-12 18:31:00,16.21052610110973
2026-05-12 18:32:00,16.21052610110973
2026-05-12 18:33:00,16.21052610110973
2026-05-12 18:34:00,16.21052610110973
2026-05-12 18:35:00,16.21052610110973
2026-05-12 18:36:00,16.21052610110973
2026-05-12 18:37:00,16.21052610110973
2026-05-12 18:38:00,16.21052610110973
2026-05-12 18:39:00,16.21052610110973
2026-05-12 18:40:00,16.21052610110973
2026-05-12 18:41:00,16.21052610110973
2026-05-12 18:42:00,16.21052610110973
2026-05-12 18:43:00,16.21052610110973
2026-05-12 18:44:00,16.21052610110973
2026-05-12 18:45:00,16.21052610110973
2026-05-12 18:46:00,16.21052610110973
2026-05-12 18:47:00,16.21052610110973
2026-05-12 18:48:00,16.21052610110973
2026-05-12 18:49:00,16.21052610110973
2026-05-12 18:50:00,16.21052610110973
2026-05-12 18:51:00,16.21052610110973
2026-05-12 18:52:00,16.21052610110973
2026-05-12 18:53:00,16.21052610110973
2026-05-12 18:54:00,16.21052610110973
2026-05-12 18:55:00,16.21052610110973
2026-05-12 18:56:00,16.21052610110973
2026-05-12 18:57:00,16.21052610110973
2026-05-12 18:58:00,16.21052610110973
2026-05-12 18:59:00,16.21052610110973
2026-05-12 19:00:00,16.21052610110973
2026-05-12 19:01:00,16.21052610110973
2026-05-12 19:02:00,16.21052610110973
2026-05-12 19:03:00,16.21052610110973
2026-05-12 19:04:00,16.21052610110973
2026-05-12 19:05:00,16.21052610110973
2026-05-12 19:06:00,16.21052610110973
2026-05-12 19:07:00,16.21052610110973
2026-05-12 19:08:00,16.21052610110973
2026-05-12 19:09:00,16.21052610110973
2026-05-12 19:10:00,16.21052610110973
2026-05-12 19:11:00,16.21052610110973
2026-05-12 19:12:00,16.21052610110973
2026-05-12 19:13:00,16.21052610110973
2026-05-12 19:14:00,16.21052610110973
2026-05-12 19:15:00,16.21052610110973
2026-05-12 19:16:00,16.21052610110973
2026-05-12 19:17:00,16.21052610110973
2026-05-12 19:18:00,16.21052610110973
2026-05-12 19:19:00,16.21052610110973
2026-05-12 19:20:00,16.21052610110973
2026-05-12 19:21:00,16.21052610110973
2026-05-12 19:22:00,16.21052610110973
2026-05-12 19:23:00,16.21052610110973
2026-05-12 19:24:00,16.21052610110973
2026-05-12 19:25:00,16.21052610110973
2026-05-12 19:26:00,16.21052610110973
2026-05-12 19:27:00,16.21052610110973
2026-05-12 19:28:00,16.21052610110973
2026-05-12 19:29:00,16.21052610110973
2026-05-12 19:30:00,16.21052610110973
2026-05-12 19:31:00,16.21052610110973
2026-05-12 19:32:00,16.21052610110973
2026-05-12 19:33:00,16.21052610110973
2026-05-12 19:34:00,16.21052610110973
2026-05-12 19:35:00,16.21052610110973
2026-05-12 19:36:00,16.21052610110973
2026-05-12 19:37:00,16.21052610110973
2026-05-12 19:38:00,16.21052610110973
2026-05-12 19:39:00,16.21052610110973
2026-05-12 19:40:00,16.21052610110973
2026-05-12 19:41:00,16.21052610110973
2026-05-12 19:42:00,16.21052610110973
2026-05-12 19:43:00,16.21052610110973
2026-05-12 19:44:00,16.21052610110973
2026-05-12 19:45:00,16.21052610110973
2026-05-12 19:46:00,16.21052610110973
2026-05-12 19:47:00,16.21052610110973
2026-05-12 19:48:00,16.21052610110973
2026-05-12 19:49:00,16.21052610110973
2026-05-12 19:50:00,16.21052610110973
2026-05-12 19:51:00,16.21052610110973
2026-05-12 19:52:00,16.21052610110973
2026-05-12 19:53:00,16.21052610110973
2026-05-12 19:54:00,16.21052610110973
2026-05-12 19:55:00,16.21052610110973
2026-05-12 19:56:00,16.21052610110973
2026-05-12 19:57:00,16.21052610110973
2026-05-12 19:58:00,16.21052610110973
2026-05-12 19:59:00,16.21052610110973
2026-05-12 20:00:00,16.21052610110973
2026-05-12 20:01:00,16.21052610110973
2026-05-12 20:02:00,16.21052610110973
2026-05-12 20:03:00,16.21052610110973
2026-05-12 20:04:00,16.21052610110973
2026-05-12 20:05:00,16.21052610110973
2026-05-12 20:06:00,16.21052610110973
2026-05-12 20:07:00,16.21052610110973
2026-05-12 20:08:00,16.21052610110973
2026-05-12 20:09:00,16.21052610110973
2026-05-12 20:10:00,16.21052610110973
2026-05-12 20:11:00,16.21052610110973
2026-05-12 20:12:00,16.21052610110973
2026-05-12 20:13:00,16.21052610110973
2026-05-12 20:14:00,16.21052610110973
2026-05-12 20:15:00,16.21052610110973
2026-05-12 20:16:00,16.21052610110973
2026-05-12 20:17:00,16.21052610110973
2026-05-12 20:18:00,16.21052610110973
2026-05-12 20:19:00,16.21052610110973
2026-05-12 20:20:00,16.21052610110973
2026-05-12 20:21:00,16.21052610110973
2026-05-12 20:22:00,16.21052610110973
2026-05-12 20:23:00,16.21052610110973
2026-05-12 20:24:00,16.21052610110973
2026-05-12 20:25:00,16.21052610110973
2026-05-12 20:26:00,16.21052610110973
2026-05-12 20:27:00,16.21052610110973
2026-05-12 20:28:00,16.21052610110973
2026-05-12 20:29:00,16.21052610110973
2026-05-12 20:30:00,16.21052610110973
2026-05-12 20:31:00,16.21052610110973
2026-05-12 20:32:00,16.21052610110973
2026-05-12 20:33:00,16.21052610110973
2026-05-12 20:34:00,16.21052610110973
2026-05-12 20:35:00,16.21052610110973
2026-05-12 20:36:00,16.21052610110973
2026-05-12 20:37:00,16.21052610110973
2026-05-12 20:38:00,16.21052610110973
2026-05-12 20:39:00,16.21052610110973
2026-05-12 20:40:00,16.21052610110973
2026-05-12 20:41:00,16.21052610110973
2026-05-12 20:42:00,16.21052610110973
2026-05-12 20:43:00,16.21052610110973
2026-05-12 20:44:00,16.21052610110973
2026-05-12 20:45:00,16.21052610110973
2026-05-12 20:46:00,16.21052610110973
2026-05-12 20:47:00,16.21052610110973
2026-05-12 20:48:00,16.21052610110973
2026-05-12 20:49:00,16.21052610110973
2026-05-12 20:50:00,16.21052610110973
2026-05-12 20:51:00,16.21052610110973
2026-05-12 20:52:00,16.21052610110973
2026-05-12 20:53:00,16.21052610110973
2026-05-12 20:54:00,16.21052610110973
2026-05-12 20:55:00,16.21052610110973
2026-05-12 20:56:00,16.21052610110973
2026-05-12 20:57:00,16.21052610110973
2026-05-12 20:58:00,16.21052610110973
2026-05-12 20:59:00,16.21052610110973
2026-05-12 21:00:00,16.21052610110973
2026-05-12 21:01:00,16.21052610110973
2026-05-12 21:02:00,16.21052610110973
2026-05-12 21:03:00,16.21052610110973
2026-05-12 21:04:00,16.21052610110973
2026-05-12 21:05:00,16.21052610110973
2026-05-12 21:06:00,16.21052610110973
2026-05-12 21:07:00,16.21052610110973
2026-05-12 21:08:00,16.21052610110973
2026-05-12 21:09:00,16.21052610110973
2026-05-12 21:10:00,16.21052610110973
2026-05-12 21:11:00,16.21052610110973
2026-05-12 21:12:00,16.21052610110973
2026-05-12 21:13:00,16.21052610110973
2026-05-12 21:14:00,16.21052610110973
2026-05-12 21:15:00,16.21052610110973
2026-05-12 21:16:00,16.21052610110973
2026-05-12 21:17:00,16.21052610110973
2026-05-12 21:18:00,16.21052610110973
2026-05-12 21:19:00,16.21052610110973
2026-05-12 21:20:00,16.21052610110973
2026-05-12 21:21:00,16.21052610110973
2026-05-12 21:22:00,16.21052610110973
2026-05-12 21:23:00,16.21052610110973
2026-05-12 21:24:00,16.21052610110973
2026-05-12 21:25:00,16.21052610110973
2026-05-12 21:26:00,16.21052610110973
2026-05-12 21:27:00,16.21052610110973
2026-05-12 21:28:00,16.21052610110973
2026-05-12 21:29:00,16.21052610110973
2026-05-12 21:30:00,16.21052610110973
2026-05-12 21:31:00,16.21052610110973
2026-05-12 21:32:00,16.21052610110973
2026-05-12 21:33:00,16.21052610110973
2026-05-12 21:34:00,16.21052610110973
2026-05-12 21:35:00,16.21052610110973
2026-05-12 21:36:00,16.21052610110973
2026-05-12 21:37:00,16.21052610110973
2026-05-12 21:38:00,16.21052610110973
2026-05-12 21:39:00,16.21052610110973
2026-05-12 21:40:00,16.21052610110973
2026-05-12 21:41:00,16.21052610110973
2026-05-12 21:42:00,16.21052610110973
2026-05-12 21:43:00,16.21052610110973
2026-05-12 21:44:00,16.21052610110973
2026-05-12 21:45:00,16.21052610110973
2026-05-12 21:46:00,16.21052610110973
2026-05-12 21:47:00,16.21052610110973
2026-05-12 21:48:00,16.21052610110973
2026-05-12 21:49:00,16.21052610110973
2026-05-12 21:50:00,16.21052610110973
2026-05-12 21:51:00,16.21052610110973
2026-05-12 21:52:00,16.21052610110973
2026-05-12 21:53:00,16.21052610110973
2026-05-12 21:54:00,16.21052610110973
2026-05-12 21:55:00,16.21052610110973
2026-05-12 21:56:00,16.21052610110973
2026-05-12 21:57:00,16.21052610110973
2026-05-12 21:58:00,16.21052610110973
2026-05-12 21:59:00,16.21052610110973
2026-05-12 22:00:00,16.21052610110973
2026-05-12 22:01:00,16.21052610110973
2026-05-12 22:02:00,16.21052610110973
2026-05-12 22:03:00,16.21052610110973
2026-05-12 22:04:00,16.21052610110973
2026-05-12 22:05:00,16.21052610110973
2026-05-12 22:06:00,16.21052610110973
2026-05-12 22:07:00,16.21052610110973
2026-05-12 22:08:00,16.21052610110973
2026-05-12 22:09:00,16.21052610110973
2026-05-12 22:10:00,16.21052610110973
2026-05-12 22:11:00,16.21052610110973
2026-05-12 22:12:00,16.21052610110973
2026-05-12 22:13:00,16.21052610110973
2026-05-12 22:14:00,16.21052610110973
2026-05-12 22:15:00,16.21052610110973
2026-05-12 22:16:00,16.21052610110973
2026-05-12 22:17:00,16.21052610110973
2026-05-12 22:18:00,16.21052610110973
2026-05-12 22:19:00,16.21052610110973
2026-05-12 22:20:00,16.21052610110973
2026-05-12 22:21:00,16.21052610110973
2026-05-12 22:22:00,16.21052610110973
2026-05-12 22:23:00,16.21052610110973
2026-05-12 22:24:00,16.21052610110973
2026-05-12 22:25:00,16.21052610110973
2026-05-12 22:26:00,16.21052610110973
2026-05-12 22:27:00,16.21052610110973
2026-05-12 22:28:00,16.21052610110973
2026-05-12 22:29:00,16.21052610110973
2026-05-12 22:30:00,16.21052610110973
2026-05-12 22:31:00,16.21052610110973
2026-05-12 22:32:00,16.21052610110973
2026-05-12 22:33:00,16.21052610110973
2026-05-12 22:34:00,16.21052610110973
2026-05-12 22:35:00,16.21052610110973
2026-05-12 22:36:00,16.21052610110973
2026-05-12 22:37:00,16.21052610110973
2026-05-12 22:38:00,16.21052610110973
2026-05-12 22:39:00,16.21052610110973
2026-05-12 22:40:00,16.21052610110973
2026-05-12 22:41:00,16.21052610110973
2026-05-12 22:42:00,16.21052610110973
2026-05-12 22:43:00,16.21052610110973
2026-05-12 22:44:00,16.21052610110973
2026-05-12 22:45:00,16.21052610110973
2026-05-12 22:46:00,16.21052610110973
2026-05-12 22:47:00,16.21052610110973
2026-05-12 22:48:00,16.21052610110973
2026-05-12 22:49:00,16.21052610110973
2026-05-12 22:50:00,16.21052610110973
2026-05-12 22:51:00,16.21052610110973
2026-05-12 22:52:00,16.21052610110973
2026-05-12 22:53:00,16.21052610110973
2026-05-12 22:54:00,16.21052610110973
2026-05-12 22:55:00,16.21052610110973
2026-05-12 22:56:00,16.21052610110973
2026-05-12 22:57:00,16.21052610110973
2026-05-12 22:58:00,16.21052610110973
2026-05-12 22:59:00,16.21052610110973
2026-05-12 23:00:00,16.21052610110973
2026-05-12 23:01:00,16.21052610110973
2026-05-12 23:02:00,16.21052610110973
2026-05-12 23:03:00,16.21052610110973
2026-05-12 23:04:00,16.21052610110973
2026-05-12 23:05:00,16.21052610110973
2026-05-12 23:06:00,16.21052610110973
2026-05-12 23:07:00,16.21052610110973
2026-05-12 23:08:00,16.21052610110973
2026-05-12 23:09:00,16.21052610110973
2026-05-12 23:10:00,16.21052610110973
2026-05-12 23:11:00,16.21052610110973
2026-05-12 23:12:00,16.21052610110973
2026-05-12 23:13:00,16.21052610110973
2026-05-12 23:14:00,16.21052610110973
2026-05-12 23:15:00,16.21052610110973
2026-05-12 23:16:00,16.21052610110973
2026-05-12 23:17:00,16.21052610110973
2026-05-12 23:18:00,16.21052610110973
2026-05-12 23:19:00,16.21052610110973
2026-05-12 23:20:00,16.21052610110973
2026-05-12 23:21:00,16.21052610110973
2026-05-12 23:22:00,16.21052610110973
2026-05-12 23:23:00,16.21052610110973
2026-05-12 23:24:00,16.21052610110973
2026-05-12 23:25:00,16.21052610110973
2026-05-12 23:26:00,16.21052610110973
2026-05-12 23:27:00,16.21052610110973
2026-05-12 23:28:00,16.21052610110973
2026-05-12 23:29:00,16.21052610110973
2026-05-12 23:30:00,16.21052610110973
2026-05-12 23:31:00,16.21052610110973
2026-05-12 23:32:00,16.21052610110973
2026-05-12 23:33:00,16.21052610110973
2026-05-12 23:34:00,16.21052610110973
2026-05-12 23:35:00,16.21052610110973
2026-05-12 23:36:00,16.21052610110973
2026-05-12 23:37:00,16.21052610110973
2026-05-12 23:38:00,16.21052610110973
2026-05-12 23:39:00,16.21052610110973
2026-05-12 23:40:00,16.21052610110973
2026-05-12 23:41:00,16.21052610110973
2026-05-12 23:42:00,16.21052610110973
2026-05-12 23:43:00,16.21052610110973
2026-05-12 23:44:00,16.21052610110973
2026-05-12 23:45:00,16.21052610110973
2026-05-12 23:46:00,16.21052610110973
2026-05-12 23:47:00,16.21052610110973
2026-05-12 23:48:00,16.21052610110973
2026-05-12 23:49:00,16.21052610110973
2026-05-12 23:50:00,16.21052610110973
2026-05-12 23:51:00,16.21052610110973
2026-05-12 23:52:00,16.21052610110973
2026-05-12 23:53:00,16.21052610110973
2026-05-12 23:54:00,16.21052610110973
2026-05-12 23:55:00,16.21052610110973
2026-05-12 23:56:00,16.21052610110973
2026-05-12 23:57:00,16.21052610110973
2026-05-12 23:58:00,16.21052610110973
2026-05-12 23:59:00,16.21052610110973
2026-05-13 00:00:00,16.21052610110973
2026-05-13 00:01:00,16.21052610110973
2026-05-13 00:02:00,16.21052610110973
2026-05-13 00:03:00,16.21052610110973
2026-05-13 00:04:00,16.21052610110973
2026-05-13 00:05:00,16.21052610110973
2026-05-13 00:06:00,16.21052610110973
2026-05-13 00:07:00,16.21052610110973
2026-05-13 00:08:00,16.21052610110973
2026-05-13 00:09:00,16.21052610110973
2026-05-13 00:10:00,16.21052610110973
2026-05-13 00:11:00,16.21052610110973
2026-05-13 00:12:00,16.21052610110973
2026-05-13 00:13:00,16.21052610110973
2026-05-13 00:14:00,16.21052610110973
2026-05-13 00:15:00,16.21052610110973
2026-05-13 00:16:00,16.21052610110973
2026-05-13 00:17:00,16.21052610110973
2026-05-13 00:18:00,16.21052610110973
2026-05-13 00:19:00,16.21052610110973
2026-05-13 00:20:00,16.21052610110973
2026-05-13 00:21:00,16.21052610110973
2026-05-13 00:22:00,16.21052610110973
2026-05-13 00:23:00,16.21052610110973
2026-05-13 00:24:00,16.21052610110973
2026-05-13 00:25:00,16.21052610110973
2026-05-13 00:26:00,16.21052610110973
2026-05-13 00:27:00,16.21052610110973
2026-05-13 00:28:00,16.21052610110973
2026-05-13 00:29:00,16.21052610110973
2026-05-13 00:30:00,16.21052610110973
2026-05-13 00:31:00,16.21052610110973
2026-05-13 00:32:00,16.21052610110973
2026-05-13 00:33:00,16.21052610110973
2026-05-13 00:34:00,16.21052610110973
2026-05-13 00:35:00,16.21052610110973
2026-05-13 00:36:00,16.21052610110973
2026-05-13 00:37:00,16.21052610110973
2026-05-13 00:38:00,16.21052610110973
2026-05-13 00:39:00,16.21052610110973
2026-05-13 00:40:00,16.21052610110973
2026-05-13 00:41:00,16.21052610110973
2026-05-13 00:42:00,16.21052610110973
2026-05-13 00:43:00,16.21052610110973
2026-05-13 00:44:00,16.21052610110973
2026-05-13 00:45:00,16.21052610110973
2026-05-13 00:46:00,16.21052610110973
2026-05-13 00:47:00,16.21052610110973
2026-05-13 00:48:00,16.21052610110973
2026-05-13 00:49:00,16.21052610110973
2026-05-13 00:50:00,16.21052610110973
2026-05-13 00:51:00,16.21052610110973
2026-05-13 00:52:00,16.21052610110973
2026-05-13 00:53:00,16.21052610110973
2026-05-13 00:54:00,16.21052610110973
2026-05-13 00:55:00,16.21052610110973
2026-05-13 00:56:00,16.21052610110973
2026-05-13 00:57:00,16.21052610110973
2026-05-13 00:58:00,16.21052610110973
2026-05-13 00:59:00,16.21052610110973
2026-05-13 01:00:00,16.21052610110973
2026-05-13 01:01:00,16.21052610110973
2026-05-13 01:02:00,16.21052610110973
2026-05-13 01:03:00,16.21052610110973
2026-05-13 01:04:00,16.21052610110973
2026-05-13 01:05:00,16.21052610110973
2026-05-13 01:06:00,16.21052610110973
2026-05-13 01:07:00,16.21052610110973
2026-05-13 01:08:00,16.21052610110973
2026-05-13 01:09:00,16.21052610110973
2026-05-13 01:10:00,16.21052610110973
2026-05-13 01:11:00,16.21052610110973
2026-05-13 01:12:00,16.21052610110973
2026-05-13 01:13:00,16.21052610110973
2026-05-13 01:14:00,16.21052610110973
2026-05-13 01:15:00,16.21052610110973
2026-05-13 01:16:00,16.21052610110973
2026-05-13 01:17:00,16.21052610110973
2026-05-13 01:18:00,16.21052610110973
2026-05-13 01:19:00,16.21052610110973
2026-05-13 01:20:00,16.21052610110973
2026-05-13 01:21:00,16.21052610110973
2026-05-13 01:22:00,16.21052610110973
2026-05-13 01:23:00,16.21052610110973
2026-05-13 01:24:00,16.21052610110973
2026-05-13 01:25:00,16.21052610110973
2026-05-13 01:26:00,16.21052610110973
2026-05-13 01:27:00,16.21052610110973
2026-05-13 01:28:00,16.21052610110973
2026-05-13 01:29:00,16.21052610110973
2026-05-13 01:30:00,16.21052610110973
2026-05-13 01:31:00,16.21052610110973
2026-05-13 01:32:00,16.21052610110973
2026-05-13 01:33:00,16.21052610110973
2026-05-13 01:34:00,16.21052610110973
2026-05-13 01:35:00,16.21052610110973
2026-05-13 01:36:00,16.21052610110973
2026-05-13 01:37:00,16.21052610110973
2026-05-13 01:38:00,16.21052610110973
2026-05-13 01:39:00,16.21052610110973
2026-05-13 01:40:00,16.21052610110973
2026-05-13 01:41:00,16.21052610110973
2026-05-13 01:42:00,16.21052610110973
2026-05-13 01:43:00,16.21052610110973
2026-05-13 01:44:00,16.21052610110973
2026-05-13 01:45:00,16.21052610110973
2026-05-13 01:46:00,16.21052610110973
2026-05-13 01:47:00,16.21052610110973
2026-05-13 01:48:00,16.21052610110973
2026-05-13 01:49:00,16.21052610110973
2026-05-13 01:50:00,16.21052610110973
2026-05-13 01:51:00,16.21052610110973
2026-05-13 01:52:00,16.21052610110973
2026-05-13 01:53:00,16.21052610110973
2026-05-13 01:54:00,16.21052610110973
2026-05-13 01:55:00,16.21052610110973
2026-05-13 01:56:00,16.21052610110973
2026-05-13 01:57:00,16.21052610110973
2026-05-13 01:58:00,16.21052610110973
2026-05-13 01:59:00,16.21052610110973
2026-05-13 02:00:00,16.21052610110973
2026-05-13 02:01:00,16.21052610110973
2026-05-13 02:02:00,16.21052610110973
2026-05-13 02:03:00,16.21052610110973
2026-05-13 02:04:00,16.21052610110973
2026-05-13 02:05:00,16.21052610110973
2026-05-13 02:06:00,16.21052610110973
2026-05-13 02:07:00,16.21052610110973
2026-05-13 02:08:00,16.21052610110973
2026-05-13 02:09:00,16.21052610110973
2026-05-13 02:10:00,16.21052610110973
2026-05-13 02:11:00,16.21052610110973
2026-05-13 02:12:00,16.21052610110973
2026-05-13 02:13:00,16.21052610110973
2026-05-13 02:14:00,16.21052610110973
2026-05-13 02:15:00,16.21052610110973
2026-05-13 02:16:00,16.21052610110973
2026-05-13 02:17:00,16.21052610110973
2026-05-13 02:18:00,16.21052610110973
2026-05-13 02:19:00,16.21052610110973
2026-05-13 02:20:00,16.21052610110973
2026-05-13 02:21:00,16.21052610110973
2026-05-13 02:22:00,16.21052610110973
2026-05-13 02:23:00,16.21052610110973
2026-05-13 02:24:00,16.21052610110973
2026-05-13 02:25:00,16.21052610110973
2026-05-13 02:26:00,16.21052610110973
2026-05-13 02:27:00,16.21052610110973
2026-05-13 02:28:00,16.21052610110973
2026-05-13 02:29:00,16.21052610110973
2026-05-13 02:30:00,16.21052610110973
2026-05-13 02:31:00,16.21052610110973
2026-05-13 02:32:00,16.21052610110973
2026-05-13 02:33:00,16.21052610110973
2026-05-13 02:34:00,16.21052610110973
2026-05-13 02:35:00,16.21052610110973
2026-05-13 02:36:00,16.21052610110973
2026-05-13 02:37:00,16.21052610110973
2026-05-13 02:38:00,16.21052610110973
2026-05-13 02:39:00,16.21052610110973
2026-05-13 02:40:00,16.21052610110973
2026-05-13 02:41:00,16.21052610110973
2026-05-13 02:42:00,16.21052610110973
2026-05-13 02:43:00,16.21052610110973
2026-05-13 02:44:00,16.21052610110973
2026-05-13 02:45:00,16.21052610110973
2026-05-13 02:46:00,16.21052610110973
2026-05-13 02:47:00,16.21052610110973
2026-05-13 02:48:00,16.21052610110973
2026-05-13 02:49:00,16.21052610110973
2026-05-13 02:50:00,16.21052610110973
2026-05-13 02:51:00,16.21052610110973
2026-05-13 02:52:00,16.21052610110973
2026-05-13 02:53:00,16.21052610110973
2026-05-13 02:54:00,16.21052610110973
2026-05-13 02:55:00,16.21052610110973
2026-05-13 02:56:00,16.21052610110973
2026-05-13 02:57:00,16.21052610110973
2026-05-13 02:58:00,16.21052610110973
2026-05-13 02:59:00,16.21052610110973
2026-05-13 03:00:00,16.21052610110973
2026-05-13 03:01:00,16.21052610110973
2026-05-13 03:02:00,16.21052610110973
2026-05-13 03:03:00,16.21052610110973
2026-05-13 03:04:00,16.21052610110973
2026-05-13 03:05:00,16.21052610110973
2026-05-13 03:06:00,16.21052610110973
2026-05-13 03:07:00,16.21052610110973
2026-05-13 03:08:00,16.21052610110973
2026-05-13 03:09:00,16.21052610110973
2026-05-13 03:10:00,16.21052610110973
2026-05-13 03:11:00,16.21052610110973
2026-05-13 03:12:00,16.21052610110973
2026-05-13 03:13:00,16.21052610110973
2026-05-13 03:14:00,16.21052610110973
2026-05-13 03:15:00,16.21052610110973
2026-05-13 03:16:00,16.21052610110973
2026-05-13 03:17:00,16.21052610110973
2026-05-13 03:18:00,16.21052610110973
2026-05-13 03:19:00,16.21052610110973
2026-05-13 03:20:00,16.21052610110973
2026-05-13 03:21:00,16.21052610110973
2026-05-13 03:22:00,16.21052610110973
2026-05-13 03:23:00,16.21052610110973
2026-05-13 03:24:00,16.21052610110973
2026-05-13 03:25:00,16.21052610110973
2026-05-13 03:26:00,16.21052610110973
2026-05-13 03:27:00,16.21052610110973
2026-05-13 03:28:00,16.21052610110973
2026-05-13 03:29:00,16.21052610110973
2026-05-13 03:30:00,16.21052610110973
2026-05-13 03:31:00,16.21052610110973
2026-05-13 03:32:00,16.21052610110973
2026-05-13 03:33:00,16.21052610110973
2026-05-13 03:34:00,16.21052610110973
2026-05-13 03:35:00,16.21052610110973
2026-05-13 03:36:00,16.21052610110973
2026-05-13 03:37:00,16.21052610110973
2026-05-13 03:38:00,16.21052610110973
2026-05-13 03:39:00,16.21052610110973
2026-05-13 03:40:00,16.21052610110973
2026-05-13 03:41:00,16.21052610110973
2026-05-13 03:42:00,16.21052610110973
2026-05-13 03:43:00,16.21052610110973
2026-05-13 03:44:00,16.21052610110973
2026-05-13 03:45:00,16.21052610110973
2026-05-13 03:46:00,16.21052610110973
2026-05-13 03:47:00,16.21052610110973
2026-05-13 03:48:00,16.21052610110973
2026-05-13 03:49:00,16.21052610110973
2026-05-13 03:50:00,16.21052610110973
2026-05-13 03:51:00,16.21052610110973
2026-05-13 03:52:00,16.21052610110973
2026-05-13 03:53:00,16.21052610110973
2026-05-13 03:54:00,16.21052610110973
2026-05-13 03:55:00,16.21052610110973
2026-05-13 03:56:00,16.21052610110973
2026-05-13 03:57:00,16.21052610110973
2026-05-13 03:58:00,16.21052610110973
2026-05-13 03:59:00,16.21052610110973
2026-05-13 04:00:00,16.21052610110973
2026-05-13 04:01:00,16.21052610110973
2026-05-13 04:02:00,16.21052610110973
2026-05-13 04:03:00,16.21052610110973
2026-05-13 04:04:00,16.21052610110973
2026-05-13 04:05:00,16.21052610110973
2026-05-13 04:06:00,16.21052610110973
2026-05-13 04:07:00,16.21052610110973
2026-05-13 04:08:00,16.21052610110973
2026-05-13 04:09:00,16.21052610110973
2026-05-13 04:10:00,16.21052610110973
2026-05-13 04:11:00,16.21052610110973
2026-05-13 04:12:00,16.21052610110973
2026-05-13 04:13:00,16.21052610110973
2026-05-13 04:14:00,16.21052610110973
2026-05-13 04:15:00,16.21052610110973
2026-05-13 04:16:00,16.21052610110973
2026-05-13 04:17:00,16.21052610110973
2026-05-13 04:18:00,16.21052610110973
2026-05-13 04:19:00,16.21052610110973
2026-05-13 04:20:00,16.21052610110973
2026-05-13 04:21:00,16.21052610110973
2026-05-13 04:22:00,16.21052610110973
2026-05-13 04:23:00,16.21052610110973
2026-05-13 04:24:00,16.21052610110973
2026-05-13 04:25:00,16.21052610110973
2026-05-13 04:26:00,16.21052610110973
2026-05-13 04:27:00,16.21052610110973
2026-05-13 04:28:00,16.21052610110973
2026-05-13 04:29:00,16.21052610110973
2026-05-13 04:30:00,16.21052610110973
2026-05-13 04:31:00,16.21052610110973
2026-05-13 04:32:00,16.21052610110973
2026-05-13 04:33:00,16.21052610110973
2026-05-13 04:34:00,16.21052610110973
2026-05-13 04:35:00,16.21052610110973
2026-05-13 04:36:00,16.21052610110973
2026-05-13 04:37:00,16.21052610110973
2026-05-13 04:38:00,16.21052610110973
2026-05-13 04:39:00,16.21052610110973
2026-05-13 04:40:00,16.21052610110973
2026-05-13 04:41:00,16.21052610110973
2026-05-13 04:42:00,16.21052610110973
2026-05-13 04:43:00,16.21052610110973
2026-05-13 04:44:00,16.21052610110973
2026-05-13 04:45:00,16.21052610110973
2026-05-13 04:46:00,16.21052610110973
2026-05-13 04:47:00,16.21052610110973
2026-05-13 04:48:00,16.21052610110973
2026-05-13 04:49:00,16.21052610110973
2026-05-13 04:50:00,16.21052610110973
2026-05-13 04:51:00,16.21052610110973
2026-05-13 04:52:00,16.21052610110973
2026-05-13 04:53:00,16.21052610110973
2026-05-13 04:54:00,16.21052610110973
2026-05-13 04:55:00,16.21052610110973
2026-05-13 04:56:00,16.21052610110973
2026-05-13 04:57:00,16.21052610110973
2026-05-13 04:58:00,16.21052610110973
2026-05-13 04:59:00,16.21052610110973
2026-05-13 05:00:00,16.21052610110973
2026-05-13 05:01:00,16.21052610110973
2026-05-13 05:02:00,16.21052610110973
2026-05-13 05:03:00,16.21052610110973
2026-05-13 05:04:00,16.21052610110973
2026-05-13 05:05:00,16.21052610110973
2026-05-13 05:06:00,16.21052610110973
2026-05-13 05:07:00,16.21052610110973
2026-05-13 05:08:00,16.21052610110973
2026-05-13 05:09:00,16.21052610110973
2026-05-13 05:10:00,16.21052610110973
2026-05-13 05:11:00,16.21052610110973
2026-05-13 05:12:00,16.21052610110973
2026-05-13 05:13:00,16.21052610110973
2026-05-13 05:14:00,16.21052610110973
2026-05-13 05:15:00,16.21052610110973
2026-05-13 05:16:00,16.21052610110973
2026-05-13 05:17:00,16.21052610110973
2026-05-13 05:18:00,16.21052610110973
2026-05-13 05:19:00,16.21052610110973
2026-05-13 05:20:00,16.21052610110973
2026-05-13 05:21:00,16.21052610110973
2026-05-13 05:22:00,16.21052610110973
2026-05-13 05:23:00,16.21052610110973
2026-05-13 05:24:00,16.21052610110973
2026-05-13 05:25:00,16.21052610110973
2026-05-13 05:26:00,16.21052610110973
2026-05-13 05:27:00,16.21052610110973
2026-05-13 05:28:00,16.21052610110973
2026-05-13 05:29:00,16.21052610110973
2026-05-13 05:30:00,16.21052610110973
2026-05-13 05:31:00,16.21052610110973
2026-05-13 05:32:00,16.21052610110973
2026-05-13 05:33:00,16.21052610110973
2026-05-13 05:34:00,16.21052610110973
2026-05-13 05:35:00,16.21052610110973
2026-05-13 05:36:00,16.21052610110973
2026-05-13 05:37:00,16.21052610110973
2026-05-13 05:38:00,16.21052610110973
2026-05-13 05:39:00,16.21052610110973
2026-05-13 05:40:00,16.21052610110973
2026-05-13 05:41:00,16.21052610110973
2026-05-13 05:42:00,16.21052610110973
2026-05-13 05:43:00,16.21052610110973
2026-05-13 05:44:00,16.21052610110973
2026-05-13 05:45:00,16.21052610110973
2026-05-13 05:46:00,16.21052610110973
2026-05-13 05:47:00,16.21052610110973
2026-05-13 05:48:00,16.21052610110973
2026-05-13 05:49:00,16.21052610110973
2026-05-13 05:50:00,16.21052610110973
2026-05-13 05:51:00,16.21052610110973
2026-05-13 05:52:00,16.21052610110973
2026-05-13 05:53:00,16.21052610110973
2026-05-13 05:54:00,16.21052610110973
2026-05-13 05:55:00,16.21052610110973
2026-05-13 05:56:00,16.21052610110973
2026-05-13 05:57:00,16.21052610110973
2026-05-13 05:58:00,16.21052610110973
2026-05-13 05:59:00,16.21052610110973
2026-05-13 06:00:00,16.21052610110973
2026-05-13 06:01:00,16.21052610110973
2026-05-13 06:02:00,16.21052610110973
2026-05-13 06:03:00,16.21052610110973
2026-05-13 06:04:00,16.21052610110973
2026-05-13 06:05:00,16.21052610110973
2026-05-13 06:06:00,16.21052610110973
2026-05-13 06:07:00,16.21052610110973
2026-05-13 06:08:00,16.21052610110973
2026-05-13 06:09:00,16.21052610110973
2026-05-13 06:10:00,16.21052610110973
2026-05-13 06:11:00,16.21052610110973
2026-05-13 06:12:00,16.21052610110973
2026-05-13 06:13:00,16.21052610110973
2026-05-13 06:14:00,16.21052610110973
2026-05-13 06:15:00,16.21052610110973
2026-05-13 06:16:00,16.21052610110973
2026-05-13 06:17:00,16.21052610110973
2026-05-13 06:18:00,16.21052610110973
2026-05-13 06:19:00,16.21052610110973
2026-05-13 06:20:00,16.21052610110973
2026-05-13 06:21:00,16.21052610110973
2026-05-13 06:22:00,16.21052610110973
2026-05-13 06:23:00,16.21052610110973
2026-05-13 06:24:00,16.21052610110973
2026-05-13 06:25:00,16.21052610110973
2026-05-13 06:26:00,16.21052610110973
2026-05-13 06:27:00,16.21052610110973
2026-05-13 06:28:00,16.21052610110973
2026-05-13 06:29:00,16.21052610110973
2026-05-13 06:30:00,16.21052610110973
2026-05-13 06:31:00,16.21052610110973
2026-05-13 06:32:00,16.21052610110973
2026-05-13 06:33:00,16.21052610110973
2026-05-13 06:34:00,16.21052610110973
2026-05-13 06:35:00,16.21052610110973
2026-05-13 06:36:00,16.21052610110973
2026-05-13 06:37:00,16.21052610110973
2026-05-13 06:38:00,16.21052610110973
2026-05-13 06:39:00,16.21052610110973
2026-05-13 06:40:00,16.21052610110973
2026-05-13 06:41:00,16.21052610110973
2026-05-13 06:42:00,16.21052610110973
2026-05-13 06:43:00,16.21052610110973
2026-05-13 06:44:00,16.21052610110973
2026-05-13 06:45:00,16.21052610110973
2026-05-13 06:46:00,16.21052610110973
2026-05-13 06:47:00,16.21052610110973
2026-05-13 06:48:00,16.21052610110973
2026-05-13 06:49:00,16.21052610110973
2026-05-13 06:50:00,16.21052610110973
2026-05-13 06:51:00,16.21052610110973
2026-05-13 06:52:00,16.21052610110973
2026-05-13 06:53:00,16.21052610110973
2026-05-13 06:54:00,16.21052610110973
2026-05-13 06:55:00,16.21052610110973
2026-05-13 06:56:00,16.21052610110973
2026-05-13 06:57:00,16.21052610110973
2026-05-13 06:58:00,16.21052610110973
2026-05-13 06:59:00,16.21052610110973
2026-05-13 07:00:00,16.21052610110973
2026-05-13 07:01:00,16.21052610110973
2026-05-13 07:02:00,16.21052610110973
2026-05-13 07:03:00,16.21052610110973
2026-05-13 07:04:00,16.21052610110973
2026-05-13 07:05:00,16.21052610110973
2026-05-13 07:06:00,16.21052610110973
2026-05-13 07:07:00,16.21052610110973
2026-05-13 07:08:00,16.21052610110973
2026-05-13 07:09:00,16.21052610110973
2026-05-13 07:10:00,16.21052610110973
2026-05-13 07:11:00,16.21052610110973
2026-05-13 07:12:00,16.21052610110973
2026-05-13 07:13:00,16.21052610110973
2026-05-13 07:14:00,16.21052610110973
2026-05-13 07:15:00,16.21052610110973
2026-05-13 07:16:00,16.21052610110973
2026-05-13 07:17:00,16.21052610110973
2026-05-13 07:18:00,16.21052610110973
2026-05-13 07:19:00,16.21052610110973
2026-05-13 07:20:00,16.21052610110973
2026-05-13 07:21:00,16.21052610110973
2026-05-13 07:22:00,16.21052610110973
2026-05-13 07:23:00,16.21052610110973
2026-05-13 07:24:00,16.21052610110973
2026-05-13 07:25:00,16.21052610110973
2026-05-13 07:26:00,16.21052610110973
2026-05-13 07:27:00,16.21052610110973
2026-05-13 07:28:00,16.21052610110973
2026-05-13 07:29:00,16.21052610110973
2026-05-13 07:30:00,16.21052610110973
2026-05-13 07:31:00,16.21052610110973
2026-05-13 07:32:00,16.21052610110973
2026-05-13 07:33:00,16.21052610110973
2026-05-13 07:34:00,16.21052610110973
2026-05-13 07:35:00,16.21052610110973
2026-05-13 07:36:00,16.21052610110973
2026-05-13 07:37:00,16.21052610110973
2026-05-13 07:38:00,16.21052610110973
2026-05-13 07:39:00,16.21052610110973
2026-05-13 07:40:00,16.21052610110973
2026-05-13 07:41:00,16.21052610110973
2026-05-13 07:42:00,16.21052610110973
2026-05-13 07:43:00,16.21052610110973
2026-05-13 07:44:00,16.21052610110973
2026-05-13 07:45:00,16.21052610110973
2026-05-13 07:46:00,16.21052610110973
2026-05-13 07:47:00,16.21052610110973
2026-05-13 07:48:00,16.21052610110973
2026-05-13 07:49:00,16.21052610110973
2026-05-13 07:50:00,16.21052610110973
2026-05-13 07:51:00,16.21052610110973
2026-05-13 07:52:00,16.21052610110973
2026-05-13 07:53:00,16.21052610110973
2026-05-13 07:54:00,16.21052610110973
2026-05-13 07:55:00,16.21052610110973
2026-05-13 07:56:00,16.21052610110973
2026-05-13 07:57:00,16.21052610110973
2026-05-13 07:58:00,16.21052610110973
2026-05-13 07:59:00,16.21052610110973
2026-05-13 08:00:00,16.21052610110973
2026-05-13 08:01:00,16.21052610110973
2026-05-13 08:02:00,16.21052610110973
2026-05-13 08:03:00,16.21052610110973
2026-05-13 08:04:00,16.21052610110973
2026-05-13 08:05:00,16.21052610110973
2026-05-13 08:06:00,16.21052610110973
2026-05-13 08:07:00,16.21052610110973
2026-05-13 08:08:00,16.21052610110973
2026-05-13 08:09:00,16.21052610110973
2026-05-13 08:10:00,16.21052610110973
2026-05-13 08:11:00,16.21052610110973
2026-05-13 08:12:00,16.21052610110973
2026-05-13 08:13:00,16.21052610110973
2026-05-13 08:14:00,16.21052610110973
2026-05-13 08:15:00,16.21052610110973
2026-05-13 08:16:00,16.21052610110973
2026-05-13 08:17:00,16.21052610110973
2026-05-13 08:18:00,16.21052610110973
2026-05-13 08:19:00,16.21052610110973
2026-05-13 08:20:00,16.21052610110973
2026-05-13 08:21:00,16.21052610110973
2026-05-13 08:22:00,16.21052610110973
2026-05-13 08:23:00,16.21052610110973
2026-05-13 08:24:00,16.21052610110973
2026-05-13 08:25:00,16.21052610110973
2026-05-13 08:26:00,16.21052610110973
2026-05-13 08:27:00,16.21052610110973
2026-05-13 08:28:00,16.21052610110973
2026-05-13 08:29:00,16.21052610110973
2026-05-13 08:30:00,16.21052610110973
2026-05-13 08:31:00,16.21052610110973
2026-05-13 08:32:00,16.21052610110973
2026-05-13 08:33:00,16.21052610110973
2026-05-13 08:34:00,16.21052610110973
2026-05-13 08:35:00,16.21052610110973
2026-05-13 08:36:00,16.21052610110973
2026-05-13 08:37:00,16.21052610110973
2026-05-13 08:38:00,16.21052610110973
2026-05-13 08:39:00,16.21052610110973
2026-05-13 08:40:00,16.21052610110973
2026-05-13 08:41:00,16.21052610110973
2026-05-13 08:42:00,16.21052610110973
2026-05-13 08:43:00,16.21052610110973
2026-05-13 08:44:00,16.21052610110973
2026-05-13 08:45:00,16.21052610110973
2026-05-13 08:46:00,16.21052610110973
2026-05-13 08:47:00,16.21052610110973
2026-05-13 08:48:00,16.21052610110973
2026-05-13 08:49:00,16.21052610110973
2026-05-13 08:50:00,16.21052610110973
2026-05-13 08:51:00,16.21052610110973
2026-05-13 08:52:00,16.21052610110973
2026-05-13 08:53:00,16.21052610110973
2026-05-13 08:54:00,16.21052610110973
2026-05-13 08:55:00,16.21052610110973
2026-05-13 08:56:00,16.21052610110973
2026-05-13 08:57:00,16.21052610110973
2026-05-13 08:58:00,16.21052610110973
2026-05-13 08:59:00,16.21052610110973
2026-05-13 09:00:00,16.21052610110973
2026-05-13 09:01:00,16.21052610110973
2026-05-13 09:02:00,16.21052610110973
2026-05-13 09:03:00,16.21052610110973
2026-05-13 09:04:00,16.21052610110973
2026-05-13 09:05:00,16.21052610110973
2026-05-13 09:06:00,16.21052610110973
2026-05-13 09:07:00,16.21052610110973
2026-05-13 09:08:00,16.21052610110973
2026-05-13 09:09:00,16.21052610110973
2026-05-13 09:10:00,16.21052610110973
2026-05-13 09:11:00,16.21052610110973
2026-05-13 09:12:00,16.21052610110973
2026-05-13 09:13:00,16.21052610110973
2026-05-13 09:14:00,16.21052610110973
2026-05-13 09:15:00,16.21052610110973
2026-05-13 09:16:00,16.21052610110973
2026-05-13 09:17:00,16.21052610110973
2026-05-13 09:18:00,16.21052610110973
2026-05-13 09:19:00,16.21052610110973
2026-05-13 09:20:00,16.21052610110973
2026-05-13 09:21:00,16.21052610110973
2026-05-13 09:22:00,16.21052610110973
2026-05-13 09:23:00,16.21052610110973
2026-05-13 09:24:00,16.21052610110973
2026-05-13 09:25:00,16.21052610110973
2026-05-13 09:26:00,16.21052610110973
2026-05-13 09:27:00,16.21052610110973
2026-05-13 09:28:00,16.21052610110973
2026-05-13 09:29:00,16.21052610110973
2026-05-13 09:30:00,16.21052610110973
2026-05-13 09:31:00,16.21052610110973
2026-05-13 09:32:00,16.21052610110973
2026-05-13 09:33:00,16.21052610110973
2026-05-13 09:34:00,16.21052610110973
2026-05-13 09:35:00,16.21052610110973
2026-05-13 09:36:00,16.21052610110973
2026-05-13 09:37:00,16.21052610110973
2026-05-13 09:38:00,16.21052610110973
2026-05-13 09:39:00,16.21052610110973
2026-05-13 09:40:00,16.21052610110973
2026-05-13 09:41:00,16.21052610110973
2026-05-13 09:42:00,16.21052610110973
2026-05-13 09:43:00,16.21052610110973
2026-05-13 09:44:00,16.21052610110973
2026-05-13 09:45:00,16.21052610110973
2026-05-13 09:46:00,16.21052610110973
2026-05-13 09:47:00,16.21052610110973
2026-05-13 09:48:00,16.21052610110973
2026-05-13 09:49:00,16.21052610110973
2026-05-13 09:50:00,16.21052610110973
2026-05-13 09:51:00,16.21052610110973
2026-05-13 09:52:00,16.21052610110973
2026-05-13 09:53:00,16.21052610110973
2026-05-13 09:54:00,16.21052610110973
2026-05-13 09:55:00,16.21052610110973
2026-05-13 09:56:00,16.21052610110973
2026-05-13 09:57:00,16.21052610110973
2026-05-13 09:58:00,16.21052610110973
2026-05-13 09:59:00,16.21052610110973
2026-05-13 10:00:00,16.21052610110973
2026-05-13 10:01:00,16.21052610110973
2026-05-13 10:02:00,16.21052610110973
2026-05-13 10:03:00,16.21052610110973
2026-05-13 10:04:00,16.21052610110973
2026-05-13 10:05:00,16.21052610110973
2026-05-13 10:06:00,16.21052610110973
2026-05-13 10:07:00,16.21052610110973
2026-05-13 10:08:00,16.21052610110973
2026-05-13 10:09:00,16.21052610110973
2026-05-13 10:10:00,16.21052610110973
2026-05-13 10:11:00,16.21052610110973
2026-05-13 10:12:00,16.21052610110973
2026-05-13 10:13:00,16.21052610110973
2026-05-13 10:14:00,16.21052610110973
2026-05-13 10:15:00,16.21052610110973
2026-05-13 10:16:00,16.21052610110973
2026-05-13 10:17:00,16.21052610110973
2026-05-13 10:18:00,16.21052610110973
2026-05-13 10:19:00,16.21052610110973
2026-05-13 10:20:00,16.21052610110973
2026-05-13 10:21:00,16.21052610110973
2026-05-13 10:22:00,16.21052610110973
2026-05-13 10:23:00,16.21052610110973
2026-05-13 10:24:00,16.21052610110973
2026-05-13 10:25:00,16.21052610110973
2026-05-13 10:26:00,16.21052610110973
2026-05-13 10:27:00,16.21052610110973
2026-05-13 10:28:00,16.21052610110973
2026-05-13 10:29:00,16.21052610110973
2026-05-13 10:30:00,16.21052610110973
2026-05-13 10:31:00,16.21052610110973
2026-05-13 10:32:00,16.21052610110973
2026-05-13 10:33:00,16.21052610110973
2026-05-13 10:34:00,16.21052610110973
2026-05-13 10:35:00,16.21052610110973
2026-05-13 10:36:00,16.21052610110973
2026-05-13 10:37:00,16.21052610110973
2026-05-13 10:38:00,16.21052610110973
2026-05-13 10:39:00,16.21052610110973
2026-05-13 10:40:00,16.21052610110973
2026-05-13 10:41:00,16.21052610110973
2026-05-13 10:42:00,16.21052610110973
2026-05-13 10:43:00,16.21052610110973
2026-05-13 10:44:00,16.21052610110973
2026-05-13 10:45:00,16.21052610110973
2026-05-13 10:46:00,16.21052610110973
2026-05-13 10:47:00,16.21052610110973
2026-05-13 10:48:00,16.21052610110973
2026-05-13 10:49:00,16.21052610110973
2026-05-13 10:50:00,16.21052610110973
2026-05-13 10:51:00,16.21052610110973
2026-05-13 10:52:00,16.21052610110973
2026-05-13 10:53:00,16.21052610110973
2026-05-13 10:54:00,16.21052610110973
2026-05-13 10:55:00,16.21052610110973
2026-05-13 10:56:00,16.21052610110973
2026-05-13 10:57:00,16.21052610110973
2026-05-13 10:58:00,16.21052610110973
2026-05-13 10:59:00,16.21052610110973
2026-05-13 11:00:00,16.21052610110973
2026-05-13 11:01:00,16.21052610110973
2026-05-13 11:02:00,16.21052610110973
2026-05-13 11:03:00,16.21052610110973
2026-05-13 11:04:00,16.21052610110973
2026-05-13 11:05:00,16.21052610110973
2026-05-13 11:06:00,16.21052610110973
2026-05-13 11:07:00,16.21052610110973
2026-05-13 11:08:00,16.21052610110973
2026-05-13 11:09:00,16.21052610110973
2026-05-13 11:10:00,16.21052610110973
2026-05-13 11:11:00,16.21052610110973
2026-05-13 11:12:00,16.21052610110973
2026-05-13 11:13:00,16.21052610110973
2026-05-13 11:14:00,16.21052610110973
2026-05-13 11:15:00,16.21052610110973
2026-05-13 11:16:00,16.21052610110973
2026-05-13 11:17:00,16.21052610110973
2026-05-13 11:18:00,16.21052610110973
2026-05-13 11:19:00,16.21052610110973
2026-05-13 11:20:00,16.21052610110973
2026-05-13 11:21:00,16.21052610110973
2026-05-13 11:22:00,16.21052610110973
2026-05-13 11:23:00,16.21052610110973
2026-05-13 11:24:00,16.21052610110973
2026-05-13 11:25:00,16.21052610110973
2026-05-13 11:26:00,16.21052610110973
2026-05-13 11:27:00,16.21052610110973
2026-05-13 11:28:00,16.21052610110973
2026-05-13 11:29:00,16.21052610110973
2026-05-13 11:30:00,16.21052610110973
2026-05-13 11:31:00,16.21052610110973
2026-05-13 11:32:00,16.21052610110973
2026-05-13 11:33:00,16.21052610110973
2026-05-13 11:34:00,16.21052610110973
2026-05-13 11:35:00,16.21052610110973
2026-05-13 11:36:00,16.21052610110973
2026-05-13 11:37:00,16.21052610110973
2026-05-13 11:38:00,16.21052610110973
2026-05-13 11:39:00,16.21052610110973
2026-05-13 11:40:00,16.21052610110973
2026-05-13 11:41:00,16.21052610110973
2026-05-13 11:42:00,16.21052610110973
2026-05-13 11:43:00,16.21052610110973
2026-05-13 11:44:00,16.21052610110973
2026-05-13 11:45:00,16.21052610110973
2026-05-13 11:46:00,16.21052610110973
2026-05-13 11:47:00,16.21052610110973
2026-05-13 11:48:00,16.21052610110973
2026-05-13 11:49:00,16.21052610110973
2026-05-13 11:50:00,16.21052610110973
2026-05-13 11:51:00,16.21052610110973
2026-05-13 11:52:00,16.21052610110973
2026-05-13 11:53:00,16.21052610110973
2026-05-13 11:54:00,16.21052610110973
2026-05-13 11:55:00,16.21052610110973
2026-05-13 11:56:00,16.21052610110973
2026-05-13 11:57:00,16.21052610110973
2026-05-13 11:58:00,16.21052610110973
2026-05-13 11:59:00,16.21052610110973
2026-05-13 12:00:00,16.21052610110973
2026-05-13 12:01:00,16.21052610110973
2026-05-13 12:02:00,16.21052610110973
2026-05-13 12:03:00,16.21052610110973
2026-05-13 12:04:00,16.21052610110973
2026-05-13 12:05:00,16.21052610110973
2026-05-13 12:06:00,16.21052610110973
2026-05-13 12:07:00,16.21052610110973
2026-05-13 12:08:00,16.21052610110973
2026-05-13 12:09:00,16.21052610110973
2026-05-13 12:10:00,16.21052610110973
2026-05-13 12:11:00,16.21052610110973
2026-05-13 12:12:00,16.21052610110973
2026-05-13 12:13:00,16.21052610110973
2026-05-13 12:14:00,16.21052610110973
2026-05-13 12:15:00,16.21052610110973
2026-05-13 12:16:00,16.21052610110973
2026-05-13 12:17:00,16.21052610110973
2026-05-13 12:18:00,16.21052610110973
2026-05-13 12:19:00,16.21052610110973
2026-05-13 12:20:00,16.21052610110973
2026-05-13 12:21:00,16.21052610110973
2026-05-13 12:22:00,16.21052610110973
2026-05-13 12:23:00,16.21052610110973
2026-05-13 12:24:00,16.21052610110973
2026-05-13 12:25:00,16.21052610110973
2026-05-13 12:26:00,16.21052610110973
2026-05-13 12:27:00,16.21052610110973
2026-05-13 12:28:00,16.21052610110973
2026-05-13 12:29:00,16.21052610110973
2026-05-13 12:30:00,16.21052610110973
2026-05-13 12:31:00,16.21052610110973
2026-05-13 12:32:00,16.21052610110973
2026-05-13 12:33:00,16.21052610110973
2026-05-13 12:34:00,16.21052610110973
2026-05-13 12:35:00,16.21052610110973
2026-05-13 12:36:00,16.21052610110973
2026-05-13 12:37:00,16.21052610110973
2026-05-13 12:38:00,16.21052610110973
2026-05-13 12:39:00,16.21052610110973
2026-05-13 12:40:00,16.21052610110973
2026-05-13 12:41:00,16.21052610110973
2026-05-13 12:42:00,16.21052610110973
2026-05-13 12:43:00,16.21052610110973
2026-05-13 12:44:00,16.21052610110973
2026-05-13 12:45:00,16.21052610110973
2026-05-13 12:46:00,16.21052610110973
2026-05-13 12:47:00,16.21052610110973
2026-05-13 12:48:00,16.21052610110973
2026-05-13 12:49:00,16.21052610110973
2026-05-13 12:50:00,16.21052610110973
2026-05-13 12:51:00,16.21052610110973
2026-05-13 12:52:00,16.21052610110973
2026-05-13 12:53:00,16.21052610110973
2026-05-13 12:54:00,16.21052610110973
2026-05-13 12:55:00,16.21052610110973
2026-05-13 12:56:00,16.21052610110973
2026-05-13 12:57:00,16.21052610110973
2026-05-13 12:58:00,16.21052610110973
2026-05-13 12:59:00,16.21052610110973
2026-05-13 13:00:00,16.21052610110973
2026-05-13 13:01:00,16.21052610110973
2026-05-13 13:02:00,16.21052610110973
2026-05-13 13:03:00,16.21052610110973
2026-05-13 13:04:00,16.21052610110973
2026-05-13 13:05:00,16.21052610110973
2026-05-13 13:06:00,16.21052610110973
2026-05-13 13:07:00,16.21052610110973
2026-05-13 13:08:00,16.21052610110973
2026-05-13 13:09:00,16.21052610110973
2026-05-13 13:10:00,16.21052610110973
2026-05-13 13:11:00,16.21052610110973
2026-05-13 13:12:00,16.21052610110973
2026-05-13 13:13:00,16.21052610110973
2026-05-13 13:14:00,16.21052610110973
2026-05-13 13:15:00,16.21052610110973
2026-05-13 13:16:00,16.21052610110973
2026-05-13 13:17:00,16.21052610110973
2026-05-13 13:18:00,16.21052610110973
2026-05-13 13:19:00,16.21052610110973
2026-05-13 13:20:00,16.21052610110973
2026-05-13 13:21:00,16.21052610110973
2026-05-13 13:22:00,16.21052610110973
2026-05-13 13:23:00,16.21052610110973
2026-05-13 13:24:00,16.21052610110973
2026-05-13 13:25:00,16.21052610110973
2026-05-13 13:26:00,16.21052610110973
2026-05-13 13:27:00,16.21052610110973
2026-05-13 13:28:00,16.21052610110973
2026-05-13 13:29:00,16.21052610110973
2026-05-13 13:30:00,16.21052610110973
2026-05-13 13:31:00,16.21052610110973
2026-05-13 13:32:00,16.21052610110973
2026-05-13 13:33:00,16.21052610110973
2026-05-13 13:34:00,16.21052610110973
2026-05-13 13:35:00,16.21052610110973
2026-05-13 13:36:00,16.21052610110973
2026-05-13 13:37:00,16.21052610110973
2026-05-13 13:38:00,16.21052610110973
2026-05-13 13:39:00,16.21052610110973
2026-05-13 13:40:00,16.21052610110973
2026-05-13 13:41:00,16.21052610110973
2026-05-13 13:42:00,16.21052610110973
2026-05-13 13:43:00,16.21052610110973
2026-05-13 13:44:00,16.21052610110973
2026-05-13 13:45:00,16.21052610110973
2026-05-13 13:46:00,16.21052610110973
2026-05-13 13:47:00,16.21052610110973
2026-05-13 13:48:00,16.21052610110973
2026-05-13 13:49:00,16.21052610110973
2026-05-13 13:50:00,16.21052610110973
2026-05-13 13:51:00,16.21052610110973
2026-05-13 13:52:00,16.21052610110973
2026-05-13 13:53:00,16.21052610110973
2026-05-13 13:54:00,16.21052610110973
2026-05-13 13:55:00,16.21052610110973
2026-05-13 13:56:00,16.21052610110973
2026-05-13 13:57:00,16.21052610110973
2026-05-13 13:58:00,16.21052610110973
2026-05-13 13:59:00,16.21052610110973
2026-05-13 14:00:00,16.21052610110973
2026-05-13 14:01:00,16.21052610110973
2026-05-13 14:02:00,16.21052610110973
2026-05-13 14:03:00,16.21052610110973
2026-05-13 14:04:00,16.21052610110973
2026-05-13 14:05:00,16.21052610110973
2026-05-13 14:06:00,16.21052610110973
2026-05-13 14:07:00,16.21052610110973
2026-05-13 14:08:00,16.21052610110973
2026-05-13 14:09:00,16.21052610110973
2026-05-13 14:10:00,16.21052610110973
2026-05-13 14:11:00,16.21052610110973
2026-05-13 14:12:00,16.21052610110973
2026-05-13 14:13:00,16.21052610110973
2026-05-13 14:14:00,16.21052610110973
2026-05-13 14:15:00,16.21052610110973
2026-05-13 14:16:00,16.21052610110973
2026-05-13 14:17:00,16.21052610110973
2026-05-13 14:18:00,16.21052610110973
2026-05-13 14:19:00,16.21052610110973
2026-05-13 14:20:00,16.21052610110973
2026-05-13 14:21:00,16.21052610110973
2026-05-13 14:22:00,16.21052610110973
2026-05-13 14:23:00,16.21052610110973
2026-05-13 14:24:00,16.21052610110973
2026-05-13 14:25:00,16.21052610110973
2026-05-13 14:26:00,16.21052610110973
2026-05-13 14:27:00,16.21052610110973
2026-05-13 14:28:00,16.21052610110973
2026-05-13 14:29:00,16.21052610110973
2026-05-13 14:30:00,16.21052610110973
2026-05-13 14:31:00,16.21052610110973
2026-05-13 14:32:00,16.21052610110973
2026-05-13 14:33:00,16.21052610110973
2026-05-13 14:34:00,16.21052610110973
2026-05-13 14:35:00,16.21052610110973
2026-05-13 14:36:00,16.21052610110973
2026-05-13 14:37:00,16.21052610110973
2026-05-13 14:38:00,16.21052610110973
2026-05-13 14:39:00,16.21052610110973
2026-05-13 14:40:00,16.21052610110973
2026-05-13 14:41:00,16.21052610110973
2026-05-13 14:42:00,16.21052610110973
2026-05-13 14:43:00,16.21052610110973
2026-05-13 14:44:00,16.21052610110973
2026-05-13 14:45:00,16.21052610110973
2026-05-13 14:46:00,16.21052610110973
2026-05-13 14:47:00,16.21052610110973
2026-05-13 14:48:00,16.21052610110973
2026-05-13 14:49:00,16.21052610110973
2026-05-13 14:50:00,16.21052610110973
2026-05-13 14:51:00,16.21052610110973
2026-05-13 14:52:00,16.21052610110973
2026-05-13 14:53:00,16.21052610110973
2026-05-13 14:54:00,16.21052610110973
2026-05-13 14:55:00,16.21052610110973
2026-05-13 14:56:00,16.21052610110973
2026-05-13 14:57:00,16.21052610110973
2026-05-13 14:58:00,16.21052610110973
2026-05-13 14:59:00,16.21052610110973
2026-05-13 15:00:00,16.21052610110973
2026-05-13 15:01:00,16.21052610110973
2026-05-13 15:02:00,16.21052610110973
2026-05-13 15:03:00,16.21052610110973
2026-05-13 15:04:00,16.21052610110973
2026-05-13 15:05:00,16.21052610110973
2026-05-13 15:06:00,16.21052610110973
2026-05-13 15:07:00,16.21052610110973
2026-05-13 15:08:00,16.21052610110973
2026-05-13 15:09:00,16.21052610110973
2026-05-13 15:10:00,16.21052610110973
2026-05-13 15:11:00,16.21052610110973
2026-05-13 15:12:00,16.21052610110973
2026-05-13 15:13:00,16.21052610110973
2026-05-13 15:14:00,16.21052610110973
2026-05-13 15:15:00,16.21052610110973
2026-05-13 15:16:00,16.21052610110973
2026-05-13 15:17:00,16.21052610110973
2026-05-13 15:18:00,16.21052610110973
2026-05-13 15:19:00,16.21052610110973
2026-05-13 15:20:00,16.21052610110973
2026-05-13 15:21:00,16.21052610110973
2026-05-13 15:22:00,16.21052610110973
2026-05-13 15:23:00,16.21052610110973
2026-05-13 15:24:00,16.21052610110973
2026-05-13 15:25:00,16.21052610110973
2026-05-13 15:26:00,16.21052610110973
2026-05-13 15:27:00,16.21052610110973
2026-05-13 15:28:00,16.21052610110973
2026-05-13 15:29:00,16.21052610110973
2026-05-13 15:30:00,16.21052610110973
2026-05-13 15:31:00,16.21052610110973
2026-05-13 15:32:00,16.21052610110973
2026-05-13 15:33:00,16.21052610110973
2026-05-13 15:34:00,16.21052610110973
2026-05-13 15:35:00,16.21052610110973
2026-05-13 15:36:00,16.21052610110973
2026-05-13 15:37:00,16.21052610110973
2026-05-13 15:38:00,16.21052610110973
2026-05-13 15:39:00,16.21052610110973
2026-05-13 15:40:00,16.21052610110973
2026-05-13 15:41:00,16.21052610110973
2026-05-13 15:42:00,16.21052610110973
2026-05-13 15:43:00,16.21052610110973
2026-05-13 15:44:00,16.21052610110973
2026-05-13 15:45:00,16.21052610110973
2026-05-13 15:46:00,16.21052610110973
2026-05-13 15:47:00,16.21052610110973
2026-05-13 15:48:00,16.21052610110973
2026-05-13 15:49:00,16.21052610110973
2026-05-13 15:50:00,16.21052610110973
2026-05-13 15:51:00,16.21052610110973
2026-05-13 15:52:00,16.21052610110973
2026-05-13 15:53:00,16.21052610110973
2026-05-13 15:54:00,16.21052610110973
2026-05-13 15:55:00,16.21052610110973
2026-05-13 15:56:00,16.21052610110973
2026-05-13 15:57:00,16.21052610110973
2026-05-13 15:58:00,16.21052610110973
2026-05-13 15:59:00,16.21052610110973
2026-05-13 16:00:00,16.21052610110973
2026-05-13 16:01:00,16.21052610110973
2026-05-13 16:02:00,16.21052610110973
2026-05-13 16:03:00,16.21052610110973
2026-05-13 16:04:00,16.21052610110973
2026-05-13 16:05:00,16.21052610110973
2026-05-13 16:06:00,16.21052610110973
2026-05-13 16:07:00,16.21052610110973
2026-05-13 16:08:00,16.21052610110973
2026-05-13 16:09:00,16.21052610110973
2026-05-13 16:10:00,16.21052610110973
2026-05-13 16:11:00,16.21052610110973
2026-05-13 16:12:00,16.21052610110973
2026-05-13 16:13:00,16.21052610110973
2026-05-13 16:14:00,16.21052610110973
2026-05-13 16:15:00,16.21052610110973
2026-05-13 16:16:00,16.21052610110973
2026-05-13 16:17:00,16.21052610110973
2026-05-13 16:18:00,16.21052610110973
2026-05-13 16:19:00,16.21052610110973
2026-05-13 16:20:00,16.21052610110973
2026-05-13 16:21:00,16.21052610110973
2026-05-13 16:22:00,16.21052610110973
2026-05-13 16:23:00,16.21052610110973
2026-05-13 16:24:00,16.21052610110973
2026-05-13 16:25:00,16.21052610110973
2026-05-13 16:26:00,16.21052610110973
2026-05-13 16:27:00,16.21052610110973
2026-05-13 16:28:00,16.21052610110973
2026-05-13 16:29:00,16.21052610110973
2026-05-13 16:30:00,16.21052610110973
2026-05-13 16:31:00,16.21052610110973
2026-05-13 16:32:00,16.21052610110973
2026-05-13 16:33:00,16.21052610110973
2026-05-13 16:34:00,16.21052610110973
2026-05-13 16:35:00,16.21052610110973
2026-05-13 16:36:00,16.21052610110973
2026-05-13 16:37:00,16.21052610110973
2026-05-13 16:38:00,16.21052610110973
2026-05-13 16:39:00,16.21052610110973
2026-05-13 16:40:00,16.21052610110973
2026-05-13 16:41:00,16.21052610110973
2026-05-13 16:42:00,16.21052610110973
2026-05-13 16:43:00,16.21052610110973
2026-05-13 16:44:00,16.21052610110973
2026-05-13 16:45:00,16.21052610110973
2026-05-13 16:46:00,16.21052610110973
2026-05-13 16:47:00,16.21052610110973
2026-05-13 16:48:00,16.21052610110973
2026-05-13 16:49:00,16.21052610110973
2026-05-13 16:50:00,16.21052610110973
2026-05-13 16:51:00,16.21052610110973
2026-05-13 16:52:00,16.21052610110973
2026-05-13 16:53:00,16.21052610110973
2026-05-13 16:54:00,16.21052610110973
2026-05-13 16:55:00,16.21052610110973
2026-05-13 16:56:00,16.21052610110973
2026-05-13 16:57:00,16.21052610110973
2026-05-13 16:58:00,16.21052610110973
2026-05-13 16:59:00,16.21052610110973
2026-05-13 17:00:00,16.21052610110973
2026-05-13 17:01:00,16.21052610110973
2026-05-13 17:02:00,16.21052610110973
2026-05-13 17:03:00,16.21052610110973
2026-05-13 17:04:00,16.21052610110973
2026-05-13 17:05:00,16.21052610110973
2026-05-13 17:06:00,16.21052610110973
2026-05-13 17:07:00,16.21052610110973
2026-05-13 17:08:00,16.21052610110973
2026-05-13 17:09:00,16.21052610110973
2026-05-13 17:10:00,16.21052610110973
2026-05-13 17:11:00,16.21052610110973
2026-05-13 17:12:00,16.21052610110973
2026-05-13 17:13:00,16.21052610110973
2026-05-13 17:14:00,16.21052610110973
2026-05-13 17:15:00,16.21052610110973
2026-05-13 17:16:00,16.21052610110973
2026-05-13 17:17:00,16.21052610110973
2026-05-13 17:18:00,16.21052610110973
2026-05-13 17:19:00,16.21052610110973
2026-05-13 17:20:00,16.21052610110973
2026-05-13 17:21:00,16.21052610110973
2026-05-13 17:22:00,16.21052610110973
2026-05-13 17:23:00,16.21052610110973
2026-05-13 17:24:00,16.21052610110973
2026-05-13 17:25:00,16.21052610110973
2026-05-13 17:26:00,16.21052610110973
2026-05-13 17:27:00,16.21052610110973
2026-05-13 17:28:00,16.21052610110973
2026-05-13 17:29:00,16.21052610110973
2026-05-13 17:30:00,16.21052610110973
2026-05-13 17:31:00,16.21052610110973
2026-05-13 17:32:00,16.21052610110973
2026-05-13 17:33:00,16.21052610110973
2026-05-13 17:34:00,16.21052610110973
2026-05-13 17:35:00,16.21052610110973
2026-05-13 17:36:00,16.21052610110973
2026-05-13 17:37:00,16.21052610110973
2026-05-13 17:38:00,16.21052610110973
2026-05-13 17:39:00,16.21052610110973
2026-05-13 17:40:00,16.21052610110973
2026-05-13 17:41:00,16.21052610110973
2026-05-13 17:42:00,16.21052610110973
2026-05-13 17:43:00,16.21052610110973
2026-05-13 17:44:00,16.21052610110973
2026-05-13 17:45:00,16.21052610110973
2026-05-13 17:46:00,16.21052610110973
2026-05-13 17:47:00,16.21052610110973
2026-05-13 17:48:00,16.21052610110973
2026-05-13 17:49:00,16.21052610110973
2026-05-13 17:50:00,16.21052610110973
2026-05-13 17:51:00,16.21052610110973
2026-05-13 17:52:00,16.21052610110973
2026-05-13 17:53:00,16.21052610110973
2026-05-13 17:54:00,16.21052610110973
2026-05-13 17:55:00,16.21052610110973
2026-05-13 17:56:00,16.21052610110973
2026-05-13 17:57:00,16.21052610110973
2026-05-13 17:58:00,16.21052610110973
2026-05-13 17:59:00,16.21052610110973
2026-05-13 18:00:00,16.21052610110973
2026-05-13 18:01:00,16.21052610110973
2026-05-13 18:02:00,16.21052610110973
2026-05-13 18:03:00,16.21052610110973
2026-05-13 18:04:00,16.21052610110973
2026-05-13 18:05:00,16.21052610110973
2026-05-13 18:06:00,16.21052610110973
2026-05-13 18:07:00,16.21052610110973
2026-05-13 18:08:00,16.21052610110973
2026-05-13 18:09:00,16.21052610110973
2026-05-13 18:10:00,16.21052610110973
2026-05-13 18:11:00,16.21052610110973
2026-05-13 18:12:00,16.21052610110973
2026-05-13 18:13:00,16.21052610110973
2026-05-13 18:14:00,16.21052610110973
2026-05-13 18:15:00,16.21052610110973
2026-05-13 18:16:00,16.21052610110973
2026-05-13 18:17:00,16.21052610110973
2026-05-13 18:18:00,16.21052610110973
2026-05-13 18:19:00,16.21052610110973
2026-05-13 18:20:00,16.21052610110973
2026-05-13 18:21:00,16.21052610110973
2026-05-13 18:22:00,16.21052610110973
2026-05-13 18:23:00,16.21052610110973
2026-05-13 18:24:00,16.21052610110973
2026-05-13 18:25:00,16.21052610110973
2026-05-13 18:26:00,16.21052610110973
2026-05-13 18:27:00,16.21052610110973
2026-05-13 18:28:00,16.21052610110973
2026-05-13 18:29:00,16.21052610110973
2026-05-13 18:30:00,16.21052610110973
2026-05-13 18:31:00,16.21052610110973
2026-05-13 18:32:00,16.21052610110973
2026-05-13 18:33:00,16.21052610110973
2026-05-13 18:34:00,16.21052610110973
2026-05-13 18:35:00,16.21052610110973
2026-05-13 18:36:00,16.21052610110973
2026-05-13 18:37:00,16.21052610110973
2026-05-13 18:38:00,16.21052610110973
2026-05-13 18:39:00,16.21052610110973
2026-05-13 18:40:00,16.21052610110973
2026-05-13 18:41:00,16.21052610110973
2026-05-13 18:42:00,16.21052610110973
2026-05-13 18:43:00,16.21052610110973
2026-05-13 18:44:00,16.21052610110973
2026-05-13 18:45:00,16.21052610110973
2026-05-13 18:46:00,16.21052610110973
2026-05-13 18:47:00,16.21052610110973
2026-05-13 18:48:00,16.21052610110973
2026-05-13 18:49:00,16.21052610110973
2026-05-13 18:50:00,16.21052610110973
2026-05-13 18:51:00,16.21052610110973
2026-05-13 18:52:00,16.21052610110973
2026-05-13 18:53:00,16.21052610110973
2026-05-13 18:54:00,16.21052610110973
2026-05-13 18:55:00,16.21052610110973
2026-05-13 18:56:00,16.21052610110973
2026-05-13 18:57:00,16.21052610110973
2026-05-13 18:58:00,16.21052610110973
2026-05-13 18:59:00,16.21052610110973
2026-05-13 19:00:00,16.21052610110973
2026-05-13 19:01:00,16.21052610110973
2026-05-13 19:02:00,16.21052610110973
2026-05-13 19:03:00,16.21052610110973
2026-05-13 19:04:00,16.21052610110973
2026-05-13 19:05:00,16.21052610110973
2026-05-13 19:06:00,16.21052610110973
2026-05-13 19:07:00,16.21052610110973
2026-05-13 19:08:00,16.21052610110973
2026-05-13 19:09:00,16.21052610110973
2026-05-13 19:10:00,16.21052610110973
2026-05-13 19:11:00,16.21052610110973
2026-05-13 19:12:00,16.21052610110973
2026-05-13 19:13:00,16.21052610110973
2026-05-13 19:14:00,16.21052610110973
2026-05-13 19:15:00,16.21052610110973
2026-05-13 19:16:00,16.21052610110973
2026-05-13 19:17:00,16.21052610110973
2026-05-13 19:18:00,16.21052610110973
2026-05-13 19:19:00,16.21052610110973
2026-05-13 19:20:00,16.21052610110973
2026-05-13 19:21:00,16.21052610110973
2026-05-13 19:22:00,16.21052610110973
2026-05-13 19:23:00,16.21052610110973
2026-05-13 19:24:00,16.21052610110973
2026-05-13 19:25:00,16.21052610110973
2026-05-13 19:26:00,16.21052610110973
2026-05-13 19:27:00,16.21052610110973
2026-05-13 19:28:00,16.21052610110973
2026-05-13 19:29:00,16.21052610110973
2026-05-13 19:30:00,16.21052610110973
2026-05-13 19:31:00,16.21052610110973
2026-05-13 19:32:00,16.21052610110973
2026-05-13 19:33:00,16.21052610110973
2026-05-13 19:34:00,16.21052610110973
2026-05-13 19:35:00,16.21052610110973
2026-05-13 19:36:00,16.21052610110973
2026-05-13 19:37:00,16.21052610110973
2026-05-13 19:38:00,16.21052610110973
2026-05-13 19:39:00,16.21052610110973
2026-05-13 19:40:00,16.21052610110973
2026-05-13 19:41:00,16.21052610110973
2026-05-13 19:42:00,16.21052610110973
2026-05-13 19:43:00,16.21052610110973
2026-05-13 19:44:00,16.21052610110973
2026-05-13 19:45:00,16.21052610110973
2026-05-13 19:46:00,16.21052610110973
2026-05-13 19:47:00,16.21052610110973
2026-05-13 19:48:00,16.21052610110973
2026-05-13 19:49:00,16.21052610110973
2026-05-13 19:50:00,16.21052610110973
2026-05-13 19:51:00,16.21052610110973
2026-05-13 19:52:00,16.21052610110973
2026-05-13 19:53:00,16.21052610110973
2026-05-13 19:54:00,16.21052610110973
2026-05-13 19:55:00,16.21052610110973
2026-05-13 19:56:00,16.21052610110973
2026-05-13 19:57:00,16.21052610110973
2026-05-13 19:58:00,16.21052610110973
2026-05-13 19:59:00,16.21052610110973
2026-05-13 20:00:00,16.21052610110973
2026-05-13 20:01:00,16.21052610110973
2026-05-13 20:02:00,16.21052610110973
2026-05-13 20:03:00,16.21052610110973
2026-05-13 20:04:00,16.21052610110973
2026-05-13 20:05:00,16.21052610110973
2026-05-13 20:06:00,16.21052610110973
2026-05-13 20:07:00,16.21052610110973
2026-05-13 20:08:00,16.21052610110973
2026-05-13 20:09:00,16.21052610110973
2026-05-13 20:10:00,16.21052610110973
2026-05-13 20:11:00,16.21052610110973
2026-05-13 20:12:00,16.21052610110973
2026-05-13 20:13:00,16.21052610110973
2026-05-13 20:14:00,16.21052610110973
2026-05-13 20:15:00,16.21052610110973
2026-05-13 20:16:00,16.21052610110973
2026-05-13 20:17:00,16.21052610110973
2026-05-13 20:18:00,16.21052610110973
2026-05-13 20:19:00,16.21052610110973
2026-05-13 20:20:00,16.21052610110973
2026-05-13 20:21:00,16.21052610110973
2026-05-13 20:22:00,16.21052610110973
2026-05-13 20:23:00,16.21052610110973
2026-05-13 20:24:00,16.21052610110973
2026-05-13 20:25:00,16.21052610110973
2026-05-13 20:26:00,16.21052610110973
2026-05-13 20:27:00,16.21052610110973
2026-05-13 20:28:00,16.21052610110973
2026-05-13 20:29:00,16.21052610110973
2026-05-13 20:30:00,16.21052610110973
2026-05-13 20:31:00,16.21052610110973
2026-05-13 20:32:00,16.21052610110973
2026-05-13 20:33:00,16.21052610110973
2026-05-13 20:34:00,16.21052610110973
2026-05-13 20:35:00,16.21052610110973
2026-05-13 20:36:00,16.21052610110973
2026-05-13 20:37:00,16.21052610110973
2026-05-13 20:38:00,16.21052610110973
2026-05-13 20:39:00,16.21052610110973
2026-05-13 20:40:00,16.21052610110973
2026-05-13 20:41:00,16.21052610110973
2026-05-13 20:42:00,16.21052610110973
2026-05-13 20:43:00,16.21052610110973
2026-05-13 20:44:00,16.21052610110973
2026-05-13 20:45:00,16.21052610110973
2026-05-13 20:46:00,16.21052610110973
2026-05-13 20:47:00,16.21052610110973
2026-05-13 20:48:00,16.21052610110973
2026-05-13 20:49:00,16.21052610110973
2026-05-13 20:50:00,16.21052610110973
2026-05-13 20:51:00,16.21052610110973
2026-05-13 20:52:00,16.21052610110973
2026-05-13 20:53:00,16.21052610110973
2026-05-13 20:54:00,16.21052610110973
2026-05-13 20:55:00,16.21052610110973
2026-05-13 20:56:00,16.21052610110973
2026-05-13 20:57:00,16.21052610110973
2026-05-13 20:58:00,16.21052610110973
2026-05-13 20:59:00,16.21052610110973
2026-05-13 21:00:00,16.21052610110973
2026-05-13 21:01:00,16.21052610110973
2026-05-13 21:02:00,16.21052610110973
2026-05-13 21:03:00,16.21052610110973
2026-05-13 21:04:00,16.21052610110973
2026-05-13 21:05:00,16.21052610110973
2026-05-13 21:06:00,16.21052610110973
2026-05-13 21:07:00,16.21052610110973
2026-05-13 21:08:00,16.21052610110973
2026-05-13 21:09:00,16.21052610110973
2026-05-13 21:10:00,16.21052610110973
2026-05-13 21:11:00,16.21052610110973
2026-05-13 21:12:00,16.21052610110973
2026-05-13 21:13:00,16.21052610110973
2026-05-13 21:14:00,16.21052610110973
2026-05-13 21:15:00,16.21052610110973
2026-05-13 21:16:00,16.21052610110973
2026-05-13 21:17:00,16.21052610110973
2026-05-13 21:18:00,16.21052610110973
2026-05-13 21:19:00,16.21052610110973
2026-05-13 21:20:00,16.21052610110973
2026-05-13 21:21:00,16.21052610110973
2026-05-13 21:22:00,16.21052610110973
2026-05-13 21:23:00,16.21052610110973
2026-05-13 21:24:00,16.21052610110973
2026-05-13 21:25:00,16.21052610110973
2026-05-13 21:26:00,16.21052610110973
2026-05-13 21:27:00,16.21052610110973
2026-05-13 21:28:00,16.21052610110973
2026-05-13 21:29:00,16.21052610110973
2026-05-13 21:30:00,16.21052610110973
2026-05-13 21:31:00,16.21052610110973
2026-05-13 21:32:00,16.21052610110973
2026-05-13 21:33:00,16.21052610110973
2026-05-13 21:34:00,16.21052610110973
2026-05-13 21:35:00,16.21052610110973
2026-05-13 21:36:00,16.21052610110973
2026-05-13 21:37:00,16.21052610110973
2026-05-13 21:38:00,16.21052610110973
2026-05-13 21:39:00,16.21052610110973
2026-05-13 21:40:00,16.21052610110973
2026-05-13 21:41:00,16.21052610110973
2026-05-13 21:42:00,16.21052610110973
2026-05-13 21:43:00,16.21052610110973
2026-05-13 21:44:00,16.21052610110973
2026-05-13 21:45:00,16.21052610110973
2026-05-13 21:46:00,16.21052610110973
2026-05-13 21:47:00,16.21052610110973
2026-05-13 21:48:00,16.21052610110973
2026-05-13 21:49:00,16.21052610110973
2026-05-13 21:50:00,16.21052610110973
2026-05-13 21:51:00,16.21052610110973
2026-05-13 21:52:00,16.21052610110973
2026-05-13 21:53:00,16.21052610110973
2026-05-13 21:54:00,16.21052610110973
2026-05-13 21:55:00,16.21052610110973
2026-05-13 21:56:00,16.21052610110973
2026-05-13 21:57:00,16.21052610110973
2026-05-13 21:58:00,16.21052610110973
2026-05-13 21:59:00,16.21052610110973
2026-05-13 22:00:00,16.21052610110973
2026-05-13 22:01:00,16.21052610110973
2026-05-13 22:02:00,16.21052610110973
2026-05-13 22:03:00,16.21052610110973
2026-05-13 22:04:00,16.21052610110973
2026-05-13 22:05:00,16.21052610110973
2026-05-13 22:06:00,16.21052610110973
2026-05-13 22:07:00,16.21052610110973
2026-05-13 22:08:00,16.21052610110973
2026-05-13 22:09:00,16.21052610110973
2026-05-13 22:10:00,16.21052610110973
2026-05-13 22:11:00,16.21052610110973
2026-05-13 22:12:00,16.21052610110973
2026-05-13 22:13:00,16.21052610110973
2026-05-13 22:14:00,16.21052610110973
2026-05-13 22:15:00,16.21052610110973
2026-05-13 22:16:00,16.21052610110973
2026-05-13 22:17:00,16.21052610110973
2026-05-13 22:18:00,16.21052610110973
2026-05-13 22:19:00,16.21052610110973
2026-05-13 22:20:00,16.21052610110973
2026-05-13 22:21:00,16.21052610110973
2026-05-13 22:22:00,16.21052610110973
2026-05-13 22:23:00,16.21052610110973
2026-05-13 22:24:00,16.21052610110973
2026-05-13 22:25:00,16.21052610110973
2026-05-13 22:26:00,16.21052610110973
2026-05-13 22:27:00,16.21052610110973
2026-05-13 22:28:00,16.21052610110973
2026-05-13 22:29:00,16.21052610110973
2026-05-13 22:30:00,16.21052610110973
2026-05-13 22:31:00,16.21052610110973
2026-05-13 22:32:00,16.21052610110973
2026-05-13 22:33:00,16.21052610110973
2026-05-13 22:34:00,16.21052610110973
2026-05-13 22:35:00,16.21052610110973
2026-05-13 22:36:00,16.21052610110973
2026-05-13 22:37:00,16.21052610110973
2026-05-13 22:38:00,16.21052610110973
2026-05-13 22:39:00,16.21052610110973
2026-05-13 22:40:00,16.21052610110973
2026-05-13 22:41:00,16.21052610110973
2026-05-13 22:42:00,16.21052610110973
2026-05-13 22:43:00,16.21052610110973
2026-05-13 22:44:00,16.21052610110973
2026-05-13 22:45:00,16.21052610110973
2026-05-13 22:46:00,16.21052610110973
2026-05-13 22:47:00,16.21052610110973
2026-05-13 22:48:00,16.21052610110973
2026-05-13 22:49:00,16.21052610110973
2026-05-13 22:50:00,16.21052610110973
2026-05-13 22:51:00,16.21052610110973
2026-05-13 22:52:00,16.21052610110973
2026-05-13 22:53:00,16.21052610110973
2026-05-13 22:54:00,16.21052610110973
2026-05-13 22:55:00,16.21052610110973
2026-05-13 22:56:00,16.21052610110973
2026-05-13 22:57:00,16.21052610110973
2026-05-13 22:58:00,16.21052610110973
2026-05-13 22:59:00,16.21052610110973
2026-05-13 23:00:00,16.21052610110973
2026-05-13 23:01:00,16.21052610110973
2026-05-13 23:02:00,16.21052610110973
2026-05-13 23:03:00,16.21052610110973
2026-05-13 23:04:00,16.21052610110973
2026-05-13 23:05:00,16.21052610110973
2026-05-13 23:06:00,16.21052610110973
2026-05-13 23:07:00,16.21052610110973
2026-05-13 23:08:00,16.21052610110973
2026-05-13 23:09:00,16.21052610110973
2026-05-13 23:10:00,16.21052610110973
2026-05-13 23:11:00,16.21052610110973
2026-05-13 23:12:00,16.21052610110973
2026-05-13 23:13:00,16.21052610110973
2026-05-13 23:14:00,16.21052610110973
2026-05-13 23:15:00,16.21052610110973
2026-05-13 23:16:00,16.21052610110973
2026-05-13 23:17:00,16.21052610110973
2026-05-13 23:18:00,16.21052610110973
2026-05-13 23:19:00,16.21052610110973
2026-05-13 23:20:00,16.21052610110973
2026-05-13 23:21:00,16.21052610110973
2026-05-13 23:22:00,16.21052610110973
2026-05-13 23:23:00,16.21052610110973
2026-05-13 23:24:00,16.21052610110973
2026-05-13 23:25:00,16.21052610110973
2026-05-13 23:26:00,16.21052610110973
2026-05-13 23:27:00,16.21052610110973
2026-05-13 23:28:00,16.21052610110973
2026-05-13 23:29:00,16.21052610110973
2026-05-13 23:30:00,16.21052610110973
2026-05-13 23:31:00,16.21052610110973
2026-05-13 23:32:00,16.21052610110973
2026-05-13 23:33:00,16.21052610110973
2026-05-13 23:34:00,16.21052610110973
2026-05-13 23:35:00,16.21052610110973
2026-05-13 23:36:00,16.21052610110973
2026-05-13 23:37:00,16.21052610110973
2026-05-13 23:38:00,16.21052610110973
2026-05-13 23:39:00,16.21052610110973
2026-05-13 23:40:00,16.21052610110973
2026-05-13 23:41:00,16.21052610110973
2026-05-13 23:42:00,16.21052610110973
2026-05-13 23:43:00,16.21052610110973
2026-05-13 23:44:00,16.21052610110973
2026-05-13 23:45:00,16.21052610110973
2026-05-13 23:46:00,16.21052610110973
2026-05-13 23:47:00,16.21052610110973
2026-05-13 23:48:00,16.21052610110973
2026-05-13 23:49:00,16.21052610110973
2026-05-13 23:50:00,16.21052610110973
2026-05-13 23:51:00,16.21052610110973
2026-05-13 23:52:00,16.21052610110973
2026-05-13 23:53:00,16.21052610110973
2026-05-13 23:54:00,16.21052610110973
2026-05-13 23:55:00,16.21052610110973
2026-05-13 23:56:00,16.21052610110973
2026-05-13 23:57:00,16.21052610110973
2026-05-13 23:58:00,16.21052610110973
2026-05-13 23:59:00,16.21052610110973
2026-05-14 00:00:00,16.21052610110973
2026-05-14 00:01:00,16.21052610110973
2026-05-14 00:02:00,16.21052610110973
2026-05-14 00:03:00,16.21052610110973
2026-05-14 00:04:00,16.21052610110973
2026-05-14 00:05:00,16.21052610110973
2026-05-14 00:06:00,16.21052610110973
2026-05-14 00:07:00,16.21052610110973
2026-05-14 00:08:00,16.21052610110973
2026-05-14 00:09:00,16.21052610110973
2026-05-14 00:10:00,16.21052610110973
2026-05-14 00:11:00,16.21052610110973
2026-05-14 00:12:00,16.21052610110973
2026-05-14 00:13:00,16.21052610110973
2026-05-14 00:14:00,16.21052610110973
2026-05-14 00:15:00,16.21052610110973
2026-05-14 00:16:00,16.21052610110973
2026-05-14 00:17:00,16.21052610110973
2026-05-14 00:18:00,16.21052610110973
2026-05-14 00:19:00,16.21052610110973
2026-05-14 00:20:00,16.21052610110973
2026-05-14 00:21:00,16.21052610110973
2026-05-14 00:22:00,16.21052610110973
2026-05-14 00:23:00,16.21052610110973
2026-05-14 00:24:00,16.21052610110973
2026-05-14 00:25:00,16.21052610110973
2026-05-14 00:26:00,16.21052610110973
2026-05-14 00:27:00,16.21052610110973
2026-05-14 00:28:00,16.21052610110973
2026-05-14 00:29:00,16.21052610110973
2026-05-14 00:30:00,16.21052610110973
2026-05-14 00:31:00,16.21052610110973
2026-05-14 00:32:00,16.21052610110973
2026-05-14 00:33:00,16.21052610110973
2026-05-14 00:34:00,16.21052610110973
2026-05-14 00:35:00,16.21052610110973
2026-05-14 00:36:00,16.21052610110973
2026-05-14 00:37:00,16.21052610110973
2026-05-14 00:38:00,16.21052610110973
2026-05-14 00:39:00,16.21052610110973
2026-05-14 00:40:00,16.21052610110973
2026-05-14 00:41:00,16.21052610110973
2026-05-14 00:42:00,16.21052610110973
2026-05-14 00:43:00,16.21052610110973
2026-05-14 00:44:00,16.21052610110973
2026-05-14 00:45:00,16.21052610110973
2026-05-14 00:46:00,16.21052610110973
2026-05-14 00:47:00,16.21052610110973
2026-05-14 00:48:00,16.21052610110973
2026-05-14 00:49:00,16.21052610110973
2026-05-14 00:50:00,16.21052610110973
2026-05-14 00:51:00,16.21052610110973
2026-05-14 00:52:00,16.21052610110973
2026-05-14 00:53:00,16.21052610110973
2026-05-14 00:54:00,16.21052610110973
2026-05-14 00:55:00,16.21052610110973
2026-05-14 00:56:00,16.21052610110973
2026-05-14 00:57:00,16.21052610110973
2026-05-14 00:58:00,16.21052610110973
2026-05-14 00:59:00,16.21052610110973
2026-05-14 01:00:00,16.21052610110973
2026-05-14 01:01:00,16.21052610110973
2026-05-14 01:02:00,16.21052610110973
2026-05-14 01:03:00,16.21052610110973
2026-05-14 01:04:00,16.21052610110973
2026-05-14 01:05:00,16.21052610110973
2026-05-14 01:06:00,16.21052610110973
2026-05-14 01:07:00,16.21052610110973
2026-05-14 01:08:00,16.21052610110973
2026-05-14 01:09:00,16.21052610110973
2026-05-14 01:10:00,16.21052610110973
2026-05-14 01:11:00,16.21052610110973
2026-05-14 01:12:00,16.21052610110973
2026-05-14 01:13:00,16.21052610110973
2026-05-14 01:14:00,16.21052610110973
2026-05-14 01:15:00,16.21052610110973
2026-05-14 01:16:00,16.21052610110973
2026-05-14 01:17:00,16.21052610110973
2026-05-14 01:18:00,16.21052610110973
2026-05-14 01:19:00,16.21052610110973
2026-05-14 01:20:00,16.21052610110973
2026-05-14 01:21:00,16.21052610110973
2026-05-14 01:22:00,16.21052610110973
2026-05-14 01:23:00,16.21052610110973
2026-05-14 01:24:00,16.21052610110973
2026-05-14 01:25:00,16.21052610110973
2026-05-14 01:26:00,16.21052610110973
2026-05-14 01:27:00,16.21052610110973
2026-05-14 01:28:00,16.21052610110973
2026-05-14 01:29:00,16.21052610110973
2026-05-14 01:30:00,16.21052610110973
2026-05-14 01:31:00,16.21052610110973
2026-05-14 01:32:00,16.21052610110973
2026-05-14 01:33:00,16.21052610110973
2026-05-14 01:34:00,16.21052610110973
2026-05-14 01:35:00,16.21052610110973
2026-05-14 01:36:00,16.21052610110973
2026-05-14 01:37:00,16.21052610110973
2026-05-14 01:38:00,16.21052610110973
2026-05-14 01:39:00,16.21052610110973
2026-05-14 01:40:00,16.21052610110973
2026-05-14 01:41:00,16.21052610110973
2026-05-14 01:42:00,16.21052610110973
2026-05-14 01:43:00,16.21052610110973
2026-05-14 01:44:00,16.21052610110973
2026-05-14 01:45:00,16.21052610110973
2026-05-14 01:46:00,16.21052610110973
2026-05-14 01:47:00,16.21052610110973
2026-05-14 01:48:00,16.21052610110973
2026-05-14 01:49:00,16.21052610110973
2026-05-14 01:50:00,16.21052610110973
2026-05-14 01:51:00,16.21052610110973
2026-05-14 01:52:00,16.21052610110973
2026-05-14 01:53:00,16.21052610110973
2026-05-14 01:54:00,16.21052610110973
2026-05-14 01:55:00,16.21052610110973
2026-05-14 01:56:00,16.21052610110973
2026-05-14 01:57:00,16.21052610110973
2026-05-14 01:58:00,16.21052610110973
2026-05-14 01:59:00,16.21052610110973
2026-05-14 02:00:00,16.21052610110973
2026-05-14 02:01:00,16.21052610110973
2026-05-14 02:02:00,16.21052610110973
2026-05-14 02:03:00,16.21052610110973
2026-05-14 02:04:00,16.21052610110973
2026-05-14 02:05:00,16.21052610110973
2026-05-14 02:06:00,16.21052610110973
2026-05-14 02:07:00,16.21052610110973
2026-05-14 02:08:00,16.21052610110973
2026-05-14 02:09:00,16.21052610110973
2026-05-14 02:10:00,16.21052610110973
2026-05-14 02:11:00,16.21052610110973
2026-05-14 02:12:00,16.21052610110973
2026-05-14 02:13:00,16.21052610110973
2026-05-14 02:14:00,16.21052610110973
2026-05-14 02:15:00,16.21052610110973
2026-05-14 02:16:00,16.21052610110973
2026-05-14 02:17:00,16.21052610110973
2026-05-14 02:18:00,16.21052610110973
2026-05-14 02:19:00,16.21052610110973
2026-05-14 02:20:00,16.21052610110973
2026-05-14 02:21:00,16.21052610110973
2026-05-14 02:22:00,16.21052610110973
2026-05-14 02:23:00,16.21052610110973
2026-05-14 02:24:00,16.21052610110973
2026-05-14 02:25:00,16.21052610110973
2026-05-14 02:26:00,16.21052610110973
2026-05-14 02:27:00,16.21052610110973
2026-05-14 02:28:00,16.21052610110973
2026-05-14 02:29:00,16.21052610110973
2026-05-14 02:30:00,16.21052610110973
2026-05-14 02:31:00,16.21052610110973
2026-05-14 02:32:00,16.21052610110973
2026-05-14 02:33:00,16.21052610110973
2026-05-14 02:34:00,16.21052610110973
2026-05-14 02:35:00,16.21052610110973
2026-05-14 02:36:00,16.21052610110973
2026-05-14 02:37:00,16.21052610110973
2026-05-14 02:38:00,16.21052610110973
2026-05-14 02:39:00,16.21052610110973
2026-05-14 02:40:00,16.21052610110973
2026-05-14 02:41:00,16.21052610110973
2026-05-14 02:42:00,16.21052610110973
2026-05-14 02:43:00,16.21052610110973
2026-05-14 02:44:00,16.21052610110973
2026-05-14 02:45:00,16.21052610110973
2026-05-14 02:46:00,16.21052610110973
2026-05-14 02:47:00,16.21052610110973
2026-05-14 02:48:00,16.21052610110973
2026-05-14 02:49:00,16.21052610110973
2026-05-14 02:50:00,16.21052610110973
2026-05-14 02:51:00,16.21052610110973
2026-05-14 02:52:00,16.21052610110973
2026-05-14 02:53:00,16.21052610110973
2026-05-14 02:54:00,16.21052610110973
2026-05-14 02:55:00,16.21052610110973
2026-05-14 02:56:00,16.21052610110973
2026-05-14 02:57:00,16.21052610110973
2026-05-14 02:58:00,16.21052610110973
2026-05-14 02:59:00,16.21052610110973
2026-05-14 03:00:00,16.21052610110973
2026-05-14 03:01:00,16.21052610110973
2026-05-14 03:02:00,16.21052610110973
2026-05-14 03:03:00,16.21052610110973
2026-05-14 03:04:00,16.21052610110973
2026-05-14 03:05:00,16.21052610110973
2026-05-14 03:06:00,16.21052610110973
2026-05-14 03:07:00,16.21052610110973
2026-05-14 03:08:00,16.21052610110973
2026-05-14 03:09:00,16.21052610110973
2026-05-14 03:10:00,16.21052610110973
2026-05-14 03:11:00,16.21052610110973
2026-05-14 03:12:00,16.21052610110973
2026-05-14 03:13:00,16.21052610110973
2026-05-14 03:14:00,16.21052610110973
2026-05-14 03:15:00,16.21052610110973
2026-05-14 03:16:00,16.21052610110973
2026-05-14 03:17:00,16.21052610110973
2026-05-14 03:18:00,16.21052610110973
2026-05-14 03:19:00,16.21052610110973
2026-05-14 03:20:00,16.21052610110973
2026-05-14 03:21:00,16.21052610110973
2026-05-14 03:22:00,16.21052610110973
2026-05-14 03:23:00,16.21052610110973
2026-05-14 03:24:00,16.21052610110973
2026-05-14 03:25:00,16.21052610110973
2026-05-14 03:26:00,16.21052610110973
2026-05-14 03:27:00,16.21052610110973
2026-05-14 03:28:00,16.21052610110973
2026-05-14 03:29:00,16.21052610110973
2026-05-14 03:30:00,16.21052610110973
2026-05-14 03:31:00,16.21052610110973
2026-05-14 03:32:00,16.21052610110973
2026-05-14 03:33:00,16.21052610110973
2026-05-14 03:34:00,16.21052610110973
2026-05-14 03:35:00,16.21052610110973
2026-05-14 03:36:00,16.21052610110973
2026-05-14 03:37:00,16.21052610110973
2026-05-14 03:38:00,16.21052610110973
2026-05-14 03:39:00,16.21052610110973
2026-05-14 03:40:00,16.21052610110973
2026-05-14 03:41:00,16.21052610110973
2026-05-14 03:42:00,16.21052610110973
2026-05-14 03:43:00,16.21052610110973
2026-05-14 03:44:00,16.21052610110973
2026-05-14 03:45:00,16.21052610110973
2026-05-14 03:46:00,16.21052610110973
2026-05-14 03:47:00,16.21052610110973
2026-05-14 03:48:00,16.21052610110973
2026-05-14 03:49:00,16.21052610110973
2026-05-14 03:50:00,16.21052610110973
2026-05-14 03:51:00,16.21052610110973
2026-05-14 03:52:00,16.21052610110973
2026-05-14 03:53:00,16.21052610110973
2026-05-14 03:54:00,16.21052610110973
2026-05-14 03:55:00,16.21052610110973
2026-05-14 03:56:00,16.21052610110973
2026-05-14 03:57:00,16.21052610110973
2026-05-14 03:58:00,16.21052610110973
2026-05-14 03:59:00,16.21052610110973
2026-05-14 04:00:00,16.21052610110973
2026-05-14 04:01:00,16.21052610110973
2026-05-14 04:02:00,16.21052610110973
2026-05-14 04:03:00,16.21052610110973
2026-05-14 04:04:00,16.21052610110973
2026-05-14 04:05:00,16.21052610110973
2026-05-14 04:06:00,16.21052610110973
2026-05-14 04:07:00,16.21052610110973
2026-05-14 04:08:00,16.21052610110973
2026-05-14 04:09:00,16.21052610110973
2026-05-14 04:10:00,16.21052610110973
2026-05-14 04:11:00,16.21052610110973
2026-05-14 04:12:00,16.21052610110973
2026-05-14 04:13:00,16.21052610110973
2026-05-14 04:14:00,16.21052610110973
2026-05-14 04:15:00,16.21052610110973
2026-05-14 04:16:00,16.21052610110973
2026-05-14 04:17:00,16.21052610110973
2026-05-14 04:18:00,16.21052610110973
2026-05-14 04:19:00,16.21052610110973
2026-05-14 04:20:00,16.21052610110973
2026-05-14 04:21:00,16.21052610110973
2026-05-14 04:22:00,16.21052610110973
2026-05-14 04:23:00,16.21052610110973
2026-05-14 04:24:00,16.21052610110973
2026-05-14 04:25:00,16.21052610110973
2026-05-14 04:26:00,16.21052610110973
2026-05-14 04:27:00,16.21052610110973
2026-05-14 04:28:00,16.21052610110973
2026-05-14 04:29:00,16.21052610110973
2026-05-14 04:30:00,16.21052610110973
2026-05-14 04:31:00,16.21052610110973
2026-05-14 04:32:00,16.21052610110973
2026-05-14 04:33:00,16.21052610110973
2026-05-14 04:34:00,16.21052610110973
2026-05-14 04:35:00,16.21052610110973
2026-05-14 04:36:00,16.21052610110973
2026-05-14 04:37:00,16.21052610110973
2026-05-14 04:38:00,16.21052610110973
2026-05-14 04:39:00,16.21052610110973
2026-05-14 04:40:00,16.21052610110973
2026-05-14 04:41:00,16.21052610110973
2026-05-14 04:42:00,16.21052610110973
2026-05-14 04:43:00,16.21052610110973
2026-05-14 04:44:00,16.21052610110973
2026-05-14 04:45:00,16.21052610110973
2026-05-14 04:46:00,16.21052610110973
2026-05-14 04:47:00,16.21052610110973
2026-05-14 04:48:00,16.21052610110973
2026-05-14 04:49:00,16.21052610110973
2026-05-14 04:50:00,16.21052610110973
2026-05-14 04:51:00,16.21052610110973
2026-05-14 04:52:00,16.21052610110973
2026-05-14 04:53:00,16.21052610110973
2026-05-14 04:54:00,16.21052610110973
2026-05-14 04:55:00,16.21052610110973
2026-05-14 04:56:00,16.21052610110973
2026-05-14 04:57:00,16.21052610110973
2026-05-14 04:58:00,16.21052610110973
2026-05-14 04:59:00,16.21052610110973
2026-05-14 05:00:00,16.21052610110973
2026-05-14 05:01:00,16.21052610110973
2026-05-14 05:02:00,16.21052610110973
2026-05-14 05:03:00,16.21052610110973
2026-05-14 05:04:00,16.21052610110973
2026-05-14 05:05:00,16.21052610110973
2026-05-14 05:06:00,16.21052610110973
2026-05-14 05:07:00,16.21052610110973
2026-05-14 05:08:00,16.21052610110973
2026-05-14 05:09:00,16.21052610110973
2026-05-14 05:10:00,16.21052610110973
2026-05-14 05:11:00,16.21052610110973
2026-05-14 05:12:00,16.21052610110973
2026-05-14 05:13:00,16.21052610110973
2026-05-14 05:14:00,16.21052610110973
2026-05-14 05:15:00,16.21052610110973
2026-05-14 05:16:00,16.21052610110973
2026-05-14 05:17:00,16.21052610110973
2026-05-14 05:18:00,16.21052610110973
2026-05-14 05:19:00,16.21052610110973
2026-05-14 05:20:00,16.21052610110973
2026-05-14 05:21:00,16.21052610110973
2026-05-14 05:22:00,16.21052610110973
2026-05-14 05:23:00,16.21052610110973
2026-05-14 05:24:00,16.21052610110973
2026-05-14 05:25:00,16.21052610110973
2026-05-14 05:26:00,16.21052610110973
2026-05-14 05:27:00,16.21052610110973
2026-05-14 05:28:00,16.21052610110973
2026-05-14 05:29:00,16.21052610110973
2026-05-14 05:30:00,16.21052610110973
2026-05-14 05:31:00,16.21052610110973
2026-05-14 05:32:00,16.21052610110973
2026-05-14 05:33:00,16.21052610110973
2026-05-14 05:34:00,16.21052610110973
2026-05-14 05:35:00,16.21052610110973
2026-05-14 05:36:00,16.21052610110973
2026-05-14 05:37:00,16.21052610110973
2026-05-14 05:38:00,16.21052610110973
2026-05-14 05:39:00,16.21052610110973
2026-05-14 05:40:00,16.21052610110973
2026-05-14 05:41:00,16.21052610110973
2026-05-14 05:42:00,16.21052610110973
2026-05-14 05:43:00,16.21052610110973
2026-05-14 05:44:00,16.21052610110973
2026-05-14 05:45:00,16.21052610110973
2026-05-14 05:46:00,16.21052610110973
2026-05-14 05:47:00,16.21052610110973
2026-05-14 05:48:00,16.21052610110973
2026-05-14 05:49:00,16.21052610110973
2026-05-14 05:50:00,16.21052610110973
2026-05-14 05:51:00,16.21052610110973
2026-05-14 05:52:00,16.21052610110973
2026-05-14 05:53:00,16.21052610110973
2026-05-14 05:54:00,16.21052610110973
2026-05-14 05:55:00,16.21052610110973
2026-05-14 05:56:00,16.21052610110973
2026-05-14 05:57:00,16.21052610110973
2026-05-14 05:58:00,16.21052610110973
2026-05-14 05:59:00,16.21052610110973
2026-05-14 06:00:00,16.21052610110973
2026-05-14 06:01:00,16.21052610110973
2026-05-14 06:02:00,16.21052610110973
2026-05-14 06:03:00,16.21052610110973
2026-05-14 06:04:00,16.21052610110973
2026-05-14 06:05:00,16.21052610110973
2026-05-14 06:06:00,16.21052610110973
2026-05-14 06:07:00,16.21052610110973
2026-05-14 06:08:00,16.21052610110973
2026-05-14 06:09:00,16.21052610110973
2026-05-14 06:10:00,16.21052610110973
2026-05-14 06:11:00,16.21052610110973
2026-05-14 06:12:00,16.21052610110973
2026-05-14 06:13:00,16.21052610110973
2026-05-14 06:14:00,16.21052610110973
2026-05-14 06:15:00,16.21052610110973
2026-05-14 06:16:00,16.21052610110973
2026-05-14 06:17:00,16.21052610110973
2026-05-14 06:18:00,16.21052610110973
2026-05-14 06:19:00,16.21052610110973
2026-05-14 06:20:00,16.21052610110973
2026-05-14 06:21:00,16.21052610110973
2026-05-14 06:22:00,16.21052610110973
2026-05-14 06:23:00,16.21052610110973
2026-05-14 06:24:00,16.21052610110973
2026-05-14 06:25:00,16.21052610110973
2026-05-14 06:26:00,16.21052610110973
2026-05-14 06:27:00,16.21052610110973
2026-05-14 06:28:00,16.21052610110973
2026-05-14 06:29:00,16.21052610110973
2026-05-14 06:30:00,16.21052610110973
2026-05-14 06:31:00,16.21052610110973
2026-05-14 06:32:00,16.21052610110973
2026-05-14 06:33:00,16.21052610110973
2026-05-14 06:34:00,16.21052610110973
2026-05-14 06:35:00,16.21052610110973
2026-05-14 06:36:00,16.21052610110973
2026-05-14 06:37:00,16.21052610110973
2026-05-14 06:38:00,16.21052610110973
2026-05-14 06:39:00,16.21052610110973
2026-05-14 06:40:00,16.21052610110973
2026-05-14 06:41:00,16.21052610110973
2026-05-14 06:42:00,16.21052610110973
2026-05-14 06:43:00,16.21052610110973
2026-05-14 06:44:00,16.21052610110973
2026-05-14 06:45:00,16.21052610110973
2026-05-14 06:46:00,16.21052610110973
2026-05-14 06:47:00,16.21052610110973
2026-05-14 06:48:00,16.21052610110973
2026-05-14 06:49:00,16.21052610110973
2026-05-14 06:50:00,16.21052610110973
2026-05-14 06:51:00,16.21052610110973
2026-05-14 06:52:00,16.21052610110973
2026-05-14 06:53:00,16.21052610110973
2026-05-14 06:54:00,16.21052610110973
2026-05-14 06:55:00,16.21052610110973
2026-05-14 06:56:00,16.21052610110973
2026-05-14 06:57:00,16.21052610110973
2026-05-14 06:58:00,16.21052610110973
2026-05-14 06:59:00,16.21052610110973
2026-05-14 07:00:00,16.21052610110973
2026-05-14 07:01:00,16.21052610110973
2026-05-14 07:02:00,16.21052610110973
2026-05-14 07:03:00,16.21052610110973
2026-05-14 07:04:00,16.21052610110973
2026-05-14 07:05:00,16.21052610110973
2026-05-14 07:06:00,16.21052610110973
2026-05-14 07:07:00,16.21052610110973
2026-05-14 07:08:00,16.21052610110973
2026-05-14 07:09:00,16.21052610110973
2026-05-14 07:10:00,16.21052610110973
2026-05-14 07:11:00,16.21052610110973
2026-05-14 07:12:00,16.21052610110973
2026-05-14 07:13:00,16.21052610110973
2026-05-14 07:14:00,16.21052610110973
2026-05-14 07:15:00,16.21052610110973
2026-05-14 07:16:00,16.21052610110973
2026-05-14 07:17:00,16.21052610110973
2026-05-14 07:18:00,16.21052610110973
2026-05-14 07:19:00,16.21052610110973
2026-05-14 07:20:00,16.21052610110973
2026-05-14 07:21:00,16.21052610110973
2026-05-14 07:22:00,16.21052610110973
2026-05-14 07:23:00,16.21052610110973
2026-05-14 07:24:00,16.21052610110973
2026-05-14 07:25:00,16.21052610110973
2026-05-14 07:26:00,16.21052610110973
2026-05-14 07:27:00,16.21052610110973
2026-05-14 07:28:00,16.21052610110973
2026-05-14 07:29:00,16.21052610110973
2026-05-14 07:30:00,16.21052610110973
2026-05-14 07:31:00,16.21052610110973
2026-05-14 07:32:00,16.21052610110973
2026-05-14 07:33:00,16.21052610110973
2026-05-14 07:34:00,16.21052610110973
2026-05-14 07:35:00,16.21052610110973
2026-05-14 07:36:00,16.21052610110973
2026-05-14 07:37:00,16.21052610110973
2026-05-14 07:38:00,16.21052610110973
2026-05-14 07:39:00,16.21052610110973
2026-05-14 07:40:00,16.21052610110973
2026-05-14 07:41:00,16.21052610110973
2026-05-14 07:42:00,16.21052610110973
2026-05-14 07:43:00,16.21052610110973
2026-05-14 07:44:00,16.21052610110973
2026-05-14 07:45:00,16.21052610110973
2026-05-14 07:46:00,16.21052610110973
2026-05-14 07:47:00,16.21052610110973
2026-05-14 07:48:00,16.21052610110973
2026-05-14 07:49:00,16.21052610110973
2026-05-14 07:50:00,16.21052610110973
2026-05-14 07:51:00,16.21052610110973
2026-05-14 07:52:00,16.21052610110973
2026-05-14 07:53:00,16.21052610110973
2026-05-14 07:54:00,16.21052610110973
2026-05-14 07:55:00,16.21052610110973
2026-05-14 07:56:00,16.21052610110973
2026-05-14 07:57:00,16.21052610110973
2026-05-14 07:58:00,16.21052610110973
2026-05-14 07:59:00,16.21052610110973
2026-05-14 08:00:00,16.21052610110973
2026-05-14 08:01:00,16.21052610110973
2026-05-14 08:02:00,16.21052610110973
2026-05-14 08:03:00,16.21052610110973
2026-05-14 08:04:00,16.21052610110973
2026-05-14 08:05:00,16.21052610110973
2026-05-14 08:06:00,16.21052610110973
2026-05-14 08:07:00,16.21052610110973
2026-05-14 08:08:00,16.21052610110973
2026-05-14 08:09:00,16.21052610110973
2026-05-14 08:10:00,16.21052610110973
2026-05-14 08:11:00,16.21052610110973
2026-05-14 08:12:00,16.21052610110973
2026-05-14 08:13:00,16.21052610110973
2026-05-14 08:14:00,16.21052610110973
2026-05-14 08:15:00,16.21052610110973
2026-05-14 08:16:00,16.21052610110973
2026-05-14 08:17:00,16.21052610110973
2026-05-14 08:18:00,16.21052610110973
2026-05-14 08:19:00,16.21052610110973
2026-05-14 08:20:00,16.21052610110973
2026-05-14 08:21:00,16.21052610110973
2026-05-14 08:22:00,16.21052610110973
2026-05-14 08:23:00,16.21052610110973
2026-05-14 08:24:00,16.21052610110973
2026-05-14 08:25:00,16.21052610110973
2026-05-14 08:26:00,16.21052610110973
2026-05-14 08:27:00,16.21052610110973
2026-05-14 08:28:00,16.21052610110973
2026-05-14 08:29:00,16.21052610110973
2026-05-14 08:30:00,16.21052610110973
2026-05-14 08:31:00,16.21052610110973
2026-05-14 08:32:00,16.21052610110973
2026-05-14 08:33:00,16.21052610110973
2026-05-14 08:34:00,16.21052610110973
2026-05-14 08:35:00,16.21052610110973
2026-05-14 08:36:00,16.21052610110973
2026-05-14 08:37:00,16.21052610110973
2026-05-14 08:38:00,16.21052610110973
2026-05-14 08:39:00,16.21052610110973
2026-05-14 08:40:00,16.21052610110973
2026-05-14 08:41:00,16.21052610110973
2026-05-14 08:42:00,16.21052610110973
2026-05-14 08:43:00,16.21052610110973
2026-05-14 08:44:00,16.21052610110973
2026-05-14 08:45:00,16.21052610110973
2026-05-14 08:46:00,16.21052610110973
2026-05-14 08:47:00,16.21052610110973
2026-05-14 08:48:00,16.21052610110973
2026-05-14 08:49:00,16.21052610110973
2026-05-14 08:50:00,16.21052610110973
2026-05-14 08:51:00,16.21052610110973
2026-05-14 08:52:00,16.21052610110973
2026-05-14 08:53:00,16.21052610110973
2026-05-14 08:54:00,16.21052610110973
2026-05-14 08:55:00,16.21052610110973
2026-05-14 08:56:00,16.21052610110973
2026-05-14 08:57:00,16.21052610110973
2026-05-14 08:58:00,16.21052610110973
2026-05-14 08:59:00,16.21052610110973
2026-05-14 09:00:00,16.21052610110973
2026-05-14 09:01:00,16.21052610110973
2026-05-14 09:02:00,16.21052610110973
2026-05-14 09:03:00,16.21052610110973
2026-05-14 09:04:00,16.21052610110973
2026-05-14 09:05:00,16.21052610110973
2026-05-14 09:06:00,16.21052610110973
2026-05-14 09:07:00,16.21052610110973
2026-05-14 09:08:00,16.21052610110973
2026-05-14 09:09:00,16.21052610110973
2026-05-14 09:10:00,16.21052610110973
2026-05-14 09:11:00,16.21052610110973
2026-05-14 09:12:00,16.21052610110973
2026-05-14 09:13:00,16.21052610110973
2026-05-14 09:14:00,16.21052610110973
2026-05-14 09:15:00,16.21052610110973
2026-05-14 09:16:00,16.21052610110973
2026-05-14 09:17:00,16.21052610110973
2026-05-14 09:18:00,16.21052610110973
2026-05-14 09:19:00,16.21052610110973
2026-05-14 09:20:00,16.21052610110973
2026-05-14 09:21:00,16.21052610110973
2026-05-14 09:22:00,16.21052610110973
2026-05-14 09:23:00,16.21052610110973
2026-05-14 09:24:00,16.21052610110973
2026-05-14 09:25:00,16.21052610110973
2026-05-14 09:26:00,16.21052610110973
2026-05-14 09:27:00,16.21052610110973
2026-05-14 09:28:00,16.21052610110973
2026-05-14 09:29:00,16.21052610110973
2026-05-14 09:30:00,16.21052610110973
2026-05-14 09:31:00,16.21052610110973
2026-05-14 09:32:00,16.21052610110973
2026-05-14 09:33:00,16.21052610110973
2026-05-14 09:34:00,16.21052610110973
2026-05-14 09:35:00,16.21052610110973
2026-05-14 09:36:00,16.21052610110973
2026-05-14 09:37:00,16.21052610110973
2026-05-14 09:38:00,16.21052610110973
2026-05-14 09:39:00,16.21052610110973
2026-05-14 09:40:00,16.21052610110973
2026-05-14 09:41:00,16.21052610110973
2026-05-14 09:42:00,16.21052610110973
2026-05-14 09:43:00,16.21052610110973
2026-05-14 09:44:00,16.21052610110973
2026-05-14 09:45:00,16.21052610110973
2026-05-14 09:46:00,16.21052610110973
2026-05-14 09:47:00,16.21052610110973
2026-05-14 09:48:00,16.21052610110973
2026-05-14 09:49:00,16.21052610110973
2026-05-14 09:50:00,16.21052610110973
2026-05-14 09:51:00,16.21052610110973
2026-05-14 09:52:00,16.21052610110973
2026-05-14 09:53:00,16.21052610110973
2026-05-14 09:54:00,16.21052610110973
2026-05-14 09:55:00,16.21052610110973
2026-05-14 09:56:00,16.21052610110973
2026-05-14 09:57:00,16.21052610110973
2026-05-14 09:58:00,16.21052610110973
2026-05-14 09:59:00,16.21052610110973
2026-05-14 10:00:00,16.21052610110973
2026-05-14 10:01:00,16.21052610110973
2026-05-14 10:02:00,16.21052610110973
2026-05-14 10:03:00,16.21052610110973
2026-05-14 10:04:00,16.21052610110973
2026-05-14 10:05:00,16.21052610110973
2026-05-14 10:06:00,16.21052610110973
2026-05-14 10:07:00,16.21052610110973
2026-05-14 10:08:00,16.21052610110973
2026-05-14 10:09:00,16.21052610110973
2026-05-14 10:10:00,16.21052610110973
2026-05-14 10:11:00,16.21052610110973
2026-05-14 10:12:00,16.21052610110973
2026-05-14 10:13:00,16.21052610110973
2026-05-14 10:14:00,16.21052610110973
2026-05-14 10:15:00,16.21052610110973
2026-05-14 10:16:00,16.21052610110973
2026-05-14 10:17:00,16.21052610110973
2026-05-14 10:18:00,16.21052610110973
2026-05-14 10:19:00,16.21052610110973
2026-05-14 10:20:00,16.21052610110973
2026-05-14 10:21:00,16.21052610110973
2026-05-14 10:22:00,16.21052610110973
2026-05-14 10:23:00,16.21052610110973
2026-05-14 10:24:00,16.21052610110973
2026-05-14 10:25:00,16.21052610110973
2026-05-14 10:26:00,16.21052610110973
2026-05-14 10:27:00,16.21052610110973
2026-05-14 10:28:00,16.21052610110973
2026-05-14 10:29:00,16.21052610110973
2026-05-14 10:30:00,16.21052610110973
2026-05-14 10:31:00,16.21052610110973
2026-05-14 10:32:00,16.21052610110973
2026-05-14 10:33:00,16.21052610110973
2026-05-14 10:34:00,16.21052610110973
2026-05-14 10:35:00,16.21052610110973
2026-05-14 10:36:00,16.21052610110973
2026-05-14 10:37:00,16.21052610110973
2026-05-14 10:38:00,16.21052610110973
2026-05-14 10:39:00,16.21052610110973
2026-05-14 10:40:00,16.21052610110973
2026-05-14 10:41:00,16.21052610110973
2026-05-14 10:42:00,16.21052610110973
2026-05-14 10:43:00,16.21052610110973
2026-05-14 10:44:00,16.21052610110973
2026-05-14 10:45:00,16.21052610110973
2026-05-14 10:46:00,16.21052610110973
2026-05-14 10:47:00,16.21052610110973
2026-05-14 10:48:00,16.21052610110973
2026-05-14 10:49:00,16.21052610110973
2026-05-14 10:50:00,16.21052610110973
2026-05-14 10:51:00,16.21052610110973
2026-05-14 10:52:00,16.21052610110973
2026-05-14 10:53:00,16.21052610110973
2026-05-14 10:54:00,16.21052610110973
2026-05-14 10:55:00,16.21052610110973
2026-05-14 10:56:00,16.21052610110973
2026-05-14 10:57:00,16.21052610110973
2026-05-14 10:58:00,16.21052610110973
2026-05-14 10:59:00,16.21052610110973
2026-05-14 11:00:00,16.21052610110973
2026-05-14 11:01:00,16.21052610110973
2026-05-14 11:02:00,16.21052610110973
2026-05-14 11:03:00,16.21052610110973
2026-05-14 11:04:00,16.21052610110973
2026-05-14 11:05:00,16.21052610110973
2026-05-14 11:06:00,16.21052610110973
2026-05-14 11:07:00,16.21052610110973
2026-05-14 11:08:00,16.21052610110973
2026-05-14 11:09:00,16.21052610110973
2026-05-14 11:10:00,16.21052610110973
2026-05-14 11:11:00,16.21052610110973
2026-05-14 11:12:00,16.21052610110973
2026-05-14 11:13:00,16.21052610110973
2026-05-14 11:14:00,16.21052610110973
2026-05-14 11:15:00,16.21052610110973
2026-05-14 11:16:00,16.21052610110973
2026-05-14 11:17:00,16.21052610110973
2026-05-14 11:18:00,16.21052610110973
2026-05-14 11:19:00,16.21052610110973
2026-05-14 11:20:00,16.21052610110973
2026-05-14 11:21:00,16.21052610110973
2026-05-14 11:22:00,16.21052610110973
2026-05-14 11:23:00,16.21052610110973
2026-05-14 11:24:00,16.21052610110973
2026-05-14 11:25:00,16.21052610110973
2026-05-14 11:26:00,16.21052610110973
2026-05-14 11:27:00,16.21052610110973
2026-05-14 11:28:00,16.21052610110973
2026-05-14 11:29:00,16.21052610110973
2026-05-14 11:30:00,16.21052610110973
2026-05-14 11:31:00,16.21052610110973
2026-05-14 11:32:00,16.21052610110973
2026-05-14 11:33:00,16.21052610110973
2026-05-14 11:34:00,16.21052610110973
2026-05-14 11:35:00,16.21052610110973
2026-05-14 11:36:00,16.21052610110973
2026-05-14 11:37:00,16.21052610110973
2026-05-14 11:38:00,16.21052610110973
2026-05-14 11:39:00,16.21052610110973
2026-05-14 11:40:00,16.21052610110973
2026-05-14 11:41:00,16.21052610110973
2026-05-14 11:42:00,16.21052610110973
2026-05-14 11:43:00,16.21052610110973
2026-05-14 11:44:00,16.21052610110973
2026-05-14 11:45:00,16.21052610110973
2026-05-14 11:46:00,16.21052610110973
2026-05-14 11:47:00,16.21052610110973
2026-05-14 11:48:00,16.21052610110973
2026-05-14 11:49:00,16.21052610110973
2026-05-14 11:50:00,16.21052610110973
2026-05-14 11:51:00,16.21052610110973
2026-05-14 11:52:00,16.21052610110973
2026-05-14 11:53:00,16.21052610110973
2026-05-14 11:54:00,16.21052610110973
2026-05-14 11:55:00,16.21052610110973
2026-05-14 11:56:00,16.21052610110973
2026-05-14 11:57:00,16.21052610110973
2026-05-14 11:58:00,16.21052610110973
2026-05-14 11:59:00,16.21052610110973
2026-05-14 12:00:00,16.21052610110973
2026-05-14 12:01:00,16.21052610110973
2026-05-14 12:02:00,16.21052610110973
2026-05-14 12:03:00,16.21052610110973
2026-05-14 12:04:00,16.21052610110973
2026-05-14 12:05:00,16.21052610110973
2026-05-14 12:06:00,16.21052610110973
2026-05-14 12:07:00,16.21052610110973
2026-05-14 12:08:00,16.21052610110973
2026-05-14 12:09:00,16.21052610110973
2026-05-14 12:10:00,16.21052610110973
2026-05-14 12:11:00,16.21052610110973
2026-05-14 12:12:00,16.21052610110973
2026-05-14 12:13:00,16.21052610110973
2026-05-14 12:14:00,16.21052610110973
2026-05-14 12:15:00,16.21052610110973
2026-05-14 12:16:00,16.21052610110973
2026-05-14 12:17:00,16.21052610110973
2026-05-14 12:18:00,16.21052610110973
2026-05-14 12:19:00,16.21052610110973
2026-05-14 12:20:00,16.21052610110973
2026-05-14 12:21:00,16.21052610110973
2026-05-14 12:22:00,16.21052610110973
2026-05-14 12:23:00,16.21052610110973
2026-05-14 12:24:00,16.21052610110973
2026-05-14 12:25:00,16.21052610110973
2026-05-14 12:26:00,16.21052610110973
2026-05-14 12:27:00,16.21052610110973
2026-05-14 12:28:00,16.21052610110973
2026-05-14 12:29:00,16.21052610110973
2026-05-14 12:30:00,16.21052610110973
2026-05-14 12:31:00,16.21052610110973
2026-05-14 12:32:00,16.21052610110973
2026-05-14 12:33:00,16.21052610110973
2026-05-14 12:34:00,16.21052610110973
2026-05-14 12:35:00,16.21052610110973
2026-05-14 12:36:00,16.21052610110973
2026-05-14 12:37:00,16.21052610110973
2026-05-14 12:38:00,16.21052610110973
2026-05-14 12:39:00,16.21052610110973
2026-05-14 12:40:00,16.21052610110973
2026-05-14 12:41:00,16.21052610110973
2026-05-14 12:42:00,16.21052610110973
2026-05-14 12:43:00,16.21052610110973
2026-05-14 12:44:00,16.21052610110973
2026-05-14 12:45:00,16.21052610110973
2026-05-14 12:46:00,16.21052610110973
2026-05-14 12:47:00,16.21052610110973
2026-05-14 12:48:00,16.21052610110973
2026-05-14 12:49:00,16.21052610110973
2026-05-14 12:50:00,16.21052610110973
2026-05-14 12:51:00,16.21052610110973
2026-05-14 12:52:00,16.21052610110973
2026-05-14 12:53:00,16.21052610110973
2026-05-14 12:54:00,16.21052610110973
2026-05-14 12:55:00,16.21052610110973
2026-05-14 12:56:00,16.21052610110973
2026-05-14 12:57:00,16.21052610110973
2026-05-14 12:58:00,16.21052610110973
2026-05-14 12:59:00,16.21052610110973
2026-05-14 13:00:00,16.21052610110973
2026-05-14 13:01:00,16.21052610110973
2026-05-14 13:02:00,16.21052610110973
2026-05-14 13:03:00,16.21052610110973
2026-05-14 13:04:00,16.21052610110973
2026-05-14 13:05:00,16.21052610110973
2026-05-14 13:06:00,16.21052610110973
2026-05-14 13:07:00,16.21052610110973
2026-05-14 13:08:00,16.21052610110973
2026-05-14 13:09:00,16.21052610110973
2026-05-14 13:10:00,16.21052610110973
2026-05-14 13:11:00,16.21052610110973
2026-05-14 13:12:00,16.21052610110973
2026-05-14 13:13:00,16.21052610110973
2026-05-14 13:14:00,16.21052610110973
2026-05-14 13:15:00,16.21052610110973
2026-05-14 13:16:00,16.21052610110973
2026-05-14 13:17:00,16.21052610110973
2026-05-14 13:18:00,16.21052610110973
2026-05-14 13:19:00,16.21052610110973
2026-05-14 13:20:00,16.21052610110973
2026-05-14 13:21:00,16.21052610110973
2026-05-14 13:22:00,16.21052610110973
2026-05-14 13:23:00,16.21052610110973
2026-05-14 13:24:00,16.21052610110973
2026-05-14 13:25:00,16.21052610110973
2026-05-14 13:26:00,16.21052610110973
2026-05-14 13:27:00,16.21052610110973
2026-05-14 13:28:00,16.21052610110973
2026-05-14 13:29:00,16.21052610110973
2026-05-14 13:30:00,16.21052610110973
2026-05-14 13:31:00,16.21052610110973
2026-05-14 13:32:00,16.21052610110973
2026-05-14 13:33:00,16.21052610110973
2026-05-14 13:34:00,16.21052610110973
2026-05-14 13:35:00,16.21052610110973
2026-05-14 13:36:00,16.21052610110973
2026-05-14 13:37:00,16.21052610110973
2026-05-14 13:38:00,16.21052610110973
2026-05-14 13:39:00,16.21052610110973
2026-05-14 13:40:00,16.21052610110973
2026-05-14 13:41:00,16.21052610110973
2026-05-14 13:42:00,16.21052610110973
2026-05-14 13:43:00,16.21052610110973
2026-05-14 13:44:00,16.21052610110973
2026-05-14 13:45:00,16.21052610110973
2026-05-14 13:46:00,16.21052610110973
2026-05-14 13:47:00,16.21052610110973
2026-05-14 13:48:00,16.21052610110973
2026-05-14 13:49:00,16.21052610110973
2026-05-14 13:50:00,16.21052610110973
2026-05-14 13:51:00,16.21052610110973
2026-05-14 13:52:00,16.21052610110973
2026-05-14 13:53:00,16.21052610110973
2026-05-14 13:54:00,16.21052610110973
2026-05-14 13:55:00,16.21052610110973
2026-05-14 13:56:00,16.21052610110973
2026-05-14 13:57:00,16.21052610110973
2026-05-14 13:58:00,16.21052610110973
2026-05-14 13:59:00,16.21052610110973
2026-05-14 14:00:00,16.21052610110973
2026-05-14 14:01:00,16.21052610110973
2026-05-14 14:02:00,16.21052610110973
2026-05-14 14:03:00,16.21052610110973
2026-05-14 14:04:00,16.21052610110973
2026-05-14 14:05:00,16.21052610110973
2026-05-14 14:06:00,16.21052610110973
2026-05-14 14:07:00,16.21052610110973
2026-05-14 14:08:00,16.21052610110973
2026-05-14 14:09:00,16.21052610110973
2026-05-14 14:10:00,16.21052610110973
2026-05-14 14:11:00,16.21052610110973
2026-05-14 14:12:00,16.21052610110973
2026-05-14 14:13:00,16.21052610110973
2026-05-14 14:14:00,16.21052610110973
2026-05-14 14:15:00,16.21052610110973
2026-05-14 14:16:00,16.21052610110973
2026-05-14 14:17:00,16.21052610110973
2026-05-14 14:18:00,16.21052610110973
2026-05-14 14:19:00,16.21052610110973
2026-05-14 14:20:00,16.21052610110973
2026-05-14 14:21:00,16.21052610110973
2026-05-14 14:22:00,16.21052610110973
2026-05-14 14:23:00,16.21052610110973
2026-05-14 14:24:00,16.21052610110973
2026-05-14 14:25:00,16.21052610110973
2026-05-14 14:26:00,16.21052610110973
2026-05-14 14:27:00,16.21052610110973
2026-05-14 14:28:00,16.21052610110973
2026-05-14 14:29:00,16.21052610110973
2026-05-14 14:30:00,16.21052610110973
2026-05-14 14:31:00,16.21052610110973
2026-05-14 14:32:00,16.21052610110973
2026-05-14 14:33:00,16.21052610110973
2026-05-14 14:34:00,16.21052610110973
2026-05-14 14:35:00,16.21052610110973
2026-05-14 14:36:00,16.21052610110973
2026-05-14 14:37:00,16.21052610110973
2026-05-14 14:38:00,16.21052610110973
2026-05-14 14:39:00,16.21052610110973
2026-05-14 14:40:00,16.21052610110973
2026-05-14 14:41:00,16.21052610110973
2026-05-14 14:42:00,16.21052610110973
2026-05-14 14:43:00,16.21052610110973
2026-05-14 14:44:00,16.21052610110973
2026-05-14 14:45:00,16.21052610110973
2026-05-14 14:46:00,16.21052610110973
2026-05-14 14:47:00,16.21052610110973
2026-05-14 14:48:00,16.21052610110973
2026-05-14 14:49:00,16.21052610110973
2026-05-14 14:50:00,16.21052610110973
2026-05-14 14:51:00,16.21052610110973
2026-05-14 14:52:00,16.21052610110973
2026-05-14 14:53:00,16.21052610110973
2026-05-14 14:54:00,16.21052610110973
2026-05-14 14:55:00,16.21052610110973
2026-05-14 14:56:00,16.21052610110973
2026-05-14 14:57:00,16.21052610110973
2026-05-14 14:58:00,16.21052610110973
2026-05-14 14:59:00,16.21052610110973
2026-05-14 15:00:00,16.21052610110973
2026-05-14 15:01:00,16.21052610110973
2026-05-14 15:02:00,16.21052610110973
2026-05-14 15:03:00,16.21052610110973
2026-05-14 15:04:00,16.21052610110973
2026-05-14 15:05:00,16.21052610110973
2026-05-14 15:06:00,16.21052610110973
2026-05-14 15:07:00,16.21052610110973
2026-05-14 15:08:00,16.21052610110973
2026-05-14 15:09:00,16.21052610110973
2026-05-14 15:10:00,16.21052610110973
2026-05-14 15:11:00,16.21052610110973
2026-05-14 15:12:00,16.21052610110973
2026-05-14 15:13:00,16.21052610110973
2026-05-14 15:14:00,16.21052610110973
2026-05-14 15:15:00,16.21052610110973
2026-05-14 15:16:00,16.21052610110973
2026-05-14 15:17:00,16.21052610110973
2026-05-14 15:18:00,16.21052610110973
2026-05-14 15:19:00,16.21052610110973
2026-05-14 15:20:00,16.21052610110973
2026-05-14 15:21:00,16.21052610110973
2026-05-14 15:22:00,16.21052610110973
2026-05-14 15:23:00,16.21052610110973
2026-05-14 15:24:00,16.21052610110973
2026-05-14 15:25:00,16.21052610110973
2026-05-14 15:26:00,16.21052610110973
2026-05-14 15:27:00,16.21052610110973
2026-05-14 15:28:00,16.21052610110973
2026-05-14 15:29:00,16.21052610110973
2026-05-14 15:30:00,16.21052610110973
2026-05-14 15:31:00,16.21052610110973
2026-05-14 15:32:00,16.21052610110973
2026-05-14 15:33:00,16.21052610110973
2026-05-14 15:34:00,16.21052610110973
2026-05-14 15:35:00,16.21052610110973
2026-05-14 15:36:00,16.21052610110973
2026-05-14 15:37:00,16.21052610110973
2026-05-14 15:38:00,16.21052610110973
2026-05-14 15:39:00,16.21052610110973
2026-05-14 15:40:00,16.21052610110973
2026-05-14 15:41:00,16.21052610110973
2026-05-14 15:42:00,16.21052610110973
2026-05-14 15:43:00,16.21052610110973
2026-05-14 15:44:00,16.21052610110973
2026-05-14 15:45:00,16.21052610110973
2026-05-14 15:46:00,16.21052610110973
2026-05-14 15:47:00,16.21052610110973
2026-05-14 15:48:00,16.21052610110973
2026-05-14 15:49:00,16.21052610110973
2026-05-14 15:50:00,16.21052610110973
2026-05-14 15:51:00,16.21052610110973
2026-05-14 15:52:00,16.21052610110973
2026-05-14 15:53:00,16.21052610110973
2026-05-14 15:54:00,16.21052610110973
2026-05-14 15:55:00,16.21052610110973
2026-05-14 15:56:00,16.21052610110973
2026-05-14 15:57:00,16.21052610110973
2026-05-14 15:58:00,16.21052610110973
2026-05-14 15:59:00,16.21052610110973
2026-05-14 16:00:00,16.21052610110973
2026-05-14 16:01:00,16.21052610110973
2026-05-14 16:02:00,16.21052610110973
2026-05-14 16:03:00,16.21052610110973
2026-05-14 16:04:00,16.21052610110973
2026-05-14 16:05:00,16.21052610110973
2026-05-14 16:06:00,16.21052610110973
2026-05-14 16:07:00,16.21052610110973
2026-05-14 16:08:00,16.21052610110973
2026-05-14 16:09:00,16.21052610110973
2026-05-14 16:10:00,16.21052610110973
2026-05-14 16:11:00,16.21052610110973
2026-05-14 16:12:00,16.21052610110973
2026-05-14 16:13:00,16.21052610110973
2026-05-14 16:14:00,16.21052610110973
2026-05-14 16:15:00,16.21052610110973
2026-05-14 16:16:00,16.21052610110973
2026-05-14 16:17:00,16.21052610110973
2026-05-14 16:18:00,16.21052610110973
2026-05-14 16:19:00,16.21052610110973
2026-05-14 16:20:00,16.21052610110973
2026-05-14 16:21:00,16.21052610110973
2026-05-14 16:22:00,16.21052610110973
2026-05-14 16:23:00,16.21052610110973
2026-05-14 16:24:00,16.21052610110973
2026-05-14 16:25:00,16.21052610110973
2026-05-14 16:26:00,16.21052610110973
2026-05-14 16:27:00,16.21052610110973
2026-05-14 16:28:00,16.21052610110973
2026-05-14 16:29:00,16.21052610110973
2026-05-14 16:30:00,16.21052610110973
2026-05-14 16:31:00,16.21052610110973
2026-05-14 16:32:00,16.21052610110973
2026-05-14 16:33:00,16.21052610110973
2026-05-14 16:34:00,16.21052610110973
2026-05-14 16:35:00,16.21052610110973
2026-05-14 16:36:00,16.21052610110973
2026-05-14 16:37:00,16.21052610110973
2026-05-14 16:38:00,16.21052610110973
2026-05-14 16:39:00,16.21052610110973
2026-05-14 16:40:00,16.21052610110973
2026-05-14 16:41:00,16.21052610110973
2026-05-14 16:42:00,16.21052610110973
2026-05-14 16:43:00,16.21052610110973
2026-05-14 16:44:00,16.21052610110973
2026-05-14 16:45:00,16.21052610110973
2026-05-14 16:46:00,16.21052610110973
2026-05-14 16:47:00,16.21052610110973
2026-05-14 16:48:00,16.21052610110973
2026-05-14 16:49:00,16.21052610110973
2026-05-14 16:50:00,16.21052610110973
2026-05-14 16:51:00,16.21052610110973
2026-05-14 16:52:00,16.21052610110973
2026-05-14 16:53:00,16.21052610110973
2026-05-14 16:54:00,16.21052610110973
2026-05-14 16:55:00,16.21052610110973
2026-05-14 16:56:00,16.21052610110973
2026-05-14 16:57:00,16.21052610110973
2026-05-14 16:58:00,16.21052610110973
2026-05-14 16:59:00,16.21052610110973
2026-05-14 17:00:00,16.21052610110973
2026-05-14 17:01:00,16.21052610110973
2026-05-14 17:02:00,16.21052610110973
2026-05-14 17:03:00,16.21052610110973
2026-05-14 17:04:00,16.21052610110973
2026-05-14 17:05:00,16.21052610110973
2026-05-14 17:06:00,16.21052610110973
2026-05-14 17:07:00,16.21052610110973
2026-05-14 17:08:00,16.21052610110973
2026-05-14 17:09:00,16.21052610110973
2026-05-14 17:10:00,16.21052610110973
2026-05-14 17:11:00,16.21052610110973
2026-05-14 17:12:00,16.21052610110973
2026-05-14 17:13:00,16.21052610110973
2026-05-14 17:14:00,16.21052610110973
2026-05-14 17:15:00,16.21052610110973
2026-05-14 17:16:00,16.21052610110973
2026-05-14 17:17:00,16.21052610110973
2026-05-14 17:18:00,16.21052610110973
2026-05-14 17:19:00,16.21052610110973
2026-05-14 17:20:00,16.21052610110973
2026-05-14 17:21:00,16.21052610110973
2026-05-14 17:22:00,16.21052610110973
2026-05-14 17:23:00,16.21052610110973
2026-05-14 17:24:00,16.21052610110973
2026-05-14 17:25:00,16.21052610110973
2026-05-14 17:26:00,16.21052610110973
2026-05-14 17:27:00,16.21052610110973
2026-05-14 17:28:00,16.21052610110973
2026-05-14 17:29:00,16.21052610110973
2026-05-14 17:30:00,16.21052610110973
2026-05-14 17:31:00,16.21052610110973
2026-05-14 17:32:00,16.21052610110973
2026-05-14 17:33:00,16.21052610110973
2026-05-14 17:34:00,16.21052610110973
2026-05-14 17:35:00,16.21052610110973
2026-05-14 17:36:00,16.21052610110973
2026-05-14 17:37:00,16.21052610110973
2026-05-14 17:38:00,16.21052610110973
2026-05-14 17:39:00,16.21052610110973
2026-05-14 17:40:00,16.21052610110973
2026-05-14 17:41:00,16.21052610110973
2026-05-14 17:42:00,16.21052610110973
2026-05-14 17:43:00,16.21052610110973
2026-05-14 17:44:00,16.21052610110973
2026-05-14 17:45:00,16.21052610110973
2026-05-14 17:46:00,16.21052610110973
2026-05-14 17:47:00,16.21052610110973
2026-05-14 17:48:00,16.21052610110973
2026-05-14 17:49:00,16.21052610110973
2026-05-14 17:50:00,16.21052610110973
2026-05-14 17:51:00,16.21052610110973
2026-05-14 17:52:00,16.21052610110973
2026-05-14 17:53:00,16.21052610110973
2026-05-14 17:54:00,16.21052610110973
2026-05-14 17:55:00,16.21052610110973
2026-05-14 17:56:00,16.21052610110973
2026-05-14 17:57:00,16.21052610110973
2026-05-14 17:58:00,16.21052610110973
2026-05-14 17:59:00,16.21052610110973
2026-05-14 18:00:00,16.21052610110973
2026-05-14 18:01:00,16.21052610110973
2026-05-14 18:02:00,16.21052610110973
2026-05-14 18:03:00,16.21052610110973
2026-05-14 18:04:00,16.21052610110973
2026-05-14 18:05:00,16.21052610110973
2026-05-14 18:06:00,16.21052610110973
2026-05-14 18:07:00,16.21052610110973
2026-05-14 18:08:00,16.21052610110973
2026-05-14 18:09:00,16.21052610110973
2026-05-14 18:10:00,16.21052610110973
2026-05-14 18:11:00,16.21052610110973
2026-05-14 18:12:00,16.21052610110973
2026-05-14 18:13:00,16.21052610110973
2026-05-14 18:14:00,16.21052610110973
2026-05-14 18:15:00,16.21052610110973
2026-05-14 18:16:00,16.21052610110973
2026-05-14 18:17:00,16.21052610110973
2026-05-14 18:18:00,16.21052610110973
2026-05-14 18:19:00,16.21052610110973
2026-05-14 18:20:00,16.21052610110973
2026-05-14 18:21:00,16.21052610110973
2026-05-14 18:22:00,16.21052610110973
2026-05-14 18:23:00,16.21052610110973
2026-05-14 18:24:00,16.21052610110973
2026-05-14 18:25:00,16.21052610110973
2026-05-14 18:26:00,16.21052610110973
2026-05-14 18:27:00,16.21052610110973
2026-05-14 18:28:00,16.21052610110973
2026-05-14 18:29:00,16.21052610110973
2026-05-14 18:30:00,16.21052610110973
2026-05-14 18:31:00,16.21052610110973
2026-05-14 18:32:00,16.21052610110973
2026-05-14 18:33:00,16.21052610110973
2026-05-14 18:34:00,16.21052610110973
2026-05-14 18:35:00,16.21052610110973
2026-05-14 18:36:00,16.21052610110973
2026-05-14 18:37:00,16.21052610110973
2026-05-14 18:38:00,16.21052610110973
2026-05-14 18:39:00,16.21052610110973
2026-05-14 18:40:00,16.21052610110973
2026-05-14 18:41:00,16.21052610110973
2026-05-14 18:42:00,16.21052610110973
2026-05-14 18:43:00,16.21052610110973
2026-05-14 18:44:00,16.21052610110973
2026-05-14 18:45:00,16.21052610110973
2026-05-14 18:46:00,16.21052610110973
2026-05-14 18:47:00,16.21052610110973
2026-05-14 18:48:00,16.21052610110973
2026-05-14 18:49:00,16.21052610110973
2026-05-14 18:50:00,16.21052610110973
2026-05-14 18:51:00,16.21052610110973
2026-05-14 18:52:00,16.21052610110973
2026-05-14 18:53:00,16.21052610110973
2026-05-14 18:54:00,16.21052610110973
2026-05-14 18:55:00,16.21052610110973
2026-05-14 18:56:00,16.21052610110973
2026-05-14 18:57:00,16.21052610110973
2026-05-14 18:58:00,16.21052610110973
2026-05-14 18:59:00,16.21052610110973
2026-05-14 19:00:00,16.21052610110973
2026-05-14 19:01:00,16.21052610110973
2026-05-14 19:02:00,16.21052610110973
2026-05-14 19:03:00,16.21052610110973
2026-05-14 19:04:00,16.21052610110973
2026-05-14 19:05:00,16.21052610110973
2026-05-14 19:06:00,16.21052610110973
2026-05-14 19:07:00,16.21052610110973
2026-05-14 19:08:00,16.21052610110973
2026-05-14 19:09:00,16.21052610110973
2026-05-14 19:10:00,16.21052610110973
2026-05-14 19:11:00,16.21052610110973
2026-05-14 19:12:00,16.21052610110973
2026-05-14 19:13:00,16.21052610110973
2026-05-14 19:14:00,16.21052610110973
2026-05-14 19:15:00,16.21052610110973
2026-05-14 19:16:00,16.21052610110973
2026-05-14 19:17:00,16.21052610110973
2026-05-14 19:18:00,16.21052610110973
2026-05-14 19:19:00,16.21052610110973
2026-05-14 19:20:00,16.21052610110973
2026-05-14 19:21:00,16.21052610110973
2026-05-14 19:22:00,16.21052610110973
2026-05-14 19:23:00,16.21052610110973
2026-05-14 19:24:00,16.21052610110973
2026-05-14 19:25:00,16.21052610110973
2026-05-14 19:26:00,16.21052610110973
2026-05-14 19:27:00,16.21052610110973
2026-05-14 19:28:00,16.21052610110973
2026-05-14 19:29:00,16.21052610110973
2026-05-14 19:30:00,16.21052610110973
2026-05-14 19:31:00,16.21052610110973
2026-05-14 19:32:00,16.21052610110973
2026-05-14 19:33:00,16.21052610110973
2026-05-14 19:34:00,16.21052610110973
2026-05-14 19:35:00,16.21052610110973
2026-05-14 19:36:00,16.21052610110973
2026-05-14 19:37:00,16.21052610110973
2026-05-14 19:38:00,16.21052610110973
2026-05-14 19:39:00,16.21052610110973
2026-05-14 19:40:00,16.21052610110973
2026-05-14 19:41:00,16.21052610110973
2026-05-14 19:42:00,16.21052610110973
2026-05-14 19:43:00,16.21052610110973
2026-05-14 19:44:00,16.21052610110973
2026-05-14 19:45:00,16.21052610110973
2026-05-14 19:46:00,16.21052610110973
2026-05-14 19:47:00,16.21052610110973
2026-05-14 19:48:00,16.21052610110973
2026-05-14 19:49:00,16.21052610110973
2026-05-14 19:50:00,16.21052610110973
2026-05-14 19:51:00,16.21052610110973
2026-05-14 19:52:00,16.21052610110973
2026-05-14 19:53:00,16.21052610110973
2026-05-14 19:54:00,16.21052610110973
2026-05-14 19:55:00,16.21052610110973
2026-05-14 19:56:00,16.21052610110973
2026-05-14 19:57:00,16.21052610110973
2026-05-14 19:58:00,16.21052610110973
2026-05-14 19:59:00,16.21052610110973
2026-05-14 20:00:00,16.21052610110973
2026-05-14 20:01:00,16.21052610110973
2026-05-14 20:02:00,16.21052610110973
2026-05-14 20:03:00,16.21052610110973
2026-05-14 20:04:00,16.21052610110973
2026-05-14 20:05:00,16.21052610110973
2026-05-14 20:06:00,16.21052610110973
2026-05-14 20:07:00,16.21052610110973
2026-05-14 20:08:00,16.21052610110973
2026-05-14 20:09:00,16.21052610110973
2026-05-14 20:10:00,16.21052610110973
2026-05-14 20:11:00,16.21052610110973
2026-05-14 20:12:00,16.21052610110973
2026-05-14 20:13:00,16.21052610110973
2026-05-14 20:14:00,16.21052610110973
2026-05-14 20:15:00,16.21052610110973
2026-05-14 20:16:00,16.21052610110973
2026-05-14 20:17:00,16.21052610110973
2026-05-14 20:18:00,16.21052610110973
2026-05-14 20:19:00,16.21052610110973
2026-05-14 20:20:00,16.21052610110973
2026-05-14 20:21:00,16.21052610110973
2026-05-14 20:22:00,16.21052610110973
2026-05-14 20:23:00,16.21052610110973
2026-05-14 20:24:00,16.21052610110973
2026-05-14 20:25:00,16.21052610110973
2026-05-14 20:26:00,16.21052610110973
2026-05-14 20:27:00,16.21052610110973
2026-05-14 20:28:00,16.21052610110973
2026-05-14 20:29:00,16.21052610110973
2026-05-14 20:30:00,16.21052610110973
2026-05-14 20:31:00,16.21052610110973
2026-05-14 20:32:00,16.21052610110973
2026-05-14 20:33:00,16.21052610110973
2026-05-14 20:34:00,16.21052610110973
2026-05-14 20:35:00,16.21052610110973
2026-05-14 20:36:00,16.21052610110973
2026-05-14 20:37:00,16.21052610110973
2026-05-14 20:38:00,16.21052610110973
2026-05-14 20:39:00,16.21052610110973
2026-05-14 20:40:00,16.21052610110973
2026-05-14 20:41:00,16.21052610110973
2026-05-14 20:42:00,16.21052610110973
2026-05-14 20:43:00,16.21052610110973
2026-05-14 20:44:00,16.21052610110973
2026-05-14 20:45:00,16.21052610110973
2026-05-14 20:46:00,16.21052610110973
2026-05-14 20:47:00,16.21052610110973
2026-05-14 20:48:00,16.21052610110973
2026-05-14 20:49:00,16.21052610110973
2026-05-14 20:50:00,16.21052610110973
2026-05-14 20:51:00,16.21052610110973
2026-05-14 20:52:00,16.21052610110973
2026-05-14 20:53:00,16.21052610110973
2026-05-14 20:54:00,16.21052610110973
2026-05-14 20:55:00,16.21052610110973
2026-05-14 20:56:00,16.21052610110973
2026-05-14 20:57:00,16.21052610110973
2026-05-14 20:58:00,16.21052610110973
2026-05-14 20:59:00,16.21052610110973
2026-05-14 21:00:00,16.21052610110973
2026-05-14 21:01:00,16.21052610110973
2026-05-14 21:02:00,16.21052610110973
2026-05-14 21:03:00,16.21052610110973
2026-05-14 21:04:00,16.21052610110973
2026-05-14 21:05:00,16.21052610110973
2026-05-14 21:06:00,16.21052610110973
2026-05-14 21:07:00,16.21052610110973
2026-05-14 21:08:00,16.21052610110973
2026-05-14 21:09:00,16.21052610110973
2026-05-14 21:10:00,16.21052610110973
2026-05-14 21:11:00,16.21052610110973
2026-05-14 21:12:00,16.21052610110973
2026-05-14 21:13:00,16.21052610110973
2026-05-14 21:14:00,16.21052610110973
2026-05-14 21:15:00,16.21052610110973
2026-05-14 21:16:00,16.21052610110973
2026-05-14 21:17:00,16.21052610110973
2026-05-14 21:18:00,16.21052610110973
2026-05-14 21:19:00,16.21052610110973
2026-05-14 21:20:00,16.21052610110973
2026-05-14 21:21:00,16.21052610110973
2026-05-14 21:22:00,16.21052610110973
2026-05-14 21:23:00,16.21052610110973
2026-05-14 21:24:00,16.21052610110973
2026-05-14 21:25:00,16.21052610110973
2026-05-14 21:26:00,16.21052610110973
2026-05-14 21:27:00,16.21052610110973
2026-05-14 21:28:00,16.21052610110973
2026-05-14 21:29:00,16.21052610110973
2026-05-14 21:30:00,16.21052610110973
2026-05-14 21:31:00,16.21052610110973
2026-05-14 21:32:00,16.21052610110973
2026-05-14 21:33:00,16.21052610110973
2026-05-14 21:34:00,16.21052610110973
2026-05-14 21:35:00,16.21052610110973
2026-05-14 21:36:00,16.21052610110973
2026-05-14 21:37:00,16.21052610110973
2026-05-14 21:38:00,16.21052610110973
2026-05-14 21:39:00,16.21052610110973
2026-05-14 21:40:00,16.21052610110973
2026-05-14 21:41:00,16.21052610110973
2026-05-14 21:42:00,16.21052610110973
2026-05-14 21:43:00,16.21052610110973
2026-05-14 21:44:00,16.21052610110973
2026-05-14 21:45:00,16.21052610110973
2026-05-14 21:46:00,16.21052610110973
2026-05-14 21:47:00,16.21052610110973
2026-05-14 21:48:00,16.21052610110973
2026-05-14 21:49:00,16.21052610110973
2026-05-14 21:50:00,16.21052610110973
2026-05-14 21:51:00,16.21052610110973
2026-05-14 21:52:00,16.21052610110973
2026-05-14 21:53:00,16.21052610110973
2026-05-14 21:54:00,16.21052610110973
2026-05-14 21:55:00,16.21052610110973
2026-05-14 21:56:00,16.21052610110973
2026-05-14 21:57:00,16.21052610110973
2026-05-14 21:58:00,16.21052610110973
2026-05-14 21:59:00,16.21052610110973
2026-05-14 22:00:00,16.21052610110973
2026-05-14 22:01:00,16.21052610110973
2026-05-14 22:02:00,16.21052610110973
2026-05-14 22:03:00,16.21052610110973
2026-05-14 22:04:00,16.21052610110973
2026-05-14 22:05:00,16.21052610110973
2026-05-14 22:06:00,16.21052610110973
2026-05-14 22:07:00,16.21052610110973
2026-05-14 22:08:00,16.21052610110973
2026-05-14 22:09:00,16.21052610110973
2026-05-14 22:10:00,16.21052610110973
2026-05-14 22:11:00,16.21052610110973
2026-05-14 22:12:00,16.21052610110973
2026-05-14 22:13:00,16.21052610110973
2026-05-14 22:14:00,16.21052610110973
2026-05-14 22:15:00,16.21052610110973
2026-05-14 22:16:00,16.21052610110973
2026-05-14 22:17:00,16.21052610110973
2026-05-14 22:18:00,16.21052610110973
2026-05-14 22:19:00,16.21052610110973
2026-05-14 22:20:00,16.21052610110973
2026-05-14 22:21:00,16.21052610110973
2026-05-14 22:22:00,16.21052610110973
2026-05-14 22:23:00,16.21052610110973
2026-05-14 22:24:00,16.21052610110973
2026-05-14 22:25:00,16.21052610110973
2026-05-14 22:26:00,16.21052610110973
2026-05-14 22:27:00,16.21052610110973
2026-05-14 22:28:00,16.21052610110973
2026-05-14 22:29:00,16.21052610110973
2026-05-14 22:30:00,16.21052610110973
2026-05-14 22:31:00,16.21052610110973
2026-05-14 22:32:00,16.21052610110973
2026-05-14 22:33:00,16.21052610110973
2026-05-14 22:34:00,16.21052610110973
2026-05-14 22:35:00,16.21052610110973
2026-05-14 22:36:00,16.21052610110973
2026-05-14 22:37:00,16.21052610110973
2026-05-14 22:38:00,16.21052610110973
2026-05-14 22:39:00,16.21052610110973
2026-05-14 22:40:00,16.21052610110973
2026-05-14 22:41:00,16.21052610110973
2026-05-14 22:42:00,16.21052610110973
2026-05-14 22:43:00,16.21052610110973
2026-05-14 22:44:00,16.21052610110973
2026-05-14 22:45:00,16.21052610110973
2026-05-14 22:46:00,16.21052610110973
2026-05-14 22:47:00,16.21052610110973
2026-05-14 22:48:00,16.21052610110973
2026-05-14 22:49:00,16.21052610110973
2026-05-14 22:50:00,16.21052610110973
2026-05-14 22:51:00,16.21052610110973
2026-05-14 22:52:00,16.21052610110973
2026-05-14 22:53:00,16.21052610110973
2026-05-14 22:54:00,16.21052610110973
2026-05-14 22:55:00,16.21052610110973
2026-05-14 22:56:00,16.21052610110973
2026-05-14 22:57:00,16.21052610110973
2026-05-14 22:58:00,16.21052610110973
2026-05-14 22:59:00,16.21052610110973
2026-05-14 23:00:00,16.21052610110973
2026-05-14 23:01:00,16.21052610110973
2026-05-14 23:02:00,16.21052610110973
2026-05-14 23:03:00,16.21052610110973
2026-05-14 23:04:00,16.21052610110973
2026-05-14 23:05:00,16.21052610110973
2026-05-14 23:06:00,16.21052610110973
2026-05-14 23:07:00,16.21052610110973
2026-05-14 23:08:00,16.21052610110973
2026-05-14 23:09:00,16.21052610110973
2026-05-14 23:10:00,16.21052610110973
2026-05-14 23:11:00,16.21052610110973
2026-05-14 23:12:00,16.21052610110973
2026-05-14 23:13:00,16.21052610110973
2026-05-14 23:14:00,16.21052610110973
2026-05-14 23:15:00,16.21052610110973
2026-05-14 23:16:00,16.21052610110973
2026-05-14 23:17:00,16.21052610110973
2026-05-14 23:18:00,16.21052610110973
2026-05-14 23:19:00,16.21052610110973
2026-05-14 23:20:00,16.21052610110973
2026-05-14 23:21:00,16.21052610110973
2026-05-14 23:22:00,16.21052610110973
2026-05-14 23:23:00,16.21052610110973
2026-05-14 23:24:00,16.21052610110973
2026-05-14 23:25:00,16.21052610110973
2026-05-14 23:26:00,16.21052610110973
2026-05-14 23:27:00,16.21052610110973
2026-05-14 23:28:00,16.21052610110973
2026-05-14 23:29:00,16.21052610110973
2026-05-14 23:30:00,16.21052610110973
2026-05-14 23:31:00,16.21052610110973
2026-05-14 23:32:00,16.21052610110973
2026-05-14 23:33:00,16.21052610110973
2026-05-14 23:34:00,16.21052610110973
2026-05-14 23:35:00,16.21052610110973
2026-05-14 23:36:00,16.21052610110973
2026-05-14 23:37:00,16.21052610110973
2026-05-14 23:38:00,16.21052610110973
2026-05-14 23:39:00,16.21052610110973
2026-05-14 23:40:00,16.21052610110973
2026-05-14 23:41:00,16.21052610110973
2026-05-14 23:42:00,16.21052610110973
2026-05-14 23:43:00,16.21052610110973
2026-05-14 23:44:00,16.21052610110973
2026-05-14 23:45:00,16.21052610110973
2026-05-14 23:46:00,16.21052610110973
2026-05-14 23:47:00,16.21052610110973
2026-05-14 23:48:00,16.21052610110973
2026-05-14 23:49:00,16.21052610110973
2026-05-14 23:50:00,16.21052610110973
2026-05-14 23:51:00,16.21052610110973
2026-05-14 23:52:00,16.21052610110973
2026-05-14 23:53:00,16.21052610110973
2026-05-14 23:54:00,16.21052610110973
2026-05-14 23:55:00,16.21052610110973
2026-05-14 23:56:00,16.21052610110973
2026-05-14 23:57:00,16.21052610110973
2026-05-14 23:58:00,16.21052610110973
2026-05-14 23:59:00,16.21052610110973
2026-05-15 00:00:00,16.21052610110973
2026-05-15 00:01:00,16.21052610110973
2026-05-15 00:02:00,16.21052610110973
2026-05-15 00:03:00,16.21052610110973
2026-05-15 00:04:00,16.21052610110973
2026-05-15 00:05:00,16.21052610110973
2026-05-15 00:06:00,16.21052610110973
2026-05-15 00:07:00,16.21052610110973
2026-05-15 00:08:00,16.21052610110973
2026-05-15 00:09:00,16.21052610110973
2026-05-15 00:10:00,16.21052610110973
2026-05-15 00:11:00,16.21052610110973
2026-05-15 00:12:00,16.21052610110973
2026-05-15 00:13:00,16.21052610110973
2026-05-15 00:14:00,16.21052610110973
2026-05-15 00:15:00,16.21052610110973
2026-05-15 00:16:00,16.21052610110973
2026-05-15 00:17:00,16.21052610110973
2026-05-15 00:18:00,16.21052610110973
2026-05-15 00:19:00,16.21052610110973
2026-05-15 00:20:00,16.21052610110973
2026-05-15 00:21:00,16.21052610110973
2026-05-15 00:22:00,16.21052610110973
2026-05-15 00:23:00,16.21052610110973
2026-05-15 00:24:00,16.21052610110973
2026-05-15 00:25:00,16.21052610110973
2026-05-15 00:26:00,16.21052610110973
2026-05-15 00:27:00,16.21052610110973
2026-05-15 00:28:00,16.21052610110973
2026-05-15 00:29:00,16.21052610110973
2026-05-15 00:30:00,16.21052610110973
2026-05-15 00:31:00,16.21052610110973
2026-05-15 00:32:00,16.21052610110973
2026-05-15 00:33:00,16.21052610110973
2026-05-15 00:34:00,16.21052610110973
2026-05-15 00:35:00,16.21052610110973
2026-05-15 00:36:00,16.21052610110973
2026-05-15 00:37:00,16.21052610110973
2026-05-15 00:38:00,16.21052610110973
2026-05-15 00:39:00,16.21052610110973
2026-05-15 00:40:00,16.21052610110973
2026-05-15 00:41:00,16.21052610110973
2026-05-15 00:42:00,16.21052610110973
2026-05-15 00:43:00,16.21052610110973
2026-05-15 00:44:00,16.21052610110973
2026-05-15 00:45:00,16.21052610110973
2026-05-15 00:46:00,16.21052610110973
2026-05-15 00:47:00,16.21052610110973
2026-05-15 00:48:00,16.21052610110973
2026-05-15 00:49:00,16.21052610110973
2026-05-15 00:50:00,16.21052610110973
2026-05-15 00:51:00,16.21052610110973
2026-05-15 00:52:00,16.21052610110973
2026-05-15 00:53:00,16.21052610110973
2026-05-15 00:54:00,16.21052610110973
2026-05-15 00:55:00,16.21052610110973
2026-05-15 00:56:00,16.21052610110973
2026-05-15 00:57:00,16.21052610110973
2026-05-15 00:58:00,16.21052610110973
2026-05-15 00:59:00,16.21052610110973
2026-05-15 01:00:00,16.21052610110973
2026-05-15 01:01:00,16.21052610110973
2026-05-15 01:02:00,16.21052610110973
2026-05-15 01:03:00,16.21052610110973
2026-05-15 01:04:00,16.21052610110973
2026-05-15 01:05:00,16.21052610110973
2026-05-15 01:06:00,16.21052610110973
2026-05-15 01:07:00,16.21052610110973
2026-05-15 01:08:00,16.21052610110973
2026-05-15 01:09:00,16.21052610110973
2026-05-15 01:10:00,16.21052610110973
2026-05-15 01:11:00,16.21052610110973
2026-05-15 01:12:00,16.21052610110973
2026-05-15 01:13:00,16.21052610110973
2026-05-15 01:14:00,16.21052610110973
2026-05-15 01:15:00,16.21052610110973
2026-05-15 01:16:00,16.21052610110973
2026-05-15 01:17:00,16.21052610110973
2026-05-15 01:18:00,16.21052610110973
2026-05-15 01:19:00,16.21052610110973
2026-05-15 01:20:00,16.21052610110973
2026-05-15 01:21:00,16.21052610110973
2026-05-15 01:22:00,16.21052610110973
2026-05-15 01:23:00,16.21052610110973
2026-05-15 01:24:00,16.21052610110973
2026-05-15 01:25:00,16.21052610110973
2026-05-15 01:26:00,16.21052610110973
2026-05-15 01:27:00,16.21052610110973
2026-05-15 01:28:00,16.21052610110973
2026-05-15 01:29:00,16.21052610110973
2026-05-15 01:30:00,16.21052610110973
2026-05-15 01:31:00,16.21052610110973
2026-05-15 01:32:00,16.21052610110973
2026-05-15 01:33:00,16.21052610110973
2026-05-15 01:34:00,16.21052610110973
2026-05-15 01:35:00,16.21052610110973
2026-05-15 01:36:00,16.21052610110973
2026-05-15 01:37:00,16.21052610110973
2026-05-15 01:38:00,16.21052610110973
2026-05-15 01:39:00,16.21052610110973
2026-05-15 01:40:00,16.21052610110973
2026-05-15 01:41:00,16.21052610110973
2026-05-15 01:42:00,16.21052610110973
2026-05-15 01:43:00,16.21052610110973
2026-05-15 01:44:00,16.21052610110973
2026-05-15 01:45:00,16.21052610110973
2026-05-15 01:46:00,16.21052610110973
2026-05-15 01:47:00,16.21052610110973
2026-05-15 01:48:00,16.21052610110973
2026-05-15 01:49:00,16.21052610110973
2026-05-15 01:50:00,16.21052610110973
2026-05-15 01:51:00,16.21052610110973
2026-05-15 01:52:00,16.21052610110973
2026-05-15 01:53:00,16.21052610110973
2026-05-15 01:54:00,16.21052610110973
2026-05-15 01:55:00,16.21052610110973
2026-05-15 01:56:00,16.21052610110973
2026-05-15 01:57:00,16.21052610110973
2026-05-15 01:58:00,16.21052610110973
2026-05-15 01:59:00,16.21052610110973
2026-05-15 02:00:00,16.21052610110973
2026-05-15 02:01:00,16.21052610110973
2026-05-15 02:02:00,16.21052610110973
2026-05-15 02:03:00,16.21052610110973
2026-05-15 02:04:00,16.21052610110973
2026-05-15 02:05:00,16.21052610110973
2026-05-15 02:06:00,16.21052610110973
2026-05-15 02:07:00,16.21052610110973
2026-05-15 02:08:00,16.21052610110973
2026-05-15 02:09:00,16.21052610110973
2026-05-15 02:10:00,16.21052610110973
2026-05-15 02:11:00,16.21052610110973
2026-05-15 02:12:00,16.21052610110973
2026-05-15 02:13:00,16.21052610110973
2026-05-15 02:14:00,16.21052610110973
2026-05-15 02:15:00,16.21052610110973
2026-05-15 02:16:00,16.21052610110973
2026-05-15 02:17:00,16.21052610110973
2026-05-15 02:18:00,16.21052610110973
2026-05-15 02:19:00,16.21052610110973
2026-05-15 02:20:00,16.21052610110973
2026-05-15 02:21:00,16.21052610110973
2026-05-15 02:22:00,16.21052610110973
2026-05-15 02:23:00,16.21052610110973
2026-05-15 02:24:00,16.21052610110973
2026-05-15 02:25:00,16.21052610110973
2026-05-15 02:26:00,16.21052610110973
2026-05-15 02:27:00,16.21052610110973
2026-05-15 02:28:00,16.21052610110973
2026-05-15 02:29:00,16.21052610110973
2026-05-15 02:30:00,16.21052610110973
2026-05-15 02:31:00,16.21052610110973
2026-05-15 02:32:00,16.21052610110973
2026-05-15 02:33:00,16.21052610110973
2026-05-15 02:34:00,16.21052610110973
2026-05-15 02:35:00,16.21052610110973
2026-05-15 02:36:00,16.21052610110973
2026-05-15 02:37:00,16.21052610110973
2026-05-15 02:38:00,16.21052610110973
2026-05-15 02:39:00,16.21052610110973
2026-05-15 02:40:00,16.21052610110973
2026-05-15 02:41:00,16.21052610110973
2026-05-15 02:42:00,16.21052610110973
2026-05-15 02:43:00,16.21052610110973
2026-05-15 02:44:00,16.21052610110973
2026-05-15 02:45:00,16.21052610110973
2026-05-15 02:46:00,16.21052610110973
2026-05-15 02:47:00,16.21052610110973
2026-05-15 02:48:00,16.21052610110973
2026-05-15 02:49:00,16.21052610110973
2026-05-15 02:50:00,16.21052610110973
2026-05-15 02:51:00,16.21052610110973
2026-05-15 02:52:00,16.21052610110973
2026-05-15 02:53:00,16.21052610110973
2026-05-15 02:54:00,16.21052610110973
2026-05-15 02:55:00,16.21052610110973
2026-05-15 02:56:00,16.21052610110973
2026-05-15 02:57:00,16.21052610110973
2026-05-15 02:58:00,16.21052610110973
2026-05-15 02:59:00,16.21052610110973
2026-05-15 03:00:00,16.21052610110973
2026-05-15 03:01:00,16.21052610110973
2026-05-15 03:02:00,16.21052610110973
2026-05-15 03:03:00,16.21052610110973
2026-05-15 03:04:00,16.21052610110973
2026-05-15 03:05:00,16.21052610110973
2026-05-15 03:06:00,16.21052610110973
2026-05-15 03:07:00,16.21052610110973
2026-05-15 03:08:00,16.21052610110973
2026-05-15 03:09:00,16.21052610110973
2026-05-15 03:10:00,16.21052610110973
2026-05-15 03:11:00,16.21052610110973
2026-05-15 03:12:00,16.21052610110973
2026-05-15 03:13:00,16.21052610110973
2026-05-15 03:14:00,16.21052610110973
2026-05-15 03:15:00,16.21052610110973
2026-05-15 03:16:00,16.21052610110973
2026-05-15 03:17:00,16.21052610110973
2026-05-15 03:18:00,16.21052610110973
2026-05-15 03:19:00,16.21052610110973
2026-05-15 03:20:00,16.21052610110973
2026-05-15 03:21:00,16.21052610110973
2026-05-15 03:22:00,16.21052610110973
2026-05-15 03:23:00,16.21052610110973
2026-05-15 03:24:00,16.21052610110973
2026-05-15 03:25:00,16.21052610110973
2026-05-15 03:26:00,16.21052610110973
2026-05-15 03:27:00,16.21052610110973
2026-05-15 03:28:00,16.21052610110973
2026-05-15 03:29:00,16.21052610110973
2026-05-15 03:30:00,16.21052610110973
2026-05-15 03:31:00,16.21052610110973
2026-05-15 03:32:00,16.21052610110973
2026-05-15 03:33:00,16.21052610110973
2026-05-15 03:34:00,16.21052610110973
2026-05-15 03:35:00,16.21052610110973
2026-05-15 03:36:00,16.21052610110973
2026-05-15 03:37:00,16.21052610110973
2026-05-15 03:38:00,16.21052610110973
2026-05-15 03:39:00,16.21052610110973
2026-05-15 03:40:00,16.21052610110973
2026-05-15 03:41:00,16.21052610110973
2026-05-15 03:42:00,16.21052610110973
2026-05-15 03:43:00,16.21052610110973
2026-05-15 03:44:00,16.21052610110973
2026-05-15 03:45:00,16.21052610110973
2026-05-15 03:46:00,16.21052610110973
2026-05-15 03:47:00,16.21052610110973
2026-05-15 03:48:00,16.21052610110973
2026-05-15 03:49:00,16.21052610110973
2026-05-15 03:50:00,16.21052610110973
2026-05-15 03:51:00,16.21052610110973
2026-05-15 03:52:00,16.21052610110973
2026-05-15 03:53:00,16.21052610110973
2026-05-15 03:54:00,16.21052610110973
2026-05-15 03:55:00,16.21052610110973
2026-05-15 03:56:00,16.21052610110973
2026-05-15 03:57:00,16.21052610110973
2026-05-15 03:58:00,16.21052610110973
2026-05-15 03:59:00,16.21052610110973
2026-05-15 04:00:00,16.21052610110973
2026-05-15 04:01:00,16.21052610110973
2026-05-15 04:02:00,16.21052610110973
2026-05-15 04:03:00,16.21052610110973
2026-05-15 04:04:00,16.21052610110973
2026-05-15 04:05:00,16.21052610110973
2026-05-15 04:06:00,16.21052610110973
2026-05-15 04:07:00,16.21052610110973
2026-05-15 04:08:00,16.21052610110973
2026-05-15 04:09:00,16.21052610110973
2026-05-15 04:10:00,16.21052610110973
2026-05-15 04:11:00,16.21052610110973
2026-05-15 04:12:00,16.21052610110973
2026-05-15 04:13:00,16.21052610110973
2026-05-15 04:14:00,16.21052610110973
2026-05-15 04:15:00,16.21052610110973
2026-05-15 04:16:00,16.21052610110973
2026-05-15 04:17:00,16.21052610110973
2026-05-15 04:18:00,16.21052610110973
2026-05-15 04:19:00,16.21052610110973
2026-05-15 04:20:00,16.21052610110973
2026-05-15 04:21:00,16.21052610110973
2026-05-15 04:22:00,16.21052610110973
2026-05-15 04:23:00,16.21052610110973
2026-05-15 04:24:00,16.21052610110973
2026-05-15 04:25:00,16.21052610110973
2026-05-15 04:26:00,16.21052610110973
2026-05-15 04:27:00,16.21052610110973
2026-05-15 04:28:00,16.21052610110973
2026-05-15 04:29:00,16.21052610110973
2026-05-15 04:30:00,16.21052610110973
2026-05-15 04:31:00,16.21052610110973
2026-05-15 04:32:00,16.21052610110973
2026-05-15 04:33:00,16.21052610110973
2026-05-15 04:34:00,16.21052610110973
2026-05-15 04:35:00,16.21052610110973
2026-05-15 04:36:00,16.21052610110973
2026-05-15 04:37:00,16.21052610110973
2026-05-15 04:38:00,16.21052610110973
2026-05-15 04:39:00,16.21052610110973
2026-05-15 04:40:00,16.21052610110973
2026-05-15 04:41:00,16.21052610110973
2026-05-15 04:42:00,16.21052610110973
2026-05-15 04:43:00,16.21052610110973
2026-05-15 04:44:00,16.21052610110973
2026-05-15 04:45:00,16.21052610110973
2026-05-15 04:46:00,16.21052610110973
2026-05-15 04:47:00,16.21052610110973
2026-05-15 04:48:00,16.21052610110973
2026-05-15 04:49:00,16.21052610110973
2026-05-15 04:50:00,16.21052610110973
2026-05-15 04:51:00,16.21052610110973
2026-05-15 04:52:00,16.21052610110973
2026-05-15 04:53:00,16.21052610110973
2026-05-15 04:54:00,16.21052610110973
2026-05-15 04:55:00,16.21052610110973
2026-05-15 04:56:00,16.21052610110973
2026-05-15 04:57:00,16.21052610110973
2026-05-15 04:58:00,16.21052610110973
2026-05-15 04:59:00,16.21052610110973
2026-05-15 05:00:00,16.21052610110973
2026-05-15 05:01:00,16.21052610110973
2026-05-15 05:02:00,16.21052610110973
2026-05-15 05:03:00,16.21052610110973
2026-05-15 05:04:00,16.21052610110973
2026-05-15 05:05:00,16.21052610110973
2026-05-15 05:06:00,16.21052610110973
2026-05-15 05:07:00,16.21052610110973
2026-05-15 05:08:00,16.21052610110973
2026-05-15 05:09:00,16.21052610110973
2026-05-15 05:10:00,16.21052610110973
2026-05-15 05:11:00,16.21052610110973
2026-05-15 05:12:00,16.21052610110973
2026-05-15 05:13:00,16.21052610110973
2026-05-15 05:14:00,16.21052610110973
2026-05-15 05:15:00,16.21052610110973
2026-05-15 05:16:00,16.21052610110973
2026-05-15 05:17:00,16.21052610110973
2026-05-15 05:18:00,16.21052610110973
2026-05-15 05:19:00,16.21052610110973
2026-05-15 05:20:00,16.21052610110973
2026-05-15 05:21:00,16.21052610110973
2026-05-15 05:22:00,16.21052610110973
2026-05-15 05:23:00,16.21052610110973
2026-05-15 05:24:00,16.21052610110973
2026-05-15 05:25:00,16.21052610110973
2026-05-15 05:26:00,16.21052610110973
2026-05-15 05:27:00,16.21052610110973
2026-05-15 05:28:00,16.21052610110973
2026-05-15 05:29:00,16.21052610110973
2026-05-15 05:30:00,16.21052610110973
2026-05-15 05:31:00,16.21052610110973
2026-05-15 05:32:00,16.21052610110973
2026-05-15 05:33:00,16.21052610110973
2026-05-15 05:34:00,16.21052610110973
2026-05-15 05:35:00,16.21052610110973
2026-05-15 05:36:00,16.21052610110973
2026-05-15 05:37:00,16.21052610110973
2026-05-15 05:38:00,16.21052610110973
2026-05-15 05:39:00,16.21052610110973
2026-05-15 05:40:00,16.21052610110973
2026-05-15 05:41:00,16.21052610110973
2026-05-15 05:42:00,16.21052610110973
2026-05-15 05:43:00,16.21052610110973
2026-05-15 05:44:00,16.21052610110973
2026-05-15 05:45:00,16.21052610110973
2026-05-15 05:46:00,16.21052610110973
2026-05-15 05:47:00,16.21052610110973
2026-05-15 05:48:00,16.21052610110973
2026-05-15 05:49:00,16.21052610110973
2026-05-15 05:50:00,16.21052610110973
2026-05-15 05:51:00,16.21052610110973
2026-05-15 05:52:00,16.21052610110973
2026-05-15 05:53:00,16.21052610110973
2026-05-15 05:54:00,16.21052610110973
2026-05-15 05:55:00,16.21052610110973
2026-05-15 05:56:00,16.21052610110973
2026-05-15 05:57:00,16.21052610110973
2026-05-15 05:58:00,16.21052610110973
2026-05-15 05:59:00,16.21052610110973
2026-05-15 06:00:00,16.21052610110973
2026-05-15 06:01:00,16.21052610110973
2026-05-15 06:02:00,16.21052610110973
2026-05-15 06:03:00,16.21052610110973
2026-05-15 06:04:00,16.21052610110973
2026-05-15 06:05:00,16.21052610110973
2026-05-15 06:06:00,16.21052610110973
2026-05-15 06:07:00,16.21052610110973
2026-05-15 06:08:00,16.21052610110973
2026-05-15 06:09:00,16.21052610110973
2026-05-15 06:10:00,16.21052610110973
2026-05-15 06:11:00,16.21052610110973
2026-05-15 06:12:00,16.21052610110973
2026-05-15 06:13:00,16.21052610110973
2026-05-15 06:14:00,16.21052610110973
2026-05-15 06:15:00,16.21052610110973
2026-05-15 06:16:00,16.21052610110973
2026-05-15 06:17:00,16.21052610110973
2026-05-15 06:18:00,16.21052610110973
2026-05-15 06:19:00,16.21052610110973
2026-05-15 06:20:00,16.21052610110973
2026-05-15 06:21:00,16.21052610110973
2026-05-15 06:22:00,16.21052610110973
2026-05-15 06:23:00,16.21052610110973
2026-05-15 06:24:00,16.21052610110973
2026-05-15 06:25:00,16.21052610110973
2026-05-15 06:26:00,16.21052610110973
2026-05-15 06:27:00,16.21052610110973
2026-05-15 06:28:00,16.21052610110973
2026-05-15 06:29:00,16.21052610110973
2026-05-15 06:30:00,16.21052610110973
2026-05-15 06:31:00,16.21052610110973
2026-05-15 06:32:00,16.21052610110973
2026-05-15 06:33:00,16.21052610110973
2026-05-15 06:34:00,16.21052610110973
2026-05-15 06:35:00,16.21052610110973
2026-05-15 06:36:00,16.21052610110973
2026-05-15 06:37:00,16.21052610110973
2026-05-15 06:38:00,16.21052610110973
2026-05-15 06:39:00,16.21052610110973
2026-05-15 06:40:00,16.21052610110973
2026-05-15 06:41:00,16.21052610110973
2026-05-15 06:42:00,16.21052610110973
2026-05-15 06:43:00,16.21052610110973
2026-05-15 06:44:00,16.21052610110973
2026-05-15 06:45:00,16.21052610110973
2026-05-15 06:46:00,16.21052610110973
2026-05-15 06:47:00,16.21052610110973
2026-05-15 06:48:00,16.21052610110973
2026-05-15 06:49:00,16.21052610110973
2026-05-15 06:50:00,16.21052610110973
2026-05-15 06:51:00,16.21052610110973
2026-05-15 06:52:00,16.21052610110973
2026-05-15 06:53:00,16.21052610110973
2026-05-15 06:54:00,16.21052610110973
2026-05-15 06:55:00,16.21052610110973
2026-05-15 06:56:00,16.21052610110973
2026-05-15 06:57:00,16.21052610110973
2026-05-15 06:58:00,16.21052610110973
2026-05-15 06:59:00,16.21052610110973
2026-05-15 07:00:00,16.21052610110973
2026-05-15 07:01:00,16.21052610110973
2026-05-15 07:02:00,16.21052610110973
2026-05-15 07:03:00,16.21052610110973
2026-05-15 07:04:00,16.21052610110973
2026-05-15 07:05:00,16.21052610110973
2026-05-15 07:06:00,16.21052610110973
2026-05-15 07:07:00,16.21052610110973
2026-05-15 07:08:00,16.21052610110973
2026-05-15 07:09:00,16.21052610110973
2026-05-15 07:10:00,16.21052610110973
2026-05-15 07:11:00,16.21052610110973
2026-05-15 07:12:00,16.21052610110973
2026-05-15 07:13:00,16.21052610110973
2026-05-15 07:14:00,16.21052610110973
2026-05-15 07:15:00,16.21052610110973
2026-05-15 07:16:00,16.21052610110973
2026-05-15 07:17:00,16.21052610110973
2026-05-15 07:18:00,16.21052610110973
2026-05-15 07:19:00,16.21052610110973
2026-05-15 07:20:00,16.21052610110973
2026-05-15 07:21:00,16.21052610110973
2026-05-15 07:22:00,16.21052610110973
2026-05-15 07:23:00,16.21052610110973
2026-05-15 07:24:00,16.21052610110973
2026-05-15 07:25:00,16.21052610110973
2026-05-15 07:26:00,16.21052610110973
2026-05-15 07:27:00,16.21052610110973
2026-05-15 07:28:00,16.21052610110973
2026-05-15 07:29:00,16.21052610110973
2026-05-15 07:30:00,16.21052610110973
2026-05-15 07:31:00,16.21052610110973
2026-05-15 07:32:00,16.21052610110973
2026-05-15 07:33:00,16.21052610110973
2026-05-15 07:34:00,16.21052610110973
2026-05-15 07:35:00,16.21052610110973
2026-05-15 07:36:00,16.21052610110973
2026-05-15 07:37:00,16.21052610110973
2026-05-15 07:38:00,16.21052610110973
2026-05-15 07:39:00,16.21052610110973
2026-05-15 07:40:00,16.21052610110973
2026-05-15 07:41:00,16.21052610110973
2026-05-15 07:42:00,16.21052610110973
2026-05-15 07:43:00,16.21052610110973
2026-05-15 07:44:00,16.21052610110973
2026-05-15 07:45:00,16.21052610110973
2026-05-15 07:46:00,16.21052610110973
2026-05-15 07:47:00,16.21052610110973
2026-05-15 07:48:00,16.21052610110973
2026-05-15 07:49:00,16.21052610110973
2026-05-15 07:50:00,16.21052610110973
2026-05-15 07:51:00,16.21052610110973
2026-05-15 07:52:00,16.21052610110973
2026-05-15 07:53:00,16.21052610110973
2026-05-15 07:54:00,16.21052610110973
2026-05-15 07:55:00,16.21052610110973
2026-05-15 07:56:00,16.21052610110973
2026-05-15 07:57:00,16.21052610110973
2026-05-15 07:58:00,16.21052610110973
2026-05-15 07:59:00,16.21052610110973
2026-05-15 08:00:00,16.21052610110973
2026-05-15 08:01:00,16.21052610110973
2026-05-15 08:02:00,16.21052610110973
2026-05-15 08:03:00,16.21052610110973
2026-05-15 08:04:00,16.21052610110973
2026-05-15 08:05:00,16.21052610110973
2026-05-15 08:06:00,16.21052610110973
2026-05-15 08:07:00,16.21052610110973
2026-05-15 08:08:00,16.21052610110973
2026-05-15 08:09:00,16.21052610110973
2026-05-15 08:10:00,16.21052610110973
2026-05-15 08:11:00,16.21052610110973
2026-05-15 08:12:00,16.21052610110973
2026-05-15 08:13:00,16.21052610110973
2026-05-15 08:14:00,16.21052610110973
2026-05-15 08:15:00,16.21052610110973
2026-05-15 08:16:00,16.21052610110973
2026-05-15 08:17:00,16.21052610110973
2026-05-15 08:18:00,16.21052610110973
2026-05-15 08:19:00,16.21052610110973
2026-05-15 08:20:00,16.21052610110973
2026-05-15 08:21:00,16.21052610110973
2026-05-15 08:22:00,16.21052610110973
2026-05-15 08:23:00,16.21052610110973
2026-05-15 08:24:00,16.21052610110973
2026-05-15 08:25:00,16.21052610110973
2026-05-15 08:26:00,16.21052610110973
2026-05-15 08:27:00,16.21052610110973
2026-05-15 08:28:00,16.21052610110973
2026-05-15 08:29:00,16.21052610110973
2026-05-15 08:30:00,16.21052610110973
2026-05-15 08:31:00,16.21052610110973
2026-05-15 08:32:00,16.21052610110973
2026-05-15 08:33:00,16.21052610110973
2026-05-15 08:34:00,16.21052610110973
2026-05-15 08:35:00,16.21052610110973
2026-05-15 08:36:00,16.21052610110973
2026-05-15 08:37:00,16.21052610110973
2026-05-15 08:38:00,16.21052610110973
2026-05-15 08:39:00,16.21052610110973
2026-05-15 08:40:00,16.21052610110973
2026-05-15 08:41:00,16.21052610110973
2026-05-15 08:42:00,16.21052610110973
2026-05-15 08:43:00,16.21052610110973
2026-05-15 08:44:00,16.21052610110973
2026-05-15 08:45:00,16.21052610110973
2026-05-15 08:46:00,16.21052610110973
2026-05-15 08:47:00,16.21052610110973
2026-05-15 08:48:00,16.21052610110973
2026-05-15 08:49:00,16.21052610110973
2026-05-15 08:50:00,16.21052610110973
2026-05-15 08:51:00,16.21052610110973
2026-05-15 08:52:00,16.21052610110973
2026-05-15 08:53:00,16.21052610110973
2026-05-15 08:54:00,16.21052610110973
2026-05-15 08:55:00,16.21052610110973
2026-05-15 08:56:00,16.21052610110973
2026-05-15 08:57:00,16.21052610110973
2026-05-15 08:58:00,16.21052610110973
2026-05-15 08:59:00,16.21052610110973
2026-05-15 09:00:00,16.21052610110973
2026-05-15 09:01:00,16.21052610110973
2026-05-15 09:02:00,16.21052610110973
2026-05-15 09:03:00,16.21052610110973
2026-05-15 09:04:00,16.21052610110973
2026-05-15 09:05:00,16.21052610110973
2026-05-15 09:06:00,16.21052610110973
2026-05-15 09:07:00,16.21052610110973
2026-05-15 09:08:00,16.21052610110973
2026-05-15 09:09:00,16.21052610110973
2026-05-15 09:10:00,16.21052610110973
2026-05-15 09:11:00,16.21052610110973
2026-05-15 09:12:00,16.21052610110973
2026-05-15 09:13:00,16.21052610110973
2026-05-15 09:14:00,16.21052610110973
2026-05-15 09:15:00,16.21052610110973
2026-05-15 09:16:00,16.21052610110973
2026-05-15 09:17:00,16.21052610110973
2026-05-15 09:18:00,16.21052610110973
2026-05-15 09:19:00,16.21052610110973
2026-05-15 09:20:00,16.21052610110973
2026-05-15 09:21:00,16.21052610110973
2026-05-15 09:22:00,16.21052610110973
2026-05-15 09:23:00,16.21052610110973
2026-05-15 09:24:00,16.21052610110973
2026-05-15 09:25:00,16.21052610110973
2026-05-15 09:26:00,16.21052610110973
2026-05-15 09:27:00,16.21052610110973
2026-05-15 09:28:00,16.21052610110973
2026-05-15 09:29:00,16.21052610110973
2026-05-15 09:30:00,16.21052610110973
2026-05-15 09:31:00,16.21052610110973
2026-05-15 09:32:00,16.21052610110973
2026-05-15 09:33:00,16.21052610110973
2026-05-15 09:34:00,16.21052610110973
2026-05-15 09:35:00,16.21052610110973
2026-05-15 09:36:00,16.21052610110973
2026-05-15 09:37:00,16.21052610110973
2026-05-15 09:38:00,16.21052610110973
2026-05-15 09:39:00,16.21052610110973
2026-05-15 09:40:00,16.21052610110973
2026-05-15 09:41:00,16.21052610110973
2026-05-15 09:42:00,16.21052610110973
2026-05-15 09:43:00,16.21052610110973
2026-05-15 09:44:00,16.21052610110973
2026-05-15 09:45:00,16.21052610110973
2026-05-15 09:46:00,16.21052610110973
2026-05-15 09:47:00,16.21052610110973
2026-05-15 09:48:00,16.21052610110973
2026-05-15 09:49:00,16.21052610110973
2026-05-15 09:50:00,16.21052610110973
2026-05-15 09:51:00,16.21052610110973
2026-05-15 09:52:00,16.21052610110973
2026-05-15 09:53:00,16.21052610110973
2026-05-15 09:54:00,16.21052610110973
2026-05-15 09:55:00,16.21052610110973
2026-05-15 09:56:00,16.21052610110973
2026-05-15 09:57:00,16.21052610110973
2026-05-15 09:58:00,16.21052610110973
2026-05-15 09:59:00,16.21052610110973
2026-05-15 10:00:00,16.21052610110973
2026-05-15 10:01:00,16.21052610110973
2026-05-15 10:02:00,16.21052610110973
2026-05-15 10:03:00,16.21052610110973
2026-05-15 10:04:00,16.21052610110973
2026-05-15 10:05:00,16.21052610110973
2026-05-15 10:06:00,16.21052610110973
2026-05-15 10:07:00,16.21052610110973
2026-05-15 10:08:00,16.21052610110973
2026-05-15 10:09:00,16.21052610110973
2026-05-15 10:10:00,16.21052610110973
2026-05-15 10:11:00,16.21052610110973
2026-05-15 10:12:00,16.21052610110973
2026-05-15 10:13:00,16.21052610110973
2026-05-15 10:14:00,16.21052610110973
2026-05-15 10:15:00,16.21052610110973
2026-05-15 10:16:00,16.21052610110973
2026-05-15 10:17:00,16.21052610110973
2026-05-15 10:18:00,16.21052610110973
2026-05-15 10:19:00,16.21052610110973
2026-05-15 10:20:00,16.21052610110973
2026-05-15 10:21:00,16.21052610110973
2026-05-15 10:22:00,16.21052610110973
2026-05-15 10:23:00,16.21052610110973
2026-05-15 10:24:00,16.21052610110973
2026-05-15 10:25:00,16.21052610110973
2026-05-15 10:26:00,16.21052610110973
2026-05-15 10:27:00,16.21052610110973
2026-05-15 10:28:00,16.21052610110973
2026-05-15 10:29:00,16.21052610110973
2026-05-15 10:30:00,16.21052610110973
2026-05-15 10:31:00,16.21052610110973
2026-05-15 10:32:00,16.21052610110973
2026-05-15 10:33:00,16.21052610110973
2026-05-15 10:34:00,16.21052610110973
2026-05-15 10:35:00,16.21052610110973
2026-05-15 10:36:00,16.21052610110973
2026-05-15 10:37:00,16.21052610110973
2026-05-15 10:38:00,16.21052610110973
2026-05-15 10:39:00,16.21052610110973
2026-05-15 10:40:00,16.21052610110973
2026-05-15 10:41:00,16.21052610110973
2026-05-15 10:42:00,16.21052610110973
2026-05-15 10:43:00,16.21052610110973
2026-05-15 10:44:00,16.21052610110973
2026-05-15 10:45:00,16.21052610110973
2026-05-15 10:46:00,16.21052610110973
2026-05-15 10:47:00,16.21052610110973
2026-05-15 10:48:00,16.21052610110973
2026-05-15 10:49:00,16.21052610110973
2026-05-15 10:50:00,16.21052610110973
2026-05-15 10:51:00,16.21052610110973
2026-05-15 10:52:00,16.21052610110973
2026-05-15 10:53:00,16.21052610110973
2026-05-15 10:54:00,16.21052610110973
2026-05-15 10:55:00,16.21052610110973
2026-05-15 10:56:00,16.21052610110973
2026-05-15 10:57:00,16.21052610110973
2026-05-15 10:58:00,16.21052610110973
2026-05-15 10:59:00,16.21052610110973
2026-05-15 11:00:00,16.21052610110973
2026-05-15 11:01:00,16.21052610110973
2026-05-15 11:02:00,16.21052610110973
2026-05-15 11:03:00,16.21052610110973
2026-05-15 11:04:00,16.21052610110973
2026-05-15 11:05:00,16.21052610110973
2026-05-15 11:06:00,16.21052610110973
2026-05-15 11:07:00,16.21052610110973
2026-05-15 11:08:00,16.21052610110973
2026-05-15 11:09:00,16.21052610110973
2026-05-15 11:10:00,16.21052610110973
2026-05-15 11:11:00,16.21052610110973
2026-05-15 11:12:00,16.21052610110973
2026-05-15 11:13:00,16.21052610110973
2026-05-15 11:14:00,16.21052610110973
2026-05-15 11:15:00,16.21052610110973
2026-05-15 11:16:00,16.21052610110973
2026-05-15 11:17:00,16.21052610110973
2026-05-15 11:18:00,16.21052610110973
2026-05-15 11:19:00,16.21052610110973
2026-05-15 11:20:00,16.21052610110973
2026-05-15 11:21:00,16.21052610110973
2026-05-15 11:22:00,16.21052610110973
2026-05-15 11:23:00,16.21052610110973
2026-05-15 11:24:00,16.21052610110973
2026-05-15 11:25:00,16.21052610110973
2026-05-15 11:26:00,16.21052610110973
2026-05-15 11:27:00,16.21052610110973
2026-05-15 11:28:00,16.21052610110973
2026-05-15 11:29:00,16.21052610110973
2026-05-15 11:30:00,16.21052610110973
2026-05-15 11:31:00,16.21052610110973
2026-05-15 11:32:00,16.21052610110973
2026-05-15 11:33:00,16.21052610110973
2026-05-15 11:34:00,16.21052610110973
2026-05-15 11:35:00,16.21052610110973
2026-05-15 11:36:00,16.21052610110973
2026-05-15 11:37:00,16.21052610110973
2026-05-15 11:38:00,16.21052610110973
2026-05-15 11:39:00,16.21052610110973
2026-05-15 11:40:00,16.21052610110973
2026-05-15 11:41:00,16.21052610110973
2026-05-15 11:42:00,16.21052610110973
2026-05-15 11:43:00,16.21052610110973
2026-05-15 11:44:00,16.21052610110973
2026-05-15 11:45:00,16.21052610110973
2026-05-15 11:46:00,16.21052610110973
2026-05-15 11:47:00,16.21052610110973
2026-05-15 11:48:00,16.21052610110973
2026-05-15 11:49:00,16.21052610110973
2026-05-15 11:50:00,16.21052610110973
2026-05-15 11:51:00,16.21052610110973
2026-05-15 11:52:00,16.21052610110973
2026-05-15 11:53:00,16.21052610110973
2026-05-15 11:54:00,16.21052610110973
2026-05-15 11:55:00,16.21052610110973
2026-05-15 11:56:00,16.21052610110973
2026-05-15 11:57:00,16.21052610110973
2026-05-15 11:58:00,16.21052610110973
2026-05-15 11:59:00,16.21052610110973
2026-05-15 12:00:00,16.21052610110973
2026-05-15 12:01:00,16.21052610110973
2026-05-15 12:02:00,16.21052610110973
2026-05-15 12:03:00,16.21052610110973
2026-05-15 12:04:00,16.21052610110973
2026-05-15 12:05:00,16.21052610110973
2026-05-15 12:06:00,16.21052610110973
2026-05-15 12:07:00,16.21052610110973
2026-05-15 12:08:00,16.21052610110973
2026-05-15 12:09:00,16.21052610110973
2026-05-15 12:10:00,16.21052610110973
2026-05-15 12:11:00,16.21052610110973
2026-05-15 12:12:00,16.21052610110973
2026-05-15 12:13:00,16.21052610110973
2026-05-15 12:14:00,16.21052610110973
2026-05-15 12:15:00,16.21052610110973
2026-05-15 12:16:00,16.21052610110973
2026-05-15 12:17:00,16.21052610110973
2026-05-15 12:18:00,16.21052610110973
2026-05-15 12:19:00,16.21052610110973
2026-05-15 12:20:00,16.21052610110973
2026-05-15 12:21:00,16.21052610110973
2026-05-15 12:22:00,16.21052610110973
2026-05-15 12:23:00,16.21052610110973
2026-05-15 12:24:00,16.21052610110973
2026-05-15 12:25:00,16.21052610110973
2026-05-15 12:26:00,16.21052610110973
2026-05-15 12:27:00,16.21052610110973
2026-05-15 12:28:00,16.21052610110973
2026-05-15 12:29:00,16.21052610110973
2026-05-15 12:30:00,16.21052610110973
2026-05-15 12:31:00,16.21052610110973
2026-05-15 12:32:00,16.21052610110973
2026-05-15 12:33:00,16.21052610110973
2026-05-15 12:34:00,16.21052610110973
2026-05-15 12:35:00,16.21052610110973
2026-05-15 12:36:00,16.21052610110973
2026-05-15 12:37:00,16.21052610110973
2026-05-15 12:38:00,16.21052610110973
2026-05-15 12:39:00,16.21052610110973
2026-05-15 12:40:00,16.21052610110973
2026-05-15 12:41:00,16.21052610110973
2026-05-15 12:42:00,16.21052610110973
2026-05-15 12:43:00,16.21052610110973
2026-05-15 12:44:00,16.21052610110973
2026-05-15 12:45:00,16.21052610110973
2026-05-15 12:46:00,16.21052610110973
2026-05-15 12:47:00,16.21052610110973
2026-05-15 12:48:00,16.21052610110973
2026-05-15 12:49:00,16.21052610110973
2026-05-15 12:50:00,16.21052610110973
2026-05-15 12:51:00,16.21052610110973
2026-05-15 12:52:00,16.21052610110973
2026-05-15 12:53:00,16.21052610110973
2026-05-15 12:54:00,16.21052610110973
2026-05-15 12:55:00,16.21052610110973
2026-05-15 12:56:00,16.21052610110973
2026-05-15 12:57:00,16.21052610110973
2026-05-15 12:58:00,16.21052610110973
2026-05-15 12:59:00,16.21052610110973
2026-05-15 13:00:00,16.21052610110973
2026-05-15 13:01:00,16.21052610110973
2026-05-15 13:02:00,16.21052610110973
2026-05-15 13:03:00,16.21052610110973
2026-05-15 13:04:00,16.21052610110973
2026-05-15 13:05:00,16.21052610110973
2026-05-15 13:06:00,16.21052610110973
2026-05-15 13:07:00,16.21052610110973
2026-05-15 13:08:00,16.21052610110973
2026-05-15 13:09:00,16.21052610110973
2026-05-15 13:10:00,16.21052610110973
2026-05-15 13:11:00,16.21052610110973
2026-05-15 13:12:00,16.21052610110973
2026-05-15 13:13:00,16.21052610110973
2026-05-15 13:14:00,16.21052610110973
2026-05-15 13:15:00,16.21052610110973
2026-05-15 13:16:00,16.21052610110973
2026-05-15 13:17:00,16.21052610110973
2026-05-15 13:18:00,16.21052610110973
2026-05-15 13:19:00,16.21052610110973
2026-05-15 13:20:00,16.21052610110973
2026-05-15 13:21:00,16.21052610110973
2026-05-15 13:22:00,16.21052610110973
2026-05-15 13:23:00,16.21052610110973
2026-05-15 13:24:00,16.21052610110973
2026-05-15 13:25:00,16.21052610110973
2026-05-15 13:26:00,16.21052610110973
2026-05-15 13:27:00,16.21052610110973
2026-05-15 13:28:00,16.21052610110973
2026-05-15 13:29:00,16.21052610110973
2026-05-15 13:30:00,16.21052610110973
2026-05-15 13:31:00,16.21052610110973
2026-05-15 13:32:00,16.21052610110973
2026-05-15 13:33:00,16.21052610110973
2026-05-15 13:34:00,16.21052610110973
2026-05-15 13:35:00,16.21052610110973
2026-05-15 13:36:00,16.21052610110973
2026-05-15 13:37:00,16.21052610110973
2026-05-15 13:38:00,16.21052610110973
2026-05-15 13:39:00,16.21052610110973
2026-05-15 13:40:00,16.21052610110973
2026-05-15 13:41:00,16.21052610110973
2026-05-15 13:42:00,16.21052610110973
2026-05-15 13:43:00,16.21052610110973
2026-05-15 13:44:00,16.21052610110973
2026-05-15 13:45:00,16.21052610110973
2026-05-15 13:46:00,16.21052610110973
2026-05-15 13:47:00,16.21052610110973
2026-05-15 13:48:00,16.21052610110973
2026-05-15 13:49:00,16.21052610110973
2026-05-15 13:50:00,16.21052610110973
2026-05-15 13:51:00,16.21052610110973
2026-05-15 13:52:00,16.21052610110973
2026-05-15 13:53:00,16.21052610110973
2026-05-15 13:54:00,16.21052610110973
2026-05-15 13:55:00,16.21052610110973
2026-05-15 13:56:00,16.21052610110973
2026-05-15 13:57:00,16.21052610110973
2026-05-15 13:58:00,16.21052610110973
2026-05-15 13:59:00,16.21052610110973
2026-05-15 14:00:00,16.21052610110973
2026-05-15 14:01:00,16.21052610110973
2026-05-15 14:02:00,16.21052610110973
2026-05-15 14:03:00,16.21052610110973
2026-05-15 14:04:00,16.21052610110973
2026-05-15 14:05:00,16.21052610110973
2026-05-15 14:06:00,16.21052610110973
2026-05-15 14:07:00,16.21052610110973
2026-05-15 14:08:00,16.21052610110973
2026-05-15 14:09:00,16.21052610110973
2026-05-15 14:10:00,16.21052610110973
2026-05-15 14:11:00,16.21052610110973
2026-05-15 14:12:00,16.21052610110973
2026-05-15 14:13:00,16.21052610110973
2026-05-15 14:14:00,16.21052610110973
2026-05-15 14:15:00,16.21052610110973
2026-05-15 14:16:00,16.21052610110973
2026-05-15 14:17:00,16.21052610110973
2026-05-15 14:18:00,16.21052610110973
2026-05-15 14:19:00,16.21052610110973
2026-05-15 14:20:00,16.21052610110973
2026-05-15 14:21:00,16.21052610110973
2026-05-15 14:22:00,16.21052610110973
2026-05-15 14:23:00,16.21052610110973
2026-05-15 14:24:00,16.21052610110973
2026-05-15 14:25:00,16.21052610110973
2026-05-15 14:26:00,16.21052610110973
2026-05-15 14:27:00,16.21052610110973
2026-05-15 14:28:00,16.21052610110973
2026-05-15 14:29:00,16.21052610110973
2026-05-15 14:30:00,16.21052610110973
2026-05-15 14:31:00,16.21052610110973
2026-05-15 14:32:00,16.21052610110973
2026-05-15 14:33:00,16.21052610110973
2026-05-15 14:34:00,16.21052610110973
2026-05-15 14:35:00,16.21052610110973
2026-05-15 14:36:00,16.21052610110973
2026-05-15 14:37:00,16.21052610110973
2026-05-15 14:38:00,16.21052610110973
2026-05-15 14:39:00,16.21052610110973
2026-05-15 14:40:00,16.21052610110973
2026-05-15 14:41:00,16.21052610110973
2026-05-15 14:42:00,16.21052610110973
2026-05-15 14:43:00,16.21052610110973
2026-05-15 14:44:00,16.21052610110973
2026-05-15 14:45:00,16.21052610110973
2026-05-15 14:46:00,16.21052610110973
2026-05-15 14:47:00,16.21052610110973
2026-05-15 14:48:00,16.21052610110973
2026-05-15 14:49:00,16.21052610110973
2026-05-15 14:50:00,16.21052610110973
2026-05-15 14:51:00,16.21052610110973
2026-05-15 14:52:00,16.21052610110973
2026-05-15 14:53:00,16.21052610110973
2026-05-15 14:54:00,16.21052610110973
2026-05-15 14:55:00,16.21052610110973
2026-05-15 14:56:00,16.21052610110973
2026-05-15 14:57:00,16.21052610110973
2026-05-15 14:58:00,16.21052610110973
2026-05-15 14:59:00,16.21052610110973
2026-05-15 15:00:00,16.21052610110973
2026-05-15 15:01:00,16.21052610110973
2026-05-15 15:02:00,16.21052610110973
2026-05-15 15:03:00,16.21052610110973
2026-05-15 15:04:00,16.21052610110973
2026-05-15 15:05:00,16.21052610110973
2026-05-15 15:06:00,16.21052610110973
2026-05-15 15:07:00,16.21052610110973
2026-05-15 15:08:00,16.21052610110973
2026-05-15 15:09:00,16.21052610110973
2026-05-15 15:10:00,16.21052610110973
2026-05-15 15:11:00,16.21052610110973
2026-05-15 15:12:00,16.21052610110973
2026-05-15 15:13:00,16.21052610110973
2026-05-15 15:14:00,16.21052610110973
2026-05-15 15:15:00,16.21052610110973
2026-05-15 15:16:00,16.21052610110973
2026-05-15 15:17:00,16.21052610110973
2026-05-15 15:18:00,16.21052610110973
2026-05-15 15:19:00,16.21052610110973
2026-05-15 15:20:00,16.21052610110973
2026-05-15 15:21:00,16.21052610110973
2026-05-15 15:22:00,16.21052610110973
2026-05-15 15:23:00,16.21052610110973
2026-05-15 15:24:00,16.21052610110973
2026-05-15 15:25:00,16.21052610110973
2026-05-15 15:26:00,16.21052610110973
2026-05-15 15:27:00,16.21052610110973
2026-05-15 15:28:00,16.21052610110973
2026-05-15 15:29:00,16.21052610110973
2026-05-15 15:30:00,16.21052610110973
2026-05-15 15:31:00,16.21052610110973
2026-05-15 15:32:00,16.21052610110973
2026-05-15 15:33:00,16.21052610110973
2026-05-15 15:34:00,16.21052610110973
2026-05-15 15:35:00,16.21052610110973
2026-05-15 15:36:00,16.21052610110973
2026-05-15 15:37:00,16.21052610110973
2026-05-15 15:38:00,16.21052610110973
2026-05-15 15:39:00,16.21052610110973
2026-05-15 15:40:00,16.21052610110973
2026-05-15 15:41:00,16.21052610110973
2026-05-15 15:42:00,16.21052610110973
2026-05-15 15:43:00,16.21052610110973
2026-05-15 15:44:00,16.21052610110973
2026-05-15 15:45:00,16.21052610110973
2026-05-15 15:46:00,16.21052610110973
2026-05-15 15:47:00,16.21052610110973
2026-05-15 15:48:00,16.21052610110973
2026-05-15 15:49:00,16.21052610110973
2026-05-15 15:50:00,16.21052610110973
2026-05-15 15:51:00,16.21052610110973
2026-05-15 15:52:00,16.21052610110973
2026-05-15 15:53:00,16.21052610110973
2026-05-15 15:54:00,16.21052610110973
2026-05-15 15:55:00,16.21052610110973
2026-05-15 15:56:00,16.21052610110973
2026-05-15 15:57:00,16.21052610110973
2026-05-15 15:58:00,16.21052610110973
2026-05-15 15:59:00,16.21052610110973
2026-05-15 16:00:00,16.21052610110973
2026-05-15 16:01:00,16.21052610110973
2026-05-15 16:02:00,16.21052610110973
2026-05-15 16:03:00,16.21052610110973
2026-05-15 16:04:00,16.21052610110973
2026-05-15 16:05:00,16.21052610110973
2026-05-15 16:06:00,16.21052610110973
2026-05-15 16:07:00,16.21052610110973
2026-05-15 16:08:00,16.21052610110973
2026-05-15 16:09:00,16.21052610110973
2026-05-15 16:10:00,16.21052610110973
2026-05-15 16:11:00,16.21052610110973
2026-05-15 16:12:00,16.21052610110973
2026-05-15 16:13:00,16.21052610110973
2026-05-15 16:14:00,16.21052610110973
2026-05-15 16:15:00,16.21052610110973
2026-05-15 16:16:00,16.21052610110973
2026-05-15 16:17:00,16.21052610110973
2026-05-15 16:18:00,16.21052610110973
2026-05-15 16:19:00,16.21052610110973
2026-05-15 16:20:00,16.21052610110973
2026-05-15 16:21:00,16.21052610110973
2026-05-15 16:22:00,16.21052610110973
2026-05-15 16:23:00,16.21052610110973
2026-05-15 16:24:00,16.21052610110973
2026-05-15 16:25:00,16.21052610110973
2026-05-15 16:26:00,16.21052610110973
2026-05-15 16:27:00,16.21052610110973
2026-05-15 16:28:00,16.21052610110973
2026-05-15 16:29:00,16.21052610110973
2026-05-15 16:30:00,16.21052610110973
2026-05-15 16:31:00,16.21052610110973
2026-05-15 16:32:00,16.21052610110973
2026-05-15 16:33:00,16.21052610110973
2026-05-15 16:34:00,16.21052610110973
2026-05-15 16:35:00,16.21052610110973
2026-05-15 16:36:00,16.21052610110973
2026-05-15 16:37:00,16.21052610110973
2026-05-15 16:38:00,16.21052610110973
2026-05-15 16:39:00,16.21052610110973
2026-05-15 16:40:00,16.21052610110973
2026-05-15 16:41:00,16.21052610110973
2026-05-15 16:42:00,16.21052610110973
2026-05-15 16:43:00,16.21052610110973
2026-05-15 16:44:00,16.21052610110973
2026-05-15 16:45:00,16.21052610110973
2026-05-15 16:46:00,16.21052610110973
2026-05-15 16:47:00,16.21052610110973
2026-05-15 16:48:00,16.21052610110973
2026-05-15 16:49:00,16.21052610110973
2026-05-15 16:50:00,16.21052610110973
2026-05-15 16:51:00,16.21052610110973
2026-05-15 16:52:00,16.21052610110973
2026-05-15 16:53:00,16.21052610110973
2026-05-15 16:54:00,16.21052610110973
2026-05-15 16:55:00,16.21052610110973
2026-05-15 16:56:00,16.21052610110973
2026-05-15 16:57:00,16.21052610110973
2026-05-15 16:58:00,16.21052610110973
2026-05-15 16:59:00,16.21052610110973
2026-05-15 17:00:00,16.21052610110973
2026-05-15 17:01:00,16.21052610110973
2026-05-15 17:02:00,16.21052610110973
2026-05-15 17:03:00,16.21052610110973
2026-05-15 17:04:00,16.21052610110973
2026-05-15 17:05:00,16.21052610110973
2026-05-15 17:06:00,16.21052610110973
2026-05-15 17:07:00,16.21052610110973
2026-05-15 17:08:00,16.21052610110973
2026-05-15 17:09:00,16.21052610110973
2026-05-15 17:10:00,16.21052610110973
2026-05-15 17:11:00,16.21052610110973
2026-05-15 17:12:00,16.21052610110973
2026-05-15 17:13:00,16.21052610110973
2026-05-15 17:14:00,16.21052610110973
2026-05-15 17:15:00,16.21052610110973
2026-05-15 17:16:00,16.21052610110973
2026-05-15 17:17:00,16.21052610110973
2026-05-15 17:18:00,16.21052610110973
2026-05-15 17:19:00,16.21052610110973
2026-05-15 17:20:00,16.21052610110973
2026-05-15 17:21:00,16.21052610110973
2026-05-15 17:22:00,16.21052610110973
2026-05-15 17:23:00,16.21052610110973
2026-05-15 17:24:00,16.21052610110973
2026-05-15 17:25:00,16.21052610110973
2026-05-15 17:26:00,16.21052610110973
2026-05-15 17:27:00,16.21052610110973
2026-05-15 17:28:00,16.21052610110973
2026-05-15 17:29:00,16.21052610110973
2026-05-15 17:30:00,16.21052610110973
2026-05-15 17:31:00,16.21052610110973
2026-05-15 17:32:00,16.21052610110973
2026-05-15 17:33:00,16.21052610110973
2026-05-15 17:34:00,16.21052610110973
2026-05-15 17:35:00,16.21052610110973
2026-05-15 17:36:00,16.21052610110973
2026-05-15 17:37:00,16.21052610110973
2026-05-15 17:38:00,16.21052610110973
2026-05-15 17:39:00,16.21052610110973
2026-05-15 17:40:00,16.21052610110973
2026-05-15 17:41:00,16.21052610110973
2026-05-15 17:42:00,16.21052610110973
2026-05-15 17:43:00,16.21052610110973
2026-05-15 17:44:00,16.21052610110973
2026-05-15 17:45:00,16.21052610110973
2026-05-15 17:46:00,16.21052610110973
2026-05-15 17:47:00,16.21052610110973
2026-05-15 17:48:00,16.21052610110973
2026-05-15 17:49:00,16.21052610110973
2026-05-15 17:50:00,16.21052610110973
2026-05-15 17:51:00,16.21052610110973
2026-05-15 17:52:00,16.21052610110973
2026-05-15 17:53:00,16.21052610110973
2026-05-15 17:54:00,16.21052610110973
2026-05-15 17:55:00,16.21052610110973
2026-05-15 17:56:00,16.21052610110973
2026-05-15 17:57:00,16.21052610110973
2026-05-15 17:58:00,16.21052610110973
2026-05-15 17:59:00,16.21052610110973
2026-05-15 18:00:00,16.21052610110973
2026-05-15 18:01:00,16.21052610110973
2026-05-15 18:02:00,16.21052610110973
2026-05-15 18:03:00,16.21052610110973
2026-05-15 18:04:00,16.21052610110973
2026-05-15 18:05:00,16.21052610110973
2026-05-15 18:06:00,16.21052610110973
2026-05-15 18:07:00,16.21052610110973
2026-05-15 18:08:00,16.21052610110973
2026-05-15 18:09:00,16.21052610110973
2026-05-15 18:10:00,16.21052610110973
2026-05-15 18:11:00,16.21052610110973
2026-05-15 18:12:00,16.21052610110973
2026-05-15 18:13:00,16.21052610110973
2026-05-15 18:14:00,16.21052610110973
2026-05-15 18:15:00,16.21052610110973
2026-05-15 18:16:00,16.21052610110973
2026-05-15 18:17:00,16.21052610110973
2026-05-15 18:18:00,16.21052610110973
2026-05-15 18:19:00,16.21052610110973
2026-05-15 18:20:00,16.21052610110973
2026-05-15 18:21:00,16.21052610110973
2026-05-15 18:22:00,16.21052610110973
2026-05-15 18:23:00,16.21052610110973
2026-05-15 18:24:00,16.21052610110973
2026-05-15 18:25:00,16.21052610110973
2026-05-15 18:26:00,16.21052610110973
2026-05-15 18:27:00,16.21052610110973
2026-05-15 18:28:00,16.21052610110973
2026-05-15 18:29:00,16.21052610110973
2026-05-15 18:30:00,16.21052610110973
2026-05-15 18:31:00,16.21052610110973
2026-05-15 18:32:00,16.21052610110973
2026-05-15 18:33:00,16.21052610110973
2026-05-15 18:34:00,16.21052610110973
2026-05-15 18:35:00,16.21052610110973
2026-05-15 18:36:00,16.21052610110973
2026-05-15 18:37:00,16.21052610110973
2026-05-15 18:38:00,16.21052610110973
2026-05-15 18:39:00,16.21052610110973
2026-05-15 18:40:00,16.21052610110973
2026-05-15 18:41:00,16.21052610110973
2026-05-15 18:42:00,16.21052610110973
2026-05-15 18:43:00,16.21052610110973
2026-05-15 18:44:00,16.21052610110973
2026-05-15 18:45:00,16.21052610110973
2026-05-15 18:46:00,16.21052610110973
2026-05-15 18:47:00,16.21052610110973
2026-05-15 18:48:00,16.21052610110973
2026-05-15 18:49:00,16.21052610110973
2026-05-15 18:50:00,16.21052610110973
2026-05-15 18:51:00,16.21052610110973
2026-05-15 18:52:00,16.21052610110973
2026-05-15 18:53:00,16.21052610110973
2026-05-15 18:54:00,16.21052610110973
2026-05-15 18:55:00,16.21052610110973
2026-05-15 18:56:00,16.21052610110973
2026-05-15 18:57:00,16.21052610110973
2026-05-15 18:58:00,16.21052610110973
2026-05-15 18:59:00,16.21052610110973
2026-05-15 19:00:00,16.21052610110973
2026-05-15 19:01:00,16.21052610110973
2026-05-15 19:02:00,16.21052610110973
2026-05-15 19:03:00,16.21052610110973
2026-05-15 19:04:00,16.21052610110973
2026-05-15 19:05:00,16.21052610110973
2026-05-15 19:06:00,16.21052610110973
2026-05-15 19:07:00,16.21052610110973
2026-05-15 19:08:00,16.21052610110973
2026-05-15 19:09:00,16.21052610110973
2026-05-15 19:10:00,16.21052610110973
2026-05-15 19:11:00,16.21052610110973
2026-05-15 19:12:00,16.21052610110973
2026-05-15 19:13:00,16.21052610110973
2026-05-15 19:14:00,16.21052610110973
2026-05-15 19:15:00,16.21052610110973
2026-05-15 19:16:00,16.21052610110973
2026-05-15 19:17:00,16.21052610110973
2026-05-15 19:18:00,16.21052610110973
2026-05-15 19:19:00,16.21052610110973
2026-05-15 19:20:00,16.21052610110973
2026-05-15 19:21:00,16.21052610110973
2026-05-15 19:22:00,16.21052610110973
2026-05-15 19:23:00,16.21052610110973
2026-05-15 19:24:00,16.21052610110973
2026-05-15 19:25:00,16.21052610110973
2026-05-15 19:26:00,16.21052610110973
2026-05-15 19:27:00,16.21052610110973
2026-05-15 19:28:00,16.21052610110973
2026-05-15 19:29:00,16.21052610110973
2026-05-15 19:30:00,16.21052610110973
2026-05-15 19:31:00,16.21052610110973
2026-05-15 19:32:00,16.21052610110973
2026-05-15 19:33:00,16.21052610110973
2026-05-15 19:34:00,16.21052610110973
2026-05-15 19:35:00,16.21052610110973
2026-05-15 19:36:00,16.21052610110973
2026-05-15 19:37:00,16.21052610110973
2026-05-15 19:38:00,16.21052610110973
2026-05-15 19:39:00,16.21052610110973
2026-05-15 19:40:00,16.21052610110973
2026-05-15 19:41:00,16.21052610110973
2026-05-15 19:42:00,16.21052610110973
2026-05-15 19:43:00,16.21052610110973
2026-05-15 19:44:00,16.21052610110973
2026-05-15 19:45:00,16.21052610110973
2026-05-15 19:46:00,16.21052610110973
2026-05-15 19:47:00,16.21052610110973
2026-05-15 19:48:00,16.21052610110973
2026-05-15 19:49:00,16.21052610110973
2026-05-15 19:50:00,16.21052610110973
2026-05-15 19:51:00,16.21052610110973
2026-05-15 19:52:00,16.21052610110973
2026-05-15 19:53:00,16.21052610110973
2026-05-15 19:54:00,16.21052610110973
2026-05-15 19:55:00,16.21052610110973
2026-05-15 19:56:00,16.21052610110973
2026-05-15 19:57:00,16.21052610110973
2026-05-15 19:58:00,16.21052610110973
2026-05-15 19:59:00,16.21052610110973
2026-05-15 20:00:00,16.21052610110973
2026-05-15 20:01:00,16.21052610110973
2026-05-15 20:02:00,16.21052610110973
2026-05-15 20:03:00,16.21052610110973
2026-05-15 20:04:00,16.21052610110973
2026-05-15 20:05:00,16.21052610110973
2026-05-15 20:06:00,16.21052610110973
2026-05-15 20:07:00,16.21052610110973
2026-05-15 20:08:00,16.21052610110973
2026-05-15 20:09:00,16.21052610110973
2026-05-15 20:10:00,16.21052610110973
2026-05-15 20:11:00,16.21052610110973
2026-05-15 20:12:00,16.21052610110973
2026-05-15 20:13:00,16.21052610110973
2026-05-15 20:14:00,16.21052610110973
2026-05-15 20:15:00,16.21052610110973
2026-05-15 20:16:00,16.21052610110973
2026-05-15 20:17:00,16.21052610110973
2026-05-15 20:18:00,16.21052610110973
2026-05-15 20:19:00,16.21052610110973
2026-05-15 20:20:00,16.21052610110973
2026-05-15 20:21:00,16.21052610110973
2026-05-15 20:22:00,16.21052610110973
2026-05-15 20:23:00,16.21052610110973
2026-05-15 20:24:00,16.21052610110973
2026-05-15 20:25:00,16.21052610110973
2026-05-15 20:26:00,16.21052610110973
2026-05-15 20:27:00,16.21052610110973
2026-05-15 20:28:00,16.21052610110973
2026-05-15 20:29:00,16.21052610110973
2026-05-15 20:30:00,16.21052610110973
2026-05-15 20:31:00,16.21052610110973
2026-05-15 20:32:00,16.21052610110973
2026-05-15 20:33:00,16.21052610110973
2026-05-15 20:34:00,16.21052610110973
2026-05-15 20:35:00,16.21052610110973
2026-05-15 20:36:00,16.21052610110973
2026-05-15 20:37:00,16.21052610110973
2026-05-15 20:38:00,16.21052610110973
2026-05-15 20:39:00,16.21052610110973
2026-05-15 20:40:00,16.21052610110973
2026-05-15 20:41:00,16.21052610110973
2026-05-15 20:42:00,16.21052610110973
2026-05-15 20:43:00,16.21052610110973
2026-05-15 20:44:00,16.21052610110973
2026-05-15 20:45:00,16.21052610110973
2026-05-15 20:46:00,16.21052610110973
2026-05-15 20:47:00,16.21052610110973
2026-05-15 20:48:00,16.21052610110973
2026-05-15 20:49:00,16.21052610110973
2026-05-15 20:50:00,16.21052610110973
2026-05-15 20:51:00,16.21052610110973
2026-05-15 20:52:00,16.21052610110973
2026-05-15 20:53:00,16.21052610110973
2026-05-15 20:54:00,16.21052610110973
2026-05-15 20:55:00,16.21052610110973
2026-05-15 20:56:00,16.21052610110973
2026-05-15 20:57:00,16.21052610110973
2026-05-15 20:58:00,16.21052610110973
2026-05-15 20:59:00,16.21052610110973
2026-05-15 21:00:00,16.21052610110973
2026-05-15 21:01:00,16.21052610110973
2026-05-15 21:02:00,16.21052610110973
2026-05-15 21:03:00,16.21052610110973
2026-05-15 21:04:00,16.21052610110973
2026-05-15 21:05:00,16.21052610110973
2026-05-15 21:06:00,16.21052610110973
2026-05-15 21:07:00,16.21052610110973
2026-05-15 21:08:00,16.21052610110973
2026-05-15 21:09:00,16.21052610110973
2026-05-15 21:10:00,16.21052610110973
2026-05-15 21:11:00,16.21052610110973
2026-05-15 21:12:00,16.21052610110973
2026-05-15 21:13:00,16.21052610110973
2026-05-15 21:14:00,16.21052610110973
2026-05-15 21:15:00,16.21052610110973
2026-05-15 21:16:00,16.21052610110973
2026-05-15 21:17:00,16.21052610110973
2026-05-15 21:18:00,16.21052610110973
2026-05-15 21:19:00,16.21052610110973
2026-05-15 21:20:00,16.21052610110973
2026-05-15 21:21:00,16.21052610110973
2026-05-15 21:22:00,16.21052610110973
2026-05-15 21:23:00,16.21052610110973
2026-05-15 21:24:00,16.21052610110973
2026-05-15 21:25:00,16.21052610110973
2026-05-15 21:26:00,16.21052610110973
2026-05-15 21:27:00,16.21052610110973
2026-05-15 21:28:00,16.21052610110973
2026-05-15 21:29:00,16.21052610110973
2026-05-15 21:30:00,16.21052610110973
2026-05-15 21:31:00,16.21052610110973
2026-05-15 21:32:00,16.21052610110973
2026-05-15 21:33:00,16.21052610110973
2026-05-15 21:34:00,16.21052610110973
2026-05-15 21:35:00,16.21052610110973
2026-05-15 21:36:00,16.21052610110973
2026-05-15 21:37:00,16.21052610110973
2026-05-15 21:38:00,16.21052610110973
2026-05-15 21:39:00,16.21052610110973
2026-05-15 21:40:00,16.21052610110973
2026-05-15 21:41:00,16.21052610110973
2026-05-15 21:42:00,16.21052610110973
2026-05-15 21:43:00,16.21052610110973
2026-05-15 21:44:00,16.21052610110973
2026-05-15 21:45:00,16.21052610110973
2026-05-15 21:46:00,16.21052610110973
2026-05-15 21:47:00,16.21052610110973
2026-05-15 21:48:00,16.21052610110973
2026-05-15 21:49:00,16.21052610110973
2026-05-15 21:50:00,16.21052610110973
2026-05-15 21:51:00,16.21052610110973
2026-05-15 21:52:00,16.21052610110973
2026-05-15 21:53:00,16.21052610110973
2026-05-15 21:54:00,16.21052610110973
2026-05-15 21:55:00,16.21052610110973
2026-05-15 21:56:00,16.21052610110973
2026-05-15 21:57:00,16.21052610110973
2026-05-15 21:58:00,16.21052610110973
2026-05-15 21:59:00,16.21052610110973
2026-05-15 22:00:00,16.21052610110973
2026-05-15 22:01:00,16.21052610110973
2026-05-15 22:02:00,16.21052610110973
2026-05-15 22:03:00,16.21052610110973
2026-05-15 22:04:00,16.21052610110973
2026-05-15 22:05:00,16.21052610110973
2026-05-15 22:06:00,16.21052610110973
2026-05-15 22:07:00,16.21052610110973
2026-05-15 22:08:00,16.21052610110973
2026-05-15 22:09:00,16.21052610110973
2026-05-15 22:10:00,16.21052610110973
2026-05-15 22:11:00,16.21052610110973
2026-05-15 22:12:00,16.21052610110973
2026-05-15 22:13:00,16.21052610110973
2026-05-15 22:14:00,16.21052610110973
2026-05-15 22:15:00,16.21052610110973
2026-05-15 22:16:00,16.21052610110973
2026-05-15 22:17:00,16.21052610110973
2026-05-15 22:18:00,16.21052610110973
2026-05-15 22:19:00,16.21052610110973
2026-05-15 22:20:00,16.21052610110973
2026-05-15 22:21:00,16.21052610110973
2026-05-15 22:22:00,16.21052610110973
2026-05-15 22:23:00,16.21052610110973
2026-05-15 22:24:00,16.21052610110973
2026-05-15 22:25:00,16.21052610110973
2026-05-15 22:26:00,16.21052610110973
2026-05-15 22:27:00,16.21052610110973
2026-05-15 22:28:00,16.21052610110973
2026-05-15 22:29:00,16.21052610110973
2026-05-15 22:30:00,16.21052610110973
2026-05-15 22:31:00,16.21052610110973
2026-05-15 22:32:00,16.21052610110973
2026-05-15 22:33:00,16.21052610110973
2026-05-15 22:34:00,16.21052610110973
2026-05-15 22:35:00,16.21052610110973
2026-05-15 22:36:00,16.21052610110973
2026-05-15 22:37:00,16.21052610110973
2026-05-15 22:38:00,16.21052610110973
2026-05-15 22:39:00,16.21052610110973
2026-05-15 22:40:00,16.21052610110973
2026-05-15 22:41:00,16.21052610110973
2026-05-15 22:42:00,16.21052610110973
2026-05-15 22:43:00,16.21052610110973
2026-05-15 22:44:00,16.21052610110973
2026-05-15 22:45:00,16.21052610110973
2026-05-15 22:46:00,16.21052610110973
2026-05-15 22:47:00,16.21052610110973
2026-05-15 22:48:00,16.21052610110973
2026-05-15 22:49:00,16.21052610110973
2026-05-15 22:50:00,16.21052610110973
2026-05-15 22:51:00,16.21052610110973
2026-05-15 22:52:00,16.21052610110973
2026-05-15 22:53:00,16.21052610110973
2026-05-15 22:54:00,16.21052610110973
2026-05-15 22:55:00,16.21052610110973
2026-05-15 22:56:00,16.21052610110973
2026-05-15 22:57:00,16.21052610110973
2026-05-15 22:58:00,16.21052610110973
2026-05-15 22:59:00,16.21052610110973
2026-05-15 23:00:00,16.21052610110973
2026-05-15 23:01:00,16.21052610110973
2026-05-15 23:02:00,16.21052610110973
2026-05-15 23:03:00,16.21052610110973
2026-05-15 23:04:00,16.21052610110973
2026-05-15 23:05:00,16.21052610110973
2026-05-15 23:06:00,16.21052610110973
2026-05-15 23:07:00,16.21052610110973
2026-05-15 23:08:00,16.21052610110973
2026-05-15 23:09:00,16.21052610110973
2026-05-15 23:10:00,16.21052610110973
2026-05-15 23:11:00,16.21052610110973
2026-05-15 23:12:00,16.21052610110973
2026-05-15 23:13:00,16.21052610110973
2026-05-15 23:14:00,16.21052610110973
2026-05-15 23:15:00,16.21052610110973
2026-05-15 23:16:00,16.21052610110973
2026-05-15 23:17:00,16.21052610110973
2026-05-15 23:18:00,16.21052610110973
2026-05-15 23:19:00,16.21052610110973
2026-05-15 23:20:00,16.21052610110973
2026-05-15 23:21:00,16.21052610110973
2026-05-15 23:22:00,16.21052610110973
2026-05-15 23:23:00,16.21052610110973
2026-05-15 23:24:00,16.21052610110973
2026-05-15 23:25:00,16.21052610110973
2026-05-15 23:26:00,16.21052610110973
2026-05-15 23:27:00,16.21052610110973
2026-05-15 23:28:00,16.21052610110973
2026-05-15 23:29:00,16.21052610110973
2026-05-15 23:30:00,16.21052610110973
2026-05-15 23:31:00,16.21052610110973
2026-05-15 23:32:00,16.21052610110973
2026-05-15 23:33:00,16.21052610110973
2026-05-15 23:34:00,16.21052610110973
2026-05-15 23:35:00,16.21052610110973
2026-05-15 23:36:00,16.21052610110973
2026-05-15 23:37:00,16.21052610110973
2026-05-15 23:38:00,16.21052610110973
2026-05-15 23:39:00,16.21052610110973
2026-05-15 23:40:00,16.21052610110973
2026-05-15 23:41:00,16.21052610110973
2026-05-15 23:42:00,16.21052610110973
2026-05-15 23:43:00,16.21052610110973
2026-05-15 23:44:00,16.21052610110973
2026-05-15 23:45:00,16.21052610110973
2026-05-15 23:46:00,16.21052610110973
2026-05-15 23:47:00,16.21052610110973
2026-05-15 23:48:00,16.21052610110973
2026-05-15 23:49:00,16.21052610110973
2026-05-15 23:50:00,16.21052610110973
2026-05-15 23:51:00,16.21052610110973
2026-05-15 23:52:00,16.21052610110973
2026-05-15 23:53:00,16.21052610110973
2026-05-15 23:54:00,16.21052610110973
2026-05-15 23:55:00,16.21052610110973
2026-05-15 23:56:00,16.21052610110973
2026-05-15 23:57:00,16.21052610110973
2026-05-15 23:58:00,16.21052610110973
2026-05-15 23:59:00,16.21052610110973
2026-05-16 00:00:00,16.21052610110973
2026-05-16 00:01:00,16.21052610110973
2026-05-16 00:02:00,16.21052610110973
2026-05-16 00:03:00,16.21052610110973
2026-05-16 00:04:00,16.21052610110973
2026-05-16 00:05:00,16.21052610110973
2026-05-16 00:06:00,16.21052610110973
2026-05-16 00:07:00,16.21052610110973
2026-05-16 00:08:00,16.21052610110973
2026-05-16 00:09:00,16.21052610110973
2026-05-16 00:10:00,16.21052610110973
2026-05-16 00:11:00,16.21052610110973
2026-05-16 00:12:00,16.21052610110973
2026-05-16 00:13:00,16.21052610110973
2026-05-16 00:14:00,16.21052610110973
2026-05-16 00:15:00,16.21052610110973
2026-05-16 00:16:00,16.21052610110973
2026-05-16 00:17:00,16.21052610110973
2026-05-16 00:18:00,16.21052610110973
2026-05-16 00:19:00,16.21052610110973
2026-05-16 00:20:00,16.21052610110973
2026-05-16 00:21:00,16.21052610110973
2026-05-16 00:22:00,16.21052610110973
2026-05-16 00:23:00,16.21052610110973
2026-05-16 00:24:00,16.21052610110973
2026-05-16 00:25:00,16.21052610110973
2026-05-16 00:26:00,16.21052610110973
2026-05-16 00:27:00,16.21052610110973
2026-05-16 00:28:00,16.21052610110973
2026-05-16 00:29:00,16.21052610110973
2026-05-16 00:30:00,16.21052610110973
2026-05-16 00:31:00,16.21052610110973
2026-05-16 00:32:00,16.21052610110973
2026-05-16 00:33:00,16.21052610110973
2026-05-16 00:34:00,16.21052610110973
2026-05-16 00:35:00,16.21052610110973
2026-05-16 00:36:00,16.21052610110973
2026-05-16 00:37:00,16.21052610110973
2026-05-16 00:38:00,16.21052610110973
2026-05-16 00:39:00,16.21052610110973
2026-05-16 00:40:00,16.21052610110973
2026-05-16 00:41:00,16.21052610110973
2026-05-16 00:42:00,16.21052610110973
2026-05-16 00:43:00,16.21052610110973
2026-05-16 00:44:00,16.21052610110973
2026-05-16 00:45:00,16.21052610110973
2026-05-16 00:46:00,16.21052610110973
2026-05-16 00:47:00,16.21052610110973
2026-05-16 00:48:00,16.21052610110973
2026-05-16 00:49:00,16.21052610110973
2026-05-16 00:50:00,16.21052610110973
2026-05-16 00:51:00,16.21052610110973
2026-05-16 00:52:00,16.21052610110973
2026-05-16 00:53:00,16.21052610110973
2026-05-16 00:54:00,16.21052610110973
2026-05-16 00:55:00,16.21052610110973
2026-05-16 00:56:00,16.21052610110973
2026-05-16 00:57:00,16.21052610110973
2026-05-16 00:58:00,16.21052610110973
2026-05-16 00:59:00,16.21052610110973
2026-05-16 01:00:00,16.21052610110973
2026-05-16 01:01:00,16.21052610110973
2026-05-16 01:02:00,16.21052610110973
2026-05-16 01:03:00,16.21052610110973
2026-05-16 01:04:00,16.21052610110973
2026-05-16 01:05:00,16.21052610110973
2026-05-16 01:06:00,16.21052610110973
2026-05-16 01:07:00,16.21052610110973
2026-05-16 01:08:00,16.21052610110973
2026-05-16 01:09:00,16.21052610110973
2026-05-16 01:10:00,16.21052610110973
2026-05-16 01:11:00,16.21052610110973
2026-05-16 01:12:00,16.21052610110973
2026-05-16 01:13:00,16.21052610110973
2026-05-16 01:14:00,16.21052610110973
2026-05-16 01:15:00,16.21052610110973
2026-05-16 01:16:00,16.21052610110973
2026-05-16 01:17:00,16.21052610110973
2026-05-16 01:18:00,16.21052610110973
2026-05-16 01:19:00,16.21052610110973
2026-05-16 01:20:00,16.21052610110973
2026-05-16 01:21:00,16.21052610110973
2026-05-16 01:22:00,16.21052610110973
2026-05-16 01:23:00,16.21052610110973
2026-05-16 01:24:00,16.21052610110973
2026-05-16 01:25:00,16.21052610110973
2026-05-16 01:26:00,16.21052610110973
2026-05-16 01:27:00,16.21052610110973
2026-05-16 01:28:00,16.21052610110973
2026-05-16 01:29:00,16.21052610110973
2026-05-16 01:30:00,16.21052610110973
2026-05-16 01:31:00,16.21052610110973
2026-05-16 01:32:00,16.21052610110973
2026-05-16 01:33:00,16.21052610110973
2026-05-16 01:34:00,16.21052610110973
2026-05-16 01:35:00,16.21052610110973
2026-05-16 01:36:00,16.21052610110973
2026-05-16 01:37:00,16.21052610110973
2026-05-16 01:38:00,16.21052610110973
2026-05-16 01:39:00,16.21052610110973
2026-05-16 01:40:00,16.21052610110973
2026-05-16 01:41:00,16.21052610110973
2026-05-16 01:42:00,16.21052610110973
2026-05-16 01:43:00,16.21052610110973
2026-05-16 01:44:00,16.21052610110973
2026-05-16 01:45:00,16.21052610110973
2026-05-16 01:46:00,16.21052610110973
2026-05-16 01:47:00,16.21052610110973
2026-05-16 01:48:00,16.21052610110973
2026-05-16 01:49:00,16.21052610110973
2026-05-16 01:50:00,16.21052610110973
2026-05-16 01:51:00,16.21052610110973
2026-05-16 01:52:00,16.21052610110973
2026-05-16 01:53:00,16.21052610110973
2026-05-16 01:54:00,16.21052610110973
2026-05-16 01:55:00,16.21052610110973
2026-05-16 01:56:00,16.21052610110973
2026-05-16 01:57:00,16.21052610110973
2026-05-16 01:58:00,16.21052610110973
2026-05-16 01:59:00,16.21052610110973
2026-05-16 02:00:00,16.21052610110973
2026-05-16 02:01:00,16.21052610110973
2026-05-16 02:02:00,16.21052610110973
2026-05-16 02:03:00,16.21052610110973
2026-05-16 02:04:00,16.21052610110973
2026-05-16 02:05:00,16.21052610110973
2026-05-16 02:06:00,16.21052610110973
2026-05-16 02:07:00,16.21052610110973
2026-05-16 02:08:00,16.21052610110973
2026-05-16 02:09:00,16.21052610110973
2026-05-16 02:10:00,16.21052610110973
2026-05-16 02:11:00,16.21052610110973
2026-05-16 02:12:00,16.21052610110973
2026-05-16 02:13:00,16.21052610110973
2026-05-16 02:14:00,16.21052610110973
2026-05-16 02:15:00,16.21052610110973
2026-05-16 02:16:00,16.21052610110973
2026-05-16 02:17:00,16.21052610110973
2026-05-16 02:18:00,16.21052610110973
2026-05-16 02:19:00,16.21052610110973
2026-05-16 02:20:00,16.21052610110973
2026-05-16 02:21:00,16.21052610110973
2026-05-16 02:22:00,16.21052610110973
2026-05-16 02:23:00,16.21052610110973
2026-05-16 02:24:00,16.21052610110973
2026-05-16 02:25:00,16.21052610110973
2026-05-16 02:26:00,16.21052610110973
2026-05-16 02:27:00,16.21052610110973
2026-05-16 02:28:00,16.21052610110973
2026-05-16 02:29:00,16.21052610110973
2026-05-16 02:30:00,16.21052610110973
2026-05-16 02:31:00,16.21052610110973
2026-05-16 02:32:00,16.21052610110973
2026-05-16 02:33:00,16.21052610110973
2026-05-16 02:34:00,16.21052610110973
2026-05-16 02:35:00,16.21052610110973
2026-05-16 02:36:00,16.21052610110973
2026-05-16 02:37:00,16.21052610110973
2026-05-16 02:38:00,16.21052610110973
2026-05-16 02:39:00,16.21052610110973
2026-05-16 02:40:00,16.21052610110973
2026-05-16 02:41:00,16.21052610110973
2026-05-16 02:42:00,16.21052610110973
2026-05-16 02:43:00,16.21052610110973
2026-05-16 02:44:00,16.21052610110973
2026-05-16 02:45:00,16.21052610110973
2026-05-16 02:46:00,16.21052610110973
2026-05-16 02:47:00,16.21052610110973
2026-05-16 02:48:00,16.21052610110973
2026-05-16 02:49:00,16.21052610110973
2026-05-16 02:50:00,16.21052610110973
2026-05-16 02:51:00,16.21052610110973
2026-05-16 02:52:00,16.21052610110973
2026-05-16 02:53:00,16.21052610110973
2026-05-16 02:54:00,16.21052610110973
2026-05-16 02:55:00,16.21052610110973
2026-05-16 02:56:00,16.21052610110973
2026-05-16 02:57:00,16.21052610110973
2026-05-16 02:58:00,16.21052610110973
2026-05-16 02:59:00,16.21052610110973
2026-05-16 03:00:00,16.21052610110973
2026-05-16 03:01:00,16.21052610110973
2026-05-16 03:02:00,16.21052610110973
2026-05-16 03:03:00,16.21052610110973
2026-05-16 03:04:00,16.21052610110973
2026-05-16 03:05:00,16.21052610110973
2026-05-16 03:06:00,16.21052610110973
2026-05-16 03:07:00,16.21052610110973
2026-05-16 03:08:00,16.21052610110973
2026-05-16 03:09:00,16.21052610110973
2026-05-16 03:10:00,16.21052610110973
2026-05-16 03:11:00,16.21052610110973
2026-05-16 03:12:00,16.21052610110973
2026-05-16 03:13:00,16.21052610110973
2026-05-16 03:14:00,16.21052610110973
2026-05-16 03:15:00,16.21052610110973
2026-05-16 03:16:00,16.21052610110973
2026-05-16 03:17:00,16.21052610110973
2026-05-16 03:18:00,16.21052610110973
2026-05-16 03:19:00,16.21052610110973
2026-05-16 03:20:00,16.21052610110973
2026-05-16 03:21:00,16.21052610110973
2026-05-16 03:22:00,16.21052610110973
2026-05-16 03:23:00,16.21052610110973
2026-05-16 03:24:00,16.21052610110973
2026-05-16 03:25:00,16.21052610110973
2026-05-16 03:26:00,16.21052610110973
2026-05-16 03:27:00,16.21052610110973
2026-05-16 03:28:00,16.21052610110973
2026-05-16 03:29:00,16.21052610110973
2026-05-16 03:30:00,16.21052610110973
2026-05-16 03:31:00,16.21052610110973
2026-05-16 03:32:00,16.21052610110973
2026-05-16 03:33:00,16.21052610110973
2026-05-16 03:34:00,16.21052610110973
2026-05-16 03:35:00,16.21052610110973
2026-05-16 03:36:00,16.21052610110973
2026-05-16 03:37:00,16.21052610110973
2026-05-16 03:38:00,16.21052610110973
2026-05-16 03:39:00,16.21052610110973
2026-05-16 03:40:00,16.21052610110973
2026-05-16 03:41:00,16.21052610110973
2026-05-16 03:42:00,16.21052610110973
2026-05-16 03:43:00,16.21052610110973
2026-05-16 03:44:00,16.21052610110973
2026-05-16 03:45:00,16.21052610110973
2026-05-16 03:46:00,16.21052610110973
2026-05-16 03:47:00,16.21052610110973
2026-05-16 03:48:00,16.21052610110973
2026-05-16 03:49:00,16.21052610110973
2026-05-16 03:50:00,16.21052610110973
2026-05-16 03:51:00,16.21052610110973
2026-05-16 03:52:00,16.21052610110973
2026-05-16 03:53:00,16.21052610110973
2026-05-16 03:54:00,16.21052610110973
2026-05-16 03:55:00,16.21052610110973
2026-05-16 03:56:00,16.21052610110973
2026-05-16 03:57:00,16.21052610110973
2026-05-16 03:58:00,16.21052610110973
2026-05-16 03:59:00,16.21052610110973
2026-05-16 04:00:00,16.21052610110973
2026-05-16 04:01:00,16.21052610110973
2026-05-16 04:02:00,16.21052610110973
2026-05-16 04:03:00,16.21052610110973
2026-05-16 04:04:00,16.21052610110973
2026-05-16 04:05:00,16.21052610110973
2026-05-16 04:06:00,16.21052610110973
2026-05-16 04:07:00,16.21052610110973
2026-05-16 04:08:00,16.21052610110973
2026-05-16 04:09:00,16.21052610110973
2026-05-16 04:10:00,16.21052610110973
2026-05-16 04:11:00,16.21052610110973
2026-05-16 04:12:00,16.21052610110973
2026-05-16 04:13:00,16.21052610110973
2026-05-16 04:14:00,16.21052610110973
2026-05-16 04:15:00,16.21052610110973
2026-05-16 04:16:00,16.21052610110973
2026-05-16 04:17:00,16.21052610110973
2026-05-16 04:18:00,16.21052610110973
2026-05-16 04:19:00,16.21052610110973
2026-05-16 04:20:00,16.21052610110973
2026-05-16 04:21:00,16.21052610110973
2026-05-16 04:22:00,16.21052610110973
2026-05-16 04:23:00,16.21052610110973
2026-05-16 04:24:00,16.21052610110973
2026-05-16 04:25:00,16.21052610110973
2026-05-16 04:26:00,16.21052610110973
2026-05-16 04:27:00,16.21052610110973
2026-05-16 04:28:00,16.21052610110973
2026-05-16 04:29:00,16.21052610110973
2026-05-16 04:30:00,16.21052610110973
2026-05-16 04:31:00,16.21052610110973
2026-05-16 04:32:00,16.21052610110973
2026-05-16 04:33:00,16.21052610110973
2026-05-16 04:34:00,16.21052610110973
2026-05-16 04:35:00,16.21052610110973
2026-05-16 04:36:00,16.21052610110973
2026-05-16 04:37:00,16.21052610110973
2026-05-16 04:38:00,16.21052610110973
2026-05-16 04:39:00,16.21052610110973
2026-05-16 04:40:00,16.21052610110973
2026-05-16 04:41:00,16.21052610110973
2026-05-16 04:42:00,16.21052610110973
2026-05-16 04:43:00,16.21052610110973
2026-05-16 04:44:00,16.21052610110973
2026-05-16 04:45:00,16.21052610110973
2026-05-16 04:46:00,16.21052610110973
2026-05-16 04:47:00,16.21052610110973
2026-05-16 04:48:00,16.21052610110973
2026-05-16 04:49:00,16.21052610110973
2026-05-16 04:50:00,16.21052610110973
2026-05-16 04:51:00,16.21052610110973
2026-05-16 04:52:00,16.21052610110973
2026-05-16 04:53:00,16.21052610110973
2026-05-16 04:54:00,16.21052610110973
2026-05-16 04:55:00,16.21052610110973
2026-05-16 04:56:00,16.21052610110973
2026-05-16 04:57:00,16.21052610110973
2026-05-16 04:58:00,16.21052610110973
2026-05-16 04:59:00,16.21052610110973
2026-05-16 05:00:00,16.21052610110973
2026-05-16 05:01:00,16.21052610110973
2026-05-16 05:02:00,16.21052610110973
2026-05-16 05:03:00,16.21052610110973
2026-05-16 05:04:00,16.21052610110973
2026-05-16 05:05:00,16.21052610110973
2026-05-16 05:06:00,16.21052610110973
2026-05-16 05:07:00,16.21052610110973
2026-05-16 05:08:00,16.21052610110973
2026-05-16 05:09:00,16.21052610110973
2026-05-16 05:10:00,16.21052610110973
2026-05-16 05:11:00,16.21052610110973
2026-05-16 05:12:00,16.21052610110973
2026-05-16 05:13:00,16.21052610110973
2026-05-16 05:14:00,16.21052610110973
2026-05-16 05:15:00,16.21052610110973
2026-05-16 05:16:00,16.21052610110973
2026-05-16 05:17:00,16.21052610110973
2026-05-16 05:18:00,16.21052610110973
2026-05-16 05:19:00,16.21052610110973
2026-05-16 05:20:00,16.21052610110973
2026-05-16 05:21:00,16.21052610110973
2026-05-16 05:22:00,16.21052610110973
2026-05-16 05:23:00,16.21052610110973
2026-05-16 05:24:00,16.21052610110973
2026-05-16 05:25:00,16.21052610110973
2026-05-16 05:26:00,16.21052610110973
2026-05-16 05:27:00,16.21052610110973
2026-05-16 05:28:00,16.21052610110973
2026-05-16 05:29:00,16.21052610110973
2026-05-16 05:30:00,16.21052610110973
2026-05-16 05:31:00,16.21052610110973
2026-05-16 05:32:00,16.21052610110973
2026-05-16 05:33:00,16.21052610110973
2026-05-16 05:34:00,16.21052610110973
2026-05-16 05:35:00,16.21052610110973
2026-05-16 05:36:00,16.21052610110973
2026-05-16 05:37:00,16.21052610110973
2026-05-16 05:38:00,16.21052610110973
2026-05-16 05:39:00,16.21052610110973
2026-05-16 05:40:00,16.21052610110973
2026-05-16 05:41:00,16.21052610110973
2026-05-16 05:42:00,16.21052610110973
2026-05-16 05:43:00,16.21052610110973
2026-05-16 05:44:00,16.21052610110973
2026-05-16 05:45:00,16.21052610110973
2026-05-16 05:46:00,16.21052610110973
2026-05-16 05:47:00,16.21052610110973
2026-05-16 05:48:00,16.21052610110973
2026-05-16 05:49:00,16.21052610110973
2026-05-16 05:50:00,16.21052610110973
2026-05-16 05:51:00,16.21052610110973
2026-05-16 05:52:00,16.21052610110973
2026-05-16 05:53:00,16.21052610110973
2026-05-16 05:54:00,16.21052610110973
2026-05-16 05:55:00,16.21052610110973
2026-05-16 05:56:00,16.21052610110973
2026-05-16 05:57:00,16.21052610110973
2026-05-16 05:58:00,16.21052610110973
2026-05-16 05:59:00,16.21052610110973
2026-05-16 06:00:00,16.21052610110973
2026-05-16 06:01:00,16.21052610110973
2026-05-16 06:02:00,16.21052610110973
2026-05-16 06:03:00,16.21052610110973
2026-05-16 06:04:00,16.21052610110973
2026-05-16 06:05:00,16.21052610110973
2026-05-16 06:06:00,16.21052610110973
2026-05-16 06:07:00,16.21052610110973
2026-05-16 06:08:00,16.21052610110973
2026-05-16 06:09:00,16.21052610110973
2026-05-16 06:10:00,16.21052610110973
2026-05-16 06:11:00,16.21052610110973
2026-05-16 06:12:00,16.21052610110973
2026-05-16 06:13:00,16.21052610110973
2026-05-16 06:14:00,16.21052610110973
2026-05-16 06:15:00,16.21052610110973
2026-05-16 06:16:00,16.21052610110973
2026-05-16 06:17:00,16.21052610110973
2026-05-16 06:18:00,16.21052610110973
2026-05-16 06:19:00,16.21052610110973
2026-05-16 06:20:00,16.21052610110973
2026-05-16 06:21:00,16.21052610110973
2026-05-16 06:22:00,16.21052610110973
2026-05-16 06:23:00,16.21052610110973
2026-05-16 06:24:00,16.21052610110973
2026-05-16 06:25:00,16.21052610110973
2026-05-16 06:26:00,16.21052610110973
2026-05-16 06:27:00,16.21052610110973
2026-05-16 06:28:00,16.21052610110973
2026-05-16 06:29:00,16.21052610110973
2026-05-16 06:30:00,16.21052610110973
2026-05-16 06:31:00,16.21052610110973
2026-05-16 06:32:00,16.21052610110973
2026-05-16 06:33:00,16.21052610110973
2026-05-16 06:34:00,16.21052610110973
2026-05-16 06:35:00,16.21052610110973
2026-05-16 06:36:00,16.21052610110973
2026-05-16 06:37:00,16.21052610110973
2026-05-16 06:38:00,16.21052610110973
2026-05-16 06:39:00,16.21052610110973
2026-05-16 06:40:00,16.21052610110973
2026-05-16 06:41:00,16.21052610110973
2026-05-16 06:42:00,16.21052610110973
2026-05-16 06:43:00,16.21052610110973
2026-05-16 06:44:00,16.21052610110973
2026-05-16 06:45:00,16.21052610110973
2026-05-16 06:46:00,16.21052610110973
2026-05-16 06:47:00,16.21052610110973
2026-05-16 06:48:00,16.21052610110973
2026-05-16 06:49:00,16.21052610110973
2026-05-16 06:50:00,16.21052610110973
2026-05-16 06:51:00,16.21052610110973
2026-05-16 06:52:00,16.21052610110973
2026-05-16 06:53:00,16.21052610110973
2026-05-16 06:54:00,16.21052610110973
2026-05-16 06:55:00,16.21052610110973
2026-05-16 06:56:00,16.21052610110973
2026-05-16 06:57:00,16.21052610110973
2026-05-16 06:58:00,16.21052610110973
2026-05-16 06:59:00,16.21052610110973
2026-05-16 07:00:00,16.21052610110973
2026-05-16 07:01:00,16.21052610110973
2026-05-16 07:02:00,16.21052610110973
2026-05-16 07:03:00,16.21052610110973
2026-05-16 07:04:00,16.21052610110973
2026-05-16 07:05:00,16.21052610110973
2026-05-16 07:06:00,16.21052610110973
2026-05-16 07:07:00,16.21052610110973
2026-05-16 07:08:00,16.21052610110973
2026-05-16 07:09:00,16.21052610110973
2026-05-16 07:10:00,16.21052610110973
2026-05-16 07:11:00,16.21052610110973
2026-05-16 07:12:00,16.21052610110973
2026-05-16 07:13:00,16.21052610110973
2026-05-16 07:14:00,16.21052610110973
2026-05-16 07:15:00,16.21052610110973
2026-05-16 07:16:00,16.21052610110973
2026-05-16 07:17:00,16.21052610110973
2026-05-16 07:18:00,16.21052610110973
2026-05-16 07:19:00,16.21052610110973
2026-05-16 07:20:00,16.21052610110973
2026-05-16 07:21:00,16.21052610110973
2026-05-16 07:22:00,16.21052610110973
2026-05-16 07:23:00,16.21052610110973
2026-05-16 07:24:00,16.21052610110973
2026-05-16 07:25:00,16.21052610110973
2026-05-16 07:26:00,16.21052610110973
2026-05-16 07:27:00,16.21052610110973
2026-05-16 07:28:00,16.21052610110973
2026-05-16 07:29:00,16.21052610110973
2026-05-16 07:30:00,16.21052610110973
2026-05-16 07:31:00,16.21052610110973
2026-05-16 07:32:00,16.21052610110973
2026-05-16 07:33:00,16.21052610110973
2026-05-16 07:34:00,16.21052610110973
2026-05-16 07:35:00,16.21052610110973
2026-05-16 07:36:00,16.21052610110973
2026-05-16 07:37:00,16.21052610110973
2026-05-16 07:38:00,16.21052610110973
2026-05-16 07:39:00,16.21052610110973
2026-05-16 07:40:00,16.21052610110973
2026-05-16 07:41:00,16.21052610110973
2026-05-16 07:42:00,16.21052610110973
2026-05-16 07:43:00,16.21052610110973
2026-05-16 07:44:00,16.21052610110973
2026-05-16 07:45:00,16.21052610110973
2026-05-16 07:46:00,16.21052610110973
2026-05-16 07:47:00,16.21052610110973
2026-05-16 07:48:00,16.21052610110973
2026-05-16 07:49:00,16.21052610110973
2026-05-16 07:50:00,16.21052610110973
2026-05-16 07:51:00,16.21052610110973
2026-05-16 07:52:00,16.21052610110973
2026-05-16 07:53:00,16.21052610110973
2026-05-16 07:54:00,16.21052610110973
2026-05-16 07:55:00,16.21052610110973
2026-05-16 07:56:00,16.21052610110973
2026-05-16 07:57:00,16.21052610110973
2026-05-16 07:58:00,16.21052610110973
2026-05-16 07:59:00,16.21052610110973
2026-05-16 08:00:00,16.21052610110973
2026-05-16 08:01:00,16.21052610110973
2026-05-16 08:02:00,16.21052610110973
2026-05-16 08:03:00,16.21052610110973
2026-05-16 08:04:00,16.21052610110973
2026-05-16 08:05:00,16.21052610110973
2026-05-16 08:06:00,16.21052610110973
2026-05-16 08:07:00,16.21052610110973
2026-05-16 08:08:00,16.21052610110973
2026-05-16 08:09:00,16.21052610110973
2026-05-16 08:10:00,16.21052610110973
2026-05-16 08:11:00,16.21052610110973
2026-05-16 08:12:00,16.21052610110973
2026-05-16 08:13:00,16.21052610110973
2026-05-16 08:14:00,16.21052610110973
2026-05-16 08:15:00,16.21052610110973
2026-05-16 08:16:00,16.21052610110973
2026-05-16 08:17:00,16.21052610110973
2026-05-16 08:18:00,16.21052610110973
2026-05-16 08:19:00,16.21052610110973
2026-05-16 08:20:00,16.21052610110973
2026-05-16 08:21:00,16.21052610110973
2026-05-16 08:22:00,16.21052610110973
2026-05-16 08:23:00,16.21052610110973
2026-05-16 08:24:00,16.21052610110973
2026-05-16 08:25:00,16.21052610110973
2026-05-16 08:26:00,16.21052610110973
2026-05-16 08:27:00,16.21052610110973
2026-05-16 08:28:00,16.21052610110973
2026-05-16 08:29:00,16.21052610110973
2026-05-16 08:30:00,16.21052610110973
2026-05-16 08:31:00,16.21052610110973
2026-05-16 08:32:00,16.21052610110973
2026-05-16 08:33:00,16.21052610110973
2026-05-16 08:34:00,16.21052610110973
2026-05-16 08:35:00,16.21052610110973
2026-05-16 08:36:00,16.21052610110973
2026-05-16 08:37:00,16.21052610110973
2026-05-16 08:38:00,16.21052610110973
2026-05-16 08:39:00,16.21052610110973
2026-05-16 08:40:00,16.21052610110973
2026-05-16 08:41:00,16.21052610110973
2026-05-16 08:42:00,16.21052610110973
2026-05-16 08:43:00,16.21052610110973
2026-05-16 08:44:00,16.21052610110973
2026-05-16 08:45:00,16.21052610110973
2026-05-16 08:46:00,16.21052610110973
2026-05-16 08:47:00,16.21052610110973
2026-05-16 08:48:00,16.21052610110973
2026-05-16 08:49:00,16.21052610110973
2026-05-16 08:50:00,16.21052610110973
2026-05-16 08:51:00,16.21052610110973
2026-05-16 08:52:00,16.21052610110973
2026-05-16 08:53:00,16.21052610110973
2026-05-16 08:54:00,16.21052610110973
2026-05-16 08:55:00,16.21052610110973
2026-05-16 08:56:00,16.21052610110973
2026-05-16 08:57:00,16.21052610110973
2026-05-16 08:58:00,16.21052610110973
2026-05-16 08:59:00,16.21052610110973
2026-05-16 09:00:00,16.21052610110973
2026-05-16 09:01:00,16.21052610110973
2026-05-16 09:02:00,16.21052610110973
2026-05-16 09:03:00,16.21052610110973
2026-05-16 09:04:00,16.21052610110973
2026-05-16 09:05:00,16.21052610110973
2026-05-16 09:06:00,16.21052610110973
2026-05-16 09:07:00,16.21052610110973
2026-05-16 09:08:00,16.21052610110973
2026-05-16 09:09:00,16.21052610110973
2026-05-16 09:10:00,16.21052610110973
2026-05-16 09:11:00,16.21052610110973
2026-05-16 09:12:00,16.21052610110973
2026-05-16 09:13:00,16.21052610110973
2026-05-16 09:14:00,16.21052610110973
2026-05-16 09:15:00,16.21052610110973
2026-05-16 09:16:00,16.21052610110973
2026-05-16 09:17:00,16.21052610110973
2026-05-16 09:18:00,16.21052610110973
2026-05-16 09:19:00,16.21052610110973
2026-05-16 09:20:00,16.21052610110973
2026-05-16 09:21:00,16.21052610110973
2026-05-16 09:22:00,16.21052610110973
2026-05-16 09:23:00,16.21052610110973
2026-05-16 09:24:00,16.21052610110973
2026-05-16 09:25:00,16.21052610110973
2026-05-16 09:26:00,16.21052610110973
2026-05-16 09:27:00,16.21052610110973
2026-05-16 09:28:00,16.21052610110973
2026-05-16 09:29:00,16.21052610110973
2026-05-16 09:30:00,16.21052610110973
2026-05-16 09:31:00,16.21052610110973
2026-05-16 09:32:00,16.21052610110973
2026-05-16 09:33:00,16.21052610110973
2026-05-16 09:34:00,16.21052610110973
2026-05-16 09:35:00,16.21052610110973
2026-05-16 09:36:00,16.21052610110973
2026-05-16 09:37:00,16.21052610110973
2026-05-16 09:38:00,16.21052610110973
2026-05-16 09:39:00,16.21052610110973
2026-05-16 09:40:00,16.21052610110973
2026-05-16 09:41:00,16.21052610110973
2026-05-16 09:42:00,16.21052610110973
2026-05-16 09:43:00,16.21052610110973
2026-05-16 09:44:00,16.21052610110973
2026-05-16 09:45:00,16.21052610110973
2026-05-16 09:46:00,16.21052610110973
2026-05-16 09:47:00,16.21052610110973
2026-05-16 09:48:00,16.21052610110973
2026-05-16 09:49:00,16.21052610110973
2026-05-16 09:50:00,16.21052610110973
2026-05-16 09:51:00,16.21052610110973
2026-05-16 09:52:00,16.21052610110973
2026-05-16 09:53:00,16.21052610110973
2026-05-16 09:54:00,16.21052610110973
2026-05-16 09:55:00,16.21052610110973
2026-05-16 09:56:00,16.21052610110973
2026-05-16 09:57:00,16.21052610110973
2026-05-16 09:58:00,16.21052610110973
2026-05-16 09:59:00,16.21052610110973
2026-05-16 10:00:00,16.21052610110973
2026-05-16 10:01:00,16.21052610110973
2026-05-16 10:02:00,16.21052610110973
2026-05-16 10:03:00,16.21052610110973
2026-05-16 10:04:00,16.21052610110973
2026-05-16 10:05:00,16.21052610110973
2026-05-16 10:06:00,16.21052610110973
2026-05-16 10:07:00,16.21052610110973
2026-05-16 10:08:00,16.21052610110973
2026-05-16 10:09:00,16.21052610110973
2026-05-16 10:10:00,16.21052610110973
2026-05-16 10:11:00,16.21052610110973
2026-05-16 10:12:00,16.21052610110973
2026-05-16 10:13:00,16.21052610110973
2026-05-16 10:14:00,16.21052610110973
2026-05-16 10:15:00,16.21052610110973
2026-05-16 10:16:00,16.21052610110973
2026-05-16 10:17:00,16.21052610110973
2026-05-16 10:18:00,16.21052610110973
2026-05-16 10:19:00,16.21052610110973
2026-05-16 10:20:00,16.21052610110973
2026-05-16 10:21:00,16.21052610110973
2026-05-16 10:22:00,16.21052610110973
2026-05-16 10:23:00,16.21052610110973
2026-05-16 10:24:00,16.21052610110973
2026-05-16 10:25:00,16.21052610110973
2026-05-16 10:26:00,16.21052610110973
2026-05-16 10:27:00,16.21052610110973
2026-05-16 10:28:00,16.21052610110973
2026-05-16 10:29:00,16.21052610110973
2026-05-16 10:30:00,16.21052610110973
2026-05-16 10:31:00,16.21052610110973
2026-05-16 10:32:00,16.21052610110973
2026-05-16 10:33:00,16.21052610110973
2026-05-16 10:34:00,16.21052610110973
2026-05-16 10:35:00,16.21052610110973
2026-05-16 10:36:00,16.21052610110973
2026-05-16 10:37:00,16.21052610110973
2026-05-16 10:38:00,16.21052610110973
2026-05-16 10:39:00,16.21052610110973
2026-05-16 10:40:00,16.21052610110973
2026-05-16 10:41:00,16.21052610110973
2026-05-16 10:42:00,16.21052610110973
2026-05-16 10:43:00,16.21052610110973
2026-05-16 10:44:00,16.21052610110973
2026-05-16 10:45:00,16.21052610110973
2026-05-16 10:46:00,16.21052610110973
2026-05-16 10:47:00,16.21052610110973
2026-05-16 10:48:00,16.21052610110973
2026-05-16 10:49:00,16.21052610110973
2026-05-16 10:50:00,16.21052610110973
2026-05-16 10:51:00,16.21052610110973
2026-05-16 10:52:00,16.21052610110973
2026-05-16 10:53:00,16.21052610110973
2026-05-16 10:54:00,16.21052610110973
2026-05-16 10:55:00,16.21052610110973
2026-05-16 10:56:00,16.21052610110973
2026-05-16 10:57:00,16.21052610110973
2026-05-16 10:58:00,16.21052610110973
2026-05-16 10:59:00,16.21052610110973
2026-05-16 11:00:00,16.21052610110973
2026-05-16 11:01:00,16.21052610110973
2026-05-16 11:02:00,16.21052610110973
2026-05-16 11:03:00,16.21052610110973
2026-05-16 11:04:00,16.21052610110973
2026-05-16 11:05:00,16.21052610110973
2026-05-16 11:06:00,16.21052610110973
2026-05-16 11:07:00,16.21052610110973
2026-05-16 11:08:00,16.21052610110973
2026-05-16 11:09:00,16.21052610110973
2026-05-16 11:10:00,16.21052610110973
2026-05-16 11:11:00,16.21052610110973
2026-05-16 11:12:00,16.21052610110973
2026-05-16 11:13:00,16.21052610110973
2026-05-16 11:14:00,16.21052610110973
2026-05-16 11:15:00,16.21052610110973
2026-05-16 11:16:00,16.21052610110973
2026-05-16 11:17:00,16.21052610110973
2026-05-16 11:18:00,16.21052610110973
2026-05-16 11:19:00,16.21052610110973
2026-05-16 11:20:00,16.21052610110973
2026-05-16 11:21:00,16.21052610110973
2026-05-16 11:22:00,16.21052610110973
2026-05-16 11:23:00,16.21052610110973
2026-05-16 11:24:00,16.21052610110973
2026-05-16 11:25:00,16.21052610110973
2026-05-16 11:26:00,16.21052610110973
2026-05-16 11:27:00,16.21052610110973
2026-05-16 11:28:00,16.21052610110973
2026-05-16 11:29:00,16.21052610110973
2026-05-16 11:30:00,16.21052610110973
2026-05-16 11:31:00,16.21052610110973
2026-05-16 11:32:00,16.21052610110973
2026-05-16 11:33:00,16.21052610110973
2026-05-16 11:34:00,16.21052610110973
2026-05-16 11:35:00,16.21052610110973
2026-05-16 11:36:00,16.21052610110973
2026-05-16 11:37:00,16.21052610110973
2026-05-16 11:38:00,16.21052610110973
2026-05-16 11:39:00,16.21052610110973
2026-05-16 11:40:00,16.21052610110973
2026-05-16 11:41:00,16.21052610110973
2026-05-16 11:42:00,16.21052610110973
2026-05-16 11:43:00,16.21052610110973
2026-05-16 11:44:00,16.21052610110973
2026-05-16 11:45:00,16.21052610110973
2026-05-16 11:46:00,16.21052610110973
2026-05-16 11:47:00,16.21052610110973
2026-05-16 11:48:00,16.21052610110973
2026-05-16 11:49:00,16.21052610110973
2026-05-16 11:50:00,16.21052610110973
2026-05-16 11:51:00,16.21052610110973
2026-05-16 11:52:00,16.21052610110973
2026-05-16 11:53:00,16.21052610110973
2026-05-16 11:54:00,16.21052610110973
2026-05-16 11:55:00,16.21052610110973
2026-05-16 11:56:00,16.21052610110973
2026-05-16 11:57:00,16.21052610110973
2026-05-16 11:58:00,16.21052610110973
2026-05-16 11:59:00,16.21052610110973
2026-05-16 12:00:00,16.21052610110973
2026-05-16 12:01:00,16.21052610110973
2026-05-16 12:02:00,16.21052610110973
2026-05-16 12:03:00,16.21052610110973
2026-05-16 12:04:00,16.21052610110973
2026-05-16 12:05:00,16.21052610110973
2026-05-16 12:06:00,16.21052610110973
2026-05-16 12:07:00,16.21052610110973
2026-05-16 12:08:00,16.21052610110973
2026-05-16 12:09:00,16.21052610110973
2026-05-16 12:10:00,16.21052610110973
2026-05-16 12:11:00,16.21052610110973
2026-05-16 12:12:00,16.21052610110973
2026-05-16 12:13:00,16.21052610110973
2026-05-16 12:14:00,16.21052610110973
2026-05-16 12:15:00,16.21052610110973
2026-05-16 12:16:00,16.21052610110973
2026-05-16 12:17:00,16.21052610110973
2026-05-16 12:18:00,16.21052610110973
2026-05-16 12:19:00,16.21052610110973
2026-05-16 12:20:00,16.21052610110973
2026-05-16 12:21:00,16.21052610110973
2026-05-16 12:22:00,16.21052610110973
2026-05-16 12:23:00,16.21052610110973
2026-05-16 12:24:00,16.21052610110973
2026-05-16 12:25:00,16.21052610110973
2026-05-16 12:26:00,16.21052610110973
2026-05-16 12:27:00,16.21052610110973
2026-05-16 12:28:00,16.21052610110973
2026-05-16 12:29:00,16.21052610110973
2026-05-16 12:30:00,16.21052610110973
2026-05-16 12:31:00,16.21052610110973
2026-05-16 12:32:00,16.21052610110973
2026-05-16 12:33:00,16.21052610110973
2026-05-16 12:34:00,16.21052610110973
2026-05-16 12:35:00,16.21052610110973
2026-05-16 12:36:00,16.21052610110973
2026-05-16 12:37:00,16.21052610110973
2026-05-16 12:38:00,16.21052610110973
2026-05-16 12:39:00,16.21052610110973
2026-05-16 12:40:00,16.21052610110973
2026-05-16 12:41:00,16.21052610110973
2026-05-16 12:42:00,16.21052610110973
2026-05-16 12:43:00,16.21052610110973
2026-05-16 12:44:00,16.21052610110973
2026-05-16 12:45:00,16.21052610110973
2026-05-16 12:46:00,16.21052610110973
2026-05-16 12:47:00,16.21052610110973
2026-05-16 12:48:00,16.21052610110973
2026-05-16 12:49:00,16.21052610110973
2026-05-16 12:50:00,16.21052610110973
2026-05-16 12:51:00,16.21052610110973
2026-05-16 12:52:00,16.21052610110973
2026-05-16 12:53:00,16.21052610110973
2026-05-16 12:54:00,16.21052610110973
2026-05-16 12:55:00,16.21052610110973
2026-05-16 12:56:00,16.21052610110973
2026-05-16 12:57:00,16.21052610110973
2026-05-16 12:58:00,16.21052610110973
2026-05-16 12:59:00,16.21052610110973
2026-05-16 13:00:00,16.21052610110973
2026-05-16 13:01:00,16.21052610110973
2026-05-16 13:02:00,16.21052610110973
2026-05-16 13:03:00,16.21052610110973
2026-05-16 13:04:00,16.21052610110973
2026-05-16 13:05:00,16.21052610110973
2026-05-16 13:06:00,16.21052610110973
2026-05-16 13:07:00,16.21052610110973
2026-05-16 13:08:00,16.21052610110973
2026-05-16 13:09:00,16.21052610110973
2026-05-16 13:10:00,16.21052610110973
2026-05-16 13:11:00,16.21052610110973
2026-05-16 13:12:00,16.21052610110973
2026-05-16 13:13:00,16.21052610110973
2026-05-16 13:14:00,16.21052610110973
2026-05-16 13:15:00,16.21052610110973
2026-05-16 13:16:00,16.21052610110973
2026-05-16 13:17:00,16.21052610110973
2026-05-16 13:18:00,16.21052610110973
2026-05-16 13:19:00,16.21052610110973
2026-05-16 13:20:00,16.21052610110973
2026-05-16 13:21:00,16.21052610110973
2026-05-16 13:22:00,16.21052610110973
2026-05-16 13:23:00,16.21052610110973
2026-05-16 13:24:00,16.21052610110973
2026-05-16 13:25:00,16.21052610110973
2026-05-16 13:26:00,16.21052610110973
2026-05-16 13:27:00,16.21052610110973
2026-05-16 13:28:00,16.21052610110973
2026-05-16 13:29:00,16.21052610110973
2026-05-16 13:30:00,16.21052610110973
2026-05-16 13:31:00,16.21052610110973
2026-05-16 13:32:00,16.21052610110973
2026-05-16 13:33:00,16.21052610110973
2026-05-16 13:34:00,16.21052610110973
2026-05-16 13:35:00,16.21052610110973
2026-05-16 13:36:00,16.21052610110973
2026-05-16 13:37:00,16.21052610110973
2026-05-16 13:38:00,16.21052610110973
2026-05-16 13:39:00,16.21052610110973
2026-05-16 13:40:00,16.21052610110973
2026-05-16 13:41:00,16.21052610110973
2026-05-16 13:42:00,16.21052610110973
2026-05-16 13:43:00,16.21052610110973
2026-05-16 13:44:00,16.21052610110973
2026-05-16 13:45:00,16.21052610110973
2026-05-16 13:46:00,16.21052610110973
2026-05-16 13:47:00,16.21052610110973
2026-05-16 13:48:00,16.21052610110973
2026-05-16 13:49:00,16.21052610110973
2026-05-16 13:50:00,16.21052610110973
2026-05-16 13:51:00,16.21052610110973
2026-05-16 13:52:00,16.21052610110973
2026-05-16 13:53:00,16.21052610110973
2026-05-16 13:54:00,16.21052610110973
2026-05-16 13:55:00,16.21052610110973
2026-05-16 13:56:00,16.21052610110973
2026-05-16 13:57:00,16.21052610110973
2026-05-16 13:58:00,16.21052610110973
2026-05-16 13:59:00,16.21052610110973
2026-05-16 14:00:00,16.21052610110973
2026-05-16 14:01:00,16.21052610110973
2026-05-16 14:02:00,16.21052610110973
2026-05-16 14:03:00,16.21052610110973
2026-05-16 14:04:00,16.21052610110973
2026-05-16 14:05:00,16.21052610110973
2026-05-16 14:06:00,16.21052610110973
2026-05-16 14:07:00,16.21052610110973
2026-05-16 14:08:00,16.21052610110973
2026-05-16 14:09:00,16.21052610110973
2026-05-16 14:10:00,16.21052610110973
2026-05-16 14:11:00,16.21052610110973
