time,H2_pred
2026-05-02 10:03:00+00:00,0.0
2026-05-02 10:04:00+00:00,2.636184821659264
2026-05-02 10:05:00+00:00,0.335871355934315
2026-05-02 10:06:00+00:00,1.131617538649877
2026-05-02 10:07:00+00:00,0.0246012251589427
2026-05-02 10:08:00+00:00,0.0
2026-05-02 10:09:00+00:00,0.0
2026-05-02 10:10:00+00:00,0.5281631725472231
2026-05-02 10:11:00+00:00,0.0
2026-05-02 10:12:00+00:00,1.055942091883063
2026-05-02 10:13:00+00:00,3.111289844915983
2026-05-02 10:14:00+00:00,1.758140182314747
2026-05-02 10:15:00+00:00,0.0
2026-05-02 10:16:00+00:00,2.3426750556291727
2026-05-02 10:17:00+00:00,2.1927791434257973
2026-05-02 10:18:00+00:00,0.0
2026-05-02 10:19:00+00:00,1.470009186975608
2026-05-02 10:20:00+00:00,0.0
2026-05-02 10:21:00+00:00,0.0
2026-05-02 10:22:00+00:00,0.0
2026-05-02 10:23:00+00:00,1.5490469417812582
2026-05-02 10:24:00+00:00,0.0
2026-05-02 10:25:00+00:00,0.0
2026-05-02 10:26:00+00:00,2.7306407500831957
2026-05-02 10:27:00+00:00,0.0
2026-05-02 10:28:00+00:00,0.0
2026-05-02 10:29:00+00:00,1.2785022476612753
2026-05-02 10:30:00+00:00,2.148847602589566
2026-05-02 10:31:00+00:00,0.0
2026-05-02 10:32:00+00:00,1.5276105296151286
2026-05-02 10:33:00+00:00,2.5032183174154845
2026-05-02 10:34:00+00:00,1.6504765959209322
2026-05-02 10:35:00+00:00,0.9323294300724788
2026-05-02 10:36:00+00:00,0.3458056195729614
2026-05-02 10:37:00+00:00,1.5603388893042938
2026-05-02 10:38:00+00:00,0.0
2026-05-02 10:39:00+00:00,0.0
2026-05-02 10:40:00+00:00,1.3903734087957533
2026-05-02 10:41:00+00:00,0.0
2026-05-02 10:42:00+00:00,0.0
2026-05-02 10:43:00+00:00,2.8621286297309725
2026-05-02 10:44:00+00:00,2.67859889663176
2026-05-02 10:45:00+00:00,0.26206124544814013
2026-05-02 10:46:00+00:00,1.4975210938922348
2026-05-02 10:47:00+00:00,0.0
2026-05-02 10:48:00+00:00,2.57505621743139
2026-05-02 10:49:00+00:00,2.7632594257227705
2026-05-02 10:50:00+00:00,2.996635595305041
2026-05-02 10:51:00+00:00,1.5161372009374412
2026-05-02 10:52:00+00:00,2.8465467525228596
2026-05-02 10:53:00+00:00,0.0
2026-05-02 10:54:00+00:00,2.143068869588329
2026-05-02 10:55:00+00:00,1.0667409351433683
2026-05-02 10:56:00+00:00,2.9781307775366077
2026-05-02 10:57:00+00:00,0.3060456867179814
2026-05-02 10:58:00+00:00,1.7253011910949798
2026-05-02 10:59:00+00:00,0.0
2026-05-02 11:00:00+00:00,0.06148366865535844
2026-05-02 11:01:00+00:00,0.0
2026-05-02 11:02:00+00:00,1.9525244056224822
2026-05-02 11:03:00+00:00,3.071335244562767
2026-05-02 11:04:00+00:00,1.9705789744162505
2026-05-02 11:05:00+00:00,1.7429255963653367
2026-05-02 11:06:00+00:00,0.0
2026-05-02 11:07:00+00:00,2.48925668363634
2026-05-02 11:08:00+00:00,1.9214755713012548
2026-05-02 11:09:00+00:00,0.965602635367549
2026-05-02 11:10:00+00:00,0.3902864759376743
2026-05-02 11:11:00+00:00,0.4606706431299691
2026-05-02 11:12:00+00:00,0.0
2026-05-02 11:13:00+00:00,2.1719307830543357
2026-05-02 11:14:00+00:00,0.42170208609835813
2026-05-02 11:15:00+00:00,0.0
2026-05-02 11:16:00+00:00,2.37839273390905
2026-05-02 11:17:00+00:00,0.0
2026-05-02 11:18:00+00:00,1.4629396409407744
2026-05-02 11:19:00+00:00,0.48378958954252727
2026-05-02 11:20:00+00:00,0.4103065404845017
2026-05-02 11:21:00+00:00,2.7035506168946584
2026-05-02 11:22:00+00:00,0.043564566566686495
2026-05-02 11:23:00+00:00,2.583681468467059
2026-05-02 11:24:00+00:00,2.89373302384117
2026-05-02 11:25:00+00:00,2.593486773812756
2026-05-02 11:26:00+00:00,2.258909713532573
2026-05-02 11:27:00+00:00,0.0
2026-05-02 11:28:00+00:00,2.5537922386204657
2026-05-02 11:29:00+00:00,1.6730770778452568
2026-05-02 11:30:00+00:00,2.289710170825024
2026-05-02 11:31:00+00:00,0.0
2026-05-02 11:32:00+00:00,0.0
2026-05-02 11:33:00+00:00,0.8169778694530749
2026-05-02 11:34:00+00:00,2.5650283559992078
2026-05-02 11:35:00+00:00,0.9727312616545912
2026-05-02 11:36:00+00:00,0.6172099585635754
2026-05-02 11:37:00+00:00,2.4605520444858686
2026-05-02 11:38:00+00:00,0.0
2026-05-02 11:39:00+00:00,2.982016746432412
2026-05-02 11:40:00+00:00,0.8739540475802579
2026-05-02 11:41:00+00:00,1.9732117964137388
2026-05-02 11:42:00+00:00,2.21038449942265
2026-05-02 11:43:00+00:00,0.9451017457625567
2026-05-02 11:44:00+00:00,1.3802981930957223
2026-05-02 11:45:00+00:00,0.9762231587839776
2026-05-02 11:46:00+00:00,2.485608399436343
2026-05-02 11:47:00+00:00,0.7180046343097701
2026-05-02 11:48:00+00:00,0.5474442263610778
2026-05-02 11:49:00+00:00,0.2028560079458446
2026-05-02 11:50:00+00:00,2.927757645748019
2026-05-02 11:51:00+00:00,2.255162301173777
2026-05-02 11:52:00+00:00,1.6675652894535715
2026-05-02 11:53:00+00:00,0.0
2026-05-02 11:54:00+00:00,3.057778612717238
2026-05-02 11:55:00+00:00,0.0
2026-05-02 11:56:00+00:00,0.5686017867525919
2026-05-02 11:57:00+00:00,0.0
2026-05-02 11:58:00+00:00,0.0
2026-05-02 11:59:00+00:00,2.8633219601729474
2026-05-02 12:00:00+00:00,0.011158616442209472
2026-05-02 12:01:00+00:00,0.0
2026-05-02 12:02:00+00:00,0.0
2026-05-02 12:03:00+00:00,1.6029887155016416
2026-05-02 12:04:00+00:00,2.783385573541804
2026-05-02 12:05:00+00:00,0.0
2026-05-02 12:06:00+00:00,0.7602154676722584
2026-05-02 12:07:00+00:00,0.6489394014073352
2026-05-02 12:08:00+00:00,0.9065555011239906
2026-05-02 12:09:00+00:00,1.3850524390987555
2026-05-02 12:10:00+00:00,2.006951044895424
2026-05-02 12:11:00+00:00,0.0
2026-05-02 12:12:00+00:00,0.0
2026-05-02 12:13:00+00:00,3.143462381463742
2026-05-02 12:14:00+00:00,1.338019404271227
2026-05-02 12:15:00+00:00,2.5981715808503694
2026-05-02 12:16:00+00:00,2.8530752442071448
2026-05-02 12:17:00+00:00,2.575592403245691
2026-05-02 12:18:00+00:00,1.5173296372173524
2026-05-02 12:19:00+00:00,1.3824667032310316
2026-05-02 12:20:00+00:00,1.278698762182655
2026-05-02 12:21:00+00:00,0.0
2026-05-02 12:22:00+00:00,0.7453378326805932
2026-05-02 12:23:00+00:00,3.038068924198205
2026-05-02 12:24:00+00:00,0.0
2026-05-02 12:25:00+00:00,0.0
2026-05-02 12:26:00+00:00,1.0327078235299063
2026-05-02 12:27:00+00:00,0.226333956338421
2026-05-02 12:28:00+00:00,2.203496070348914
2026-05-02 12:29:00+00:00,2.208389401323513
2026-05-02 12:30:00+00:00,2.8835414174872622
2026-05-02 12:31:00+00:00,2.813441713608237
2026-05-02 12:32:00+00:00,2.735354858911117
2026-05-02 12:33:00+00:00,0.0
2026-05-02 12:34:00+00:00,2.966126828189921
2026-05-02 12:35:00+00:00,0.0
2026-05-02 12:36:00+00:00,0.0
2026-05-02 12:37:00+00:00,1.5244561358199804
2026-05-02 12:38:00+00:00,1.2925406997744158
2026-05-02 12:39:00+00:00,3.082858540454817
2026-05-02 12:40:00+00:00,0.0
2026-05-02 12:41:00+00:00,1.012863184643395
2026-05-02 12:42:00+00:00,2.568183145349656
2026-05-02 12:43:00+00:00,2.4272650712858637
2026-05-02 12:44:00+00:00,0.0
2026-05-02 12:45:00+00:00,0.0
2026-05-02 12:46:00+00:00,2.075324931207913
2026-05-02 12:47:00+00:00,0.0
2026-05-02 12:48:00+00:00,2.3340216699805336
2026-05-02 12:49:00+00:00,0.8775367867756929
2026-05-02 12:50:00+00:00,1.803593389704764
2026-05-02 12:51:00+00:00,1.2782124654580125
2026-05-02 12:52:00+00:00,0.0
2026-05-02 12:53:00+00:00,0.0
2026-05-02 12:54:00+00:00,0.365625772453036
2026-05-02 12:55:00+00:00,0.0
2026-05-02 12:56:00+00:00,0.0
2026-05-02 12:57:00+00:00,2.384467985373502
2026-05-02 12:58:00+00:00,0.0
2026-05-02 12:59:00+00:00,0.8072553147083057
2026-05-02 13:00:00+00:00,1.8111958826987091
2026-05-02 13:01:00+00:00,0.0
2026-05-02 13:02:00+00:00,1.7861681757470953
2026-05-02 13:03:00+00:00,2.9805500897764268
2026-05-02 13:04:00+00:00,0.0
2026-05-02 13:05:00+00:00,0.2728509674972126
2026-05-02 13:06:00+00:00,1.9539992554277352
2026-05-02 13:07:00+00:00,0.5003312871737128
2026-05-02 13:08:00+00:00,0.06641583608111673
2026-05-02 13:09:00+00:00,2.3572001921346843
2026-05-02 13:10:00+00:00,0.0
2026-05-02 13:11:00+00:00,1.363225236782002
2026-05-02 13:12:00+00:00,0.4730143828547323
2026-05-02 13:13:00+00:00,2.9720932090541634
2026-05-02 13:14:00+00:00,0.545428832524356
2026-05-02 13:15:00+00:00,0.1218016793661538
2026-05-02 13:16:00+00:00,0.0
2026-05-02 13:17:00+00:00,1.9983277205493084
2026-05-02 13:18:00+00:00,0.0
2026-05-02 13:19:00+00:00,1.6055040844744046
2026-05-02 13:20:00+00:00,2.44919341497488
2026-05-02 13:21:00+00:00,0.0
2026-05-02 13:22:00+00:00,1.4593638692394075
2026-05-02 13:23:00+00:00,0.0
2026-05-02 13:24:00+00:00,0.870892253969326
2026-05-02 13:25:00+00:00,0.0
2026-05-02 13:26:00+00:00,2.8269740082426478
2026-05-02 13:27:00+00:00,2.2171771311357182
2026-05-02 13:28:00+00:00,2.400093525486952
2026-05-02 13:29:00+00:00,1.5227569611396636
2026-05-02 13:30:00+00:00,1.1195312575068828
2026-05-02 13:31:00+00:00,2.893994936484358
2026-05-02 13:32:00+00:00,0.0
2026-05-02 13:33:00+00:00,0.0
2026-05-02 13:34:00+00:00,0.0
2026-05-02 13:35:00+00:00,2.9768289343693897
2026-05-02 13:36:00+00:00,0.0
2026-05-02 13:37:00+00:00,1.0697802151223992
2026-05-02 13:38:00+00:00,0.0
2026-05-02 13:39:00+00:00,0.0
2026-05-02 13:40:00+00:00,1.350083548013063
2026-05-02 13:41:00+00:00,1.4289243173423134
2026-05-02 13:42:00+00:00,2.239767995722724
2026-05-02 13:43:00+00:00,0.9067459404595156
2026-05-02 13:44:00+00:00,2.214795654154191
2026-05-02 13:45:00+00:00,0.0
2026-05-02 13:46:00+00:00,1.1852859148554464
2026-05-02 13:47:00+00:00,0.0
2026-05-02 13:48:00+00:00,2.837333285961353
2026-05-02 13:49:00+00:00,1.7553385833776618
2026-05-02 13:50:00+00:00,0.0
2026-05-02 13:51:00+00:00,2.1620232785510165
2026-05-02 13:52:00+00:00,0.0
2026-05-02 13:53:00+00:00,3.059027073173963
2026-05-02 13:54:00+00:00,0.4142923884112282
2026-05-02 13:55:00+00:00,0.0
2026-05-02 13:56:00+00:00,1.5389795479814794
2026-05-02 13:57:00+00:00,1.9320270717231414
2026-05-02 13:58:00+00:00,0.0
2026-05-02 13:59:00+00:00,0.5564637118994369
2026-05-02 14:00:00+00:00,1.9047379394957489
2026-05-02 14:01:00+00:00,0.32740350109177474
2026-05-02 14:02:00+00:00,2.143634824081158
2026-05-02 14:03:00+00:00,0.0
2026-05-02 14:04:00+00:00,0.0
2026-05-02 14:05:00+00:00,0.83247884157962
2026-05-02 14:06:00+00:00,2.489379648297509
2026-05-02 14:07:00+00:00,0.0
2026-05-02 14:08:00+00:00,0.0
2026-05-02 14:09:00+00:00,1.7628785062613752
2026-05-02 14:10:00+00:00,2.273187278162778
2026-05-02 14:11:00+00:00,2.417382393258835
2026-05-02 14:12:00+00:00,0.040135840502430374
2026-05-02 14:13:00+00:00,0.0
2026-05-02 14:14:00+00:00,0.41523860448986283
2026-05-02 14:15:00+00:00,0.5079948590600661
2026-05-02 14:16:00+00:00,1.62330656485961
2026-05-02 14:17:00+00:00,1.4629955214705221
2026-05-02 14:18:00+00:00,2.3207398574877334
2026-05-02 14:19:00+00:00,0.2633057287119248
2026-05-02 14:20:00+00:00,2.698055746045824
2026-05-02 14:21:00+00:00,2.111648926875178
2026-05-02 14:22:00+00:00,1.9132489478660695
2026-05-02 14:23:00+00:00,0.0
2026-05-02 14:24:00+00:00,0.9677854782463656
2026-05-02 14:25:00+00:00,0.8576108904740433
2026-05-02 14:26:00+00:00,0.39136336608880734
2026-05-02 14:27:00+00:00,1.3152822160724822
2026-05-02 14:28:00+00:00,0.0
2026-05-02 14:29:00+00:00,0.0
2026-05-02 14:30:00+00:00,1.1674814053256586
2026-05-02 14:31:00+00:00,0.9933235416800391
2026-05-02 14:32:00+00:00,2.030237745010789
2026-05-02 14:33:00+00:00,0.440086435010818
2026-05-02 14:34:00+00:00,2.922046134883694
2026-05-02 14:35:00+00:00,0.0426170449054025
2026-05-02 14:36:00+00:00,1.1686068992003875
2026-05-02 14:37:00+00:00,0.1699700885461087
2026-05-02 14:38:00+00:00,1.8308722138439248
2026-05-02 14:39:00+00:00,1.0520869198780058
2026-05-02 14:40:00+00:00,0.0
2026-05-02 14:41:00+00:00,0.3865562376298017
2026-05-02 14:42:00+00:00,1.907784687692924
2026-05-02 14:43:00+00:00,2.3985714137038436
2026-05-02 14:44:00+00:00,2.2808091207473913
2026-05-02 14:45:00+00:00,0.0282499018317219
2026-05-02 14:46:00+00:00,0.0
2026-05-02 14:47:00+00:00,2.979729831195737
2026-05-02 14:48:00+00:00,2.095005654799026
2026-05-02 14:49:00+00:00,0.3198899430690279
2026-05-02 14:50:00+00:00,2.3271093051996137
2026-05-02 14:51:00+00:00,0.0
2026-05-02 14:52:00+00:00,0.0
2026-05-02 14:53:00+00:00,0.0
2026-05-02 14:54:00+00:00,1.497323594945526
2026-05-02 14:55:00+00:00,1.5573470602410258
2026-05-02 14:56:00+00:00,3.158254184777582
2026-05-02 14:57:00+00:00,1.946516959216184
2026-05-02 14:58:00+00:00,0.0
2026-05-02 14:59:00+00:00,0.0
2026-05-02 15:00:00+00:00,0.6395551343997029
2026-05-02 15:01:00+00:00,2.261667046834994
2026-05-02 15:02:00+00:00,3.232249517200356
2026-05-02 15:03:00+00:00,0.8942196727621277
2026-05-02 15:04:00+00:00,0.8159661298029742
2026-05-02 15:05:00+00:00,0.3587212571120498
2026-05-02 15:06:00+00:00,2.102762259956801
2026-05-02 15:07:00+00:00,0.0
2026-05-02 15:08:00+00:00,0.993475919724536
2026-05-02 15:09:00+00:00,0.0
2026-05-02 15:10:00+00:00,0.4347366620308215
2026-05-02 15:11:00+00:00,1.4202141964101966
2026-05-02 15:12:00+00:00,1.911326861464153
2026-05-02 15:13:00+00:00,0.3222828610270229
2026-05-02 15:14:00+00:00,0.481354703650289
2026-05-02 15:15:00+00:00,2.87321007636484
2026-05-02 15:16:00+00:00,0.9301860528187362
2026-05-02 15:17:00+00:00,2.99649287650588
2026-05-02 15:18:00+00:00,1.4216264648297512
2026-05-02 15:19:00+00:00,0.0
2026-05-02 15:20:00+00:00,0.0
2026-05-02 15:21:00+00:00,0.8114939895284732
2026-05-02 15:22:00+00:00,0.44903214601279007
2026-05-02 15:23:00+00:00,0.0
2026-05-02 15:24:00+00:00,0.0
2026-05-02 15:25:00+00:00,0.8995744459922588
2026-05-02 15:26:00+00:00,0.0
2026-05-02 15:27:00+00:00,1.7906855126354695
2026-05-02 15:28:00+00:00,2.544384140279236
2026-05-02 15:29:00+00:00,2.1501347171979783
2026-05-02 15:30:00+00:00,1.31396438984232
2026-05-02 15:31:00+00:00,3.174209108929757
2026-05-02 15:32:00+00:00,0.0
2026-05-02 15:33:00+00:00,2.1060665558889835
2026-05-02 15:34:00+00:00,1.4163401666854425
2026-05-02 15:35:00+00:00,1.9501326951474107
2026-05-02 15:36:00+00:00,1.6782727464609837
2026-05-02 15:37:00+00:00,0.0
2026-05-02 15:38:00+00:00,1.9965205135148805
2026-05-02 15:39:00+00:00,0.6279039894587514
2026-05-02 15:40:00+00:00,0.7828695291078639
2026-05-02 15:41:00+00:00,1.992708503483416
2026-05-02 15:42:00+00:00,0.4729226627101444
2026-05-02 15:43:00+00:00,0.46420013276564
2026-05-02 15:44:00+00:00,2.1805673878713487
2026-05-02 15:45:00+00:00,0.0
2026-05-02 15:46:00+00:00,0.0
2026-05-02 15:47:00+00:00,0.6910325534926829
2026-05-02 15:48:00+00:00,0.0
2026-05-02 15:49:00+00:00,2.115960856990203
2026-05-02 15:50:00+00:00,0.013984335493474219
2026-05-02 15:51:00+00:00,1.4622153424892943
2026-05-02 15:52:00+00:00,2.301332371875088
2026-05-02 15:53:00+00:00,0.0
2026-05-02 15:54:00+00:00,0.37790787375319684
2026-05-02 15:55:00+00:00,0.3364029919397392
2026-05-02 15:56:00+00:00,0.0
2026-05-02 15:57:00+00:00,1.1189578067839137
2026-05-02 15:58:00+00:00,3.095254420659605
2026-05-02 15:59:00+00:00,0.6158643592601141
2026-05-02 16:00:00+00:00,0.0
2026-05-02 16:01:00+00:00,0.7282590522842379
2026-05-02 16:02:00+00:00,0.8652394259419304
2026-05-02 16:03:00+00:00,1.8319782582501654
2026-05-02 16:04:00+00:00,0.0
2026-05-02 16:05:00+00:00,1.6101906222760225
2026-05-02 16:06:00+00:00,1.4931177444309771
2026-05-02 16:07:00+00:00,0.6500517485607477
2026-05-02 16:08:00+00:00,0.0
2026-05-02 16:09:00+00:00,0.9473896989671188
2026-05-02 16:10:00+00:00,0.0
2026-05-02 16:11:00+00:00,2.2627838151730373
2026-05-02 16:12:00+00:00,0.7210414515252154
2026-05-02 16:13:00+00:00,3.054096823126576
2026-05-02 16:14:00+00:00,1.948951576717152
2026-05-02 16:15:00+00:00,1.7763070006538992
2026-05-02 16:16:00+00:00,0.0154870500024128
2026-05-02 16:17:00+00:00,0.0
2026-05-02 16:18:00+00:00,1.7490727362518994
2026-05-02 16:19:00+00:00,0.0
2026-05-02 16:20:00+00:00,3.1025669633378024
2026-05-02 16:21:00+00:00,0.0
2026-05-02 16:22:00+00:00,1.0897800498997277
2026-05-02 16:23:00+00:00,0.0
2026-05-02 16:24:00+00:00,0.0
2026-05-02 16:25:00+00:00,0.9832556136772068
2026-05-02 16:26:00+00:00,0.9902035954590922
2026-05-02 16:27:00+00:00,0.0
2026-05-02 16:28:00+00:00,3.0473648754656453
2026-05-02 16:29:00+00:00,0.03308496617585875
2026-05-02 16:30:00+00:00,0.0
2026-05-02 16:31:00+00:00,0.0
2026-05-02 16:32:00+00:00,0.0
2026-05-02 16:33:00+00:00,2.6310778774706023
2026-05-02 16:34:00+00:00,0.0
2026-05-02 16:35:00+00:00,0.5260768386932634
2026-05-02 16:36:00+00:00,0.0
2026-05-02 16:37:00+00:00,2.92376049237054
2026-05-02 16:38:00+00:00,0.7892685342336122
2026-05-02 16:39:00+00:00,0.0
2026-05-02 16:40:00+00:00,0.0
2026-05-02 16:41:00+00:00,0.17978364035956784
2026-05-02 16:42:00+00:00,0.078353703238839
2026-05-02 16:43:00+00:00,2.959211736125871
2026-05-02 16:44:00+00:00,2.3844052907598416
2026-05-02 16:45:00+00:00,2.529159616026544
2026-05-02 16:46:00+00:00,0.0
2026-05-02 16:47:00+00:00,0.3222684156403304
2026-05-02 16:48:00+00:00,1.194135381534343
2026-05-02 16:49:00+00:00,2.7040862433991264
2026-05-02 16:50:00+00:00,2.788402120491692
2026-05-02 16:51:00+00:00,0.0
2026-05-02 16:52:00+00:00,0.19713452103848886
2026-05-02 16:53:00+00:00,3.08829040330048
2026-05-02 16:54:00+00:00,1.5412906487928064
2026-05-02 16:55:00+00:00,1.5771925303920276
2026-05-02 16:56:00+00:00,0.4258832762127729
2026-05-02 16:57:00+00:00,0.0
2026-05-02 16:58:00+00:00,2.9415039312645086
2026-05-02 16:59:00+00:00,2.5714098997130583
2026-05-02 17:00:00+00:00,0.2830449183627275
2026-05-02 17:01:00+00:00,0.0
2026-05-02 17:02:00+00:00,0.0
2026-05-02 17:03:00+00:00,0.8352139723577906
2026-05-02 17:04:00+00:00,1.867007558278504
2026-05-02 17:05:00+00:00,0.1816770678612226
2026-05-02 17:06:00+00:00,0.8095559590976058
2026-05-02 17:07:00+00:00,0.7703018030009383
2026-05-02 17:08:00+00:00,0.2742095797176344
2026-05-02 17:09:00+00:00,2.222627581396666
2026-05-02 17:10:00+00:00,2.067195257256284
2026-05-02 17:11:00+00:00,2.659243178715203
2026-05-02 17:12:00+00:00,3.012784879092669
2026-05-02 17:13:00+00:00,0.369304296898275
2026-05-02 17:14:00+00:00,1.902276864734071
2026-05-02 17:15:00+00:00,1.3267424735971567
2026-05-02 17:16:00+00:00,0.0
2026-05-02 17:17:00+00:00,3.0302217859392995
2026-05-02 17:18:00+00:00,0.0
2026-05-02 17:19:00+00:00,0.5462468845987254
2026-05-02 17:20:00+00:00,0.0
2026-05-02 17:21:00+00:00,0.0
2026-05-02 17:22:00+00:00,0.0
2026-05-02 17:23:00+00:00,1.5428221970264464
2026-05-02 17:24:00+00:00,0.0
2026-05-02 17:25:00+00:00,2.328397742298977
2026-05-02 17:26:00+00:00,1.1817657874170957
2026-05-02 17:27:00+00:00,0.0
2026-05-02 17:28:00+00:00,0.0
2026-05-02 17:29:00+00:00,2.5222572394307265
2026-05-02 17:30:00+00:00,2.037114696086063
2026-05-02 17:31:00+00:00,3.0403327916844267
2026-05-02 17:32:00+00:00,1.4139206170537255
2026-05-02 17:33:00+00:00,1.6400058427080906
2026-05-02 17:34:00+00:00,0.0
2026-05-02 17:35:00+00:00,2.7076609478400337
2026-05-02 17:36:00+00:00,2.45684652882731
2026-05-02 17:37:00+00:00,2.570008573093023
2026-05-02 17:38:00+00:00,1.0963684488029946
2026-05-02 17:39:00+00:00,2.9225752523306
2026-05-02 17:40:00+00:00,1.7111845478467191
2026-05-02 17:41:00+00:00,0.0
2026-05-02 17:42:00+00:00,0.76724099646484
2026-05-02 17:43:00+00:00,1.9915753042738813
2026-05-02 17:44:00+00:00,2.1473713104521113
2026-05-02 17:45:00+00:00,2.382580290783802
2026-05-02 17:46:00+00:00,1.8711820442328184
2026-05-02 17:47:00+00:00,0.0
2026-05-02 17:48:00+00:00,2.3996031474230497
2026-05-02 17:49:00+00:00,1.066626862305401
2026-05-02 17:50:00+00:00,1.622795701177551
2026-05-02 17:51:00+00:00,1.1982686429351392
2026-05-02 17:52:00+00:00,2.2294150273834266
2026-05-02 17:53:00+00:00,2.886578346722025
2026-05-02 17:54:00+00:00,1.4564860372956607
2026-05-02 17:55:00+00:00,2.9209951961805616
2026-05-02 17:56:00+00:00,0.0
2026-05-02 17:57:00+00:00,0.0
2026-05-02 17:58:00+00:00,2.4794723988039395
2026-05-02 17:59:00+00:00,2.8093714857635548
2026-05-02 18:00:00+00:00,1.6005695560547857
2026-05-02 18:01:00+00:00,2.7167354289115115
2026-05-02 18:02:00+00:00,2.909154617938835
2026-05-02 18:03:00+00:00,0.0
2026-05-02 18:04:00+00:00,0.0
2026-05-02 18:05:00+00:00,3.005526380694838
2026-05-02 18:06:00+00:00,0.0
2026-05-02 18:07:00+00:00,1.9687469812478309
2026-05-02 18:08:00+00:00,0.0
2026-05-02 18:09:00+00:00,2.5701542052246915
2026-05-02 18:10:00+00:00,1.9098290170106855
2026-05-02 18:11:00+00:00,2.9574601297708494
2026-05-02 18:12:00+00:00,1.929231377750687
2026-05-02 18:13:00+00:00,1.01780141293089
2026-05-02 18:14:00+00:00,2.318730402727746
2026-05-02 18:15:00+00:00,0.0
2026-05-02 18:16:00+00:00,2.7696197898702692
2026-05-02 18:17:00+00:00,0.5114231781904516
2026-05-02 18:18:00+00:00,0.0
2026-05-02 18:19:00+00:00,3.195606212364802
2026-05-02 18:20:00+00:00,0.7345406612062847
2026-05-02 18:21:00+00:00,0.0
2026-05-02 18:22:00+00:00,0.0
2026-05-02 18:23:00+00:00,0.0
2026-05-02 18:24:00+00:00,2.5455665071452747
2026-05-02 18:25:00+00:00,3.1159054974698295
2026-05-02 18:26:00+00:00,0.0
2026-05-02 18:27:00+00:00,1.1523243182167973
2026-05-02 18:28:00+00:00,0.8730274287459973
2026-05-02 18:29:00+00:00,0.1561457572715908
2026-05-02 18:30:00+00:00,2.8759557853147806
2026-05-02 18:31:00+00:00,1.3779361852568006
2026-05-02 18:32:00+00:00,0.0
2026-05-02 18:33:00+00:00,0.0
2026-05-02 18:34:00+00:00,1.7636567126041656
2026-05-02 18:35:00+00:00,2.7549657013580457
2026-05-02 18:36:00+00:00,1.6032310190664059
2026-05-02 18:37:00+00:00,2.8376696739777736
2026-05-02 18:38:00+00:00,2.9694838237809167
2026-05-02 18:39:00+00:00,2.8396623816398625
2026-05-02 18:40:00+00:00,2.2217502622555108
2026-05-02 18:41:00+00:00,0.43465459812410095
2026-05-02 18:42:00+00:00,0.5694505583273084
2026-05-02 18:43:00+00:00,0.0
2026-05-02 18:44:00+00:00,1.6472477435885104
2026-05-02 18:45:00+00:00,2.6524760367273585
2026-05-02 18:46:00+00:00,1.1538083689253273
2026-05-02 18:47:00+00:00,1.5216685900194946
2026-05-02 18:48:00+00:00,0.0
2026-05-02 18:49:00+00:00,0.2318284188808486
2026-05-02 18:50:00+00:00,0.0
2026-05-02 18:51:00+00:00,0.2663090594288215
2026-05-02 18:52:00+00:00,0.0
2026-05-02 18:53:00+00:00,1.3567959812145611
2026-05-02 18:54:00+00:00,2.769756069995278
2026-05-02 18:55:00+00:00,1.2594036190316755
2026-05-02 18:56:00+00:00,2.2483089828983576
2026-05-02 18:57:00+00:00,2.6854566774734088
2026-05-02 18:58:00+00:00,0.3226672547468277
2026-05-02 18:59:00+00:00,0.0
2026-05-02 19:00:00+00:00,0.0
2026-05-02 19:01:00+00:00,0.0
2026-05-02 19:02:00+00:00,1.728409196918592
2026-05-02 19:03:00+00:00,0.5451921386030469
2026-05-02 19:04:00+00:00,1.760588786874798
2026-05-02 19:05:00+00:00,0.9867586887153714
2026-05-02 19:06:00+00:00,0.23814244981954277
2026-05-02 19:07:00+00:00,3.1436717012620172
2026-05-02 19:08:00+00:00,2.8148812532110314
2026-05-02 19:09:00+00:00,0.0
2026-05-02 19:10:00+00:00,0.0
2026-05-02 19:11:00+00:00,2.773494820388085
2026-05-02 19:12:00+00:00,0.5273712250298352
2026-05-02 19:13:00+00:00,3.1749101335108785
2026-05-02 19:14:00+00:00,1.2406774832577163
2026-05-02 19:15:00+00:00,0.0
2026-05-02 19:16:00+00:00,2.1504927781005545
2026-05-02 19:17:00+00:00,0.41945740100709505
2026-05-02 19:18:00+00:00,2.7203109769030664
2026-05-02 19:19:00+00:00,2.7737935956020707
2026-05-02 19:20:00+00:00,0.0
2026-05-02 19:21:00+00:00,2.9039779642543686
2026-05-02 19:22:00+00:00,0.0
2026-05-02 19:23:00+00:00,0.640148356007785
2026-05-02 19:24:00+00:00,2.442501338323944
2026-05-02 19:25:00+00:00,1.5614308672917718
2026-05-02 19:26:00+00:00,0.3272681977575375
2026-05-02 19:27:00+00:00,0.0
2026-05-02 19:28:00+00:00,0.47760964369276804
2026-05-02 19:29:00+00:00,1.5591942665653984
2026-05-02 19:30:00+00:00,1.2937524910770488
2026-05-02 19:31:00+00:00,0.6932172185675103
2026-05-02 19:32:00+00:00,1.0277808842033105
2026-05-02 19:33:00+00:00,0.0
2026-05-02 19:34:00+00:00,0.1878998532934631
2026-05-02 19:35:00+00:00,1.9192653920956761
2026-05-02 19:36:00+00:00,0.9224017777366845
2026-05-02 19:37:00+00:00,2.576912360953526
2026-05-02 19:38:00+00:00,0.24174960475219764
2026-05-02 19:39:00+00:00,1.1766268925862762
2026-05-02 19:40:00+00:00,2.0365778383688626
2026-05-02 19:41:00+00:00,0.6668260676275842
2026-05-02 19:42:00+00:00,2.2803617297539973
2026-05-02 19:43:00+00:00,0.3890206525263708
2026-05-02 19:44:00+00:00,0.015607763815617482
2026-05-02 19:45:00+00:00,2.3576794574749926
2026-05-02 19:46:00+00:00,0.0
2026-05-02 19:47:00+00:00,1.9024185270649852
2026-05-02 19:48:00+00:00,1.9072925338266502
2026-05-02 19:49:00+00:00,0.29370418488076666
2026-05-02 19:50:00+00:00,0.0
2026-05-02 19:51:00+00:00,2.0259839922675567
2026-05-02 19:52:00+00:00,2.310340323941403
2026-05-02 19:53:00+00:00,1.7910808693913107
2026-05-02 19:54:00+00:00,0.3199518315695577
2026-05-02 19:55:00+00:00,3.10017451781602
2026-05-02 19:56:00+00:00,2.3668278391249395
2026-05-02 19:57:00+00:00,0.0
2026-05-02 19:58:00+00:00,0.423472950158937
2026-05-02 19:59:00+00:00,2.1398071045516818
2026-05-02 20:00:00+00:00,1.740386062997776
2026-05-02 20:01:00+00:00,0.9368082734914119
2026-05-02 20:02:00+00:00,1.707805141860513
2026-05-02 20:03:00+00:00,0.8121437717555464
2026-05-02 20:04:00+00:00,0.7804782933547231
2026-05-02 20:05:00+00:00,3.1381412771655945
2026-05-02 20:06:00+00:00,1.192236403712779
2026-05-02 20:07:00+00:00,0.731208203124191
2026-05-02 20:08:00+00:00,0.4941591713960166
2026-05-02 20:09:00+00:00,2.863103346549024
2026-05-02 20:10:00+00:00,1.0896267038877756
2026-05-02 20:11:00+00:00,2.694085113604463
2026-05-02 20:12:00+00:00,0.0
2026-05-02 20:13:00+00:00,0.0
2026-05-02 20:14:00+00:00,2.447661624895151
2026-05-02 20:15:00+00:00,0.1584087720629654
2026-05-02 20:16:00+00:00,0.746166762466901
2026-05-02 20:17:00+00:00,0.6661488017662114
2026-05-02 20:18:00+00:00,1.5736830522816485
2026-05-02 20:19:00+00:00,0.0
2026-05-02 20:20:00+00:00,3.1594422424764224
2026-05-02 20:21:00+00:00,0.5488939063992572
2026-05-02 20:22:00+00:00,2.3658585273228314
2026-05-02 20:23:00+00:00,2.905071228724768
2026-05-02 20:24:00+00:00,0.40901752210184295
2026-05-02 20:25:00+00:00,0.0
2026-05-02 20:26:00+00:00,2.90323945557179
2026-05-02 20:27:00+00:00,0.48924221271241247
2026-05-02 20:28:00+00:00,2.3514793697151135
2026-05-02 20:29:00+00:00,2.0917803975376335
2026-05-02 20:30:00+00:00,0.36831439722053677
2026-05-02 20:31:00+00:00,2.0653837215331947
2026-05-02 20:32:00+00:00,2.622599679955245
2026-05-02 20:33:00+00:00,2.2635789175753103
2026-05-02 20:34:00+00:00,0.19125553113102223
2026-05-02 20:35:00+00:00,2.20602060551707
2026-05-02 20:36:00+00:00,0.0
2026-05-02 20:37:00+00:00,0.5787474125374683
2026-05-02 20:38:00+00:00,0.0
2026-05-02 20:39:00+00:00,0.0
2026-05-02 20:40:00+00:00,1.4387836546964121
2026-05-02 20:41:00+00:00,2.823896449650746
2026-05-02 20:42:00+00:00,1.1120270555873168
2026-05-02 20:43:00+00:00,2.1495198792874533
2026-05-02 20:44:00+00:00,0.0
2026-05-02 20:45:00+00:00,1.4356872211220992
2026-05-02 20:46:00+00:00,1.9412005005433395
2026-05-02 20:47:00+00:00,1.5851304098224914
2026-05-02 20:48:00+00:00,0.0
2026-05-02 20:49:00+00:00,0.770231379469775
2026-05-02 20:50:00+00:00,0.7508853429772796
2026-05-02 20:51:00+00:00,2.7665295910413112
2026-05-02 20:52:00+00:00,1.2440212882730202
2026-05-02 20:53:00+00:00,0.0
2026-05-02 20:54:00+00:00,3.140206706750122
2026-05-02 20:55:00+00:00,1.3462452515277914
2026-05-02 20:56:00+00:00,0.0
2026-05-02 20:57:00+00:00,1.5501527853160841
2026-05-02 20:58:00+00:00,0.05064063371022988
2026-05-02 20:59:00+00:00,0.0
2026-05-02 21:00:00+00:00,0.8390739581678379
2026-05-02 21:01:00+00:00,0.38737128430465706
2026-05-02 21:02:00+00:00,0.0
2026-05-02 21:03:00+00:00,0.004356054624947915
2026-05-02 21:04:00+00:00,2.102903614622179
2026-05-02 21:05:00+00:00,3.202348780010914
2026-05-02 21:06:00+00:00,0.0
2026-05-02 21:07:00+00:00,0.946331329146316
2026-05-02 21:08:00+00:00,2.7159500027759744
2026-05-02 21:09:00+00:00,2.860846348178919
2026-05-02 21:10:00+00:00,0.0
2026-05-02 21:11:00+00:00,1.750952606233915
2026-05-02 21:12:00+00:00,0.7165771679871674
2026-05-02 21:13:00+00:00,2.830414489040351
2026-05-02 21:14:00+00:00,0.0
2026-05-02 21:15:00+00:00,1.4786967110953728
2026-05-02 21:16:00+00:00,1.9677345834152278
2026-05-02 21:17:00+00:00,0.34913367575861537
2026-05-02 21:18:00+00:00,2.3053205311220473
2026-05-02 21:19:00+00:00,1.0861589293340643
2026-05-02 21:20:00+00:00,2.845788316032761
2026-05-02 21:21:00+00:00,0.9852878368890279
2026-05-02 21:22:00+00:00,0.20277955802615494
2026-05-02 21:23:00+00:00,1.1042374676782643
2026-05-02 21:24:00+00:00,0.0
2026-05-02 21:25:00+00:00,0.0
2026-05-02 21:26:00+00:00,2.619467979237967
2026-05-02 21:27:00+00:00,2.2512614576492167
2026-05-02 21:28:00+00:00,0.0
2026-05-02 21:29:00+00:00,1.704741575476761
2026-05-02 21:30:00+00:00,0.02697621230561443
2026-05-02 21:31:00+00:00,1.6019401961902815
2026-05-02 21:32:00+00:00,1.9946636553385593
2026-05-02 21:33:00+00:00,2.7112864862526367
2026-05-02 21:34:00+00:00,0.9877442158006665
2026-05-02 21:35:00+00:00,0.0
2026-05-02 21:36:00+00:00,0.08893170767821931
2026-05-02 21:37:00+00:00,0.6650097224984217
2026-05-02 21:38:00+00:00,0.0
2026-05-02 21:39:00+00:00,0.0
2026-05-02 21:40:00+00:00,0.40955551383722016
2026-05-02 21:41:00+00:00,1.9942619110276993
2026-05-02 21:42:00+00:00,0.0
2026-05-02 21:43:00+00:00,0.7917657762451411
2026-05-02 21:44:00+00:00,0.0
2026-05-02 21:45:00+00:00,0.0
2026-05-02 21:46:00+00:00,0.6824238098042996
2026-05-02 21:47:00+00:00,0.7009944838646459
2026-05-02 21:48:00+00:00,0.31214940874736774
2026-05-02 21:49:00+00:00,2.0497233430017245
2026-05-02 21:50:00+00:00,0.0
2026-05-02 21:51:00+00:00,0.30848691333177525
2026-05-02 21:52:00+00:00,2.755007259494969
2026-05-02 21:53:00+00:00,0.0
2026-05-02 21:54:00+00:00,1.410225471328317
2026-05-02 21:55:00+00:00,2.1828583262246437
2026-05-02 21:56:00+00:00,1.0205487695380335
2026-05-02 21:57:00+00:00,0.9286890449987351
2026-05-02 21:58:00+00:00,0.0
2026-05-02 21:59:00+00:00,0.0
2026-05-02 22:00:00+00:00,0.0
2026-05-02 22:01:00+00:00,0.5968382894041265
2026-05-02 22:02:00+00:00,0.0
2026-05-02 22:03:00+00:00,2.844210953510816
2026-05-02 22:04:00+00:00,1.8174322156595188
2026-05-02 22:05:00+00:00,0.0
2026-05-02 22:06:00+00:00,3.124123213408061
2026-05-02 22:07:00+00:00,0.0
2026-05-02 22:08:00+00:00,1.3414982329053298
2026-05-02 22:09:00+00:00,1.3198681766065083
2026-05-02 22:10:00+00:00,2.9472469979369964
2026-05-02 22:11:00+00:00,1.233128679341967
2026-05-02 22:12:00+00:00,0.0
2026-05-02 22:13:00+00:00,0.0
2026-05-02 22:14:00+00:00,2.920952954658259
2026-05-02 22:15:00+00:00,3.188716479937153
2026-05-02 22:16:00+00:00,2.0758816601472763
2026-05-02 22:17:00+00:00,2.081944254963032
2026-05-02 22:18:00+00:00,3.131045587899968
2026-05-02 22:19:00+00:00,0.3105408508064127
2026-05-02 22:20:00+00:00,2.465082284957335
2026-05-02 22:21:00+00:00,1.912651960554544
2026-05-02 22:22:00+00:00,0.0
2026-05-02 22:23:00+00:00,0.0
2026-05-02 22:24:00+00:00,0.0
2026-05-02 22:25:00+00:00,2.0096367294260875
2026-05-02 22:26:00+00:00,0.6859986721502361
2026-05-02 22:27:00+00:00,1.831628877820351
2026-05-02 22:28:00+00:00,0.0
2026-05-02 22:29:00+00:00,1.3090276633401179
2026-05-02 22:30:00+00:00,2.118131643774754
2026-05-02 22:31:00+00:00,0.0
2026-05-02 22:32:00+00:00,0.0
2026-05-02 22:33:00+00:00,0.5897510174410152
2026-05-02 22:34:00+00:00,0.2915422917683887
2026-05-02 22:35:00+00:00,1.4763310017174402
2026-05-02 22:36:00+00:00,0.3764679020200957
2026-05-02 22:37:00+00:00,2.8735545647048935
2026-05-02 22:38:00+00:00,0.0
2026-05-02 22:39:00+00:00,1.9395173002248933
2026-05-02 22:40:00+00:00,0.7473485875124047
2026-05-02 22:41:00+00:00,0.038099883636960895
2026-05-02 22:42:00+00:00,3.1872912097148225
2026-05-02 22:43:00+00:00,0.0
2026-05-02 22:44:00+00:00,0.0
2026-05-02 22:45:00+00:00,1.3460538044309418
2026-05-02 22:46:00+00:00,0.0
2026-05-02 22:47:00+00:00,0.0
2026-05-02 22:48:00+00:00,2.779003211873212
2026-05-02 22:49:00+00:00,0.0
2026-05-02 22:50:00+00:00,2.803599493258066
2026-05-02 22:51:00+00:00,0.2625886630229658
2026-05-02 22:52:00+00:00,2.873026662772109
2026-05-02 22:53:00+00:00,0.0
2026-05-02 22:54:00+00:00,0.0
2026-05-02 22:55:00+00:00,2.198578658849872
2026-05-02 22:56:00+00:00,2.6309360965833823
2026-05-02 22:57:00+00:00,0.0
2026-05-02 22:58:00+00:00,2.749556774041775
2026-05-02 22:59:00+00:00,2.591391629077907
2026-05-02 23:00:00+00:00,1.5502371902187373
2026-05-02 23:01:00+00:00,2.809132079753239
2026-05-02 23:02:00+00:00,0.0
2026-05-02 23:03:00+00:00,0.0
2026-05-02 23:04:00+00:00,0.0
2026-05-02 23:05:00+00:00,0.0
2026-05-02 23:06:00+00:00,1.260097873510607
2026-05-02 23:07:00+00:00,0.0
2026-05-02 23:08:00+00:00,1.4440673452767472
2026-05-02 23:09:00+00:00,2.550225989415863
2026-05-02 23:10:00+00:00,0.9742738851614724
2026-05-02 23:11:00+00:00,3.074875140931048
2026-05-02 23:12:00+00:00,0.6049004144290868
2026-05-02 23:13:00+00:00,1.8356084838886604
2026-05-02 23:14:00+00:00,0.8337344028198649
2026-05-02 23:15:00+00:00,0.0
2026-05-02 23:16:00+00:00,0.0
2026-05-02 23:17:00+00:00,0.0
2026-05-02 23:18:00+00:00,0.7295132118650091
2026-05-02 23:19:00+00:00,0.0
2026-05-02 23:20:00+00:00,1.092949963486073
2026-05-02 23:21:00+00:00,0.2492796836386073
2026-05-02 23:22:00+00:00,0.0
2026-05-02 23:23:00+00:00,0.0
2026-05-02 23:24:00+00:00,1.7008098178391946
2026-05-02 23:25:00+00:00,0.0
2026-05-02 23:26:00+00:00,0.8171613609652051
2026-05-02 23:27:00+00:00,0.0
2026-05-02 23:28:00+00:00,0.146494582849519
2026-05-02 23:29:00+00:00,1.6144918670935322
2026-05-02 23:30:00+00:00,1.68605416308697
2026-05-02 23:31:00+00:00,1.7036854573375986
2026-05-02 23:32:00+00:00,0.0
2026-05-02 23:33:00+00:00,1.3319108494826455
2026-05-02 23:34:00+00:00,2.8092076392928016
2026-05-02 23:35:00+00:00,1.522770865146317
2026-05-02 23:36:00+00:00,0.0
2026-05-02 23:37:00+00:00,0.8839459493417338
2026-05-02 23:38:00+00:00,0.0
2026-05-02 23:39:00+00:00,0.0
2026-05-02 23:40:00+00:00,2.734057352651958
2026-05-02 23:41:00+00:00,2.1340316947033218
2026-05-02 23:42:00+00:00,0.0768925058065645
2026-05-02 23:43:00+00:00,0.0
2026-05-02 23:44:00+00:00,0.0
2026-05-02 23:45:00+00:00,2.829779241547064
2026-05-02 23:46:00+00:00,0.0
2026-05-02 23:47:00+00:00,3.086939455147816
2026-05-02 23:48:00+00:00,0.0
2026-05-02 23:49:00+00:00,0.0
2026-05-02 23:50:00+00:00,2.5299119411605457
2026-05-02 23:51:00+00:00,1.4392216951497083
2026-05-02 23:52:00+00:00,1.2351481796875137
2026-05-02 23:53:00+00:00,2.4723185849266014
2026-05-02 23:54:00+00:00,0.901528273307058
2026-05-02 23:55:00+00:00,2.661677876819484
2026-05-02 23:56:00+00:00,0.3277600526564196
2026-05-02 23:57:00+00:00,0.30475141167070446
2026-05-02 23:58:00+00:00,3.0223703093186565
2026-05-02 23:59:00+00:00,0.0
2026-05-03 00:00:00+00:00,1.7355596010717804
2026-05-03 00:01:00+00:00,2.433292361196313
2026-05-03 00:02:00+00:00,0.0
2026-05-03 00:03:00+00:00,0.0
2026-05-03 00:04:00+00:00,0.0
2026-05-03 00:05:00+00:00,0.18536770033400887
2026-05-03 00:06:00+00:00,0.0
2026-05-03 00:07:00+00:00,1.7584033052193573
2026-05-03 00:08:00+00:00,2.6035387211257808
2026-05-03 00:09:00+00:00,0.0
2026-05-03 00:10:00+00:00,0.0
2026-05-03 00:11:00+00:00,0.0
2026-05-03 00:12:00+00:00,1.804054923720531
2026-05-03 00:13:00+00:00,0.0
2026-05-03 00:14:00+00:00,2.681374986099637
2026-05-03 00:15:00+00:00,2.635509382477081
2026-05-03 00:16:00+00:00,0.7245530591147261
2026-05-03 00:17:00+00:00,0.0
2026-05-03 00:18:00+00:00,3.0476555606189666
2026-05-03 00:19:00+00:00,0.3781063395016832
2026-05-03 00:20:00+00:00,0.0
2026-05-03 00:21:00+00:00,1.98745917572268
2026-05-03 00:22:00+00:00,2.479586000078951
2026-05-03 00:23:00+00:00,1.384196976401307
2026-05-03 00:24:00+00:00,1.7139634189063944
2026-05-03 00:25:00+00:00,0.0
2026-05-03 00:26:00+00:00,2.87353902820068
2026-05-03 00:27:00+00:00,1.4867214898044585
2026-05-03 00:28:00+00:00,0.0
2026-05-03 00:29:00+00:00,0.0921911269911092
2026-05-03 00:30:00+00:00,0.0
2026-05-03 00:31:00+00:00,0.0
2026-05-03 00:32:00+00:00,2.740492994265958
2026-05-03 00:33:00+00:00,0.0
2026-05-03 00:34:00+00:00,1.237754373763612
2026-05-03 00:35:00+00:00,0.7286662383843289
2026-05-03 00:36:00+00:00,0.0
2026-05-03 00:37:00+00:00,1.593063089304532
2026-05-03 00:38:00+00:00,1.5344243725471725
2026-05-03 00:39:00+00:00,3.077123560168693
2026-05-03 00:40:00+00:00,1.5421627509001756
2026-05-03 00:41:00+00:00,0.4707437379678125
2026-05-03 00:42:00+00:00,1.282509877206675
2026-05-03 00:43:00+00:00,0.0
2026-05-03 00:44:00+00:00,0.0
2026-05-03 00:45:00+00:00,1.7774933400310924
2026-05-03 00:46:00+00:00,0.0
2026-05-03 00:47:00+00:00,1.876165563269907
2026-05-03 00:48:00+00:00,2.670789951124227
2026-05-03 00:49:00+00:00,0.8355441243942536
2026-05-03 00:50:00+00:00,0.1936932032040132
2026-05-03 00:51:00+00:00,0.5177628645067435
2026-05-03 00:52:00+00:00,1.0688417293510857
2026-05-03 00:53:00+00:00,2.138983843930351
2026-05-03 00:54:00+00:00,3.044579140336684
2026-05-03 00:55:00+00:00,1.828908225806072
2026-05-03 00:56:00+00:00,0.7193329015213653
2026-05-03 00:57:00+00:00,0.0
2026-05-03 00:58:00+00:00,0.0
2026-05-03 00:59:00+00:00,2.338399413930964
2026-05-03 01:00:00+00:00,1.4855822948604096
2026-05-03 01:01:00+00:00,0.5032020521715217
2026-05-03 01:02:00+00:00,1.423397637794136
2026-05-03 01:03:00+00:00,2.2619674912278005
2026-05-03 01:04:00+00:00,1.7616342862807797
2026-05-03 01:05:00+00:00,2.5446695970778106
2026-05-03 01:06:00+00:00,0.0
2026-05-03 01:07:00+00:00,0.5980229679726822
2026-05-03 01:08:00+00:00,0.0
2026-05-03 01:09:00+00:00,0.0
2026-05-03 01:10:00+00:00,0.1713329587285209
2026-05-03 01:11:00+00:00,1.869542005086506
2026-05-03 01:12:00+00:00,1.360361220863458
2026-05-03 01:13:00+00:00,0.0
2026-05-03 01:14:00+00:00,0.0
2026-05-03 01:15:00+00:00,0.13158717204970355
2026-05-03 01:16:00+00:00,2.4142052864300587
2026-05-03 01:17:00+00:00,0.0
2026-05-03 01:18:00+00:00,0.0
2026-05-03 01:19:00+00:00,2.119510228568643
2026-05-03 01:20:00+00:00,0.3626107387095538
2026-05-03 01:21:00+00:00,0.0
2026-05-03 01:22:00+00:00,0.0524577618601158
2026-05-03 01:23:00+00:00,1.6506484622826159
2026-05-03 01:24:00+00:00,0.8084120705311967
2026-05-03 01:25:00+00:00,0.0
2026-05-03 01:26:00+00:00,2.3117594167561264
2026-05-03 01:27:00+00:00,0.0
2026-05-03 01:28:00+00:00,2.4437983004937416
2026-05-03 01:29:00+00:00,1.7714599072197523
2026-05-03 01:30:00+00:00,0.8591168547108713
2026-05-03 01:31:00+00:00,0.0
2026-05-03 01:32:00+00:00,3.067388506159157
2026-05-03 01:33:00+00:00,0.0
2026-05-03 01:34:00+00:00,0.0
2026-05-03 01:35:00+00:00,0.3322035778361999
2026-05-03 01:36:00+00:00,2.1912227475808663
2026-05-03 01:37:00+00:00,1.8460001870839653
2026-05-03 01:38:00+00:00,0.0
2026-05-03 01:39:00+00:00,0.0
2026-05-03 01:40:00+00:00,1.318312170022301
2026-05-03 01:41:00+00:00,2.60755071513691
2026-05-03 01:42:00+00:00,0.0
2026-05-03 01:43:00+00:00,1.6231359552130058
2026-05-03 01:44:00+00:00,1.4453964596718187
2026-05-03 01:45:00+00:00,2.1121149718203234
2026-05-03 01:46:00+00:00,1.9018025010096093
2026-05-03 01:47:00+00:00,1.9417156741991912
2026-05-03 01:48:00+00:00,2.302505478287928
2026-05-03 01:49:00+00:00,0.0
2026-05-03 01:50:00+00:00,0.0
2026-05-03 01:51:00+00:00,2.510880133024868
2026-05-03 01:52:00+00:00,1.7350999489545582
2026-05-03 01:53:00+00:00,0.0
2026-05-03 01:54:00+00:00,0.0
2026-05-03 01:55:00+00:00,1.454824867263075
2026-05-03 01:56:00+00:00,0.0
2026-05-03 01:57:00+00:00,0.5536647098179492
2026-05-03 01:58:00+00:00,2.2803718507665103
2026-05-03 01:59:00+00:00,2.607675380128983
2026-05-03 02:00:00+00:00,1.4948764627918585
2026-05-03 02:01:00+00:00,0.6186999964955768
2026-05-03 02:02:00+00:00,0.0
2026-05-03 02:03:00+00:00,0.8774189484692789
2026-05-03 02:04:00+00:00,2.3444969172277395
2026-05-03 02:05:00+00:00,2.465019711848234
2026-05-03 02:06:00+00:00,0.5697477616992871
2026-05-03 02:07:00+00:00,2.729617952572991
2026-05-03 02:08:00+00:00,2.445415819879813
2026-05-03 02:09:00+00:00,0.0
2026-05-03 02:10:00+00:00,1.8511464220365965
2026-05-03 02:11:00+00:00,1.6503914681736693
2026-05-03 02:12:00+00:00,1.41473665992108
2026-05-03 02:13:00+00:00,0.0
2026-05-03 02:14:00+00:00,1.1548566854483129
2026-05-03 02:15:00+00:00,0.0
2026-05-03 02:16:00+00:00,2.965945455664455
2026-05-03 02:17:00+00:00,2.185881353898504
2026-05-03 02:18:00+00:00,2.4020824323175836
2026-05-03 02:19:00+00:00,2.9902820397443923
2026-05-03 02:20:00+00:00,0.9644608359934616
2026-05-03 02:21:00+00:00,0.9719590958925277
2026-05-03 02:22:00+00:00,3.1599127389048736
2026-05-03 02:23:00+00:00,0.476699744065809
2026-05-03 02:24:00+00:00,0.0
2026-05-03 02:25:00+00:00,0.9371084010595092
2026-05-03 02:26:00+00:00,3.1094855532602788
2026-05-03 02:27:00+00:00,0.0
2026-05-03 02:28:00+00:00,2.2452763070333477
2026-05-03 02:29:00+00:00,0.0
2026-05-03 02:30:00+00:00,2.951190968142632
2026-05-03 02:31:00+00:00,2.716981129565565
2026-05-03 02:32:00+00:00,1.248581288081252
2026-05-03 02:33:00+00:00,2.964626572860698
2026-05-03 02:34:00+00:00,0.0
2026-05-03 02:35:00+00:00,1.6116008910212902
2026-05-03 02:36:00+00:00,0.0
2026-05-03 02:37:00+00:00,2.3937241035277896
2026-05-03 02:38:00+00:00,0.7990310825757976
2026-05-03 02:39:00+00:00,2.9239392183328814
2026-05-03 02:40:00+00:00,0.46071054589998867
2026-05-03 02:41:00+00:00,1.4539339477079332
2026-05-03 02:42:00+00:00,0.1695775985010919
2026-05-03 02:43:00+00:00,0.0
2026-05-03 02:44:00+00:00,0.4167372965982386
2026-05-03 02:45:00+00:00,2.9295539693630883
2026-05-03 02:46:00+00:00,0.0
2026-05-03 02:47:00+00:00,0.37612458421278877
2026-05-03 02:48:00+00:00,2.88356300333019
2026-05-03 02:49:00+00:00,0.7621177385132174
2026-05-03 02:50:00+00:00,2.792264667554058
2026-05-03 02:51:00+00:00,1.007298755193662
2026-05-03 02:52:00+00:00,2.3122718590226197
2026-05-03 02:53:00+00:00,2.051617786171415
2026-05-03 02:54:00+00:00,1.500186046239258
2026-05-03 02:55:00+00:00,0.6673977162906793
2026-05-03 02:56:00+00:00,0.6917107833568402
2026-05-03 02:57:00+00:00,1.4076507068650188
2026-05-03 02:58:00+00:00,1.595853010998699
2026-05-03 02:59:00+00:00,0.0
2026-05-03 03:00:00+00:00,0.9063168671507489
2026-05-03 03:01:00+00:00,2.324242932042867
2026-05-03 03:02:00+00:00,2.667331252302321
2026-05-03 03:03:00+00:00,2.2722885897204366
2026-05-03 03:04:00+00:00,3.0268960531691214
2026-05-03 03:05:00+00:00,1.122959852536508
2026-05-03 03:06:00+00:00,0.0
2026-05-03 03:07:00+00:00,2.7263457864117577
2026-05-03 03:08:00+00:00,2.7794762842909466
2026-05-03 03:09:00+00:00,0.0
2026-05-03 03:10:00+00:00,2.8868646687734456
2026-05-03 03:11:00+00:00,1.1009979929977716
2026-05-03 03:12:00+00:00,0.3217900345881753
2026-05-03 03:13:00+00:00,1.8281058888992583
2026-05-03 03:14:00+00:00,0.9673806628646456
2026-05-03 03:15:00+00:00,1.2853116265067894
2026-05-03 03:16:00+00:00,1.5213279415844492
2026-05-03 03:17:00+00:00,0.0
2026-05-03 03:18:00+00:00,3.099132023756526
2026-05-03 03:19:00+00:00,0.02063864749833584
2026-05-03 03:20:00+00:00,1.142999302086342
2026-05-03 03:21:00+00:00,0.0
2026-05-03 03:22:00+00:00,2.8245167699390787
2026-05-03 03:23:00+00:00,2.59418077306899
2026-05-03 03:24:00+00:00,1.5348705911649863
2026-05-03 03:25:00+00:00,0.9323357660667165
2026-05-03 03:26:00+00:00,1.9367947976646886
2026-05-03 03:27:00+00:00,0.0
2026-05-03 03:28:00+00:00,0.0
2026-05-03 03:29:00+00:00,0.0775912162874439
2026-05-03 03:30:00+00:00,0.8652484002220333
2026-05-03 03:31:00+00:00,1.3234952666212423
2026-05-03 03:32:00+00:00,1.6919411534937436
2026-05-03 03:33:00+00:00,2.2446522888376506
2026-05-03 03:34:00+00:00,1.49829515084749
2026-05-03 03:35:00+00:00,0.0
2026-05-03 03:36:00+00:00,1.0835789820838406
2026-05-03 03:37:00+00:00,0.7214169844181549
2026-05-03 03:38:00+00:00,1.052746107392858
2026-05-03 03:39:00+00:00,0.0
2026-05-03 03:40:00+00:00,0.0
2026-05-03 03:41:00+00:00,2.9470743469317964
2026-05-03 03:42:00+00:00,0.9065561477051806
2026-05-03 03:43:00+00:00,0.7948310715026027
2026-05-03 03:44:00+00:00,2.993424353966892
2026-05-03 03:45:00+00:00,0.5027405600370318
2026-05-03 03:46:00+00:00,0.0
2026-05-03 03:47:00+00:00,2.447119423404363
2026-05-03 03:48:00+00:00,1.0309972886362673
2026-05-03 03:49:00+00:00,2.5621818474976092
2026-05-03 03:50:00+00:00,0.13409202178570767
2026-05-03 03:51:00+00:00,0.0
2026-05-03 03:52:00+00:00,1.45050346352605
2026-05-03 03:53:00+00:00,0.0
2026-05-03 03:54:00+00:00,1.3838026456990649
2026-05-03 03:55:00+00:00,2.320717939202033
2026-05-03 03:56:00+00:00,0.181430967337337
2026-05-03 03:57:00+00:00,2.917589439696005
2026-05-03 03:58:00+00:00,2.324469599493903
2026-05-03 03:59:00+00:00,0.0
2026-05-03 04:00:00+00:00,0.0
2026-05-03 04:01:00+00:00,0.0
2026-05-03 04:02:00+00:00,3.101309070726649
2026-05-03 04:03:00+00:00,1.8317105354047367
2026-05-03 04:04:00+00:00,0.7113392390522089
2026-05-03 04:05:00+00:00,0.0
2026-05-03 04:06:00+00:00,2.792736816054812
2026-05-03 04:07:00+00:00,0.9858119907698578
2026-05-03 04:08:00+00:00,1.3938373612180746
2026-05-03 04:09:00+00:00,0.0
2026-05-03 04:10:00+00:00,0.0
2026-05-03 04:11:00+00:00,0.3116676377255313
2026-05-03 04:12:00+00:00,2.202270987519796
2026-05-03 04:13:00+00:00,1.100648228119035
2026-05-03 04:14:00+00:00,0.7013029352698286
2026-05-03 04:15:00+00:00,1.3722700288302214
2026-05-03 04:16:00+00:00,1.3412815873952555
2026-05-03 04:17:00+00:00,2.111312852529382
2026-05-03 04:18:00+00:00,0.0
2026-05-03 04:19:00+00:00,2.083127570370126
2026-05-03 04:20:00+00:00,1.4317829309730024
2026-05-03 04:21:00+00:00,0.4351345082396771
2026-05-03 04:22:00+00:00,1.4030322646055444
2026-05-03 04:23:00+00:00,0.0
2026-05-03 04:24:00+00:00,0.0
2026-05-03 04:25:00+00:00,0.0707300591321935
2026-05-03 04:26:00+00:00,2.945965084024756
2026-05-03 04:27:00+00:00,2.0245837615258404
2026-05-03 04:28:00+00:00,1.582006882575001
2026-05-03 04:29:00+00:00,0.0
2026-05-03 04:30:00+00:00,0.0
2026-05-03 04:31:00+00:00,1.558077550502752
2026-05-03 04:32:00+00:00,1.5279519327744882
2026-05-03 04:33:00+00:00,1.9563140033959452
2026-05-03 04:34:00+00:00,0.0
2026-05-03 04:35:00+00:00,0.8788474262230523
2026-05-03 04:36:00+00:00,0.0
2026-05-03 04:37:00+00:00,1.5479302497461696
2026-05-03 04:38:00+00:00,2.7500854156394907
2026-05-03 04:39:00+00:00,2.2146091118334215
2026-05-03 04:40:00+00:00,0.8613901719527971
2026-05-03 04:41:00+00:00,0.0
2026-05-03 04:42:00+00:00,1.2926453962188726
2026-05-03 04:43:00+00:00,0.2878297322012757
2026-05-03 04:44:00+00:00,0.1274982883085014
2026-05-03 04:45:00+00:00,0.8784961371237198
2026-05-03 04:46:00+00:00,0.0
2026-05-03 04:47:00+00:00,0.0
2026-05-03 04:48:00+00:00,0.0
2026-05-03 04:49:00+00:00,0.9158598795073183
2026-05-03 04:50:00+00:00,0.0
2026-05-03 04:51:00+00:00,2.1859884586162672
2026-05-03 04:52:00+00:00,2.9676670086784993
2026-05-03 04:53:00+00:00,3.1300123924306127
2026-05-03 04:54:00+00:00,0.8311073791183131
2026-05-03 04:55:00+00:00,3.0615209302540474
2026-05-03 04:56:00+00:00,0.0
2026-05-03 04:57:00+00:00,0.0
2026-05-03 04:58:00+00:00,0.0
2026-05-03 04:59:00+00:00,0.0
2026-05-03 05:00:00+00:00,2.759804176794779
2026-05-03 05:01:00+00:00,1.0066580051080087
2026-05-03 05:02:00+00:00,0.0
2026-05-03 05:03:00+00:00,0.0
2026-05-03 05:04:00+00:00,0.0
2026-05-03 05:05:00+00:00,0.0
2026-05-03 05:06:00+00:00,0.2158211909430455
2026-05-03 05:07:00+00:00,0.0
2026-05-03 05:08:00+00:00,0.0
2026-05-03 05:09:00+00:00,2.597164010316189
2026-05-03 05:10:00+00:00,2.4695624656581576
2026-05-03 05:11:00+00:00,2.167097004890031
2026-05-03 05:12:00+00:00,0.7308015797960862
2026-05-03 05:13:00+00:00,3.1296029761706947
2026-05-03 05:14:00+00:00,0.0
2026-05-03 05:15:00+00:00,1.1241992202354152
2026-05-03 05:16:00+00:00,3.101103911885712
2026-05-03 05:17:00+00:00,1.801742753670675
2026-05-03 05:18:00+00:00,0.0
2026-05-03 05:19:00+00:00,1.5300228985353166
2026-05-03 05:20:00+00:00,1.8962968418550317
2026-05-03 05:21:00+00:00,1.3843564894987659
2026-05-03 05:22:00+00:00,0.0
2026-05-03 05:23:00+00:00,0.7003283179047942
2026-05-03 05:24:00+00:00,0.0484481510541507
2026-05-03 05:25:00+00:00,0.92465013444845
2026-05-03 05:26:00+00:00,0.0
2026-05-03 05:27:00+00:00,0.0
2026-05-03 05:28:00+00:00,0.5450689071240545
2026-05-03 05:29:00+00:00,2.8041304630840553
2026-05-03 05:30:00+00:00,1.16246249340248
2026-05-03 05:31:00+00:00,1.2985253282536757
2026-05-03 05:32:00+00:00,2.010779564484194
2026-05-03 05:33:00+00:00,0.2079377694025594
2026-05-03 05:34:00+00:00,0.0839970076150398
2026-05-03 05:35:00+00:00,2.580453043948678
2026-05-03 05:36:00+00:00,1.3390964562369594
2026-05-03 05:37:00+00:00,0.35039557292153417
2026-05-03 05:38:00+00:00,3.145440532001797
2026-05-03 05:39:00+00:00,2.5190163470341194
2026-05-03 05:40:00+00:00,1.2808497870944844
2026-05-03 05:41:00+00:00,2.07064289203242
2026-05-03 05:42:00+00:00,3.1109381979804787
2026-05-03 05:43:00+00:00,0.8560581655249568
2026-05-03 05:44:00+00:00,1.1653354923453036
2026-05-03 05:45:00+00:00,0.43429982691308283
2026-05-03 05:46:00+00:00,0.8141070263544462
2026-05-03 05:47:00+00:00,1.4535098121936791
2026-05-03 05:48:00+00:00,1.4421121547540368
2026-05-03 05:49:00+00:00,0.31698660991514044
2026-05-03 05:50:00+00:00,1.9960321454463423
2026-05-03 05:51:00+00:00,0.0
2026-05-03 05:52:00+00:00,2.056372835644348
2026-05-03 05:53:00+00:00,0.8177690893627637
2026-05-03 05:54:00+00:00,0.0
2026-05-03 05:55:00+00:00,1.3140119397097407
2026-05-03 05:56:00+00:00,2.0191454720578563
2026-05-03 05:57:00+00:00,2.171417423326308
2026-05-03 05:58:00+00:00,0.0
2026-05-03 05:59:00+00:00,0.7251900038434075
2026-05-03 06:00:00+00:00,1.5466594877140833
2026-05-03 06:01:00+00:00,2.7212857907435803
2026-05-03 06:02:00+00:00,1.5846300173158312
2026-05-03 06:03:00+00:00,2.9947826576028254
2026-05-03 06:04:00+00:00,1.6347316614781182
2026-05-03 06:05:00+00:00,0.11248599705319469
2026-05-03 06:06:00+00:00,0.5147991402742564
2026-05-03 06:07:00+00:00,0.0
2026-05-03 06:08:00+00:00,1.136185705834838
2026-05-03 06:09:00+00:00,0.9319363296868391
2026-05-03 06:10:00+00:00,1.8965081234226648
2026-05-03 06:11:00+00:00,2.3274488969111897
2026-05-03 06:12:00+00:00,2.8875981178743872
2026-05-03 06:13:00+00:00,0.558479586535054
2026-05-03 06:14:00+00:00,0.1349010307701242
2026-05-03 06:15:00+00:00,2.498245463075219
2026-05-03 06:16:00+00:00,2.289946962741916
2026-05-03 06:17:00+00:00,0.43012366855744555
2026-05-03 06:18:00+00:00,1.8825411003200072
2026-05-03 06:19:00+00:00,1.4149901601628898
2026-05-03 06:20:00+00:00,1.7936640524139429
2026-05-03 06:21:00+00:00,2.555620178429169
2026-05-03 06:22:00+00:00,2.198053781444809
2026-05-03 06:23:00+00:00,3.1289809714749484
2026-05-03 06:24:00+00:00,0.0
2026-05-03 06:25:00+00:00,0.0
2026-05-03 06:26:00+00:00,1.8866511361360985
2026-05-03 06:27:00+00:00,0.3539398783653433
2026-05-03 06:28:00+00:00,3.1286945640671697
2026-05-03 06:29:00+00:00,0.5665552733753123
2026-05-03 06:30:00+00:00,0.7483827752297347
2026-05-03 06:31:00+00:00,1.1379353030116792
2026-05-03 06:32:00+00:00,0.0
2026-05-03 06:33:00+00:00,0.784169564753649
2026-05-03 06:34:00+00:00,2.4456166031469784
2026-05-03 06:35:00+00:00,1.531191540984031
2026-05-03 06:36:00+00:00,0.0
2026-05-03 06:37:00+00:00,0.0
2026-05-03 06:38:00+00:00,0.0
2026-05-03 06:39:00+00:00,1.3175010913463785
2026-05-03 06:40:00+00:00,2.9047078539151854
2026-05-03 06:41:00+00:00,1.44184997762315
2026-05-03 06:42:00+00:00,2.550719510079115
2026-05-03 06:43:00+00:00,0.3069059620268728
2026-05-03 06:44:00+00:00,0.0
2026-05-03 06:45:00+00:00,2.3572586214736826
2026-05-03 06:46:00+00:00,0.0
2026-05-03 06:47:00+00:00,2.020207833206704
2026-05-03 06:48:00+00:00,2.9068255228235267
2026-05-03 06:49:00+00:00,2.6889377309631635
2026-05-03 06:50:00+00:00,0.035829866634380654
2026-05-03 06:51:00+00:00,0.08807446363308884
2026-05-03 06:52:00+00:00,1.8714456586343862
2026-05-03 06:53:00+00:00,0.35222827420060276
2026-05-03 06:54:00+00:00,1.8288399950758534
2026-05-03 06:55:00+00:00,0.05543052264836626
2026-05-03 06:56:00+00:00,2.252383144166107
2026-05-03 06:57:00+00:00,0.0
2026-05-03 06:58:00+00:00,0.0
2026-05-03 06:59:00+00:00,2.503268460572728
2026-05-03 07:00:00+00:00,0.6178094812837408
2026-05-03 07:01:00+00:00,0.9515863369368179
2026-05-03 07:02:00+00:00,0.8761362981293764
2026-05-03 07:03:00+00:00,2.541119584958911
2026-05-03 07:04:00+00:00,0.4596200546031277
2026-05-03 07:05:00+00:00,1.3753534453168728
2026-05-03 07:06:00+00:00,0.0
2026-05-03 07:07:00+00:00,1.94869274703958
2026-05-03 07:08:00+00:00,2.765560459389886
2026-05-03 07:09:00+00:00,2.48296494546205
2026-05-03 07:10:00+00:00,0.0
2026-05-03 07:11:00+00:00,1.4421029418289135
2026-05-03 07:12:00+00:00,1.0497304468440019
2026-05-03 07:13:00+00:00,1.633937232145052
2026-05-03 07:14:00+00:00,1.2667185046599678
2026-05-03 07:15:00+00:00,0.1635842403709217
2026-05-03 07:16:00+00:00,1.846491544693163
2026-05-03 07:17:00+00:00,0.6314314079557569
2026-05-03 07:18:00+00:00,1.3969433106234206
2026-05-03 07:19:00+00:00,3.074494780589037
2026-05-03 07:20:00+00:00,0.0
2026-05-03 07:21:00+00:00,0.0
2026-05-03 07:22:00+00:00,1.7900688711712962
2026-05-03 07:23:00+00:00,1.0122546999006876
2026-05-03 07:24:00+00:00,2.490995602016744
2026-05-03 07:25:00+00:00,1.2399323384180323
2026-05-03 07:26:00+00:00,0.0
2026-05-03 07:27:00+00:00,0.42573019395576084
2026-05-03 07:28:00+00:00,0.0
2026-05-03 07:29:00+00:00,0.0
2026-05-03 07:30:00+00:00,2.911556542414317
2026-05-03 07:31:00+00:00,0.962158910070051
2026-05-03 07:32:00+00:00,0.0
2026-05-03 07:33:00+00:00,0.7438411080638628
2026-05-03 07:34:00+00:00,3.0490334306701916
2026-05-03 07:35:00+00:00,0.0
2026-05-03 07:36:00+00:00,0.0
2026-05-03 07:37:00+00:00,0.10211023657289733
2026-05-03 07:38:00+00:00,3.1512207943275485
2026-05-03 07:39:00+00:00,3.1232244818293564
2026-05-03 07:40:00+00:00,0.49772277999365905
2026-05-03 07:41:00+00:00,1.6827918587757926
2026-05-03 07:42:00+00:00,1.8852775381688667
2026-05-03 07:43:00+00:00,1.0210855150132885
2026-05-03 07:44:00+00:00,2.79068101241918
2026-05-03 07:45:00+00:00,0.0
2026-05-03 07:46:00+00:00,2.1149214126267952
2026-05-03 07:47:00+00:00,1.0342512642753494
2026-05-03 07:48:00+00:00,0.19294579416734864
2026-05-03 07:49:00+00:00,0.0
2026-05-03 07:50:00+00:00,0.0
2026-05-03 07:51:00+00:00,0.0
2026-05-03 07:52:00+00:00,0.0
2026-05-03 07:53:00+00:00,1.7557423227390505
2026-05-03 07:54:00+00:00,0.0
2026-05-03 07:55:00+00:00,3.091986354338099
2026-05-03 07:56:00+00:00,0.0
2026-05-03 07:57:00+00:00,2.1502516492925494
2026-05-03 07:58:00+00:00,1.5032860057344064
2026-05-03 07:59:00+00:00,2.401135819898431
2026-05-03 08:00:00+00:00,1.4702510416628325
2026-05-03 08:01:00+00:00,2.9689084965346333
2026-05-03 08:02:00+00:00,2.6159407358089783
2026-05-03 08:03:00+00:00,0.6931432883880161
2026-05-03 08:04:00+00:00,2.990881192860068
2026-05-03 08:05:00+00:00,0.3363162989983781
2026-05-03 08:06:00+00:00,1.02466077316056
2026-05-03 08:07:00+00:00,1.2760953287388963
2026-05-03 08:08:00+00:00,1.6891107054484429
2026-05-03 08:09:00+00:00,2.4784498886781647
2026-05-03 08:10:00+00:00,2.0471452750446417
2026-05-03 08:11:00+00:00,2.0106563534538373
2026-05-03 08:12:00+00:00,0.0
2026-05-03 08:13:00+00:00,2.094275730047847
2026-05-03 08:14:00+00:00,1.873101937876047
2026-05-03 08:15:00+00:00,0.7766334193750447
2026-05-03 08:16:00+00:00,3.0046639263964607
2026-05-03 08:17:00+00:00,2.0845883550046076
2026-05-03 08:18:00+00:00,1.6298461406827909
2026-05-03 08:19:00+00:00,0.0
2026-05-03 08:20:00+00:00,2.9479665666595136
2026-05-03 08:21:00+00:00,0.5745488218932013
2026-05-03 08:22:00+00:00,0.2303245771902804
2026-05-03 08:23:00+00:00,0.36143056829445613
2026-05-03 08:24:00+00:00,0.6687501666035134
2026-05-03 08:25:00+00:00,0.8087544300494586
2026-05-03 08:26:00+00:00,2.21647077985769
2026-05-03 08:27:00+00:00,0.9517593572950069
2026-05-03 08:28:00+00:00,0.0
2026-05-03 08:29:00+00:00,0.0
2026-05-03 08:30:00+00:00,1.8682977860291357
2026-05-03 08:31:00+00:00,0.0
2026-05-03 08:32:00+00:00,1.8158651656134663
2026-05-03 08:33:00+00:00,2.333151318359557
2026-05-03 08:34:00+00:00,1.0529988202264635
2026-05-03 08:35:00+00:00,2.8016920149197695
2026-05-03 08:36:00+00:00,1.014733170539409
2026-05-03 08:37:00+00:00,0.6272455142020985
2026-05-03 08:38:00+00:00,2.792027976496116
2026-05-03 08:39:00+00:00,1.725332552504633
2026-05-03 08:40:00+00:00,0.9624664296628798
2026-05-03 08:41:00+00:00,0.0
2026-05-03 08:42:00+00:00,0.48490477329443155
2026-05-03 08:43:00+00:00,1.6850973744200688
2026-05-03 08:44:00+00:00,2.411811929591392
2026-05-03 08:45:00+00:00,0.0
2026-05-03 08:46:00+00:00,3.1617319633187195
2026-05-03 08:47:00+00:00,0.0
2026-05-03 08:48:00+00:00,2.8191140841683286
2026-05-03 08:49:00+00:00,1.617747837302273
2026-05-03 08:50:00+00:00,0.7497117835503495
2026-05-03 08:51:00+00:00,0.2817563330345244
2026-05-03 08:52:00+00:00,1.7956895279871445
2026-05-03 08:53:00+00:00,0.9819963989354182
2026-05-03 08:54:00+00:00,0.37323301671501713
2026-05-03 08:55:00+00:00,2.0182202745402105
2026-05-03 08:56:00+00:00,0.6563537827363873
2026-05-03 08:57:00+00:00,2.611501238174758
2026-05-03 08:58:00+00:00,2.609318933340959
2026-05-03 08:59:00+00:00,0.0
2026-05-03 09:00:00+00:00,2.417492847291941
2026-05-03 09:01:00+00:00,0.0
2026-05-03 09:02:00+00:00,2.811007487541404
2026-05-03 09:03:00+00:00,0.0
2026-05-03 09:04:00+00:00,0.2209516703408752
2026-05-03 09:05:00+00:00,0.0
2026-05-03 09:06:00+00:00,2.7790756737926463
2026-05-03 09:07:00+00:00,0.0
2026-05-03 09:08:00+00:00,0.9110664909672482
2026-05-03 09:09:00+00:00,2.9406346131405514
2026-05-03 09:10:00+00:00,2.472840114371744
2026-05-03 09:11:00+00:00,0.0
2026-05-03 09:12:00+00:00,0.0
2026-05-03 09:13:00+00:00,0.5871394782650723
2026-05-03 09:14:00+00:00,2.0112133286770937
2026-05-03 09:15:00+00:00,0.8814882058760689
2026-05-03 09:16:00+00:00,2.658545292195314
2026-05-03 09:17:00+00:00,2.0054562596556442
2026-05-03 09:18:00+00:00,1.2906262886066715
2026-05-03 09:19:00+00:00,2.3875065492581826
2026-05-03 09:20:00+00:00,0.0
2026-05-03 09:21:00+00:00,1.0226013415797557
2026-05-03 09:22:00+00:00,0.2800597804593405
2026-05-03 09:23:00+00:00,2.673318221768062
2026-05-03 09:24:00+00:00,1.4271887167845128
2026-05-03 09:25:00+00:00,0.0
2026-05-03 09:26:00+00:00,0.6600709119470465
2026-05-03 09:27:00+00:00,0.0
2026-05-03 09:28:00+00:00,1.1244417277171042
2026-05-03 09:29:00+00:00,1.1827689258513672
2026-05-03 09:30:00+00:00,3.1124639710820974
2026-05-03 09:31:00+00:00,0.9737403356905522
2026-05-03 09:32:00+00:00,0.08638132804966481
2026-05-03 09:33:00+00:00,0.0
2026-05-03 09:34:00+00:00,1.039338142493595
2026-05-03 09:35:00+00:00,0.8720729421785637
2026-05-03 09:36:00+00:00,2.8977945707457424
2026-05-03 09:37:00+00:00,1.195265057239146
2026-05-03 09:38:00+00:00,0.14127071453955212
2026-05-03 09:39:00+00:00,1.7362737139486308
2026-05-03 09:40:00+00:00,0.0
2026-05-03 09:41:00+00:00,1.8774542948578612
2026-05-03 09:42:00+00:00,0.0
2026-05-03 09:43:00+00:00,0.9016990274923776
2026-05-03 09:44:00+00:00,2.956910014952153
2026-05-03 09:45:00+00:00,2.75998937306068
2026-05-03 09:46:00+00:00,2.3846935757497696
2026-05-03 09:47:00+00:00,3.126836872463614
2026-05-03 09:48:00+00:00,3.085343974097462
2026-05-03 09:49:00+00:00,0.4406855393482419
2026-05-03 09:50:00+00:00,1.7047160780369526
2026-05-03 09:51:00+00:00,0.0
2026-05-03 09:52:00+00:00,1.775803927322217
2026-05-03 09:53:00+00:00,3.0624389696447243
2026-05-03 09:54:00+00:00,0.0
2026-05-03 09:55:00+00:00,0.8372787878247429
2026-05-03 09:56:00+00:00,3.1393840699882927
2026-05-03 09:57:00+00:00,1.503497067128365
2026-05-03 09:58:00+00:00,0.0
2026-05-03 09:59:00+00:00,0.6835481735649155
2026-05-03 10:00:00+00:00,0.0
2026-05-03 10:01:00+00:00,1.7868248885648848
2026-05-03 10:02:00+00:00,2.6782841620037128
2026-05-03 10:03:00+00:00,2.296093685917441
2026-05-03 10:04:00+00:00,0.0
2026-05-03 10:05:00+00:00,2.434321680918856
2026-05-03 10:06:00+00:00,0.0
2026-05-03 10:07:00+00:00,3.011391992258161
2026-05-03 10:08:00+00:00,0.0
2026-05-03 10:09:00+00:00,3.096930118262124
2026-05-03 10:10:00+00:00,0.0
2026-05-03 10:11:00+00:00,2.210046104213379
2026-05-03 10:12:00+00:00,1.5893619215508197
2026-05-03 10:13:00+00:00,0.9657410018700648
2026-05-03 10:14:00+00:00,1.5556573843134802
2026-05-03 10:15:00+00:00,0.7976588540478632
2026-05-03 10:16:00+00:00,0.364673459817347
2026-05-03 10:17:00+00:00,1.1103174408464014
2026-05-03 10:18:00+00:00,0.0
2026-05-03 10:19:00+00:00,1.192966755632492
2026-05-03 10:20:00+00:00,1.141033323487881
2026-05-03 10:21:00+00:00,2.517838671452881
2026-05-03 10:22:00+00:00,0.0
2026-05-03 10:23:00+00:00,3.1549288058205347
2026-05-03 10:24:00+00:00,2.9579167580497616
2026-05-03 10:25:00+00:00,0.0140875946013596
2026-05-03 10:26:00+00:00,2.1929020889702246
2026-05-03 10:27:00+00:00,1.940422820944837
2026-05-03 10:28:00+00:00,0.2245038366451821
2026-05-03 10:29:00+00:00,1.6275251602729093
2026-05-03 10:30:00+00:00,3.002402263142003
2026-05-03 10:31:00+00:00,1.1492863331740293
2026-05-03 10:32:00+00:00,0.0
2026-05-03 10:33:00+00:00,2.173310083523732
2026-05-03 10:34:00+00:00,0.0604734718325301
2026-05-03 10:35:00+00:00,0.0
2026-05-03 10:36:00+00:00,3.002058652043083
2026-05-03 10:37:00+00:00,2.1392622201755613
2026-05-03 10:38:00+00:00,0.0
2026-05-03 10:39:00+00:00,0.0
2026-05-03 10:40:00+00:00,0.7050774958670091
2026-05-03 10:41:00+00:00,2.6761938837326507
2026-05-03 10:42:00+00:00,2.18388542814241
2026-05-03 10:43:00+00:00,1.8486824797901844
2026-05-03 10:44:00+00:00,0.0
2026-05-03 10:45:00+00:00,0.5098676646299783
2026-05-03 10:46:00+00:00,1.965225382705699
2026-05-03 10:47:00+00:00,1.3100415257092752
2026-05-03 10:48:00+00:00,0.1574026090991539
2026-05-03 10:49:00+00:00,1.1445283780168702
2026-05-03 10:50:00+00:00,0.0
2026-05-03 10:51:00+00:00,0.1805930482565468
2026-05-03 10:52:00+00:00,0.0
2026-05-03 10:53:00+00:00,0.0
2026-05-03 10:54:00+00:00,2.9337670312482707
2026-05-03 10:55:00+00:00,0.0
2026-05-03 10:56:00+00:00,0.0
2026-05-03 10:57:00+00:00,3.113288933776944
2026-05-03 10:58:00+00:00,0.0
2026-05-03 10:59:00+00:00,0.0
2026-05-03 11:00:00+00:00,0.0398158529773702
2026-05-03 11:01:00+00:00,0.2536178772476685
2026-05-03 11:02:00+00:00,3.050647501167165
2026-05-03 11:03:00+00:00,0.0
2026-05-03 11:04:00+00:00,2.95015579642854
2026-05-03 11:05:00+00:00,2.74695944394368
2026-05-03 11:06:00+00:00,0.0
2026-05-03 11:07:00+00:00,0.0
2026-05-03 11:08:00+00:00,1.7610550357456454
2026-05-03 11:09:00+00:00,2.793942338571651
2026-05-03 11:10:00+00:00,2.747972025832364
2026-05-03 11:11:00+00:00,0.0
2026-05-03 11:12:00+00:00,0.0
2026-05-03 11:13:00+00:00,2.1584786049899534
2026-05-03 11:14:00+00:00,1.0011897569312649
2026-05-03 11:15:00+00:00,0.9537645088558292
2026-05-03 11:16:00+00:00,0.0
2026-05-03 11:17:00+00:00,3.058391238946489
2026-05-03 11:18:00+00:00,0.0231569613178718
2026-05-03 11:19:00+00:00,0.3998522113564083
2026-05-03 11:20:00+00:00,0.0
2026-05-03 11:21:00+00:00,2.1637933185466
2026-05-03 11:22:00+00:00,1.5774002755346712
2026-05-03 11:23:00+00:00,1.5607709540480403
2026-05-03 11:24:00+00:00,0.7975134284648684
2026-05-03 11:25:00+00:00,2.657411398640782
2026-05-03 11:26:00+00:00,0.0917074098788593
2026-05-03 11:27:00+00:00,0.0
2026-05-03 11:28:00+00:00,1.009326973174848
2026-05-03 11:29:00+00:00,2.6104147819558925
2026-05-03 11:30:00+00:00,1.857627579941916
2026-05-03 11:31:00+00:00,0.8247411501182006
2026-05-03 11:32:00+00:00,2.524846147901529
2026-05-03 11:33:00+00:00,2.1497655012710184
2026-05-03 11:34:00+00:00,0.0
2026-05-03 11:35:00+00:00,0.0
2026-05-03 11:36:00+00:00,2.9924571723972484
2026-05-03 11:37:00+00:00,0.7317253446577782
2026-05-03 11:38:00+00:00,2.357273171894934
2026-05-03 11:39:00+00:00,0.0391306677386602
2026-05-03 11:40:00+00:00,0.0
2026-05-03 11:41:00+00:00,1.8567248958951597
2026-05-03 11:42:00+00:00,1.5652836011997404
2026-05-03 11:43:00+00:00,3.1294652529464697
2026-05-03 11:44:00+00:00,2.5406488282041115
2026-05-03 11:45:00+00:00,0.0
2026-05-03 11:46:00+00:00,3.202043416274
2026-05-03 11:47:00+00:00,1.298469252954883
2026-05-03 11:48:00+00:00,0.0
2026-05-03 11:49:00+00:00,1.576595840845161
2026-05-03 11:50:00+00:00,0.0
2026-05-03 11:51:00+00:00,0.0
2026-05-03 11:52:00+00:00,1.1818163430280968
2026-05-03 11:53:00+00:00,1.0520693315040552
2026-05-03 11:54:00+00:00,0.8217182923631033
2026-05-03 11:55:00+00:00,0.8011680439894567
2026-05-03 11:56:00+00:00,0.7767371611090207
2026-05-03 11:57:00+00:00,2.2411440998328613
2026-05-03 11:58:00+00:00,2.1616051657051827
2026-05-03 11:59:00+00:00,0.332948230479673
2026-05-03 12:00:00+00:00,0.8090666981177883
2026-05-03 12:01:00+00:00,2.202525346438865
2026-05-03 12:02:00+00:00,1.3113384256842835
2026-05-03 12:03:00+00:00,3.045033283948667
2026-05-03 12:04:00+00:00,1.222601358762324
2026-05-03 12:05:00+00:00,1.0504960701451416
2026-05-03 12:06:00+00:00,2.543501216315056
2026-05-03 12:07:00+00:00,1.5338757752724472
2026-05-03 12:08:00+00:00,1.3785824593915168
2026-05-03 12:09:00+00:00,1.0044647614723798
2026-05-03 12:10:00+00:00,0.6266544694177105
2026-05-03 12:11:00+00:00,3.02918980687204
2026-05-03 12:12:00+00:00,2.264450417133514
2026-05-03 12:13:00+00:00,0.5356809398224858
2026-05-03 12:14:00+00:00,2.7693180868832132
2026-05-03 12:15:00+00:00,0.0
2026-05-03 12:16:00+00:00,0.007403787853440626
2026-05-03 12:17:00+00:00,0.665209478290887
2026-05-03 12:18:00+00:00,2.349774661769678
2026-05-03 12:19:00+00:00,3.1817029833434076
2026-05-03 12:20:00+00:00,0.0
2026-05-03 12:21:00+00:00,0.0
2026-05-03 12:22:00+00:00,2.047905701899551
2026-05-03 12:23:00+00:00,0.0
2026-05-03 12:24:00+00:00,0.0
2026-05-03 12:25:00+00:00,0.19634247001462538
2026-05-03 12:26:00+00:00,0.0
2026-05-03 12:27:00+00:00,1.0117046912467305
2026-05-03 12:28:00+00:00,2.952891642807509
2026-05-03 12:29:00+00:00,0.4459566134355083
2026-05-03 12:30:00+00:00,2.998217641934385
2026-05-03 12:31:00+00:00,2.511203769502483
2026-05-03 12:32:00+00:00,0.0
2026-05-03 12:33:00+00:00,1.1618955231221808
2026-05-03 12:34:00+00:00,1.6091619189961448
2026-05-03 12:35:00+00:00,2.043184012456349
2026-05-03 12:36:00+00:00,2.8232288242736026
2026-05-03 12:37:00+00:00,1.748434251877052
2026-05-03 12:38:00+00:00,1.4518515658206332
2026-05-03 12:39:00+00:00,2.014387441746305
2026-05-03 12:40:00+00:00,0.0
2026-05-03 12:41:00+00:00,0.22041067469310324
2026-05-03 12:42:00+00:00,3.097143342160733
2026-05-03 12:43:00+00:00,2.7104966211424566
2026-05-03 12:44:00+00:00,0.0
2026-05-03 12:45:00+00:00,0.876245076380754
2026-05-03 12:46:00+00:00,0.0
2026-05-03 12:47:00+00:00,0.0
2026-05-03 12:48:00+00:00,0.35955808552097546
2026-05-03 12:49:00+00:00,2.118199097259266
2026-05-03 12:50:00+00:00,0.4363744914926727
2026-05-03 12:51:00+00:00,0.7046277119899359
2026-05-03 12:52:00+00:00,0.0
2026-05-03 12:53:00+00:00,2.2220841946111705
2026-05-03 12:54:00+00:00,2.31809871708115
2026-05-03 12:55:00+00:00,1.3524366129409147
2026-05-03 12:56:00+00:00,0.0
2026-05-03 12:57:00+00:00,1.2473279766069356
2026-05-03 12:58:00+00:00,2.1241474159862794
2026-05-03 12:59:00+00:00,1.52422942912047
2026-05-03 13:00:00+00:00,0.0
2026-05-03 13:01:00+00:00,0.2426575300138478
2026-05-03 13:02:00+00:00,2.034895989468444
2026-05-03 13:03:00+00:00,0.0
2026-05-03 13:04:00+00:00,0.9143160576338996
2026-05-03 13:05:00+00:00,0.0
2026-05-03 13:06:00+00:00,0.21267968326615702
2026-05-03 13:07:00+00:00,2.8646689774060903
2026-05-03 13:08:00+00:00,2.2686379073103207
2026-05-03 13:09:00+00:00,2.4918972942092568
2026-05-03 13:10:00+00:00,2.186511506159414
2026-05-03 13:11:00+00:00,0.0
2026-05-03 13:12:00+00:00,2.8446706044919305
2026-05-03 13:13:00+00:00,0.0
2026-05-03 13:14:00+00:00,0.1540797780706395
2026-05-03 13:15:00+00:00,2.915279869100504
2026-05-03 13:16:00+00:00,0.5282945738666965
2026-05-03 13:17:00+00:00,1.7689040516299799
2026-05-03 13:18:00+00:00,2.748090510366698
2026-05-03 13:19:00+00:00,3.186510864541672
2026-05-03 13:20:00+00:00,1.569855242795115
2026-05-03 13:21:00+00:00,2.3370068464007105
2026-05-03 13:22:00+00:00,0.0
2026-05-03 13:23:00+00:00,1.1807308600121842
2026-05-03 13:24:00+00:00,0.0
2026-05-03 13:25:00+00:00,0.0
2026-05-03 13:26:00+00:00,1.623168947918247
2026-05-03 13:27:00+00:00,2.7278512835587057
2026-05-03 13:28:00+00:00,0.0
2026-05-03 13:29:00+00:00,1.6250334296722075
2026-05-03 13:30:00+00:00,0.0
2026-05-03 13:31:00+00:00,0.0
2026-05-03 13:32:00+00:00,2.3471056224460725
2026-05-03 13:33:00+00:00,0.0
2026-05-03 13:34:00+00:00,0.0
2026-05-03 13:35:00+00:00,0.5633212668207564
2026-05-03 13:36:00+00:00,0.1756854807653123
2026-05-03 13:37:00+00:00,1.2390907734911019
2026-05-03 13:38:00+00:00,1.0151692830886183
2026-05-03 13:39:00+00:00,0.608942960004845
2026-05-03 13:40:00+00:00,0.0
2026-05-03 13:41:00+00:00,1.0222477991984567
2026-05-03 13:42:00+00:00,0.5445647746857512
2026-05-03 13:43:00+00:00,3.151618255481132
2026-05-03 13:44:00+00:00,1.5970284331844216
2026-05-03 13:45:00+00:00,0.0
2026-05-03 13:46:00+00:00,2.322353906053582
2026-05-03 13:47:00+00:00,1.3824464213744887
2026-05-03 13:48:00+00:00,0.2554305298383575
2026-05-03 13:49:00+00:00,2.9865781718957014
2026-05-03 13:50:00+00:00,0.0
2026-05-03 13:51:00+00:00,2.289791414909669
2026-05-03 13:52:00+00:00,0.263552501096718
2026-05-03 13:53:00+00:00,0.3115279632940412
2026-05-03 13:54:00+00:00,3.1637910798801836
2026-05-03 13:55:00+00:00,0.5965355196114813
2026-05-03 13:56:00+00:00,0.0
2026-05-03 13:57:00+00:00,0.0
2026-05-03 13:58:00+00:00,0.9301922013456043
2026-05-03 13:59:00+00:00,0.0
2026-05-03 14:00:00+00:00,0.0
2026-05-03 14:01:00+00:00,0.9000239963949294
2026-05-03 14:02:00+00:00,2.281349094046695
2026-05-03 14:03:00+00:00,1.7235060878011548
2026-05-03 14:04:00+00:00,0.8387829292535212
2026-05-03 14:05:00+00:00,1.5650273151866017
2026-05-03 14:06:00+00:00,2.538594537383805
2026-05-03 14:07:00+00:00,1.8767621545208661
2026-05-03 14:08:00+00:00,2.8510013733779904
2026-05-03 14:09:00+00:00,0.30733755110231703
2026-05-03 14:10:00+00:00,2.74663663227795
2026-05-03 14:11:00+00:00,0.8564525862698326
2026-05-03 14:12:00+00:00,0.0
2026-05-03 14:13:00+00:00,0.0
2026-05-03 14:14:00+00:00,1.5659033775757962
2026-05-03 14:15:00+00:00,2.853855715466911
2026-05-03 14:16:00+00:00,0.0
2026-05-03 14:17:00+00:00,0.20445576464116746
2026-05-03 14:18:00+00:00,0.09778361129015922
2026-05-03 14:19:00+00:00,1.2707533474500838
2026-05-03 14:20:00+00:00,1.2737052181434125
2026-05-03 14:21:00+00:00,2.1876254291618524
2026-05-03 14:22:00+00:00,0.7319176377691005
2026-05-03 14:23:00+00:00,1.563448877870586
2026-05-03 14:24:00+00:00,1.6613140806431836
2026-05-03 14:25:00+00:00,0.0
2026-05-03 14:26:00+00:00,0.557647263372462
2026-05-03 14:27:00+00:00,0.0
2026-05-03 14:28:00+00:00,0.9364352227905491
2026-05-03 14:29:00+00:00,1.6976466705733055
2026-05-03 14:30:00+00:00,3.2186074989217173
2026-05-03 14:31:00+00:00,2.5129973344986176
2026-05-03 14:32:00+00:00,1.5521879999322916
2026-05-03 14:33:00+00:00,1.823933965434055
2026-05-03 14:34:00+00:00,2.9813030520431263
2026-05-03 14:35:00+00:00,2.760355677732917
2026-05-03 14:36:00+00:00,0.0
2026-05-03 14:37:00+00:00,0.7421545744150324
2026-05-03 14:38:00+00:00,0.5298499118077391
2026-05-03 14:39:00+00:00,0.4641752079682576
2026-05-03 14:40:00+00:00,0.09835958661737972
2026-05-03 14:41:00+00:00,0.0
2026-05-03 14:42:00+00:00,0.926389305817171
2026-05-03 14:43:00+00:00,0.0
2026-05-03 14:44:00+00:00,0.2721470502884964
2026-05-03 14:45:00+00:00,2.19648164119659
2026-05-03 14:46:00+00:00,0.33504499477731176
2026-05-03 14:47:00+00:00,0.44744384038794704
2026-05-03 14:48:00+00:00,2.798550531570584
2026-05-03 14:49:00+00:00,1.5695813033900465
2026-05-03 14:50:00+00:00,0.0
2026-05-03 14:51:00+00:00,1.6008958712257242
2026-05-03 14:52:00+00:00,0.0
2026-05-03 14:53:00+00:00,1.9844614813416037
2026-05-03 14:54:00+00:00,1.9826812589413076
2026-05-03 14:55:00+00:00,2.5037970750591128
2026-05-03 14:56:00+00:00,1.3151941192718992
2026-05-03 14:57:00+00:00,0.0
2026-05-03 14:58:00+00:00,0.05358137278275484
2026-05-03 14:59:00+00:00,2.1567910210325727
2026-05-03 15:00:00+00:00,3.2005687188951537
2026-05-03 15:01:00+00:00,2.5870402016556757
2026-05-03 15:02:00+00:00,1.994630854577491
2026-05-03 15:03:00+00:00,1.3954648248711936
2026-05-03 15:04:00+00:00,1.6047486885228932
2026-05-03 15:05:00+00:00,1.7255209554260171
2026-05-03 15:06:00+00:00,1.887184508401659
2026-05-03 15:07:00+00:00,2.2531738046336685
2026-05-03 15:08:00+00:00,0.9913209609886553
2026-05-03 15:09:00+00:00,1.687682932098108
2026-05-03 15:10:00+00:00,2.4402225355721883
2026-05-03 15:11:00+00:00,1.8042087586089732
2026-05-03 15:12:00+00:00,0.0
2026-05-03 15:13:00+00:00,0.8616065831108162
2026-05-03 15:14:00+00:00,2.611155196236212
2026-05-03 15:15:00+00:00,0.0
2026-05-03 15:16:00+00:00,0.2153542010548607
2026-05-03 15:17:00+00:00,2.491147393916327
2026-05-03 15:18:00+00:00,0.0
2026-05-03 15:19:00+00:00,1.7279785105741734
2026-05-03 15:20:00+00:00,0.0
2026-05-03 15:21:00+00:00,1.2087608433906787
2026-05-03 15:22:00+00:00,3.227006259844775
2026-05-03 15:23:00+00:00,2.6843695527628855
2026-05-03 15:24:00+00:00,2.2438999649073055
2026-05-03 15:25:00+00:00,1.5175481395468429
2026-05-03 15:26:00+00:00,1.1269002419485452
2026-05-03 15:27:00+00:00,1.383863217355586
2026-05-03 15:28:00+00:00,0.9592652879554948
2026-05-03 15:29:00+00:00,0.0
2026-05-03 15:30:00+00:00,1.6346142623281066
2026-05-03 15:31:00+00:00,1.1031046163393243
2026-05-03 15:32:00+00:00,0.5441677914617713
2026-05-03 15:33:00+00:00,1.0995867185477997
2026-05-03 15:34:00+00:00,0.0
2026-05-03 15:35:00+00:00,1.7383823708752508
2026-05-03 15:36:00+00:00,0.0
2026-05-03 15:37:00+00:00,0.9964286689929721
2026-05-03 15:38:00+00:00,0.0
2026-05-03 15:39:00+00:00,1.558871758509159
2026-05-03 15:40:00+00:00,0.5407357963142497
2026-05-03 15:41:00+00:00,1.4120885752454408
2026-05-03 15:42:00+00:00,0.0
2026-05-03 15:43:00+00:00,2.0151361362690965
2026-05-03 15:44:00+00:00,0.0
2026-05-03 15:45:00+00:00,1.668992053025939
2026-05-03 15:46:00+00:00,2.9761657089651754
2026-05-03 15:47:00+00:00,0.05227425668152037
2026-05-03 15:48:00+00:00,0.34222157180220075
2026-05-03 15:49:00+00:00,2.739289426803812
2026-05-03 15:50:00+00:00,2.2204362996531115
2026-05-03 15:51:00+00:00,0.0
2026-05-03 15:52:00+00:00,1.2920069247083283
2026-05-03 15:53:00+00:00,3.160499395969976
2026-05-03 15:54:00+00:00,2.431029578279993
2026-05-03 15:55:00+00:00,1.369852166939277
2026-05-03 15:56:00+00:00,0.0
2026-05-03 15:57:00+00:00,1.8739514397803618
2026-05-03 15:58:00+00:00,0.0
2026-05-03 15:59:00+00:00,0.6469663542614728
2026-05-03 16:00:00+00:00,0.0
2026-05-03 16:01:00+00:00,0.7838095380214289
2026-05-03 16:02:00+00:00,0.0
2026-05-03 16:03:00+00:00,0.9475161138448003
2026-05-03 16:04:00+00:00,0.0
2026-05-03 16:05:00+00:00,0.0
2026-05-03 16:06:00+00:00,1.9337315965050328
2026-05-03 16:07:00+00:00,2.630555481163266
2026-05-03 16:08:00+00:00,1.5830344060015509
2026-05-03 16:09:00+00:00,0.7128512992587982
2026-05-03 16:10:00+00:00,0.2096851117752715
2026-05-03 16:11:00+00:00,1.8461481165049778
2026-05-03 16:12:00+00:00,2.8205711220645457
2026-05-03 16:13:00+00:00,0.0
2026-05-03 16:14:00+00:00,2.6284243602569783
2026-05-03 16:15:00+00:00,2.934911007583823
2026-05-03 16:16:00+00:00,0.0
2026-05-03 16:17:00+00:00,0.0
2026-05-03 16:18:00+00:00,1.0763448438362788
2026-05-03 16:19:00+00:00,1.047530169297645
2026-05-03 16:20:00+00:00,0.8192893770616935
2026-05-03 16:21:00+00:00,0.5786052177242353
2026-05-03 16:22:00+00:00,2.9951037290530973
2026-05-03 16:23:00+00:00,0.0
2026-05-03 16:24:00+00:00,2.0890698515241244
2026-05-03 16:25:00+00:00,2.9288503014949194
2026-05-03 16:26:00+00:00,0.0
2026-05-03 16:27:00+00:00,1.9351329640830417
2026-05-03 16:28:00+00:00,2.178158795950913
2026-05-03 16:29:00+00:00,3.218756672149388
2026-05-03 16:30:00+00:00,2.980758507081896
2026-05-03 16:31:00+00:00,0.10520967468104085
2026-05-03 16:32:00+00:00,2.1808111016110328
2026-05-03 16:33:00+00:00,1.8775611309334423
2026-05-03 16:34:00+00:00,0.0
2026-05-03 16:35:00+00:00,0.0
2026-05-03 16:36:00+00:00,2.13751184452214
2026-05-03 16:37:00+00:00,2.723943951585859
2026-05-03 16:38:00+00:00,0.0
2026-05-03 16:39:00+00:00,0.0
2026-05-03 16:40:00+00:00,0.6668047809711413
2026-05-03 16:41:00+00:00,3.108991214794185
2026-05-03 16:42:00+00:00,0.0
2026-05-03 16:43:00+00:00,1.3686042712926174
2026-05-03 16:44:00+00:00,0.0
2026-05-03 16:45:00+00:00,1.4907343739504875
2026-05-03 16:46:00+00:00,0.0
2026-05-03 16:47:00+00:00,0.0
2026-05-03 16:48:00+00:00,0.0
2026-05-03 16:49:00+00:00,2.5283688683545473
2026-05-03 16:50:00+00:00,1.9449066986295527
2026-05-03 16:51:00+00:00,2.6230123787428097
2026-05-03 16:52:00+00:00,0.0
2026-05-03 16:53:00+00:00,0.0
2026-05-03 16:54:00+00:00,0.0
2026-05-03 16:55:00+00:00,0.0
2026-05-03 16:56:00+00:00,0.3080405772600708
2026-05-03 16:57:00+00:00,1.0562386185798778
2026-05-03 16:58:00+00:00,3.2079780699231804
2026-05-03 16:59:00+00:00,0.0
2026-05-03 17:00:00+00:00,0.0
2026-05-03 17:01:00+00:00,0.0
2026-05-03 17:02:00+00:00,0.4940420418971114
2026-05-03 17:03:00+00:00,0.0
2026-05-03 17:04:00+00:00,0.0
2026-05-03 17:05:00+00:00,0.6622169889019447
2026-05-03 17:06:00+00:00,2.6260331233459553
2026-05-03 17:07:00+00:00,3.221207050494971
2026-05-03 17:08:00+00:00,0.0
2026-05-03 17:09:00+00:00,1.6207277844896035
2026-05-03 17:10:00+00:00,3.0857010779844796
2026-05-03 17:11:00+00:00,3.009481097489618
2026-05-03 17:12:00+00:00,0.0
2026-05-03 17:13:00+00:00,2.6895905311024197
2026-05-03 17:14:00+00:00,1.4031557025352006
2026-05-03 17:15:00+00:00,1.2293507740868468
2026-05-03 17:16:00+00:00,1.434774515220911
2026-05-03 17:17:00+00:00,0.0
2026-05-03 17:18:00+00:00,2.7254268658471608
2026-05-03 17:19:00+00:00,3.056871263872298
2026-05-03 17:20:00+00:00,0.3533707763425799
2026-05-03 17:21:00+00:00,2.015823369480889
2026-05-03 17:22:00+00:00,0.0
2026-05-03 17:23:00+00:00,2.8721449745056
2026-05-03 17:24:00+00:00,1.0844473368200664
2026-05-03 17:25:00+00:00,0.0
2026-05-03 17:26:00+00:00,0.8333127907519261
2026-05-03 17:27:00+00:00,0.4740251849214276
2026-05-03 17:28:00+00:00,3.1564022034572057
2026-05-03 17:29:00+00:00,0.3299223213533207
2026-05-03 17:30:00+00:00,1.1509730007674428
2026-05-03 17:31:00+00:00,0.16229171404267967
2026-05-03 17:32:00+00:00,0.029404207447402395
2026-05-03 17:33:00+00:00,2.7435423265259757
2026-05-03 17:34:00+00:00,2.6033005957632738
2026-05-03 17:35:00+00:00,0.4483316403042833
2026-05-03 17:36:00+00:00,0.061596313358132
2026-05-03 17:37:00+00:00,0.4902556409031995
2026-05-03 17:38:00+00:00,2.7926309036076837
2026-05-03 17:39:00+00:00,0.0
2026-05-03 17:40:00+00:00,0.0
2026-05-03 17:41:00+00:00,0.12537035917567127
2026-05-03 17:42:00+00:00,1.3103405006320654
2026-05-03 17:43:00+00:00,0.0
2026-05-03 17:44:00+00:00,0.0
2026-05-03 17:45:00+00:00,0.0
2026-05-03 17:46:00+00:00,1.7687547943368498
2026-05-03 17:47:00+00:00,2.6406756894564425
2026-05-03 17:48:00+00:00,2.316724397027201
2026-05-03 17:49:00+00:00,0.0
2026-05-03 17:50:00+00:00,1.4011807144457216
2026-05-03 17:51:00+00:00,0.18696385945938487
2026-05-03 17:52:00+00:00,1.509106753393957
2026-05-03 17:53:00+00:00,0.6419051716499243
2026-05-03 17:54:00+00:00,0.0
2026-05-03 17:55:00+00:00,1.1549893373211635
2026-05-03 17:56:00+00:00,0.0
2026-05-03 17:57:00+00:00,0.0
2026-05-03 17:58:00+00:00,2.3689632548274804
2026-05-03 17:59:00+00:00,1.1883558534163172
2026-05-03 18:00:00+00:00,3.0263675389493687
2026-05-03 18:01:00+00:00,0.0
2026-05-03 18:02:00+00:00,2.319038694390726
2026-05-03 18:03:00+00:00,1.0863237584748369
2026-05-03 18:04:00+00:00,1.9765011190432942
2026-05-03 18:05:00+00:00,3.034229754639261
2026-05-03 18:06:00+00:00,1.771226199575707
2026-05-03 18:07:00+00:00,0.0
2026-05-03 18:08:00+00:00,1.7002208464371422
2026-05-03 18:09:00+00:00,2.7500906252752317
2026-05-03 18:10:00+00:00,1.1994413521908107
2026-05-03 18:11:00+00:00,2.447107434936689
2026-05-03 18:12:00+00:00,0.0
2026-05-03 18:13:00+00:00,1.2364768220195288
2026-05-03 18:14:00+00:00,0.9422642210749195
2026-05-03 18:15:00+00:00,0.33710055602360917
2026-05-03 18:16:00+00:00,2.822185726172758
2026-05-03 18:17:00+00:00,2.721245643895341
2026-05-03 18:18:00+00:00,2.937275774739934
2026-05-03 18:19:00+00:00,0.0
2026-05-03 18:20:00+00:00,0.09501872745050371
2026-05-03 18:21:00+00:00,0.6080036309142707
2026-05-03 18:22:00+00:00,0.0
2026-05-03 18:23:00+00:00,3.1040926286649078
2026-05-03 18:24:00+00:00,1.8879398247039836
2026-05-03 18:25:00+00:00,0.0
2026-05-03 18:26:00+00:00,0.8089668076412018
2026-05-03 18:27:00+00:00,2.1220086654789254
2026-05-03 18:28:00+00:00,0.2980629671487589
2026-05-03 18:29:00+00:00,2.244482502983694
2026-05-03 18:30:00+00:00,1.524160059542383
2026-05-03 18:31:00+00:00,3.03543354677859
2026-05-03 18:32:00+00:00,3.0387813824608503
2026-05-03 18:33:00+00:00,0.543467143172299
2026-05-03 18:34:00+00:00,0.9333910294542075
2026-05-03 18:35:00+00:00,1.8894423912463694
2026-05-03 18:36:00+00:00,0.39444394006571465
2026-05-03 18:37:00+00:00,2.392088505508303
2026-05-03 18:38:00+00:00,2.2698124186993285
2026-05-03 18:39:00+00:00,0.601593531021021
2026-05-03 18:40:00+00:00,0.8881456262236315
2026-05-03 18:41:00+00:00,2.4032814112393135
2026-05-03 18:42:00+00:00,1.1206310683292278
2026-05-03 18:43:00+00:00,2.2708820451584955
2026-05-03 18:44:00+00:00,0.21250227152090786
2026-05-03 18:45:00+00:00,0.0
2026-05-03 18:46:00+00:00,0.0
2026-05-03 18:47:00+00:00,0.0
2026-05-03 18:48:00+00:00,1.2356942154337207
2026-05-03 18:49:00+00:00,1.1564194772627534
2026-05-03 18:50:00+00:00,2.1825677378010897
2026-05-03 18:51:00+00:00,1.9954311494793782
2026-05-03 18:52:00+00:00,2.2475216351756244
2026-05-03 18:53:00+00:00,1.595866626610468
2026-05-03 18:54:00+00:00,0.0
2026-05-03 18:55:00+00:00,0.0
2026-05-03 18:56:00+00:00,2.523491644370836
2026-05-03 18:57:00+00:00,0.0
2026-05-03 18:58:00+00:00,0.0
2026-05-03 18:59:00+00:00,2.269137561505601
2026-05-03 19:00:00+00:00,0.8647860086907264
2026-05-03 19:01:00+00:00,0.0
2026-05-03 19:02:00+00:00,0.0
2026-05-03 19:03:00+00:00,0.0
2026-05-03 19:04:00+00:00,0.7278506907864218
2026-05-03 19:05:00+00:00,1.544763521470774
2026-05-03 19:06:00+00:00,1.9630601244184354
2026-05-03 19:07:00+00:00,0.34252620171300274
2026-05-03 19:08:00+00:00,1.4326933723902904
2026-05-03 19:09:00+00:00,2.397551317747486
2026-05-03 19:10:00+00:00,1.1682521416691012
2026-05-03 19:11:00+00:00,0.855410936845156
2026-05-03 19:12:00+00:00,2.7212362820509575
2026-05-03 19:13:00+00:00,1.4230380797447268
2026-05-03 19:14:00+00:00,0.0
2026-05-03 19:15:00+00:00,1.0312191077518995
2026-05-03 19:16:00+00:00,0.9613030651420373
2026-05-03 19:17:00+00:00,1.7647923537259775
2026-05-03 19:18:00+00:00,2.5842376447769757
2026-05-03 19:19:00+00:00,0.8868783386708131
2026-05-03 19:20:00+00:00,0.0
2026-05-03 19:21:00+00:00,0.5093504591400742
2026-05-03 19:22:00+00:00,2.0175585370871123
2026-05-03 19:23:00+00:00,0.9191189902542313
2026-05-03 19:24:00+00:00,0.0
2026-05-03 19:25:00+00:00,0.0
2026-05-03 19:26:00+00:00,2.0909006540644337
2026-05-03 19:27:00+00:00,0.0
2026-05-03 19:28:00+00:00,2.2531727845444287
2026-05-03 19:29:00+00:00,0.45349987659163943
2026-05-03 19:30:00+00:00,0.0
2026-05-03 19:31:00+00:00,0.3468992365757935
2026-05-03 19:32:00+00:00,0.0
2026-05-03 19:33:00+00:00,1.7611113683635502
2026-05-03 19:34:00+00:00,0.532420390356236
2026-05-03 19:35:00+00:00,0.32876387209325303
2026-05-03 19:36:00+00:00,0.5978094193968424
2026-05-03 19:37:00+00:00,0.3622111050159335
2026-05-03 19:38:00+00:00,0.0
2026-05-03 19:39:00+00:00,2.866527276906536
2026-05-03 19:40:00+00:00,1.6534977973263094
2026-05-03 19:41:00+00:00,1.7937582204828413
2026-05-03 19:42:00+00:00,2.41431391196883
2026-05-03 19:43:00+00:00,2.152210320591757
2026-05-03 19:44:00+00:00,0.0
2026-05-03 19:45:00+00:00,2.055446824942184
2026-05-03 19:46:00+00:00,2.771608358084923
2026-05-03 19:47:00+00:00,0.0
2026-05-03 19:48:00+00:00,2.2885993537816782
2026-05-03 19:49:00+00:00,0.30124528574585574
2026-05-03 19:50:00+00:00,0.8903522134490915
2026-05-03 19:51:00+00:00,0.4039138096331228
2026-05-03 19:52:00+00:00,0.0
2026-05-03 19:53:00+00:00,1.347610537536022
2026-05-03 19:54:00+00:00,0.6950134293750101
2026-05-03 19:55:00+00:00,1.7936688410304622
2026-05-03 19:56:00+00:00,1.7738632948114137
2026-05-03 19:57:00+00:00,1.5889756120988843
2026-05-03 19:58:00+00:00,1.5943981699604814
2026-05-03 19:59:00+00:00,1.7382435880173284
2026-05-03 20:00:00+00:00,1.495976664481173
2026-05-03 20:01:00+00:00,0.943414470312094
2026-05-03 20:02:00+00:00,0.6066998410338793
2026-05-03 20:03:00+00:00,0.0
2026-05-03 20:04:00+00:00,0.0
2026-05-03 20:05:00+00:00,0.0
2026-05-03 20:06:00+00:00,1.5337769881761227
2026-05-03 20:07:00+00:00,2.530145085833361
2026-05-03 20:08:00+00:00,1.0336901115939643
2026-05-03 20:09:00+00:00,0.0
2026-05-03 20:10:00+00:00,2.734553663223567
2026-05-03 20:11:00+00:00,1.4094524029120663
2026-05-03 20:12:00+00:00,0.0
2026-05-03 20:13:00+00:00,1.1734979562751207
2026-05-03 20:14:00+00:00,1.3791247610748547
2026-05-03 20:15:00+00:00,2.810056370821909
2026-05-03 20:16:00+00:00,3.210424049972487
2026-05-03 20:17:00+00:00,1.6145278295251144
2026-05-03 20:18:00+00:00,1.4617950628007133
2026-05-03 20:19:00+00:00,1.5115454015680778
2026-05-03 20:20:00+00:00,0.0
2026-05-03 20:21:00+00:00,0.8959768230588211
2026-05-03 20:22:00+00:00,3.1664800229253687
2026-05-03 20:23:00+00:00,0.1400873105788719
2026-05-03 20:24:00+00:00,2.7649447666931213
2026-05-03 20:25:00+00:00,0.0
2026-05-03 20:26:00+00:00,2.804453674870309
2026-05-03 20:27:00+00:00,1.3646686728489763
2026-05-03 20:28:00+00:00,2.913373669573965
2026-05-03 20:29:00+00:00,2.9970773441747816
2026-05-03 20:30:00+00:00,2.1447758412721947
2026-05-03 20:31:00+00:00,0.0
2026-05-03 20:32:00+00:00,0.0
2026-05-03 20:33:00+00:00,3.1484869747421365
2026-05-03 20:34:00+00:00,2.370644283255068
2026-05-03 20:35:00+00:00,1.1718115221649954
2026-05-03 20:36:00+00:00,2.364356625977704
2026-05-03 20:37:00+00:00,0.0
2026-05-03 20:38:00+00:00,0.0
2026-05-03 20:39:00+00:00,0.0
2026-05-03 20:40:00+00:00,0.0882095223351892
2026-05-03 20:41:00+00:00,2.678582980320862
2026-05-03 20:42:00+00:00,2.1129623541529265
2026-05-03 20:43:00+00:00,1.0583892828818129
2026-05-03 20:44:00+00:00,0.0
2026-05-03 20:45:00+00:00,1.7383561210677367
2026-05-03 20:46:00+00:00,2.4449846222280893
2026-05-03 20:47:00+00:00,0.7280278219994232
2026-05-03 20:48:00+00:00,0.0
2026-05-03 20:49:00+00:00,1.7231649993503382
2026-05-03 20:50:00+00:00,2.7576185697199467
2026-05-03 20:51:00+00:00,2.1945901348661
2026-05-03 20:52:00+00:00,2.795087205675926
2026-05-03 20:53:00+00:00,0.0
2026-05-03 20:54:00+00:00,3.152223908872443
2026-05-03 20:55:00+00:00,0.0
2026-05-03 20:56:00+00:00,1.6541025415408808
2026-05-03 20:57:00+00:00,0.0
2026-05-03 20:58:00+00:00,2.879343004719536
2026-05-03 20:59:00+00:00,0.0
2026-05-03 21:00:00+00:00,2.975834836766412
2026-05-03 21:01:00+00:00,2.85729817493096
2026-05-03 21:02:00+00:00,3.1857017402943297
2026-05-03 21:03:00+00:00,0.8576273320037912
2026-05-03 21:04:00+00:00,0.2456824350618454
2026-05-03 21:05:00+00:00,2.0702304155804137
2026-05-03 21:06:00+00:00,0.5237607943377831
2026-05-03 21:07:00+00:00,0.0
2026-05-03 21:08:00+00:00,0.0
2026-05-03 21:09:00+00:00,1.569406980323502
2026-05-03 21:10:00+00:00,0.3231356581884784
2026-05-03 21:11:00+00:00,2.470803473863049
2026-05-03 21:12:00+00:00,1.2090037277005936
2026-05-03 21:13:00+00:00,1.4314577321021094
2026-05-03 21:14:00+00:00,1.2668816184855227
2026-05-03 21:15:00+00:00,2.0649548597491894
2026-05-03 21:16:00+00:00,3.1943516310820566
2026-05-03 21:17:00+00:00,0.0
2026-05-03 21:18:00+00:00,1.2017146517712662
2026-05-03 21:19:00+00:00,2.086043760146034
2026-05-03 21:20:00+00:00,2.1838824257572966
2026-05-03 21:21:00+00:00,1.6271665318757271
2026-05-03 21:22:00+00:00,1.679470626793613
2026-05-03 21:23:00+00:00,0.0
2026-05-03 21:24:00+00:00,2.9570460335902915
2026-05-03 21:25:00+00:00,0.0
2026-05-03 21:26:00+00:00,0.525628542130787
2026-05-03 21:27:00+00:00,0.0
2026-05-03 21:28:00+00:00,0.0
2026-05-03 21:29:00+00:00,0.0
2026-05-03 21:30:00+00:00,1.874253286150126
2026-05-03 21:31:00+00:00,0.2822127900337634
2026-05-03 21:32:00+00:00,2.039851966782298
2026-05-03 21:33:00+00:00,3.0514187969909874
2026-05-03 21:34:00+00:00,0.0
2026-05-03 21:35:00+00:00,2.777972810024902
2026-05-03 21:36:00+00:00,0.0
2026-05-03 21:37:00+00:00,1.6644660530096766
2026-05-03 21:38:00+00:00,3.1370028860625663
2026-05-03 21:39:00+00:00,0.0
2026-05-03 21:40:00+00:00,2.0916350938552615
2026-05-03 21:41:00+00:00,0.0
2026-05-03 21:42:00+00:00,1.410415533380294
2026-05-03 21:43:00+00:00,3.0409932105726747
2026-05-03 21:44:00+00:00,2.258206430254502
2026-05-03 21:45:00+00:00,2.932131555012347
2026-05-03 21:46:00+00:00,1.1949111437720399
2026-05-03 21:47:00+00:00,2.1670811670005348
2026-05-03 21:48:00+00:00,3.1807282828199313
2026-05-03 21:49:00+00:00,2.9837481246610316
2026-05-03 21:50:00+00:00,0.0
2026-05-03 21:51:00+00:00,0.0
2026-05-03 21:52:00+00:00,0.0
2026-05-03 21:53:00+00:00,2.1066679078104062
2026-05-03 21:54:00+00:00,2.244999602480525
2026-05-03 21:55:00+00:00,0.03537594280903234
2026-05-03 21:56:00+00:00,2.764047482128489
2026-05-03 21:57:00+00:00,0.0
2026-05-03 21:58:00+00:00,0.0
2026-05-03 21:59:00+00:00,0.547093350192899
2026-05-03 22:00:00+00:00,1.897166223146098
2026-05-03 22:01:00+00:00,2.3560017277732173
2026-05-03 22:02:00+00:00,2.0020976817045564
2026-05-03 22:03:00+00:00,0.0
2026-05-03 22:04:00+00:00,0.9254874717884929
2026-05-03 22:05:00+00:00,1.303575610475491
2026-05-03 22:06:00+00:00,0.2368750519336553
2026-05-03 22:07:00+00:00,0.0
2026-05-03 22:08:00+00:00,1.4144390755457787
2026-05-03 22:09:00+00:00,0.0
2026-05-03 22:10:00+00:00,0.8002705716020825
2026-05-03 22:11:00+00:00,1.6740782915809345
2026-05-03 22:12:00+00:00,0.0
2026-05-03 22:13:00+00:00,1.9429082508646291
2026-05-03 22:14:00+00:00,0.0
2026-05-03 22:15:00+00:00,2.274187898613805
2026-05-03 22:16:00+00:00,2.4151114550021413
2026-05-03 22:17:00+00:00,3.088818661582716
2026-05-03 22:18:00+00:00,0.0
2026-05-03 22:19:00+00:00,0.0
2026-05-03 22:20:00+00:00,1.019575343594192
2026-05-03 22:21:00+00:00,1.1081378391378014
2026-05-03 22:22:00+00:00,1.7503334102155232
2026-05-03 22:23:00+00:00,0.0
2026-05-03 22:24:00+00:00,0.18174322134159823
2026-05-03 22:25:00+00:00,2.4282362032913873
2026-05-03 22:26:00+00:00,2.663086599236333
2026-05-03 22:27:00+00:00,1.689834456200753
2026-05-03 22:28:00+00:00,0.7717757760712324
2026-05-03 22:29:00+00:00,0.7642468863011794
2026-05-03 22:30:00+00:00,2.1219459090666213
2026-05-03 22:31:00+00:00,2.403441074794123
2026-05-03 22:32:00+00:00,0.6084142921724781
2026-05-03 22:33:00+00:00,0.1786862579932187
2026-05-03 22:34:00+00:00,1.938053245518427
2026-05-03 22:35:00+00:00,0.0
2026-05-03 22:36:00+00:00,0.0
2026-05-03 22:37:00+00:00,0.0
2026-05-03 22:38:00+00:00,1.4049447695160504
2026-05-03 22:39:00+00:00,0.0
2026-05-03 22:40:00+00:00,0.2281165105982111
2026-05-03 22:41:00+00:00,0.7342363234150008
2026-05-03 22:42:00+00:00,0.0
2026-05-03 22:43:00+00:00,0.6185185138102919
2026-05-03 22:44:00+00:00,0.0
2026-05-03 22:45:00+00:00,0.0
2026-05-03 22:46:00+00:00,0.0
2026-05-03 22:47:00+00:00,2.581104604569101
2026-05-03 22:48:00+00:00,0.0
2026-05-03 22:49:00+00:00,2.2742658574187815
2026-05-03 22:50:00+00:00,0.0
2026-05-03 22:51:00+00:00,0.2401656090347934
2026-05-03 22:52:00+00:00,1.3111365406497604
2026-05-03 22:53:00+00:00,0.0
2026-05-03 22:54:00+00:00,0.6607977683344973
2026-05-03 22:55:00+00:00,3.1457737137494233
2026-05-03 22:56:00+00:00,0.0
2026-05-03 22:57:00+00:00,0.0
2026-05-03 22:58:00+00:00,0.8801489561176715
2026-05-03 22:59:00+00:00,2.4314213538384686
2026-05-03 23:00:00+00:00,2.735593282672866
2026-05-03 23:01:00+00:00,0.0
2026-05-03 23:02:00+00:00,1.0197882793722322
2026-05-03 23:03:00+00:00,0.0
2026-05-03 23:04:00+00:00,0.0
2026-05-03 23:05:00+00:00,2.476220430497812
2026-05-03 23:06:00+00:00,2.922083073357592
2026-05-03 23:07:00+00:00,1.576824365337314
2026-05-03 23:08:00+00:00,0.0
2026-05-03 23:09:00+00:00,0.5259102146031728
2026-05-03 23:10:00+00:00,0.9205029099428536
2026-05-03 23:11:00+00:00,1.2954214628137537
2026-05-03 23:12:00+00:00,0.0
2026-05-03 23:13:00+00:00,0.0
2026-05-03 23:14:00+00:00,2.1064177252341043
2026-05-03 23:15:00+00:00,0.0
2026-05-03 23:16:00+00:00,0.5246987455660053
2026-05-03 23:17:00+00:00,2.921174740612586
2026-05-03 23:18:00+00:00,2.221151750351796
2026-05-03 23:19:00+00:00,1.885226097428576
2026-05-03 23:20:00+00:00,1.0283174196996314
2026-05-03 23:21:00+00:00,2.454118672534775
2026-05-03 23:22:00+00:00,2.9760701755976435
2026-05-03 23:23:00+00:00,2.480704927503334
2026-05-03 23:24:00+00:00,0.0
2026-05-03 23:25:00+00:00,0.0
2026-05-03 23:26:00+00:00,0.0
2026-05-03 23:27:00+00:00,0.0
2026-05-03 23:28:00+00:00,1.315438697135647
2026-05-03 23:29:00+00:00,0.3794630645456883
2026-05-03 23:30:00+00:00,1.0482608932955524
2026-05-03 23:31:00+00:00,0.5553008245904681
2026-05-03 23:32:00+00:00,0.6376990051183054
2026-05-03 23:33:00+00:00,0.0
2026-05-03 23:34:00+00:00,0.4503341756699897
2026-05-03 23:35:00+00:00,2.736282992454369
2026-05-03 23:36:00+00:00,0.0
2026-05-03 23:37:00+00:00,0.0
2026-05-03 23:38:00+00:00,0.1137976715456827
2026-05-03 23:39:00+00:00,1.0670776919332348
2026-05-03 23:40:00+00:00,2.548102998845976
2026-05-03 23:41:00+00:00,0.8665524998246552
2026-05-03 23:42:00+00:00,1.1241123645313833
2026-05-03 23:43:00+00:00,0.2968338732203606
2026-05-03 23:44:00+00:00,0.7233477561473773
2026-05-03 23:45:00+00:00,2.8292541874508235
2026-05-03 23:46:00+00:00,0.8345175761962014
2026-05-03 23:47:00+00:00,0.07206190705359006
2026-05-03 23:48:00+00:00,1.425390176732592
2026-05-03 23:49:00+00:00,0.3931468941926307
2026-05-03 23:50:00+00:00,2.6115629359303267
2026-05-03 23:51:00+00:00,3.0663788287421294
2026-05-03 23:52:00+00:00,0.0
2026-05-03 23:53:00+00:00,1.315401612242364
2026-05-03 23:54:00+00:00,1.7636724653701998
2026-05-03 23:55:00+00:00,1.6863111902681232
2026-05-03 23:56:00+00:00,0.7096802495664329
2026-05-03 23:57:00+00:00,1.1755429162082094
2026-05-03 23:58:00+00:00,0.1215174776537413
2026-05-03 23:59:00+00:00,0.31185468569614316
2026-05-04 00:00:00+00:00,1.2593901296048895
2026-05-04 00:01:00+00:00,0.0
2026-05-04 00:02:00+00:00,0.0
2026-05-04 00:03:00+00:00,1.906864360866379
2026-05-04 00:04:00+00:00,2.143623079434439
2026-05-04 00:05:00+00:00,0.0
2026-05-04 00:06:00+00:00,0.0
2026-05-04 00:07:00+00:00,0.17204935674711716
2026-05-04 00:08:00+00:00,1.759384011421471
2026-05-04 00:09:00+00:00,3.16718031680382
2026-05-04 00:10:00+00:00,2.2048413600295507
2026-05-04 00:11:00+00:00,0.0
2026-05-04 00:12:00+00:00,0.028437596637647052
2026-05-04 00:13:00+00:00,1.2500577394832628
2026-05-04 00:14:00+00:00,3.1227471706001797
2026-05-04 00:15:00+00:00,0.0
2026-05-04 00:16:00+00:00,0.0
2026-05-04 00:17:00+00:00,1.1245581858938205
2026-05-04 00:18:00+00:00,0.0
2026-05-04 00:19:00+00:00,0.0
2026-05-04 00:20:00+00:00,3.035228584257322
2026-05-04 00:21:00+00:00,0.4648097495930322
2026-05-04 00:22:00+00:00,2.9272428485150206
2026-05-04 00:23:00+00:00,2.5827127644356223
2026-05-04 00:24:00+00:00,0.0
2026-05-04 00:25:00+00:00,2.059288544786198
2026-05-04 00:26:00+00:00,1.721380770871328
2026-05-04 00:27:00+00:00,0.0
2026-05-04 00:28:00+00:00,0.6578783047536583
2026-05-04 00:29:00+00:00,2.0302792812992285
2026-05-04 00:30:00+00:00,0.23468324420329917
2026-05-04 00:31:00+00:00,1.4622004130504558
2026-05-04 00:32:00+00:00,0.0
2026-05-04 00:33:00+00:00,0.0
2026-05-04 00:34:00+00:00,2.534903745607544
2026-05-04 00:35:00+00:00,0.2405331138119772
2026-05-04 00:36:00+00:00,2.8170455583465324
2026-05-04 00:37:00+00:00,3.1561119831897577
2026-05-04 00:38:00+00:00,0.1854482120591399
2026-05-04 00:39:00+00:00,0.0
2026-05-04 00:40:00+00:00,2.373668910010053
2026-05-04 00:41:00+00:00,1.0053190310364837
2026-05-04 00:42:00+00:00,0.056301035187666486
2026-05-04 00:43:00+00:00,2.169360924694761
2026-05-04 00:44:00+00:00,0.0
2026-05-04 00:45:00+00:00,0.9822004244089857
2026-05-04 00:46:00+00:00,0.0
2026-05-04 00:47:00+00:00,0.0
2026-05-04 00:48:00+00:00,3.1366617995255726
2026-05-04 00:49:00+00:00,2.845549457056127
2026-05-04 00:50:00+00:00,0.6016719992608478
2026-05-04 00:51:00+00:00,0.6024368042634834
2026-05-04 00:52:00+00:00,1.701624054569109
2026-05-04 00:53:00+00:00,1.0169555627092914
2026-05-04 00:54:00+00:00,0.6552113464432379
2026-05-04 00:55:00+00:00,0.0
2026-05-04 00:56:00+00:00,2.584338906289268
2026-05-04 00:57:00+00:00,1.6113570180138193
2026-05-04 00:58:00+00:00,0.0
2026-05-04 00:59:00+00:00,1.6977579530588218
2026-05-04 01:00:00+00:00,1.4951930480828068
2026-05-04 01:01:00+00:00,2.808757760480135
2026-05-04 01:02:00+00:00,2.199521041933953
2026-05-04 01:03:00+00:00,1.4112349664849393
2026-05-04 01:04:00+00:00,2.0404682719185976
2026-05-04 01:05:00+00:00,1.7061666106636906
2026-05-04 01:06:00+00:00,1.371917035191044
2026-05-04 01:07:00+00:00,2.1220817515335697
2026-05-04 01:08:00+00:00,0.5981199231558195
2026-05-04 01:09:00+00:00,0.0
2026-05-04 01:10:00+00:00,2.1325518474145584
2026-05-04 01:11:00+00:00,1.3234809728596535
2026-05-04 01:12:00+00:00,1.8275241852279465
2026-05-04 01:13:00+00:00,2.545254091992594
2026-05-04 01:14:00+00:00,1.4995646005607148
2026-05-04 01:15:00+00:00,0.0
2026-05-04 01:16:00+00:00,2.5772176123561548
2026-05-04 01:17:00+00:00,3.1379924277773354
2026-05-04 01:18:00+00:00,3.1419597991129824
2026-05-04 01:19:00+00:00,0.0
2026-05-04 01:20:00+00:00,0.0
2026-05-04 01:21:00+00:00,2.8481115242398785
2026-05-04 01:22:00+00:00,0.2170538694984079
2026-05-04 01:23:00+00:00,1.83873632402445
2026-05-04 01:24:00+00:00,1.5064263077903666
2026-05-04 01:25:00+00:00,0.8098663901863177
2026-05-04 01:26:00+00:00,1.629102535657419
2026-05-04 01:27:00+00:00,1.5834782785539467
2026-05-04 01:28:00+00:00,2.697132130771334
2026-05-04 01:29:00+00:00,0.6298892134904365
2026-05-04 01:30:00+00:00,1.0376608533061717
2026-05-04 01:31:00+00:00,3.086707065178495
2026-05-04 01:32:00+00:00,0.0
2026-05-04 01:33:00+00:00,0.0
2026-05-04 01:34:00+00:00,2.128661900039474
2026-05-04 01:35:00+00:00,1.4940702156556056
2026-05-04 01:36:00+00:00,0.8786458827508545
2026-05-04 01:37:00+00:00,2.2022866776921677
2026-05-04 01:38:00+00:00,0.0
2026-05-04 01:39:00+00:00,0.9985665439588522
2026-05-04 01:40:00+00:00,0.0
2026-05-04 01:41:00+00:00,1.09287909011304
2026-05-04 01:42:00+00:00,1.1710160903176912
2026-05-04 01:43:00+00:00,3.136852402722828
2026-05-04 01:44:00+00:00,1.6689915427260928
2026-05-04 01:45:00+00:00,0.0
2026-05-04 01:46:00+00:00,1.7261940870006542
2026-05-04 01:47:00+00:00,0.0
2026-05-04 01:48:00+00:00,2.29677057033259
2026-05-04 01:49:00+00:00,0.0
2026-05-04 01:50:00+00:00,2.591307964805063
2026-05-04 01:51:00+00:00,0.7237600395692084
2026-05-04 01:52:00+00:00,0.7621969307384763
2026-05-04 01:53:00+00:00,2.1116715763435794
2026-05-04 01:54:00+00:00,0.0
2026-05-04 01:55:00+00:00,1.0811371345867065
2026-05-04 01:56:00+00:00,2.6597120594086867
2026-05-04 01:57:00+00:00,1.4866293329282911
2026-05-04 01:58:00+00:00,0.0
2026-05-04 01:59:00+00:00,0.0
2026-05-04 02:00:00+00:00,0.0
2026-05-04 02:01:00+00:00,2.3107719571494267
2026-05-04 02:02:00+00:00,0.23673536204422724
2026-05-04 02:03:00+00:00,0.46680139216346145
2026-05-04 02:04:00+00:00,1.3301075854676787
2026-05-04 02:05:00+00:00,0.0
2026-05-04 02:06:00+00:00,0.0
2026-05-04 02:07:00+00:00,1.9332889269951292
2026-05-04 02:08:00+00:00,0.2303796445211964
2026-05-04 02:09:00+00:00,1.2996518314023118
2026-05-04 02:10:00+00:00,1.5883719867830206
2026-05-04 02:11:00+00:00,2.240990113158517
2026-05-04 02:12:00+00:00,0.6471395985450336
2026-05-04 02:13:00+00:00,1.4620822754967089
2026-05-04 02:14:00+00:00,1.5675221581646739
2026-05-04 02:15:00+00:00,0.0
2026-05-04 02:16:00+00:00,0.0
2026-05-04 02:17:00+00:00,2.0755629639894586
2026-05-04 02:18:00+00:00,0.0
2026-05-04 02:19:00+00:00,1.9536862095073262
2026-05-04 02:20:00+00:00,2.009065988443848
2026-05-04 02:21:00+00:00,0.6383068261249686
2026-05-04 02:22:00+00:00,0.9336691831292144
2026-05-04 02:23:00+00:00,2.7962450908315595
2026-05-04 02:24:00+00:00,0.0
2026-05-04 02:25:00+00:00,0.8462877238591813
2026-05-04 02:26:00+00:00,2.708597195418891
2026-05-04 02:27:00+00:00,1.4692810414456539
2026-05-04 02:28:00+00:00,2.4596833755989382
2026-05-04 02:29:00+00:00,0.4852148735736725
2026-05-04 02:30:00+00:00,2.6204749377592265
2026-05-04 02:31:00+00:00,0.16773775993527565
2026-05-04 02:32:00+00:00,2.1120342488321167
2026-05-04 02:33:00+00:00,0.008723528195815072
2026-05-04 02:34:00+00:00,0.0
2026-05-04 02:35:00+00:00,0.7683089099600539
2026-05-04 02:36:00+00:00,0.28015500914403524
2026-05-04 02:37:00+00:00,0.3258854142030989
2026-05-04 02:38:00+00:00,0.1654264192131249
2026-05-04 02:39:00+00:00,0.229446692887357
2026-05-04 02:40:00+00:00,1.4538140974807836
2026-05-04 02:41:00+00:00,1.0633861453784144
2026-05-04 02:42:00+00:00,1.477012384303211
2026-05-04 02:43:00+00:00,0.0
2026-05-04 02:44:00+00:00,0.5096621481211137
2026-05-04 02:45:00+00:00,0.9945515291658138
2026-05-04 02:46:00+00:00,0.33490251636832336
2026-05-04 02:47:00+00:00,1.9918380435890426
2026-05-04 02:48:00+00:00,2.9970263035190783
2026-05-04 02:49:00+00:00,2.594327726299957
2026-05-04 02:50:00+00:00,0.0
2026-05-04 02:51:00+00:00,0.1761083282034707
2026-05-04 02:52:00+00:00,0.9287291673965633
2026-05-04 02:53:00+00:00,0.0
2026-05-04 02:54:00+00:00,1.2609778022273845
2026-05-04 02:55:00+00:00,0.0
2026-05-04 02:56:00+00:00,2.8895699255281633
2026-05-04 02:57:00+00:00,0.0
2026-05-04 02:58:00+00:00,1.74327041184184
2026-05-04 02:59:00+00:00,2.2925739232992366
2026-05-04 03:00:00+00:00,0.25978620611469605
2026-05-04 03:01:00+00:00,0.39333028343950804
2026-05-04 03:02:00+00:00,2.184907888492697
2026-05-04 03:03:00+00:00,0.0768748121820561
2026-05-04 03:04:00+00:00,2.374473712866377
2026-05-04 03:05:00+00:00,1.480477208233841
2026-05-04 03:06:00+00:00,0.277128760533665
2026-05-04 03:07:00+00:00,0.0
2026-05-04 03:08:00+00:00,0.0
2026-05-04 03:09:00+00:00,2.712963901895404
2026-05-04 03:10:00+00:00,0.0882300904451528
2026-05-04 03:11:00+00:00,2.099602632818739
2026-05-04 03:12:00+00:00,2.4421564418127812
2026-05-04 03:13:00+00:00,1.6858890970742062
2026-05-04 03:14:00+00:00,0.14907481489293273
2026-05-04 03:15:00+00:00,2.8882908747529603
2026-05-04 03:16:00+00:00,0.0
2026-05-04 03:17:00+00:00,2.46496237436456
2026-05-04 03:18:00+00:00,2.6759219004546253
2026-05-04 03:19:00+00:00,0.0
2026-05-04 03:20:00+00:00,1.4745816701719712
2026-05-04 03:21:00+00:00,0.0
2026-05-04 03:22:00+00:00,1.3439735222324332
2026-05-04 03:23:00+00:00,0.0
2026-05-04 03:24:00+00:00,1.287524385677895
2026-05-04 03:25:00+00:00,0.0
2026-05-04 03:26:00+00:00,1.7772770381974816
2026-05-04 03:27:00+00:00,2.0747792395362668
2026-05-04 03:28:00+00:00,2.4814727648523087
2026-05-04 03:29:00+00:00,2.357795550104821
2026-05-04 03:30:00+00:00,0.17796511220759054
2026-05-04 03:31:00+00:00,0.07615333989911097
2026-05-04 03:32:00+00:00,2.9038484887873923
2026-05-04 03:33:00+00:00,2.370577150738318
2026-05-04 03:34:00+00:00,2.689323148802886
2026-05-04 03:35:00+00:00,0.4116335321551945
2026-05-04 03:36:00+00:00,0.23588387571597894
2026-05-04 03:37:00+00:00,1.6076428816854034
2026-05-04 03:38:00+00:00,2.7934723545142868
2026-05-04 03:39:00+00:00,3.008484896536376
2026-05-04 03:40:00+00:00,2.2098176497308955
2026-05-04 03:41:00+00:00,0.0
2026-05-04 03:42:00+00:00,1.5294675726577636
2026-05-04 03:43:00+00:00,0.0
2026-05-04 03:44:00+00:00,3.0648080489046565
2026-05-04 03:45:00+00:00,0.0
2026-05-04 03:46:00+00:00,1.551670150377415
2026-05-04 03:47:00+00:00,1.3012331934025922
2026-05-04 03:48:00+00:00,1.929607416863456
2026-05-04 03:49:00+00:00,1.785649355784776
2026-05-04 03:50:00+00:00,0.0
2026-05-04 03:51:00+00:00,0.7996248194836023
2026-05-04 03:52:00+00:00,0.5820038729572222
2026-05-04 03:53:00+00:00,3.037363947584796
2026-05-04 03:54:00+00:00,1.9183067296403693
2026-05-04 03:55:00+00:00,1.035696306662476
2026-05-04 03:56:00+00:00,0.0
2026-05-04 03:57:00+00:00,2.8646940846529745
2026-05-04 03:58:00+00:00,0.0
2026-05-04 03:59:00+00:00,0.0
2026-05-04 04:00:00+00:00,0.17889586631837698
2026-05-04 04:01:00+00:00,3.023435144612738
2026-05-04 04:02:00+00:00,2.3735771136491204
2026-05-04 04:03:00+00:00,2.758000861058004
2026-05-04 04:04:00+00:00,0.0
2026-05-04 04:05:00+00:00,2.8768716406186887
2026-05-04 04:06:00+00:00,1.1907488294646444
2026-05-04 04:07:00+00:00,2.311616598803028
2026-05-04 04:08:00+00:00,2.5793393658195396
2026-05-04 04:09:00+00:00,1.8399352392129755
2026-05-04 04:10:00+00:00,1.2775371882437838
2026-05-04 04:11:00+00:00,0.3023717177138646
2026-05-04 04:12:00+00:00,0.0
2026-05-04 04:13:00+00:00,0.0
2026-05-04 04:14:00+00:00,1.049456716865517
2026-05-04 04:15:00+00:00,1.1553725930802483
2026-05-04 04:16:00+00:00,0.6553313257034143
2026-05-04 04:17:00+00:00,2.855160821003523
2026-05-04 04:18:00+00:00,1.3764786605657382
2026-05-04 04:19:00+00:00,0.51510632187237
2026-05-04 04:20:00+00:00,2.5665943694692706
2026-05-04 04:21:00+00:00,0.0
2026-05-04 04:22:00+00:00,0.8496215368986672
2026-05-04 04:23:00+00:00,1.7454634988058015
2026-05-04 04:24:00+00:00,1.255027886151367
2026-05-04 04:25:00+00:00,2.3948733730227216
2026-05-04 04:26:00+00:00,2.2349754881122443
2026-05-04 04:27:00+00:00,1.4043433107174554
2026-05-04 04:28:00+00:00,2.3148046840600123
2026-05-04 04:29:00+00:00,0.270041844905326
2026-05-04 04:30:00+00:00,3.033841935063111
2026-05-04 04:31:00+00:00,3.024552390135845
2026-05-04 04:32:00+00:00,0.0
2026-05-04 04:33:00+00:00,0.5167471723891157
2026-05-04 04:34:00+00:00,0.3834768055789642
2026-05-04 04:35:00+00:00,1.5417981513697392
2026-05-04 04:36:00+00:00,2.6149528010243674
2026-05-04 04:37:00+00:00,1.105071700966762
2026-05-04 04:38:00+00:00,1.320776758857992
2026-05-04 04:39:00+00:00,0.3187309031712453
2026-05-04 04:40:00+00:00,3.059015868983098
2026-05-04 04:41:00+00:00,2.067668457560085
2026-05-04 04:42:00+00:00,1.608326296348399
2026-05-04 04:43:00+00:00,0.1357695919943729
2026-05-04 04:44:00+00:00,0.0
2026-05-04 04:45:00+00:00,0.1659492882893131
2026-05-04 04:46:00+00:00,0.0
2026-05-04 04:47:00+00:00,1.0940311717786224
2026-05-04 04:48:00+00:00,1.6892820854230708
2026-05-04 04:49:00+00:00,0.5843371004120371
2026-05-04 04:50:00+00:00,2.0794180075158395
2026-05-04 04:51:00+00:00,0.0
2026-05-04 04:52:00+00:00,1.7207002133880525
2026-05-04 04:53:00+00:00,2.307556414416301
2026-05-04 04:54:00+00:00,2.8105580339035527
2026-05-04 04:55:00+00:00,1.5328290242949199
2026-05-04 04:56:00+00:00,1.9578830731229662
2026-05-04 04:57:00+00:00,0.0
2026-05-04 04:58:00+00:00,0.6215493997477395
2026-05-04 04:59:00+00:00,0.6091506644969477
2026-05-04 05:00:00+00:00,2.2417231760179472
2026-05-04 05:01:00+00:00,1.533182775461714
2026-05-04 05:02:00+00:00,0.0
2026-05-04 05:03:00+00:00,1.6199089631573027
2026-05-04 05:04:00+00:00,0.2254520720445538
2026-05-04 05:05:00+00:00,0.2845247138687201
2026-05-04 05:06:00+00:00,1.10273993466011
2026-05-04 05:07:00+00:00,0.0
2026-05-04 05:08:00+00:00,3.111116824551172
2026-05-04 05:09:00+00:00,1.2092387318982247
2026-05-04 05:10:00+00:00,2.757008011275194
2026-05-04 05:11:00+00:00,0.6904742117990678
2026-05-04 05:12:00+00:00,1.8596607810079846
2026-05-04 05:13:00+00:00,2.2869133330796534
2026-05-04 05:14:00+00:00,1.913660199517364
2026-05-04 05:15:00+00:00,0.0
2026-05-04 05:16:00+00:00,1.0099264813414877
2026-05-04 05:17:00+00:00,1.8030436290598728
2026-05-04 05:18:00+00:00,0.7709694901963213
2026-05-04 05:19:00+00:00,0.0
2026-05-04 05:20:00+00:00,0.0
2026-05-04 05:21:00+00:00,0.0
2026-05-04 05:22:00+00:00,3.0625903166081496
2026-05-04 05:23:00+00:00,1.7948444328261723
2026-05-04 05:24:00+00:00,0.0
2026-05-04 05:25:00+00:00,1.8860807924810519
2026-05-04 05:26:00+00:00,0.0
2026-05-04 05:27:00+00:00,1.1892107319980378
2026-05-04 05:28:00+00:00,0.0
2026-05-04 05:29:00+00:00,2.9918523523530216
2026-05-04 05:30:00+00:00,2.4759503090670405
2026-05-04 05:31:00+00:00,2.5802986294252155
2026-05-04 05:32:00+00:00,0.0
2026-05-04 05:33:00+00:00,1.2310902588783286
2026-05-04 05:34:00+00:00,0.0
2026-05-04 05:35:00+00:00,0.6986390808399203
2026-05-04 05:36:00+00:00,0.0
2026-05-04 05:37:00+00:00,2.7455802087950554
2026-05-04 05:38:00+00:00,0.0
2026-05-04 05:39:00+00:00,1.5815520928098554
2026-05-04 05:40:00+00:00,0.14966025857799328
2026-05-04 05:41:00+00:00,2.726521439611959
2026-05-04 05:42:00+00:00,2.3767764596774064
2026-05-04 05:43:00+00:00,2.7253506946437054
2026-05-04 05:44:00+00:00,0.0
2026-05-04 05:45:00+00:00,0.0
2026-05-04 05:46:00+00:00,2.2287858954245094
2026-05-04 05:47:00+00:00,0.0
2026-05-04 05:48:00+00:00,1.0955581336710674
2026-05-04 05:49:00+00:00,1.6136636628421555
2026-05-04 05:50:00+00:00,0.0
2026-05-04 05:51:00+00:00,2.66495124083518
2026-05-04 05:52:00+00:00,0.60301772285649
2026-05-04 05:53:00+00:00,0.0
2026-05-04 05:54:00+00:00,0.0
2026-05-04 05:55:00+00:00,1.216375480467074
2026-05-04 05:56:00+00:00,2.3365036227083444
2026-05-04 05:57:00+00:00,1.7286111947945606
2026-05-04 05:58:00+00:00,0.0
2026-05-04 05:59:00+00:00,0.0
2026-05-04 06:00:00+00:00,3.0688915488993587
2026-05-04 06:01:00+00:00,1.3439202920397304
2026-05-04 06:02:00+00:00,1.6079914594843174
2026-05-04 06:03:00+00:00,0.0
2026-05-04 06:04:00+00:00,0.5122475986740974
2026-05-04 06:05:00+00:00,1.7260752571372362
2026-05-04 06:06:00+00:00,2.57820737989604
2026-05-04 06:07:00+00:00,0.7230048002162724
2026-05-04 06:08:00+00:00,0.2012660962159976
2026-05-04 06:09:00+00:00,0.706915610265401
2026-05-04 06:10:00+00:00,1.4099130840503795
2026-05-04 06:11:00+00:00,0.0653297536508674
2026-05-04 06:12:00+00:00,2.967305647475297
2026-05-04 06:13:00+00:00,0.0
2026-05-04 06:14:00+00:00,2.319450661218492
2026-05-04 06:15:00+00:00,0.9224452764516626
2026-05-04 06:16:00+00:00,0.9208614692502267
2026-05-04 06:17:00+00:00,1.400381672834382
2026-05-04 06:18:00+00:00,2.994566520705812
2026-05-04 06:19:00+00:00,0.9164095853002804
2026-05-04 06:20:00+00:00,0.0
2026-05-04 06:21:00+00:00,0.006139217312089571
2026-05-04 06:22:00+00:00,0.0
2026-05-04 06:23:00+00:00,1.1295975335972874
2026-05-04 06:24:00+00:00,0.0
2026-05-04 06:25:00+00:00,0.1001010399286414
2026-05-04 06:26:00+00:00,0.0
2026-05-04 06:27:00+00:00,2.677076443177334
2026-05-04 06:28:00+00:00,0.6037653695720248
2026-05-04 06:29:00+00:00,1.0184037767223673
2026-05-04 06:30:00+00:00,1.249503267726962
2026-05-04 06:31:00+00:00,0.0
2026-05-04 06:32:00+00:00,0.0
2026-05-04 06:33:00+00:00,1.259049701274042
2026-05-04 06:34:00+00:00,0.6130548931691902
2026-05-04 06:35:00+00:00,0.0
2026-05-04 06:36:00+00:00,0.0
2026-05-04 06:37:00+00:00,2.1071091191046465
2026-05-04 06:38:00+00:00,0.0
2026-05-04 06:39:00+00:00,1.5266475695800967
2026-05-04 06:40:00+00:00,0.04705229452193515
2026-05-04 06:41:00+00:00,0.0
2026-05-04 06:42:00+00:00,2.0799877245305467
2026-05-04 06:43:00+00:00,0.4877635185770265
2026-05-04 06:44:00+00:00,1.5921425959885538
2026-05-04 06:45:00+00:00,2.174212579910915
2026-05-04 06:46:00+00:00,2.321373480787502
2026-05-04 06:47:00+00:00,0.8320946417903989
2026-05-04 06:48:00+00:00,2.2381801227741076
2026-05-04 06:49:00+00:00,0.0
2026-05-04 06:50:00+00:00,0.0
2026-05-04 06:51:00+00:00,2.804921424964556
2026-05-04 06:52:00+00:00,3.0312853327040337
2026-05-04 06:53:00+00:00,2.4664773153828508
2026-05-04 06:54:00+00:00,1.0310623215972092
2026-05-04 06:55:00+00:00,2.562658140474957
2026-05-04 06:56:00+00:00,2.24475696314239
2026-05-04 06:57:00+00:00,1.5228499197008614
2026-05-04 06:58:00+00:00,1.1506948745027583
2026-05-04 06:59:00+00:00,3.072017882926186
2026-05-04 07:00:00+00:00,1.9981087843323104
2026-05-04 07:01:00+00:00,0.6556434609772172
2026-05-04 07:02:00+00:00,0.4106483897450091
2026-05-04 07:03:00+00:00,0.0
2026-05-04 07:04:00+00:00,3.0180274920849848
2026-05-04 07:05:00+00:00,0.0
2026-05-04 07:06:00+00:00,0.6215502298100958
2026-05-04 07:07:00+00:00,1.893394657494191
2026-05-04 07:08:00+00:00,0.0
2026-05-04 07:09:00+00:00,0.45229051354869315
2026-05-04 07:10:00+00:00,0.0022900453496159
2026-05-04 07:11:00+00:00,2.114038269937092
2026-05-04 07:12:00+00:00,3.1125792420124783
2026-05-04 07:13:00+00:00,1.0417827006958538
2026-05-04 07:14:00+00:00,1.9863304611752128
2026-05-04 07:15:00+00:00,1.178768672127182
2026-05-04 07:16:00+00:00,0.9033415034729272
2026-05-04 07:17:00+00:00,2.723148754651245
2026-05-04 07:18:00+00:00,2.778182043024017
2026-05-04 07:19:00+00:00,0.0
2026-05-04 07:20:00+00:00,0.0
2026-05-04 07:21:00+00:00,2.7541454072726506
2026-05-04 07:22:00+00:00,0.0
2026-05-04 07:23:00+00:00,2.4168479775846143
2026-05-04 07:24:00+00:00,0.0
2026-05-04 07:25:00+00:00,0.0
2026-05-04 07:26:00+00:00,1.49308671743262
2026-05-04 07:27:00+00:00,0.0
2026-05-04 07:28:00+00:00,1.6961555485020245
2026-05-04 07:29:00+00:00,0.0162710595501054
2026-05-04 07:30:00+00:00,0.0
2026-05-04 07:31:00+00:00,0.5228420875841834
2026-05-04 07:32:00+00:00,0.5082959341475726
2026-05-04 07:33:00+00:00,0.9898003000406314
2026-05-04 07:34:00+00:00,1.6955465480161205
2026-05-04 07:35:00+00:00,2.047299819151183
2026-05-04 07:36:00+00:00,2.545699798785996
2026-05-04 07:37:00+00:00,2.397960547888581
2026-05-04 07:38:00+00:00,3.0463270615641607
2026-05-04 07:39:00+00:00,0.0
2026-05-04 07:40:00+00:00,2.632601952290928
2026-05-04 07:41:00+00:00,0.0
2026-05-04 07:42:00+00:00,2.8403603734847653
2026-05-04 07:43:00+00:00,1.144948004790781
2026-05-04 07:44:00+00:00,0.0
2026-05-04 07:45:00+00:00,0.0
2026-05-04 07:46:00+00:00,0.0
2026-05-04 07:47:00+00:00,0.0
2026-05-04 07:48:00+00:00,0.0
2026-05-04 07:49:00+00:00,0.0
2026-05-04 07:50:00+00:00,0.0
2026-05-04 07:51:00+00:00,0.9818281713395977
2026-05-04 07:52:00+00:00,1.732792440489883
2026-05-04 07:53:00+00:00,0.0
2026-05-04 07:54:00+00:00,0.6904882990146376
2026-05-04 07:55:00+00:00,0.5498923270948924
2026-05-04 07:56:00+00:00,0.0
2026-05-04 07:57:00+00:00,2.7691995590095297
2026-05-04 07:58:00+00:00,0.5755996063168741
2026-05-04 07:59:00+00:00,0.0
2026-05-04 08:00:00+00:00,1.341365094866295
2026-05-04 08:01:00+00:00,0.9095824445735308
2026-05-04 08:02:00+00:00,0.3377248791130441
2026-05-04 08:03:00+00:00,1.2918664336751224
2026-05-04 08:04:00+00:00,2.798330976502649
2026-05-04 08:05:00+00:00,0.0
2026-05-04 08:06:00+00:00,2.325014048057332
2026-05-04 08:07:00+00:00,2.216407819160384
2026-05-04 08:08:00+00:00,1.3872620460438752
2026-05-04 08:09:00+00:00,0.1154251054170762
2026-05-04 08:10:00+00:00,0.0
2026-05-04 08:11:00+00:00,2.6459015231339884
2026-05-04 08:12:00+00:00,1.4909646212484242
2026-05-04 08:13:00+00:00,1.5464484226416928
2026-05-04 08:14:00+00:00,0.0
2026-05-04 08:15:00+00:00,0.0
2026-05-04 08:16:00+00:00,0.9333264465359987
2026-05-04 08:17:00+00:00,0.0
2026-05-04 08:18:00+00:00,1.902304797807192
2026-05-04 08:19:00+00:00,0.6101589165105068
2026-05-04 08:20:00+00:00,2.737811431279071
2026-05-04 08:21:00+00:00,0.03448977337276351
2026-05-04 08:22:00+00:00,0.0
2026-05-04 08:23:00+00:00,2.84221069493221
2026-05-04 08:24:00+00:00,0.0
2026-05-04 08:25:00+00:00,1.0195942339926114
2026-05-04 08:26:00+00:00,1.852883693400365
2026-05-04 08:27:00+00:00,1.641228958214272
2026-05-04 08:28:00+00:00,2.790045783577172
2026-05-04 08:29:00+00:00,0.5022226175159
2026-05-04 08:30:00+00:00,1.302786709247258
2026-05-04 08:31:00+00:00,0.0
2026-05-04 08:32:00+00:00,3.0291842421378767
2026-05-04 08:33:00+00:00,1.1697824645809571
2026-05-04 08:34:00+00:00,1.3509305633713806
2026-05-04 08:35:00+00:00,2.2425430621962725
2026-05-04 08:36:00+00:00,0.0
2026-05-04 08:37:00+00:00,0.7659947536912757
2026-05-04 08:38:00+00:00,0.5982939412715221
2026-05-04 08:39:00+00:00,0.0
2026-05-04 08:40:00+00:00,0.0
2026-05-04 08:41:00+00:00,2.027573598695126
2026-05-04 08:42:00+00:00,0.6537566304235167
2026-05-04 08:43:00+00:00,0.15356863717176664
2026-05-04 08:44:00+00:00,1.508923519538822
2026-05-04 08:45:00+00:00,2.2086501464003754
2026-05-04 08:46:00+00:00,2.7906089133942964
2026-05-04 08:47:00+00:00,2.683457389263471
2026-05-04 08:48:00+00:00,0.6154012542359598
2026-05-04 08:49:00+00:00,2.412409406112892
2026-05-04 08:50:00+00:00,0.0
2026-05-04 08:51:00+00:00,2.4845683389061253
2026-05-04 08:52:00+00:00,2.203179772832473
2026-05-04 08:53:00+00:00,1.4557869467250362
2026-05-04 08:54:00+00:00,0.0
2026-05-04 08:55:00+00:00,0.0
2026-05-04 08:56:00+00:00,2.2085958294040453
2026-05-04 08:57:00+00:00,0.0
2026-05-04 08:58:00+00:00,1.481130815576048
2026-05-04 08:59:00+00:00,0.0
2026-05-04 09:00:00+00:00,0.8724939915389652
2026-05-04 09:01:00+00:00,1.5175893111670935
2026-05-04 09:02:00+00:00,1.6727861263769046
2026-05-04 09:03:00+00:00,0.4731602560936996
2026-05-04 09:04:00+00:00,0.0
2026-05-04 09:05:00+00:00,1.843949172398669
2026-05-04 09:06:00+00:00,0.0
2026-05-04 09:07:00+00:00,0.9466252087275125
2026-05-04 09:08:00+00:00,2.7467098163429005
2026-05-04 09:09:00+00:00,1.7738983401002892
2026-05-04 09:10:00+00:00,0.27639690186365684
2026-05-04 09:11:00+00:00,0.0
2026-05-04 09:12:00+00:00,1.063233671965776
2026-05-04 09:13:00+00:00,1.0466729781779898
2026-05-04 09:14:00+00:00,1.620944924307486
2026-05-04 09:15:00+00:00,0.0
2026-05-04 09:16:00+00:00,1.6528367677718785
2026-05-04 09:17:00+00:00,2.314918930278131
2026-05-04 09:18:00+00:00,3.0614258138131305
2026-05-04 09:19:00+00:00,0.6081352078469419
2026-05-04 09:20:00+00:00,2.412754910483329
2026-05-04 09:21:00+00:00,1.3149158344472691
2026-05-04 09:22:00+00:00,0.0
2026-05-04 09:23:00+00:00,1.3868974586101255
2026-05-04 09:24:00+00:00,0.46013876563833184
2026-05-04 09:25:00+00:00,0.0
2026-05-04 09:26:00+00:00,0.0
2026-05-04 09:27:00+00:00,0.5816502090732668
2026-05-04 09:28:00+00:00,3.0302289595065277
2026-05-04 09:29:00+00:00,2.7877710777081552
2026-05-04 09:30:00+00:00,2.313362852050693
2026-05-04 09:31:00+00:00,2.13849573479214
2026-05-04 09:32:00+00:00,1.8229228309253946
2026-05-04 09:33:00+00:00,2.222827384071302
2026-05-04 09:34:00+00:00,2.738856446136688
2026-05-04 09:35:00+00:00,1.6574532789035783
2026-05-04 09:36:00+00:00,1.7999641156756963
2026-05-04 09:37:00+00:00,0.16435324703333168
2026-05-04 09:38:00+00:00,3.1679274387699405
2026-05-04 09:39:00+00:00,2.0540343946801816
2026-05-04 09:40:00+00:00,2.5601304611589595
2026-05-04 09:41:00+00:00,3.0073450705673803
2026-05-04 09:42:00+00:00,0.0
2026-05-04 09:43:00+00:00,2.036823761638197
2026-05-04 09:44:00+00:00,0.6575206078084009
2026-05-04 09:45:00+00:00,0.0
2026-05-04 09:46:00+00:00,0.7095686694743445
2026-05-04 09:47:00+00:00,0.0
2026-05-04 09:48:00+00:00,2.9356454638547373
2026-05-04 09:49:00+00:00,2.8211895642825344
2026-05-04 09:50:00+00:00,2.4881413831066257
2026-05-04 09:51:00+00:00,0.6891893520312106
2026-05-04 09:52:00+00:00,0.9425047146449191
2026-05-04 09:53:00+00:00,0.6928419239731509
2026-05-04 09:54:00+00:00,2.6506445189495764
2026-05-04 09:55:00+00:00,0.4802632082924983
2026-05-04 09:56:00+00:00,2.7157140239998325
2026-05-04 09:57:00+00:00,2.781468377008075
2026-05-04 09:58:00+00:00,0.0
2026-05-04 09:59:00+00:00,2.157285889926052
2026-05-04 10:00:00+00:00,0.0
2026-05-04 10:01:00+00:00,1.6392877473359901
2026-05-04 10:02:00+00:00,0.0
2026-05-04 10:03:00+00:00,0.0
2026-05-04 10:04:00+00:00,1.3787125298401812
2026-05-04 10:05:00+00:00,0.0
2026-05-04 10:06:00+00:00,0.3752719679108481
2026-05-04 10:07:00+00:00,0.3333474031896942
2026-05-04 10:08:00+00:00,0.39423003743712953
2026-05-04 10:09:00+00:00,2.534401416008081
2026-05-04 10:10:00+00:00,2.9689827893443055
2026-05-04 10:11:00+00:00,2.6617903926507616
2026-05-04 10:12:00+00:00,1.8024495518711425
2026-05-04 10:13:00+00:00,0.8532432531670543
2026-05-04 10:14:00+00:00,0.0
2026-05-04 10:15:00+00:00,0.0
2026-05-04 10:16:00+00:00,0.7857925379735653
2026-05-04 10:17:00+00:00,0.0
2026-05-04 10:18:00+00:00,0.0
2026-05-04 10:19:00+00:00,0.0
2026-05-04 10:20:00+00:00,0.0
2026-05-04 10:21:00+00:00,2.036620850662593
2026-05-04 10:22:00+00:00,0.0
2026-05-04 10:23:00+00:00,0.343094260385146
2026-05-04 10:24:00+00:00,1.247814872760695
2026-05-04 10:25:00+00:00,2.425851475034278
2026-05-04 10:26:00+00:00,0.3292628323793885
2026-05-04 10:27:00+00:00,2.083995238657134
2026-05-04 10:28:00+00:00,0.7718667576613357
2026-05-04 10:29:00+00:00,0.3010890578505004
2026-05-04 10:30:00+00:00,0.0
2026-05-04 10:31:00+00:00,0.0
2026-05-04 10:32:00+00:00,1.723901970095084
2026-05-04 10:33:00+00:00,0.9636384841841877
2026-05-04 10:34:00+00:00,1.8096267173947485
2026-05-04 10:35:00+00:00,0.0
2026-05-04 10:36:00+00:00,0.9872990504907436
2026-05-04 10:37:00+00:00,1.6981333610870744
2026-05-04 10:38:00+00:00,3.0971033678978768
2026-05-04 10:39:00+00:00,2.598026713168784
2026-05-04 10:40:00+00:00,2.7691166783069874
2026-05-04 10:41:00+00:00,0.3441538883811883
2026-05-04 10:42:00+00:00,1.5909522171928085
2026-05-04 10:43:00+00:00,0.0
2026-05-04 10:44:00+00:00,2.3713196415853677
2026-05-04 10:45:00+00:00,0.0
2026-05-04 10:46:00+00:00,1.8858613707298904
2026-05-04 10:47:00+00:00,0.4463016988081902
2026-05-04 10:48:00+00:00,0.0
2026-05-04 10:49:00+00:00,2.9851667684620957
2026-05-04 10:50:00+00:00,0.8848253983661849
2026-05-04 10:51:00+00:00,2.447002021067877
2026-05-04 10:52:00+00:00,0.44124523671066734
2026-05-04 10:53:00+00:00,0.7749054454438941
2026-05-04 10:54:00+00:00,1.8278830531591181
2026-05-04 10:55:00+00:00,0.0
2026-05-04 10:56:00+00:00,3.018546692401884
2026-05-04 10:57:00+00:00,1.8877271844825083
2026-05-04 10:58:00+00:00,0.4193400133478027
2026-05-04 10:59:00+00:00,1.2622922668198178
2026-05-04 11:00:00+00:00,2.448630903509698
2026-05-04 11:01:00+00:00,2.4652508116270697
2026-05-04 11:02:00+00:00,2.7615173348391093
2026-05-04 11:03:00+00:00,1.8264950148380643
2026-05-04 11:04:00+00:00,2.042096346877415
2026-05-04 11:05:00+00:00,1.6365385876657472
2026-05-04 11:06:00+00:00,0.0
2026-05-04 11:07:00+00:00,3.1133738428135227
2026-05-04 11:08:00+00:00,0.0
2026-05-04 11:09:00+00:00,2.1204816526141173
2026-05-04 11:10:00+00:00,0.0
2026-05-04 11:11:00+00:00,1.1539865301453687
2026-05-04 11:12:00+00:00,2.125335755558793
2026-05-04 11:13:00+00:00,2.7959314822860692
2026-05-04 11:14:00+00:00,2.4405496522290573
2026-05-04 11:15:00+00:00,3.1798395634239913
2026-05-04 11:16:00+00:00,0.0
2026-05-04 11:17:00+00:00,1.757505027878086
2026-05-04 11:18:00+00:00,2.6685297101963665
2026-05-04 11:19:00+00:00,2.5669397113152157
2026-05-04 11:20:00+00:00,0.0
2026-05-04 11:21:00+00:00,0.45827070949886856
2026-05-04 11:22:00+00:00,3.150139927530098
2026-05-04 11:23:00+00:00,1.029984204389153
2026-05-04 11:24:00+00:00,0.11332875379468385
2026-05-04 11:25:00+00:00,0.10866818302435838
2026-05-04 11:26:00+00:00,0.0
2026-05-04 11:27:00+00:00,0.4019428914067163
2026-05-04 11:28:00+00:00,2.7068516408165997
2026-05-04 11:29:00+00:00,0.0
2026-05-04 11:30:00+00:00,1.7361853438800965
2026-05-04 11:31:00+00:00,0.2998019470344272
2026-05-04 11:32:00+00:00,0.0
2026-05-04 11:33:00+00:00,2.5443207567316555
2026-05-04 11:34:00+00:00,0.0
2026-05-04 11:35:00+00:00,0.0
2026-05-04 11:36:00+00:00,0.9763288438759479
2026-05-04 11:37:00+00:00,0.0
2026-05-04 11:38:00+00:00,0.0
2026-05-04 11:39:00+00:00,0.0
2026-05-04 11:40:00+00:00,0.0
2026-05-04 11:41:00+00:00,2.3407972363948093
2026-05-04 11:42:00+00:00,1.7963323151844857
2026-05-04 11:43:00+00:00,1.0269196061698098
2026-05-04 11:44:00+00:00,0.3740142787821849
2026-05-04 11:45:00+00:00,2.9490392062274395
2026-05-04 11:46:00+00:00,0.0
2026-05-04 11:47:00+00:00,2.1296660712857243
2026-05-04 11:48:00+00:00,0.0
2026-05-04 11:49:00+00:00,1.5640714720684783
2026-05-04 11:50:00+00:00,0.43172213919691793
2026-05-04 11:51:00+00:00,2.2674432687188277
2026-05-04 11:52:00+00:00,0.7539155122808001
2026-05-04 11:53:00+00:00,0.3760383740035211
2026-05-04 11:54:00+00:00,2.0943555130006555
2026-05-04 11:55:00+00:00,0.0
2026-05-04 11:56:00+00:00,1.310034363184746
2026-05-04 11:57:00+00:00,2.5648213058596974
2026-05-04 11:58:00+00:00,0.0
2026-05-04 11:59:00+00:00,2.4568171705985296
2026-05-04 12:00:00+00:00,0.0
2026-05-04 12:01:00+00:00,0.0
2026-05-04 12:02:00+00:00,2.7511731901424126
2026-05-04 12:03:00+00:00,1.3449602568301329
2026-05-04 12:04:00+00:00,1.278476611174033
2026-05-04 12:05:00+00:00,0.21079620921394496
2026-05-04 12:06:00+00:00,0.0
2026-05-04 12:07:00+00:00,2.616231842765185
2026-05-04 12:08:00+00:00,2.8838012840198037
2026-05-04 12:09:00+00:00,0.8315962870573649
2026-05-04 12:10:00+00:00,0.0
2026-05-04 12:11:00+00:00,2.7430095042844966
2026-05-04 12:12:00+00:00,0.7356314888962698
2026-05-04 12:13:00+00:00,1.4376091812315537
2026-05-04 12:14:00+00:00,1.5576297299456603
2026-05-04 12:15:00+00:00,2.13014537082344
2026-05-04 12:16:00+00:00,1.6949181197332233
2026-05-04 12:17:00+00:00,0.0
2026-05-04 12:18:00+00:00,0.0
2026-05-04 12:19:00+00:00,0.0
2026-05-04 12:20:00+00:00,0.0
2026-05-04 12:21:00+00:00,0.11534038153550316
2026-05-04 12:22:00+00:00,0.0
2026-05-04 12:23:00+00:00,0.38851314740941123
2026-05-04 12:24:00+00:00,1.7431360878818876
2026-05-04 12:25:00+00:00,2.7252763320763984
2026-05-04 12:26:00+00:00,0.016854266559648775
2026-05-04 12:27:00+00:00,0.3361651939637848
2026-05-04 12:28:00+00:00,0.0
2026-05-04 12:29:00+00:00,1.3312122463143794
2026-05-04 12:30:00+00:00,2.6309490043169528
2026-05-04 12:31:00+00:00,0.0
2026-05-04 12:32:00+00:00,0.0
2026-05-04 12:33:00+00:00,1.5974937481475446
2026-05-04 12:34:00+00:00,0.5401456917062829
2026-05-04 12:35:00+00:00,2.268898751595659
2026-05-04 12:36:00+00:00,0.0
2026-05-04 12:37:00+00:00,0.9338777867209439
2026-05-04 12:38:00+00:00,3.014635632252974
2026-05-04 12:39:00+00:00,0.3292372878802904
2026-05-04 12:40:00+00:00,2.6421094098684534
2026-05-04 12:41:00+00:00,1.1210428496300058
2026-05-04 12:42:00+00:00,0.0
2026-05-04 12:43:00+00:00,0.0
2026-05-04 12:44:00+00:00,2.115534642841093
2026-05-04 12:45:00+00:00,1.8224991863527409
2026-05-04 12:46:00+00:00,0.8893339541787527
2026-05-04 12:47:00+00:00,1.3812959669415348
2026-05-04 12:48:00+00:00,3.000167773967402
2026-05-04 12:49:00+00:00,2.9908633489618457
2026-05-04 12:50:00+00:00,2.8559736782978247
2026-05-04 12:51:00+00:00,2.806489370415156
2026-05-04 12:52:00+00:00,0.06255099584063153
2026-05-04 12:53:00+00:00,0.0
2026-05-04 12:54:00+00:00,1.253919759802725
2026-05-04 12:55:00+00:00,0.0
2026-05-04 12:56:00+00:00,0.19384677458724098
2026-05-04 12:57:00+00:00,3.1939403115282343
2026-05-04 12:58:00+00:00,0.0
2026-05-04 12:59:00+00:00,2.775032345153086
2026-05-04 13:00:00+00:00,0.0
2026-05-04 13:01:00+00:00,2.979302126924484
2026-05-04 13:02:00+00:00,0.0
2026-05-04 13:03:00+00:00,0.2063759419381021
2026-05-04 13:04:00+00:00,3.0148608521809432
2026-05-04 13:05:00+00:00,2.1961604863910646
2026-05-04 13:06:00+00:00,1.9065501009055814
2026-05-04 13:07:00+00:00,1.6430424141241176
2026-05-04 13:08:00+00:00,2.617368908697545
2026-05-04 13:09:00+00:00,2.3288955773454796
2026-05-04 13:10:00+00:00,0.0
2026-05-04 13:11:00+00:00,0.23784571913346306
2026-05-04 13:12:00+00:00,1.8111130742683745
2026-05-04 13:13:00+00:00,1.044348368670149
2026-05-04 13:14:00+00:00,0.0
2026-05-04 13:15:00+00:00,2.6107849347055327
2026-05-04 13:16:00+00:00,0.0
2026-05-04 13:17:00+00:00,0.7369198863258585
2026-05-04 13:18:00+00:00,0.6804742380211507
2026-05-04 13:19:00+00:00,1.0679442465323041
2026-05-04 13:20:00+00:00,0.8613711264794347
2026-05-04 13:21:00+00:00,1.1800142357274215
2026-05-04 13:22:00+00:00,3.043189454467509
2026-05-04 13:23:00+00:00,2.092390933387264
2026-05-04 13:24:00+00:00,0.0
2026-05-04 13:25:00+00:00,3.2225003670170467
2026-05-04 13:26:00+00:00,2.3748828910662843
2026-05-04 13:27:00+00:00,0.0
2026-05-04 13:28:00+00:00,1.565948293450599
2026-05-04 13:29:00+00:00,0.0
2026-05-04 13:30:00+00:00,0.4848454137499735
2026-05-04 13:31:00+00:00,0.0
2026-05-04 13:32:00+00:00,2.641005808176534
2026-05-04 13:33:00+00:00,0.0
2026-05-04 13:34:00+00:00,2.244898332632591
2026-05-04 13:35:00+00:00,0.42586380045782346
2026-05-04 13:36:00+00:00,2.993566701696473
2026-05-04 13:37:00+00:00,0.0
2026-05-04 13:38:00+00:00,2.1170530771294076
2026-05-04 13:39:00+00:00,2.643156051563834
2026-05-04 13:40:00+00:00,0.3100743181396767
2026-05-04 13:41:00+00:00,1.1053616475386523
2026-05-04 13:42:00+00:00,0.8395479737309979
2026-05-04 13:43:00+00:00,2.4928486623939987
2026-05-04 13:44:00+00:00,0.038094952245671686
2026-05-04 13:45:00+00:00,0.0
2026-05-04 13:46:00+00:00,0.0
2026-05-04 13:47:00+00:00,1.8681555221802544
2026-05-04 13:48:00+00:00,1.4935110575585007
2026-05-04 13:49:00+00:00,1.3666971711194742
2026-05-04 13:50:00+00:00,0.2465558516450672
2026-05-04 13:51:00+00:00,3.2188157809970126
2026-05-04 13:52:00+00:00,1.7135744038729543
2026-05-04 13:53:00+00:00,2.455632391945195
2026-05-04 13:54:00+00:00,1.4558417746755818
2026-05-04 13:55:00+00:00,0.5534444750112663
2026-05-04 13:56:00+00:00,2.968966895853963
2026-05-04 13:57:00+00:00,1.9419406520549178
2026-05-04 13:58:00+00:00,1.394637780044157
2026-05-04 13:59:00+00:00,1.4760093923076507
2026-05-04 14:00:00+00:00,1.0532411497391339
2026-05-04 14:01:00+00:00,1.1635568887332628
2026-05-04 14:02:00+00:00,0.0
2026-05-04 14:03:00+00:00,2.9422168903231403
2026-05-04 14:04:00+00:00,1.3009462240244622
2026-05-04 14:05:00+00:00,0.0
2026-05-04 14:06:00+00:00,1.1710990937790995
2026-05-04 14:07:00+00:00,1.880595136814521
2026-05-04 14:08:00+00:00,0.0
2026-05-04 14:09:00+00:00,0.38215171205165976
2026-05-04 14:10:00+00:00,2.407657519044452
2026-05-04 14:11:00+00:00,0.0
2026-05-04 14:12:00+00:00,0.0
2026-05-04 14:13:00+00:00,0.0
2026-05-04 14:14:00+00:00,0.6827326818246765
2026-05-04 14:15:00+00:00,2.1264812447230974
2026-05-04 14:16:00+00:00,1.287249197476324
2026-05-04 14:17:00+00:00,1.8880882358573217
2026-05-04 14:18:00+00:00,2.656939025237026
2026-05-04 14:19:00+00:00,0.0
2026-05-04 14:20:00+00:00,0.6711768467941989
2026-05-04 14:21:00+00:00,2.981739290168884
2026-05-04 14:22:00+00:00,0.0
2026-05-04 14:23:00+00:00,0.18896713085782024
2026-05-04 14:24:00+00:00,3.1911661193091407
2026-05-04 14:25:00+00:00,1.297827819875241
2026-05-04 14:26:00+00:00,3.0701884056912228
2026-05-04 14:27:00+00:00,0.6102828918405484
2026-05-04 14:28:00+00:00,2.0551286723834026
2026-05-04 14:29:00+00:00,0.902132915428458
2026-05-04 14:30:00+00:00,1.6328390685786158
2026-05-04 14:31:00+00:00,2.209727702551324
2026-05-04 14:32:00+00:00,0.6374169467228573
2026-05-04 14:33:00+00:00,2.3947051932023853
2026-05-04 14:34:00+00:00,0.8865787744462269
2026-05-04 14:35:00+00:00,0.9152271287111319
2026-05-04 14:36:00+00:00,0.0
2026-05-04 14:37:00+00:00,0.0
2026-05-04 14:38:00+00:00,1.0205769819852946
2026-05-04 14:39:00+00:00,0.0
2026-05-04 14:40:00+00:00,2.394434220742514
2026-05-04 14:41:00+00:00,2.435356055666899
2026-05-04 14:42:00+00:00,3.2258415183185436
2026-05-04 14:43:00+00:00,0.0
2026-05-04 14:44:00+00:00,1.5826334357543148
2026-05-04 14:45:00+00:00,2.9290365624629344
2026-05-04 14:46:00+00:00,2.6721921425652395
2026-05-04 14:47:00+00:00,0.5074947128280247
2026-05-04 14:48:00+00:00,0.0
2026-05-04 14:49:00+00:00,3.159642936063494
2026-05-04 14:50:00+00:00,2.640539075233553
2026-05-04 14:51:00+00:00,0.5065599602313248
2026-05-04 14:52:00+00:00,3.007622974028274
2026-05-04 14:53:00+00:00,2.1079976597942425
2026-05-04 14:54:00+00:00,0.9212735836452658
2026-05-04 14:55:00+00:00,0.0
2026-05-04 14:56:00+00:00,0.0867558264388905
2026-05-04 14:57:00+00:00,1.5577190453924867
2026-05-04 14:58:00+00:00,1.5509230096491504
2026-05-04 14:59:00+00:00,1.3326545149239108
2026-05-04 15:00:00+00:00,1.1307075066036154
2026-05-04 15:01:00+00:00,0.0
2026-05-04 15:02:00+00:00,1.8464058450301073
2026-05-04 15:03:00+00:00,0.0
2026-05-04 15:04:00+00:00,2.3659022635395193
2026-05-04 15:05:00+00:00,0.21730356612875948
2026-05-04 15:06:00+00:00,2.2497286313810236
2026-05-04 15:07:00+00:00,0.0
2026-05-04 15:08:00+00:00,2.2204284951746938
2026-05-04 15:09:00+00:00,0.20693957120004233
2026-05-04 15:10:00+00:00,2.497589589644309
2026-05-04 15:11:00+00:00,1.1860630287842966
2026-05-04 15:12:00+00:00,1.4088510547863415
2026-05-04 15:13:00+00:00,0.48639850121084977
2026-05-04 15:14:00+00:00,0.0
2026-05-04 15:15:00+00:00,3.2173900921967604
2026-05-04 15:16:00+00:00,2.897775896110478
2026-05-04 15:17:00+00:00,0.0
2026-05-04 15:18:00+00:00,1.847576699371097
2026-05-04 15:19:00+00:00,2.6499541980459718
2026-05-04 15:20:00+00:00,0.0
2026-05-04 15:21:00+00:00,0.0
2026-05-04 15:22:00+00:00,3.0578768253908906
2026-05-04 15:23:00+00:00,1.1095710837192467
2026-05-04 15:24:00+00:00,0.0
2026-05-04 15:25:00+00:00,1.6304112506949489
2026-05-04 15:26:00+00:00,0.0
2026-05-04 15:27:00+00:00,3.1475746997484815
2026-05-04 15:28:00+00:00,2.2742470807643587
2026-05-04 15:29:00+00:00,1.5212411311095762
2026-05-04 15:30:00+00:00,2.319457051580809
2026-05-04 15:31:00+00:00,2.711458818300153
2026-05-04 15:32:00+00:00,2.61043471701453
2026-05-04 15:33:00+00:00,1.0239023900993587
2026-05-04 15:34:00+00:00,1.936817374594988
2026-05-04 15:35:00+00:00,2.299694746073765
2026-05-04 15:36:00+00:00,3.0828513549284846
2026-05-04 15:37:00+00:00,0.8318368126308054
2026-05-04 15:38:00+00:00,2.244589298221857
2026-05-04 15:39:00+00:00,0.6685203932012097
2026-05-04 15:40:00+00:00,2.660213984896038
2026-05-04 15:41:00+00:00,2.178267466833226
2026-05-04 15:42:00+00:00,0.0
2026-05-04 15:43:00+00:00,1.0537735752552555
2026-05-04 15:44:00+00:00,0.5866124698626521
2026-05-04 15:45:00+00:00,0.0
2026-05-04 15:46:00+00:00,0.6713522065310272
2026-05-04 15:47:00+00:00,0.9931488854044745
2026-05-04 15:48:00+00:00,2.921230054461234
2026-05-04 15:49:00+00:00,0.0
2026-05-04 15:50:00+00:00,0.0
2026-05-04 15:51:00+00:00,0.4597577059241672
2026-05-04 15:52:00+00:00,0.5985503326663095
2026-05-04 15:53:00+00:00,0.0
2026-05-04 15:54:00+00:00,1.7986892409308006
2026-05-04 15:55:00+00:00,0.3565637087549026
2026-05-04 15:56:00+00:00,1.411454398352745
2026-05-04 15:57:00+00:00,0.8879408790745058
2026-05-04 15:58:00+00:00,0.0
2026-05-04 15:59:00+00:00,2.4695195641546297
2026-05-04 16:00:00+00:00,0.4868348224431265
2026-05-04 16:01:00+00:00,0.8113890388350795
2026-05-04 16:02:00+00:00,0.0
2026-05-04 16:03:00+00:00,0.8813601172411782
2026-05-04 16:04:00+00:00,3.131679587967321
2026-05-04 16:05:00+00:00,2.9605307944818864
2026-05-04 16:06:00+00:00,2.179714906227725
2026-05-04 16:07:00+00:00,0.0
2026-05-04 16:08:00+00:00,0.3619223219370226
2026-05-04 16:09:00+00:00,2.339322655349908
2026-05-04 16:10:00+00:00,0.0
2026-05-04 16:11:00+00:00,1.4078630547221205
2026-05-04 16:12:00+00:00,0.0
2026-05-04 16:13:00+00:00,0.0
2026-05-04 16:14:00+00:00,0.1272072316351049
2026-05-04 16:15:00+00:00,2.3982274614899644
2026-05-04 16:16:00+00:00,1.6095827755634362
2026-05-04 16:17:00+00:00,0.9076306786267792
2026-05-04 16:18:00+00:00,3.0070098881424783
2026-05-04 16:19:00+00:00,0.0
2026-05-04 16:20:00+00:00,1.7879457441645497
2026-05-04 16:21:00+00:00,2.213890853414083
2026-05-04 16:22:00+00:00,2.027711525728183
2026-05-04 16:23:00+00:00,2.4727202958003263
2026-05-04 16:24:00+00:00,1.0011561684555508
2026-05-04 16:25:00+00:00,0.9257602933652502
2026-05-04 16:26:00+00:00,1.8066134803435057
2026-05-04 16:27:00+00:00,0.6008014085916389
2026-05-04 16:28:00+00:00,1.1993120076117216
2026-05-04 16:29:00+00:00,0.0
2026-05-04 16:30:00+00:00,1.4266722559468379
2026-05-04 16:31:00+00:00,0.0
2026-05-04 16:32:00+00:00,1.8709401034872573
2026-05-04 16:33:00+00:00,0.0
2026-05-04 16:34:00+00:00,0.0
2026-05-04 16:35:00+00:00,0.0
2026-05-04 16:36:00+00:00,0.0
2026-05-04 16:37:00+00:00,0.0814419520513952
2026-05-04 16:38:00+00:00,2.883562449891835
2026-05-04 16:39:00+00:00,1.3726634187585067
2026-05-04 16:40:00+00:00,1.4584016343905717
2026-05-04 16:41:00+00:00,1.992560481422891
2026-05-04 16:42:00+00:00,0.0
2026-05-04 16:43:00+00:00,1.8884852648032924
2026-05-04 16:44:00+00:00,1.627830674220308
2026-05-04 16:45:00+00:00,1.825224420832522
2026-05-04 16:46:00+00:00,3.1401027285255685
2026-05-04 16:47:00+00:00,1.688562761656687
2026-05-04 16:48:00+00:00,2.411492626663147
2026-05-04 16:49:00+00:00,0.0
2026-05-04 16:50:00+00:00,0.0
2026-05-04 16:51:00+00:00,1.8777652141127024
2026-05-04 16:52:00+00:00,0.5328110470288708
2026-05-04 16:53:00+00:00,3.085139212500738
2026-05-04 16:54:00+00:00,1.5199831678603757
2026-05-04 16:55:00+00:00,1.0753275215894142
2026-05-04 16:56:00+00:00,0.0
2026-05-04 16:57:00+00:00,1.0162599863114914
2026-05-04 16:58:00+00:00,0.25899990297254977
2026-05-04 16:59:00+00:00,3.002183845962371
2026-05-04 17:00:00+00:00,1.5405548844745365
2026-05-04 17:01:00+00:00,2.2742054886913343
2026-05-04 17:02:00+00:00,2.594197266049769
2026-05-04 17:03:00+00:00,1.739027826777648
2026-05-04 17:04:00+00:00,0.0
2026-05-04 17:05:00+00:00,0.5219447011966173
2026-05-04 17:06:00+00:00,3.005289440389278
2026-05-04 17:07:00+00:00,1.978291315508215
2026-05-04 17:08:00+00:00,2.006808967089857
2026-05-04 17:09:00+00:00,0.759328730047994
2026-05-04 17:10:00+00:00,0.0
2026-05-04 17:11:00+00:00,2.1388598441264026
2026-05-04 17:12:00+00:00,0.2558653069290313
2026-05-04 17:13:00+00:00,0.0
2026-05-04 17:14:00+00:00,2.352585040478347
2026-05-04 17:15:00+00:00,3.1179929162893862
2026-05-04 17:16:00+00:00,0.0
2026-05-04 17:17:00+00:00,0.2743126158523913
2026-05-04 17:18:00+00:00,0.2549129682614692
2026-05-04 17:19:00+00:00,1.1039117876823703
2026-05-04 17:20:00+00:00,2.973355458903413
2026-05-04 17:21:00+00:00,0.0
2026-05-04 17:22:00+00:00,0.8111711401389505
2026-05-04 17:23:00+00:00,1.462201910365304
2026-05-04 17:24:00+00:00,0.0
2026-05-04 17:25:00+00:00,0.5835238041150457
2026-05-04 17:26:00+00:00,2.131116111826271
2026-05-04 17:27:00+00:00,1.269906417969073
2026-05-04 17:28:00+00:00,1.0112531870752068
2026-05-04 17:29:00+00:00,2.995413502420612
2026-05-04 17:30:00+00:00,0.0
2026-05-04 17:31:00+00:00,1.6141823639094697
2026-05-04 17:32:00+00:00,0.0
2026-05-04 17:33:00+00:00,1.016563193442568
2026-05-04 17:34:00+00:00,2.8703189188245086
2026-05-04 17:35:00+00:00,0.0
2026-05-04 17:36:00+00:00,0.0
2026-05-04 17:37:00+00:00,2.794293432166824
2026-05-04 17:38:00+00:00,1.089602941827604
2026-05-04 17:39:00+00:00,0.0
2026-05-04 17:40:00+00:00,1.9334131505538192
2026-05-04 17:41:00+00:00,1.198237811946813
2026-05-04 17:42:00+00:00,2.844194250938504
2026-05-04 17:43:00+00:00,0.2879480760049491
2026-05-04 17:44:00+00:00,0.3321305625943346
2026-05-04 17:45:00+00:00,0.0
2026-05-04 17:46:00+00:00,0.0
2026-05-04 17:47:00+00:00,1.6403746411627222
2026-05-04 17:48:00+00:00,1.5083925548333197
2026-05-04 17:49:00+00:00,0.0
2026-05-04 17:50:00+00:00,1.528731560039974
2026-05-04 17:51:00+00:00,0.7733995800731805
2026-05-04 17:52:00+00:00,0.0
2026-05-04 17:53:00+00:00,0.0
2026-05-04 17:54:00+00:00,1.2749116856232348
2026-05-04 17:55:00+00:00,0.428941978531602
2026-05-04 17:56:00+00:00,1.1025770950255755
2026-05-04 17:57:00+00:00,1.7463772925123102
2026-05-04 17:58:00+00:00,3.20316668614789
2026-05-04 17:59:00+00:00,2.654187062949887
2026-05-04 18:00:00+00:00,0.0
2026-05-04 18:01:00+00:00,2.63553355027005
2026-05-04 18:02:00+00:00,1.1215601197831957
2026-05-04 18:03:00+00:00,0.0
2026-05-04 18:04:00+00:00,3.031484549369972
2026-05-04 18:05:00+00:00,0.2471431192184675
2026-05-04 18:06:00+00:00,0.782036669862416
2026-05-04 18:07:00+00:00,3.160986700458148
2026-05-04 18:08:00+00:00,2.868882028650144
2026-05-04 18:09:00+00:00,3.213348425331634
2026-05-04 18:10:00+00:00,0.0
2026-05-04 18:11:00+00:00,0.9383326440773077
2026-05-04 18:12:00+00:00,3.0849488262155265
2026-05-04 18:13:00+00:00,0.7037422978174576
2026-05-04 18:14:00+00:00,0.2206700828134201
2026-05-04 18:15:00+00:00,2.595590299248159
2026-05-04 18:16:00+00:00,0.0
2026-05-04 18:17:00+00:00,0.0
2026-05-04 18:18:00+00:00,0.2382178366425989
2026-05-04 18:19:00+00:00,0.0
2026-05-04 18:20:00+00:00,2.5209288798848064
2026-05-04 18:21:00+00:00,1.840359921781273
2026-05-04 18:22:00+00:00,2.748705119163827
2026-05-04 18:23:00+00:00,0.5293342007232041
2026-05-04 18:24:00+00:00,0.0
2026-05-04 18:25:00+00:00,3.034653216681673
2026-05-04 18:26:00+00:00,1.8201432468776653
2026-05-04 18:27:00+00:00,0.2173694710257663
2026-05-04 18:28:00+00:00,2.21813291036239
2026-05-04 18:29:00+00:00,2.340608916460623
2026-05-04 18:30:00+00:00,2.9958908339694768
2026-05-04 18:31:00+00:00,0.0
2026-05-04 18:32:00+00:00,0.0
2026-05-04 18:33:00+00:00,0.0
2026-05-04 18:34:00+00:00,1.155242510338026
2026-05-04 18:35:00+00:00,0.0816183125216655
2026-05-04 18:36:00+00:00,0.0
2026-05-04 18:37:00+00:00,0.0
2026-05-04 18:38:00+00:00,0.4105607202994754
2026-05-04 18:39:00+00:00,2.867289260736084
2026-05-04 18:40:00+00:00,0.0
2026-05-04 18:41:00+00:00,1.3095630318485334
2026-05-04 18:42:00+00:00,0.0
2026-05-04 18:43:00+00:00,1.7436584864171425
2026-05-04 18:44:00+00:00,1.8428088547347647
2026-05-04 18:45:00+00:00,1.1691884524287792
2026-05-04 18:46:00+00:00,0.1585315185425158
2026-05-04 18:47:00+00:00,0.6239143439632397
2026-05-04 18:48:00+00:00,1.7989505706289783
2026-05-04 18:49:00+00:00,2.1229331660719932
2026-05-04 18:50:00+00:00,0.0
2026-05-04 18:51:00+00:00,0.2308568336149668
2026-05-04 18:52:00+00:00,0.0
2026-05-04 18:53:00+00:00,1.8017611048331235
2026-05-04 18:54:00+00:00,1.6478135892235934
2026-05-04 18:55:00+00:00,2.9434958276534258
2026-05-04 18:56:00+00:00,1.4394987171669753
2026-05-04 18:57:00+00:00,2.465547505838937
2026-05-04 18:58:00+00:00,0.0
2026-05-04 18:59:00+00:00,0.0
2026-05-04 19:00:00+00:00,0.9455522197689213
2026-05-04 19:01:00+00:00,0.8314414496101589
2026-05-04 19:02:00+00:00,2.6719455800182015
2026-05-04 19:03:00+00:00,2.843575519354762
2026-05-04 19:04:00+00:00,2.055276648785471
2026-05-04 19:05:00+00:00,2.7516956891228292
2026-05-04 19:06:00+00:00,0.35665268463915367
2026-05-04 19:07:00+00:00,0.48073140596884917
2026-05-04 19:08:00+00:00,0.08495385112356793
2026-05-04 19:09:00+00:00,1.6209023034766112
2026-05-04 19:10:00+00:00,0.12530936125937792
2026-05-04 19:11:00+00:00,0.0
2026-05-04 19:12:00+00:00,1.6634618725751245
2026-05-04 19:13:00+00:00,0.0
2026-05-04 19:14:00+00:00,1.3861378919917866
2026-05-04 19:15:00+00:00,2.3569402046990033
2026-05-04 19:16:00+00:00,3.0629648894421533
2026-05-04 19:17:00+00:00,0.47637042924760914
2026-05-04 19:18:00+00:00,0.06860108231879485
2026-05-04 19:19:00+00:00,1.9765985661210566
2026-05-04 19:20:00+00:00,1.0933403683438592
2026-05-04 19:21:00+00:00,1.230594879039799
2026-05-04 19:22:00+00:00,0.0
2026-05-04 19:23:00+00:00,1.2379308105545508
2026-05-04 19:24:00+00:00,0.0
2026-05-04 19:25:00+00:00,0.21444861153087366
2026-05-04 19:26:00+00:00,0.2900417889311988
2026-05-04 19:27:00+00:00,1.4471793931457286
2026-05-04 19:28:00+00:00,1.432787384872919
2026-05-04 19:29:00+00:00,2.456102234849667
2026-05-04 19:30:00+00:00,0.0
2026-05-04 19:31:00+00:00,0.0
2026-05-04 19:32:00+00:00,0.0
2026-05-04 19:33:00+00:00,0.4308052767341129
2026-05-04 19:34:00+00:00,0.0
2026-05-04 19:35:00+00:00,2.0932247856667376
2026-05-04 19:36:00+00:00,0.43661569416678625
2026-05-04 19:37:00+00:00,1.7482567603528407
2026-05-04 19:38:00+00:00,0.8263610395172367
2026-05-04 19:39:00+00:00,1.360637896177249
2026-05-04 19:40:00+00:00,1.9247284418355464
2026-05-04 19:41:00+00:00,2.8275858393240747
2026-05-04 19:42:00+00:00,0.0
2026-05-04 19:43:00+00:00,1.0140776925091828
2026-05-04 19:44:00+00:00,0.5024993728069905
2026-05-04 19:45:00+00:00,2.134113536684213
2026-05-04 19:46:00+00:00,0.0
2026-05-04 19:47:00+00:00,1.5669653167095483
2026-05-04 19:48:00+00:00,1.2653302121582053
2026-05-04 19:49:00+00:00,2.3459334006572274
2026-05-04 19:50:00+00:00,0.5234165728180559
2026-05-04 19:51:00+00:00,0.0
2026-05-04 19:52:00+00:00,1.1362236096136182
2026-05-04 19:53:00+00:00,1.7300657629192289
2026-05-04 19:54:00+00:00,2.072644927857637
2026-05-04 19:55:00+00:00,0.0
2026-05-04 19:56:00+00:00,0.0
2026-05-04 19:57:00+00:00,0.0
2026-05-04 19:58:00+00:00,2.5838281766803988
2026-05-04 19:59:00+00:00,2.0734673904371195
2026-05-04 20:00:00+00:00,1.1015420481868117
2026-05-04 20:01:00+00:00,2.929081221262293
2026-05-04 20:02:00+00:00,0.49360778587481446
2026-05-04 20:03:00+00:00,0.0
2026-05-04 20:04:00+00:00,0.0
2026-05-04 20:05:00+00:00,2.207381664357965
2026-05-04 20:06:00+00:00,0.1632698462365856
2026-05-04 20:07:00+00:00,2.6364047805816857
2026-05-04 20:08:00+00:00,2.7992904760549835
2026-05-04 20:09:00+00:00,2.910414849352459
2026-05-04 20:10:00+00:00,0.0
2026-05-04 20:11:00+00:00,2.050178081214831
2026-05-04 20:12:00+00:00,1.3645241647818196
2026-05-04 20:13:00+00:00,0.0
2026-05-04 20:14:00+00:00,3.214560663803432
2026-05-04 20:15:00+00:00,1.0093591265444297
2026-05-04 20:16:00+00:00,2.120848161428778
2026-05-04 20:17:00+00:00,0.0
2026-05-04 20:18:00+00:00,2.2179730631448393
2026-05-04 20:19:00+00:00,0.09870090219589737
2026-05-04 20:20:00+00:00,0.0
2026-05-04 20:21:00+00:00,0.6213963969938558
2026-05-04 20:22:00+00:00,1.3300329618022149
2026-05-04 20:23:00+00:00,0.0
2026-05-04 20:24:00+00:00,2.941969887124275
2026-05-04 20:25:00+00:00,0.0
2026-05-04 20:26:00+00:00,0.0
2026-05-04 20:27:00+00:00,0.0
2026-05-04 20:28:00+00:00,0.0
2026-05-04 20:29:00+00:00,3.1564587247813543
2026-05-04 20:30:00+00:00,0.0
2026-05-04 20:31:00+00:00,0.0
2026-05-04 20:32:00+00:00,0.0
2026-05-04 20:33:00+00:00,0.0
2026-05-04 20:34:00+00:00,2.9037421758275914
2026-05-04 20:35:00+00:00,0.0
2026-05-04 20:36:00+00:00,2.7287279445262733
2026-05-04 20:37:00+00:00,2.2185421473047215
2026-05-04 20:38:00+00:00,0.6876634482769485
2026-05-04 20:39:00+00:00,0.7410885472814872
2026-05-04 20:40:00+00:00,1.294398935846057
2026-05-04 20:41:00+00:00,1.0292318509121703
2026-05-04 20:42:00+00:00,1.0456539850221556
2026-05-04 20:43:00+00:00,0.1934104352006261
2026-05-04 20:44:00+00:00,3.0752431428817886
2026-05-04 20:45:00+00:00,0.0
2026-05-04 20:46:00+00:00,1.3530789133308765
2026-05-04 20:47:00+00:00,2.340201284979924
2026-05-04 20:48:00+00:00,1.4685782779277798
2026-05-04 20:49:00+00:00,2.208188728235449
2026-05-04 20:50:00+00:00,0.0
2026-05-04 20:51:00+00:00,0.0
2026-05-04 20:52:00+00:00,1.7589454195018177
2026-05-04 20:53:00+00:00,0.0
2026-05-04 20:54:00+00:00,2.1103928830737204
2026-05-04 20:55:00+00:00,0.0
2026-05-04 20:56:00+00:00,2.503796444764794
2026-05-04 20:57:00+00:00,1.0166605896389604
2026-05-04 20:58:00+00:00,1.9679040938276748
2026-05-04 20:59:00+00:00,2.3423316328117587
2026-05-04 21:00:00+00:00,0.5722066785255736
2026-05-04 21:01:00+00:00,0.3842562384347908
2026-05-04 21:02:00+00:00,0.6841682913097852
2026-05-04 21:03:00+00:00,0.12440250556604501
2026-05-04 21:04:00+00:00,0.0
2026-05-04 21:05:00+00:00,1.518101044680584
2026-05-04 21:06:00+00:00,2.501362822543638
2026-05-04 21:07:00+00:00,0.9918881518032993
2026-05-04 21:08:00+00:00,0.0
2026-05-04 21:09:00+00:00,2.928933461235678
2026-05-04 21:10:00+00:00,1.846976177933205
2026-05-04 21:11:00+00:00,1.2118771467961633
2026-05-04 21:12:00+00:00,2.958305064020596
2026-05-04 21:13:00+00:00,1.2414150481684583
2026-05-04 21:14:00+00:00,0.0
2026-05-04 21:15:00+00:00,2.922409147555069
2026-05-04 21:16:00+00:00,0.6401704766655001
2026-05-04 21:17:00+00:00,2.7361673157191633
2026-05-04 21:18:00+00:00,1.3136464248153448
2026-05-04 21:19:00+00:00,2.939084622847055
2026-05-04 21:20:00+00:00,1.2552093667172137
2026-05-04 21:21:00+00:00,0.5474167004061645
2026-05-04 21:22:00+00:00,0.40756284120406905
2026-05-04 21:23:00+00:00,2.950352587677742
2026-05-04 21:24:00+00:00,0.0
2026-05-04 21:25:00+00:00,1.5130738939023844
2026-05-04 21:26:00+00:00,0.0
2026-05-04 21:27:00+00:00,1.213251905874692
2026-05-04 21:28:00+00:00,2.8281434455200514
2026-05-04 21:29:00+00:00,0.0
2026-05-04 21:30:00+00:00,1.9334716503914349
2026-05-04 21:31:00+00:00,1.0715161217491864
2026-05-04 21:32:00+00:00,2.0332868948185974
2026-05-04 21:33:00+00:00,0.0
2026-05-04 21:34:00+00:00,0.0
2026-05-04 21:35:00+00:00,1.805979330888747
2026-05-04 21:36:00+00:00,0.0
2026-05-04 21:37:00+00:00,0.409923571833558
2026-05-04 21:38:00+00:00,0.0
2026-05-04 21:39:00+00:00,0.0
2026-05-04 21:40:00+00:00,0.5373528595868722
2026-05-04 21:41:00+00:00,0.405112345360858
2026-05-04 21:42:00+00:00,0.1603111120801033
2026-05-04 21:43:00+00:00,1.34006065382165
2026-05-04 21:44:00+00:00,1.5918032517050251
2026-05-04 21:45:00+00:00,1.8613592582924776
2026-05-04 21:46:00+00:00,0.0
2026-05-04 21:47:00+00:00,0.0
2026-05-04 21:48:00+00:00,0.1682462325938271
2026-05-04 21:49:00+00:00,2.1287657785292686
2026-05-04 21:50:00+00:00,0.0
2026-05-04 21:51:00+00:00,0.3776341663504216
2026-05-04 21:52:00+00:00,1.3126610905136145
2026-05-04 21:53:00+00:00,1.7591761142718172
2026-05-04 21:54:00+00:00,0.0
2026-05-04 21:55:00+00:00,0.9033678487580248
2026-05-04 21:56:00+00:00,1.504861088843268
2026-05-04 21:57:00+00:00,2.006782922630937
2026-05-04 21:58:00+00:00,1.7008584910504974
2026-05-04 21:59:00+00:00,2.235219838602673
2026-05-04 22:00:00+00:00,1.317003178771651
2026-05-04 22:01:00+00:00,0.0
2026-05-04 22:02:00+00:00,2.294375145163399
2026-05-04 22:03:00+00:00,1.565937668530551
2026-05-04 22:04:00+00:00,0.1120324432115131
2026-05-04 22:05:00+00:00,1.7300034646608868
2026-05-04 22:06:00+00:00,2.5507971176358595
2026-05-04 22:07:00+00:00,0.0
2026-05-04 22:08:00+00:00,0.0
2026-05-04 22:09:00+00:00,1.322867425048246
2026-05-04 22:10:00+00:00,2.5285859427383195
2026-05-04 22:11:00+00:00,2.8986401540549065
2026-05-04 22:12:00+00:00,3.165074682766245
2026-05-04 22:13:00+00:00,2.697915999838524
2026-05-04 22:14:00+00:00,2.622491638518814
2026-05-04 22:15:00+00:00,0.0
2026-05-04 22:16:00+00:00,0.0
2026-05-04 22:17:00+00:00,0.0
2026-05-04 22:18:00+00:00,1.999621703267041
2026-05-04 22:19:00+00:00,0.402230365064715
2026-05-04 22:20:00+00:00,0.0
2026-05-04 22:21:00+00:00,0.0
2026-05-04 22:22:00+00:00,2.2905758016741307
2026-05-04 22:23:00+00:00,1.2290296762020374
2026-05-04 22:24:00+00:00,2.668382923150201
2026-05-04 22:25:00+00:00,0.0
2026-05-04 22:26:00+00:00,2.2834127448155286
2026-05-04 22:27:00+00:00,0.9916605315561452
2026-05-04 22:28:00+00:00,0.0
2026-05-04 22:29:00+00:00,2.2519571644693213
2026-05-04 22:30:00+00:00,2.252033291735452
2026-05-04 22:31:00+00:00,1.736345289301377
2026-05-04 22:32:00+00:00,0.0
2026-05-04 22:33:00+00:00,2.3379313231202508
2026-05-04 22:34:00+00:00,2.692365405097513
2026-05-04 22:35:00+00:00,0.0
2026-05-04 22:36:00+00:00,2.336579906691743
2026-05-04 22:37:00+00:00,2.9740254964899555
2026-05-04 22:38:00+00:00,3.091745066771592
2026-05-04 22:39:00+00:00,2.772525891739913
2026-05-04 22:40:00+00:00,2.6651369557957145
2026-05-04 22:41:00+00:00,1.6965796537942608
2026-05-04 22:42:00+00:00,2.374242174241795
2026-05-04 22:43:00+00:00,0.0
2026-05-04 22:44:00+00:00,2.872208448591252
2026-05-04 22:45:00+00:00,3.06109557062597
2026-05-04 22:46:00+00:00,3.081466407865962
2026-05-04 22:47:00+00:00,2.859786719717614
2026-05-04 22:48:00+00:00,0.0
2026-05-04 22:49:00+00:00,1.116227804335869
2026-05-04 22:50:00+00:00,2.4419756599820044
2026-05-04 22:51:00+00:00,2.567075046730578
2026-05-04 22:52:00+00:00,1.7322865833487413
2026-05-04 22:53:00+00:00,1.197436521191101
2026-05-04 22:54:00+00:00,0.8214792672811992
2026-05-04 22:55:00+00:00,2.921280862173344
2026-05-04 22:56:00+00:00,1.8361087608855469
2026-05-04 22:57:00+00:00,0.0
2026-05-04 22:58:00+00:00,0.0
2026-05-04 22:59:00+00:00,2.416728813123889
2026-05-04 23:00:00+00:00,0.0
2026-05-04 23:01:00+00:00,0.0
2026-05-04 23:02:00+00:00,0.8389135033443654
2026-05-04 23:03:00+00:00,1.9245895901481311
2026-05-04 23:04:00+00:00,1.5508787975754632
2026-05-04 23:05:00+00:00,0.0
2026-05-04 23:06:00+00:00,0.0
2026-05-04 23:07:00+00:00,1.3842598516429414
2026-05-04 23:08:00+00:00,0.0
2026-05-04 23:09:00+00:00,0.0
2026-05-04 23:10:00+00:00,1.824715488964318
2026-05-04 23:11:00+00:00,0.2238523556048696
2026-05-04 23:12:00+00:00,0.9934607152642116
2026-05-04 23:13:00+00:00,0.0
2026-05-04 23:14:00+00:00,1.1538392947595588
2026-05-04 23:15:00+00:00,3.1344303138141885
2026-05-04 23:16:00+00:00,0.0
2026-05-04 23:17:00+00:00,0.8517791044977531
2026-05-04 23:18:00+00:00,1.541533083366578
2026-05-04 23:19:00+00:00,2.984864196404028
2026-05-04 23:20:00+00:00,1.7036741538234663
2026-05-04 23:21:00+00:00,1.315027884212759
2026-05-04 23:22:00+00:00,0.0
2026-05-04 23:23:00+00:00,0.0
2026-05-04 23:24:00+00:00,0.778969446805779
2026-05-04 23:25:00+00:00,1.8787110296557337
2026-05-04 23:26:00+00:00,2.1305453901360503
2026-05-04 23:27:00+00:00,0.0
2026-05-04 23:28:00+00:00,2.3026959682134294
2026-05-04 23:29:00+00:00,0.1346638742456423
2026-05-04 23:30:00+00:00,1.8521707261774911
2026-05-04 23:31:00+00:00,1.110627913154821
2026-05-04 23:32:00+00:00,0.0
2026-05-04 23:33:00+00:00,0.8050821760211111
2026-05-04 23:34:00+00:00,0.0
2026-05-04 23:35:00+00:00,2.849043066675545
2026-05-04 23:36:00+00:00,0.0
2026-05-04 23:37:00+00:00,0.0
2026-05-04 23:38:00+00:00,1.886082355077324
2026-05-04 23:39:00+00:00,2.05314672659116
2026-05-04 23:40:00+00:00,3.08400274973466
2026-05-04 23:41:00+00:00,2.639453884273553
2026-05-04 23:42:00+00:00,0.0
2026-05-04 23:43:00+00:00,0.1119382625754685
2026-05-04 23:44:00+00:00,2.025030210405045
2026-05-04 23:45:00+00:00,1.1046568420303855
2026-05-04 23:46:00+00:00,0.9035518739269416
2026-05-04 23:47:00+00:00,0.7719604038537335
2026-05-04 23:48:00+00:00,2.9030166540968807
2026-05-04 23:49:00+00:00,1.270548167600664
2026-05-04 23:50:00+00:00,1.15076380736992
2026-05-04 23:51:00+00:00,0.8925611404172865
2026-05-04 23:52:00+00:00,2.442461786683701
2026-05-04 23:53:00+00:00,3.046522535761955
2026-05-04 23:54:00+00:00,0.2742318687073344
2026-05-04 23:55:00+00:00,1.5342100595970056
2026-05-04 23:56:00+00:00,3.0345327315259243
2026-05-04 23:57:00+00:00,1.971890186372991
2026-05-04 23:58:00+00:00,1.059062885171763
2026-05-04 23:59:00+00:00,0.0148181521169853
2026-05-05 00:00:00+00:00,0.0
2026-05-05 00:01:00+00:00,0.0
2026-05-05 00:02:00+00:00,0.0
2026-05-05 00:03:00+00:00,3.116155892214024
2026-05-05 00:04:00+00:00,0.9215893679927188
2026-05-05 00:05:00+00:00,2.0913894247292792
2026-05-05 00:06:00+00:00,0.587979619790699
2026-05-05 00:07:00+00:00,0.0
2026-05-05 00:08:00+00:00,3.087078867973933
2026-05-05 00:09:00+00:00,2.862475052331344
2026-05-05 00:10:00+00:00,0.819494791450619
2026-05-05 00:11:00+00:00,2.244200703025144
2026-05-05 00:12:00+00:00,1.943287245367492
2026-05-05 00:13:00+00:00,2.1755200487995747
2026-05-05 00:14:00+00:00,0.0
2026-05-05 00:15:00+00:00,0.0
2026-05-05 00:16:00+00:00,2.720768085385081
2026-05-05 00:17:00+00:00,2.2197571606057123
2026-05-05 00:18:00+00:00,0.0
2026-05-05 00:19:00+00:00,2.871942684204699
2026-05-05 00:20:00+00:00,2.4858493376209942
2026-05-05 00:21:00+00:00,2.4324188287809507
2026-05-05 00:22:00+00:00,2.289629616660528
2026-05-05 00:23:00+00:00,0.0
2026-05-05 00:24:00+00:00,2.620168489870857
2026-05-05 00:25:00+00:00,1.0901701478842107
2026-05-05 00:26:00+00:00,1.6692253252461018
2026-05-05 00:27:00+00:00,0.0
2026-05-05 00:28:00+00:00,0.0
2026-05-05 00:29:00+00:00,1.8757952643912097
2026-05-05 00:30:00+00:00,0.7265947251321969
2026-05-05 00:31:00+00:00,0.0
2026-05-05 00:32:00+00:00,0.3585073031852129
2026-05-05 00:33:00+00:00,0.0
2026-05-05 00:34:00+00:00,2.533376988996522
2026-05-05 00:35:00+00:00,0.6308663527524343
2026-05-05 00:36:00+00:00,0.8063948075398931
2026-05-05 00:37:00+00:00,1.5067488904455528
2026-05-05 00:38:00+00:00,0.0
2026-05-05 00:39:00+00:00,1.9960137301735372
2026-05-05 00:40:00+00:00,2.74832050605865
2026-05-05 00:41:00+00:00,2.210543298365299
2026-05-05 00:42:00+00:00,0.0
2026-05-05 00:43:00+00:00,3.030732013832155
2026-05-05 00:44:00+00:00,3.1637311043174248
2026-05-05 00:45:00+00:00,0.0
2026-05-05 00:46:00+00:00,1.4889672872176962
2026-05-05 00:47:00+00:00,2.891435189377129
2026-05-05 00:48:00+00:00,0.4135306270885298
2026-05-05 00:49:00+00:00,0.0
2026-05-05 00:50:00+00:00,1.8675025655844528
2026-05-05 00:51:00+00:00,1.7941642263413964
2026-05-05 00:52:00+00:00,0.6449654824735602
2026-05-05 00:53:00+00:00,2.832518685971244
2026-05-05 00:54:00+00:00,0.0
2026-05-05 00:55:00+00:00,2.497609881544964
2026-05-05 00:56:00+00:00,0.0
2026-05-05 00:57:00+00:00,0.0
2026-05-05 00:58:00+00:00,0.0
2026-05-05 00:59:00+00:00,3.103193273162285
2026-05-05 01:00:00+00:00,1.241839278346183
2026-05-05 01:01:00+00:00,0.5675107855077867
2026-05-05 01:02:00+00:00,2.980463876056614
2026-05-05 01:03:00+00:00,0.0
2026-05-05 01:04:00+00:00,2.628168447679613
2026-05-05 01:05:00+00:00,1.0812114128522874
2026-05-05 01:06:00+00:00,2.1052375317893577
2026-05-05 01:07:00+00:00,0.0
2026-05-05 01:08:00+00:00,1.4833272949942609
2026-05-05 01:09:00+00:00,1.51618322528631
2026-05-05 01:10:00+00:00,0.3205808184033716
2026-05-05 01:11:00+00:00,0.0
2026-05-05 01:12:00+00:00,0.0
2026-05-05 01:13:00+00:00,0.5549493289629978
2026-05-05 01:14:00+00:00,0.0
2026-05-05 01:15:00+00:00,0.0
2026-05-05 01:16:00+00:00,0.2869764252862595
2026-05-05 01:17:00+00:00,1.1697983048896452
2026-05-05 01:18:00+00:00,2.23707967178757
2026-05-05 01:19:00+00:00,1.973175090970157
2026-05-05 01:20:00+00:00,0.5841968818650181
2026-05-05 01:21:00+00:00,0.0
2026-05-05 01:22:00+00:00,0.0
2026-05-05 01:23:00+00:00,2.9078233688069943
2026-05-05 01:24:00+00:00,0.3753389777679096
2026-05-05 01:25:00+00:00,0.1373464110148162
2026-05-05 01:26:00+00:00,0.0
2026-05-05 01:27:00+00:00,2.966614865575548
2026-05-05 01:28:00+00:00,2.8434032924480577
2026-05-05 01:29:00+00:00,2.4835780477170424
2026-05-05 01:30:00+00:00,2.731802046847384
2026-05-05 01:31:00+00:00,1.427010854496296
2026-05-05 01:32:00+00:00,0.8486811334731524
2026-05-05 01:33:00+00:00,0.0
2026-05-05 01:34:00+00:00,0.0
2026-05-05 01:35:00+00:00,0.0
2026-05-05 01:36:00+00:00,0.0
2026-05-05 01:37:00+00:00,0.0
2026-05-05 01:38:00+00:00,0.3313358940054738
2026-05-05 01:39:00+00:00,0.0
2026-05-05 01:40:00+00:00,1.8690751046669905
2026-05-05 01:41:00+00:00,1.523919198449036
2026-05-05 01:42:00+00:00,0.0
2026-05-05 01:43:00+00:00,0.195110060199894
2026-05-05 01:44:00+00:00,1.0448493448048255
2026-05-05 01:45:00+00:00,1.196687611745075
2026-05-05 01:46:00+00:00,1.2331498279199404
2026-05-05 01:47:00+00:00,1.1109582110961322
2026-05-05 01:48:00+00:00,0.0
2026-05-05 01:49:00+00:00,0.53419794445331
2026-05-05 01:50:00+00:00,2.4786401214861207
2026-05-05 01:51:00+00:00,0.0
2026-05-05 01:52:00+00:00,2.5121573829315333
2026-05-05 01:53:00+00:00,1.0922949614018531
2026-05-05 01:54:00+00:00,1.379372168932687
2026-05-05 01:55:00+00:00,0.0
2026-05-05 01:56:00+00:00,0.0
2026-05-05 01:57:00+00:00,0.0
2026-05-05 01:58:00+00:00,0.6402921576952948
2026-05-05 01:59:00+00:00,0.4081435662998137
2026-05-05 02:00:00+00:00,1.4639924574808134
2026-05-05 02:01:00+00:00,0.0
2026-05-05 02:02:00+00:00,0.1504701469666478
2026-05-05 02:03:00+00:00,2.9404756169089183
2026-05-05 02:04:00+00:00,0.0
2026-05-05 02:05:00+00:00,0.0
2026-05-05 02:06:00+00:00,1.8483445830676373
2026-05-05 02:07:00+00:00,2.14597408302928
2026-05-05 02:08:00+00:00,1.522893679488313
2026-05-05 02:09:00+00:00,1.726592720559844
2026-05-05 02:10:00+00:00,2.472280382735105
2026-05-05 02:11:00+00:00,2.548603875885505
2026-05-05 02:12:00+00:00,0.053961835725155
2026-05-05 02:13:00+00:00,1.6547120948164005
2026-05-05 02:14:00+00:00,3.139903280726891
2026-05-05 02:15:00+00:00,0.7004791081292101
2026-05-05 02:16:00+00:00,2.1853923948933103
2026-05-05 02:17:00+00:00,0.0
2026-05-05 02:18:00+00:00,1.7153012064329498
2026-05-05 02:19:00+00:00,0.8799874374053013
2026-05-05 02:20:00+00:00,0.0
2026-05-05 02:21:00+00:00,0.3438779490417813
2026-05-05 02:22:00+00:00,0.0
2026-05-05 02:23:00+00:00,0.0417039032981996
2026-05-05 02:24:00+00:00,0.0
2026-05-05 02:25:00+00:00,2.8851778056497603
2026-05-05 02:26:00+00:00,0.017456237294993
2026-05-05 02:27:00+00:00,0.0
2026-05-05 02:28:00+00:00,1.2371797376212643
2026-05-05 02:29:00+00:00,0.0
2026-05-05 02:30:00+00:00,0.0
2026-05-05 02:31:00+00:00,2.983779567112419
2026-05-05 02:32:00+00:00,0.2047993669574141
2026-05-05 02:33:00+00:00,0.0
2026-05-05 02:34:00+00:00,0.5628171473162343
2026-05-05 02:35:00+00:00,0.0
2026-05-05 02:36:00+00:00,1.7958869242868538
2026-05-05 02:37:00+00:00,2.825516976012759
2026-05-05 02:38:00+00:00,0.0
2026-05-05 02:39:00+00:00,0.0
2026-05-05 02:40:00+00:00,0.6959478750734975
2026-05-05 02:41:00+00:00,2.511411996231294
2026-05-05 02:42:00+00:00,2.058038722299254
2026-05-05 02:43:00+00:00,0.009880448204661
2026-05-05 02:44:00+00:00,0.0702495084490155
2026-05-05 02:45:00+00:00,0.5711775281873945
2026-05-05 02:46:00+00:00,0.5352034872637971
2026-05-05 02:47:00+00:00,0.0
2026-05-05 02:48:00+00:00,0.0
2026-05-05 02:49:00+00:00,0.9580538878720614
2026-05-05 02:50:00+00:00,2.0598130312885465
2026-05-05 02:51:00+00:00,0.0
2026-05-05 02:52:00+00:00,2.711690112522827
2026-05-05 02:53:00+00:00,0.0
2026-05-05 02:54:00+00:00,1.587798457915233
2026-05-05 02:55:00+00:00,2.884402651870705
2026-05-05 02:56:00+00:00,2.5891984210917665
2026-05-05 02:57:00+00:00,0.0
2026-05-05 02:58:00+00:00,0.953396716586006
2026-05-05 02:59:00+00:00,2.3703619895014167
2026-05-05 03:00:00+00:00,2.491703903485106
2026-05-05 03:01:00+00:00,0.7330441985531383
2026-05-05 03:02:00+00:00,1.97372033230594
2026-05-05 03:03:00+00:00,1.5987681399848592
2026-05-05 03:04:00+00:00,1.0186892200095925
2026-05-05 03:05:00+00:00,0.0
2026-05-05 03:06:00+00:00,3.090832425351763
2026-05-05 03:07:00+00:00,2.921826150638949
2026-05-05 03:08:00+00:00,2.009236032530181
2026-05-05 03:09:00+00:00,2.7269041017263045
2026-05-05 03:10:00+00:00,0.0
2026-05-05 03:11:00+00:00,3.018780585909885
2026-05-05 03:12:00+00:00,0.5789656644283766
2026-05-05 03:13:00+00:00,2.1905740088405805
2026-05-05 03:14:00+00:00,1.9115901646238755
2026-05-05 03:15:00+00:00,3.038751177675487
2026-05-05 03:16:00+00:00,3.039392247808375
2026-05-05 03:17:00+00:00,2.193412732310059
2026-05-05 03:18:00+00:00,0.0
2026-05-05 03:19:00+00:00,3.088452364158194
2026-05-05 03:20:00+00:00,3.0188449984788854
2026-05-05 03:21:00+00:00,2.8093612512002006
2026-05-05 03:22:00+00:00,1.4870328232103802
2026-05-05 03:23:00+00:00,0.28188059563334
2026-05-05 03:24:00+00:00,0.0
2026-05-05 03:25:00+00:00,1.0433741312841263
2026-05-05 03:26:00+00:00,1.4548349779940106
2026-05-05 03:27:00+00:00,2.8681215036446894
2026-05-05 03:28:00+00:00,0.0
2026-05-05 03:29:00+00:00,2.6437580881436515
2026-05-05 03:30:00+00:00,0.2607792216220649
2026-05-05 03:31:00+00:00,0.0
2026-05-05 03:32:00+00:00,1.7683796287034086
2026-05-05 03:33:00+00:00,0.0
2026-05-05 03:34:00+00:00,0.0
2026-05-05 03:35:00+00:00,0.7423829431423781
2026-05-05 03:36:00+00:00,0.0
2026-05-05 03:37:00+00:00,0.0
2026-05-05 03:38:00+00:00,1.4539341272177588
2026-05-05 03:39:00+00:00,1.6615691671797368
2026-05-05 03:40:00+00:00,0.0
2026-05-05 03:41:00+00:00,0.7636474893139226
2026-05-05 03:42:00+00:00,0.0
2026-05-05 03:43:00+00:00,3.0998632271043176
2026-05-05 03:44:00+00:00,1.2140217749422244
2026-05-05 03:45:00+00:00,2.2673264727954074
2026-05-05 03:46:00+00:00,1.886540635482179
2026-05-05 03:47:00+00:00,0.0
2026-05-05 03:48:00+00:00,1.8183750588396337
2026-05-05 03:49:00+00:00,2.1924605668561794
2026-05-05 03:50:00+00:00,0.0
2026-05-05 03:51:00+00:00,1.1905762152330537
2026-05-05 03:52:00+00:00,0.7510263274125114
2026-05-05 03:53:00+00:00,2.9523278302841547
2026-05-05 03:54:00+00:00,0.3364778878264177
2026-05-05 03:55:00+00:00,2.6956651564977636
2026-05-05 03:56:00+00:00,1.5658612665121892
2026-05-05 03:57:00+00:00,3.0288531826587897
2026-05-05 03:58:00+00:00,0.9706756403808441
2026-05-05 03:59:00+00:00,0.783832637119226
2026-05-05 04:00:00+00:00,3.1286946184976263
2026-05-05 04:01:00+00:00,0.0
2026-05-05 04:02:00+00:00,1.3502468693282619
2026-05-05 04:03:00+00:00,0.0
2026-05-05 04:04:00+00:00,0.0
2026-05-05 04:05:00+00:00,0.0
2026-05-05 04:06:00+00:00,2.0695096102593413
2026-05-05 04:07:00+00:00,1.6788232554863733
2026-05-05 04:08:00+00:00,2.8584716925254003
2026-05-05 04:09:00+00:00,1.5487176933257345
2026-05-05 04:10:00+00:00,0.20237547187665472
2026-05-05 04:11:00+00:00,1.2644473941650072
2026-05-05 04:12:00+00:00,0.47508334562864585
2026-05-05 04:13:00+00:00,0.04764673623016622
2026-05-05 04:14:00+00:00,0.0
2026-05-05 04:15:00+00:00,0.41695987254183897
2026-05-05 04:16:00+00:00,0.5642233905405662
2026-05-05 04:17:00+00:00,0.7367336670334177
2026-05-05 04:18:00+00:00,2.9702575344453406
2026-05-05 04:19:00+00:00,2.6734278314470403
2026-05-05 04:20:00+00:00,0.0
2026-05-05 04:21:00+00:00,3.083491035906547
2026-05-05 04:22:00+00:00,2.5694298232717707
2026-05-05 04:23:00+00:00,1.3952344940394896
2026-05-05 04:24:00+00:00,0.0
2026-05-05 04:25:00+00:00,2.79800940388215
2026-05-05 04:26:00+00:00,0.0
2026-05-05 04:27:00+00:00,0.45586397312183086
2026-05-05 04:28:00+00:00,2.753994985859014
2026-05-05 04:29:00+00:00,0.41375887800196104
2026-05-05 04:30:00+00:00,0.0
2026-05-05 04:31:00+00:00,0.3938556816409727
2026-05-05 04:32:00+00:00,1.0589431454100113
2026-05-05 04:33:00+00:00,1.7675406846324655
2026-05-05 04:34:00+00:00,0.0
2026-05-05 04:35:00+00:00,2.9731956366436756
2026-05-05 04:36:00+00:00,2.250921858708624
2026-05-05 04:37:00+00:00,0.0
2026-05-05 04:38:00+00:00,2.9900183276639405
2026-05-05 04:39:00+00:00,0.7149176429185828
2026-05-05 04:40:00+00:00,3.0322767899666423
2026-05-05 04:41:00+00:00,0.0
2026-05-05 04:42:00+00:00,2.8733938597331914
2026-05-05 04:43:00+00:00,1.504796817572273
2026-05-05 04:44:00+00:00,0.6475194057562873
2026-05-05 04:45:00+00:00,0.0
2026-05-05 04:46:00+00:00,0.0
2026-05-05 04:47:00+00:00,0.0
2026-05-05 04:48:00+00:00,2.856187639991379
2026-05-05 04:49:00+00:00,2.4823535158565604
2026-05-05 04:50:00+00:00,0.26050222033358233
2026-05-05 04:51:00+00:00,1.1294876606161122
2026-05-05 04:52:00+00:00,0.8329891524198814
2026-05-05 04:53:00+00:00,0.547231155115987
2026-05-05 04:54:00+00:00,2.2221095506128496
2026-05-05 04:55:00+00:00,0.0
2026-05-05 04:56:00+00:00,2.5501832826854414
2026-05-05 04:57:00+00:00,1.2895959179242011
2026-05-05 04:58:00+00:00,2.248684519429803
2026-05-05 04:59:00+00:00,0.8807296731152541
2026-05-05 05:00:00+00:00,0.0
2026-05-05 05:01:00+00:00,0.0
2026-05-05 05:02:00+00:00,0.0
2026-05-05 05:03:00+00:00,1.2332523837245661
2026-05-05 05:04:00+00:00,2.2829930241791687
2026-05-05 05:05:00+00:00,0.17779488019768455
2026-05-05 05:06:00+00:00,0.21312606795196604
2026-05-05 05:07:00+00:00,2.4989864102445822
2026-05-05 05:08:00+00:00,1.6651433247667509
2026-05-05 05:09:00+00:00,0.8337957499318378
2026-05-05 05:10:00+00:00,3.022422070292245
2026-05-05 05:11:00+00:00,0.0
2026-05-05 05:12:00+00:00,0.9886054777966425
2026-05-05 05:13:00+00:00,2.391697971687732
2026-05-05 05:14:00+00:00,2.4120355902915707
2026-05-05 05:15:00+00:00,1.4801189128402836
2026-05-05 05:16:00+00:00,0.3662747066668005
2026-05-05 05:17:00+00:00,0.0
2026-05-05 05:18:00+00:00,0.7974103712152061
2026-05-05 05:19:00+00:00,1.4742742577582726
2026-05-05 05:20:00+00:00,0.0
2026-05-05 05:21:00+00:00,1.802755203061651
2026-05-05 05:22:00+00:00,0.1761211104946446
2026-05-05 05:23:00+00:00,0.0
2026-05-05 05:24:00+00:00,0.7585609424874429
2026-05-05 05:25:00+00:00,2.161555984250352
2026-05-05 05:26:00+00:00,0.0682203342951208
2026-05-05 05:27:00+00:00,0.0
2026-05-05 05:28:00+00:00,2.924401449956242
2026-05-05 05:29:00+00:00,1.5575452897754076
2026-05-05 05:30:00+00:00,1.2437351319776986
2026-05-05 05:31:00+00:00,2.6623815795156727
2026-05-05 05:32:00+00:00,0.0
2026-05-05 05:33:00+00:00,1.6958452017432672
2026-05-05 05:34:00+00:00,2.3018586855426166
2026-05-05 05:35:00+00:00,0.0
2026-05-05 05:36:00+00:00,1.5235026480683878
2026-05-05 05:37:00+00:00,0.9461618297682072
2026-05-05 05:38:00+00:00,1.1568422343112468
2026-05-05 05:39:00+00:00,2.2546248523069607
2026-05-05 05:40:00+00:00,0.635292446174692
2026-05-05 05:41:00+00:00,2.5342784556603646
2026-05-05 05:42:00+00:00,1.1277214737804764
2026-05-05 05:43:00+00:00,2.5406080410526144
2026-05-05 05:44:00+00:00,2.7246114757068125
2026-05-05 05:45:00+00:00,0.0
2026-05-05 05:46:00+00:00,0.0869582236692006
2026-05-05 05:47:00+00:00,0.0
2026-05-05 05:48:00+00:00,1.2025926112582792
2026-05-05 05:49:00+00:00,1.270891926630729
2026-05-05 05:50:00+00:00,2.839211467068832
2026-05-05 05:51:00+00:00,0.7018866711542323
2026-05-05 05:52:00+00:00,0.0
2026-05-05 05:53:00+00:00,2.1932488281776163
2026-05-05 05:54:00+00:00,1.0368879727715612
2026-05-05 05:55:00+00:00,0.0
2026-05-05 05:56:00+00:00,0.1975767536009036
2026-05-05 05:57:00+00:00,2.833889008926984
2026-05-05 05:58:00+00:00,0.1733859852173759
2026-05-05 05:59:00+00:00,2.57899866544763
2026-05-05 06:00:00+00:00,2.213294533564243
2026-05-05 06:01:00+00:00,1.5649171534115522
2026-05-05 06:02:00+00:00,0.0119814820366624
2026-05-05 06:03:00+00:00,0.0
2026-05-05 06:04:00+00:00,0.0
2026-05-05 06:05:00+00:00,2.869701246926065
2026-05-05 06:06:00+00:00,0.3029913005037093
2026-05-05 06:07:00+00:00,0.0
2026-05-05 06:08:00+00:00,1.575901004570461
2026-05-05 06:09:00+00:00,0.0
2026-05-05 06:10:00+00:00,0.0
2026-05-05 06:11:00+00:00,0.3442333952538627
2026-05-05 06:12:00+00:00,1.99112677141916
2026-05-05 06:13:00+00:00,1.6391526721799363
2026-05-05 06:14:00+00:00,0.1828997011322103
2026-05-05 06:15:00+00:00,2.681517114540391
2026-05-05 06:16:00+00:00,0.0
2026-05-05 06:17:00+00:00,0.0
2026-05-05 06:18:00+00:00,1.278092971122607
2026-05-05 06:19:00+00:00,0.7289251365106818
2026-05-05 06:20:00+00:00,0.0
2026-05-05 06:21:00+00:00,0.0
2026-05-05 06:22:00+00:00,2.293001961487388
2026-05-05 06:23:00+00:00,1.142352754079475
2026-05-05 06:24:00+00:00,2.304103889013028
2026-05-05 06:25:00+00:00,0.8306612456111048
2026-05-05 06:26:00+00:00,2.2680128748625825
2026-05-05 06:27:00+00:00,0.3717109818206939
2026-05-05 06:28:00+00:00,0.0
2026-05-05 06:29:00+00:00,3.038307581510762
2026-05-05 06:30:00+00:00,0.1050951408395661
2026-05-05 06:31:00+00:00,0.0
2026-05-05 06:32:00+00:00,0.8447027362673096
2026-05-05 06:33:00+00:00,0.7149348821716526
2026-05-05 06:34:00+00:00,0.6458183582997551
2026-05-05 06:35:00+00:00,3.116261261249246
2026-05-05 06:36:00+00:00,1.5164843780335528
2026-05-05 06:37:00+00:00,2.81332946834647
2026-05-05 06:38:00+00:00,0.0
2026-05-05 06:39:00+00:00,2.12030637689749
2026-05-05 06:40:00+00:00,1.6205183451230736
2026-05-05 06:41:00+00:00,0.0
2026-05-05 06:42:00+00:00,2.844815055002848
2026-05-05 06:43:00+00:00,0.946944409863632
2026-05-05 06:44:00+00:00,0.0
2026-05-05 06:45:00+00:00,1.9103863123356943
2026-05-05 06:46:00+00:00,2.5534293600112696
2026-05-05 06:47:00+00:00,1.3923341065182373
2026-05-05 06:48:00+00:00,0.0
2026-05-05 06:49:00+00:00,1.6468140298260197
2026-05-05 06:50:00+00:00,3.1416300846151075
2026-05-05 06:51:00+00:00,0.9526053477854736
2026-05-05 06:52:00+00:00,0.0
2026-05-05 06:53:00+00:00,2.3604900604011907
2026-05-05 06:54:00+00:00,2.2687276374529173
2026-05-05 06:55:00+00:00,0.0
2026-05-05 06:56:00+00:00,1.714458236069563
2026-05-05 06:57:00+00:00,1.804380158732424
2026-05-05 06:58:00+00:00,2.9113087305113607
2026-05-05 06:59:00+00:00,0.4442437971940253
2026-05-05 07:00:00+00:00,1.2909954734780515
2026-05-05 07:01:00+00:00,0.0
2026-05-05 07:02:00+00:00,0.7550101275354933
2026-05-05 07:03:00+00:00,2.3386775650435307
2026-05-05 07:04:00+00:00,1.8650922550394808
2026-05-05 07:05:00+00:00,3.0811090997999715
2026-05-05 07:06:00+00:00,1.6614359254510909
2026-05-05 07:07:00+00:00,1.5740963260783067
2026-05-05 07:08:00+00:00,2.641695211945001
2026-05-05 07:09:00+00:00,2.8466060037004635
2026-05-05 07:10:00+00:00,0.5863173599067044
2026-05-05 07:11:00+00:00,0.0
2026-05-05 07:12:00+00:00,1.758807438596379
2026-05-05 07:13:00+00:00,0.0
2026-05-05 07:14:00+00:00,2.200558223717681
2026-05-05 07:15:00+00:00,0.3463182062313442
2026-05-05 07:16:00+00:00,0.0
2026-05-05 07:17:00+00:00,2.546913788865793
2026-05-05 07:18:00+00:00,0.0
2026-05-05 07:19:00+00:00,2.0723225006226023
2026-05-05 07:20:00+00:00,2.018736048564061
2026-05-05 07:21:00+00:00,1.687363505498074
2026-05-05 07:22:00+00:00,2.153484733638805
2026-05-05 07:23:00+00:00,0.0
2026-05-05 07:24:00+00:00,0.0
2026-05-05 07:25:00+00:00,1.7876718644245555
2026-05-05 07:26:00+00:00,0.0
2026-05-05 07:27:00+00:00,0.4779402382269782
2026-05-05 07:28:00+00:00,1.0476041346535458
2026-05-05 07:29:00+00:00,3.1590367268538646
2026-05-05 07:30:00+00:00,2.474202333564692
2026-05-05 07:31:00+00:00,0.0120198075222271
2026-05-05 07:32:00+00:00,1.472620823827265
2026-05-05 07:33:00+00:00,1.1016794311911202
2026-05-05 07:34:00+00:00,0.0
2026-05-05 07:35:00+00:00,2.399908093711072
2026-05-05 07:36:00+00:00,2.2189563608529954
2026-05-05 07:37:00+00:00,1.066547240674066
2026-05-05 07:38:00+00:00,1.0210745377928137
2026-05-05 07:39:00+00:00,1.8594537211673088
2026-05-05 07:40:00+00:00,0.7622182024621367
2026-05-05 07:41:00+00:00,2.0641985249545285
2026-05-05 07:42:00+00:00,0.12192720432142125
2026-05-05 07:43:00+00:00,2.322547135742272
2026-05-05 07:44:00+00:00,2.7151846747418804
2026-05-05 07:45:00+00:00,2.186139734647657
2026-05-05 07:46:00+00:00,0.4670766927582424
2026-05-05 07:47:00+00:00,1.1418809537065244
2026-05-05 07:48:00+00:00,0.4551692261880546
2026-05-05 07:49:00+00:00,2.2941182823054995
2026-05-05 07:50:00+00:00,2.4062817430939365
2026-05-05 07:51:00+00:00,1.1416282728361364
2026-05-05 07:52:00+00:00,0.0
2026-05-05 07:53:00+00:00,2.795410372639104
2026-05-05 07:54:00+00:00,0.04984471020222934
2026-05-05 07:55:00+00:00,0.0
2026-05-05 07:56:00+00:00,2.932347922317137
2026-05-05 07:57:00+00:00,0.0
2026-05-05 07:58:00+00:00,0.15792045346075154
2026-05-05 07:59:00+00:00,0.0
2026-05-05 08:00:00+00:00,0.2210473738561147
2026-05-05 08:01:00+00:00,2.3241300456399436
2026-05-05 08:02:00+00:00,0.0
2026-05-05 08:03:00+00:00,0.0
2026-05-05 08:04:00+00:00,0.5826212859841908
2026-05-05 08:05:00+00:00,0.0
2026-05-05 08:06:00+00:00,0.0
2026-05-05 08:07:00+00:00,2.0206914700821024
2026-05-05 08:08:00+00:00,1.749007538746513
2026-05-05 08:09:00+00:00,0.0
2026-05-05 08:10:00+00:00,0.0
2026-05-05 08:11:00+00:00,2.141051395542407
2026-05-05 08:12:00+00:00,0.0
2026-05-05 08:13:00+00:00,1.9513422647866616
2026-05-05 08:14:00+00:00,0.0
2026-05-05 08:15:00+00:00,1.5454629330856366
2026-05-05 08:16:00+00:00,0.09434588968236338
2026-05-05 08:17:00+00:00,0.0
2026-05-05 08:18:00+00:00,2.58095390556782
2026-05-05 08:19:00+00:00,0.0
2026-05-05 08:20:00+00:00,1.7455414601744321
2026-05-05 08:21:00+00:00,0.622635191739779
2026-05-05 08:22:00+00:00,0.8877606257090512
2026-05-05 08:23:00+00:00,0.11956885932725053
2026-05-05 08:24:00+00:00,0.0
2026-05-05 08:25:00+00:00,0.0
2026-05-05 08:26:00+00:00,2.5969846953069218
2026-05-05 08:27:00+00:00,0.33742965510209566
2026-05-05 08:28:00+00:00,0.45175113792710503
2026-05-05 08:29:00+00:00,0.0
2026-05-05 08:30:00+00:00,2.1342626851766693
2026-05-05 08:31:00+00:00,3.0551127156014983
2026-05-05 08:32:00+00:00,1.7564723727183047
2026-05-05 08:33:00+00:00,0.0
2026-05-05 08:34:00+00:00,2.5177031718536806
2026-05-05 08:35:00+00:00,1.6501769588918889
2026-05-05 08:36:00+00:00,1.9786274557092725
2026-05-05 08:37:00+00:00,2.4158072866954603
2026-05-05 08:38:00+00:00,0.0
2026-05-05 08:39:00+00:00,1.369327104999548
2026-05-05 08:40:00+00:00,0.0
2026-05-05 08:41:00+00:00,1.5240306880563659
2026-05-05 08:42:00+00:00,2.0954781362923534
2026-05-05 08:43:00+00:00,0.0
2026-05-05 08:44:00+00:00,1.9070596262974562
2026-05-05 08:45:00+00:00,0.0
2026-05-05 08:46:00+00:00,1.1774130946748016
2026-05-05 08:47:00+00:00,2.731042944228175
2026-05-05 08:48:00+00:00,3.0557395559785188
2026-05-05 08:49:00+00:00,0.0
2026-05-05 08:50:00+00:00,3.1740259300327214
2026-05-05 08:51:00+00:00,0.2506515083427247
2026-05-05 08:52:00+00:00,2.070126576002822
2026-05-05 08:53:00+00:00,2.355087539805767
2026-05-05 08:54:00+00:00,0.0
2026-05-05 08:55:00+00:00,1.9587471520285566
2026-05-05 08:56:00+00:00,0.0
2026-05-05 08:57:00+00:00,1.477009709964271
2026-05-05 08:58:00+00:00,0.2762970325527159
2026-05-05 08:59:00+00:00,0.9112168981958862
2026-05-05 09:00:00+00:00,1.1036421954339184
2026-05-05 09:01:00+00:00,1.119856910944802
2026-05-05 09:02:00+00:00,3.168320354246676
2026-05-05 09:03:00+00:00,2.8253029569434034
2026-05-05 09:04:00+00:00,1.5555605422632444
2026-05-05 09:05:00+00:00,0.0
2026-05-05 09:06:00+00:00,0.0
2026-05-05 09:07:00+00:00,2.015539770972687
2026-05-05 09:08:00+00:00,0.0
2026-05-05 09:09:00+00:00,0.09940673022512
2026-05-05 09:10:00+00:00,0.0
2026-05-05 09:11:00+00:00,2.740485713383812
2026-05-05 09:12:00+00:00,0.8031630264182209
2026-05-05 09:13:00+00:00,0.7662086388719815
2026-05-05 09:14:00+00:00,2.696018935380992
2026-05-05 09:15:00+00:00,2.385040747389891
2026-05-05 09:16:00+00:00,0.0
2026-05-05 09:17:00+00:00,2.235652770497864
2026-05-05 09:18:00+00:00,0.0
2026-05-05 09:19:00+00:00,0.7550158229001361
2026-05-05 09:20:00+00:00,0.7151990502322234
2026-05-05 09:21:00+00:00,0.0
2026-05-05 09:22:00+00:00,0.0
2026-05-05 09:23:00+00:00,2.1716906324368
2026-05-05 09:24:00+00:00,0.0
2026-05-05 09:25:00+00:00,2.887767599704511
2026-05-05 09:26:00+00:00,0.8409961355048277
2026-05-05 09:27:00+00:00,0.0
2026-05-05 09:28:00+00:00,0.2561483327137309
2026-05-05 09:29:00+00:00,2.7663524603901126
2026-05-05 09:30:00+00:00,2.863658696981185
2026-05-05 09:31:00+00:00,1.7197267874813709
2026-05-05 09:32:00+00:00,0.0
2026-05-05 09:33:00+00:00,0.5623731526368623
2026-05-05 09:34:00+00:00,0.0
2026-05-05 09:35:00+00:00,0.8296095053121212
2026-05-05 09:36:00+00:00,0.9964032763912156
2026-05-05 09:37:00+00:00,0.0
2026-05-05 09:38:00+00:00,0.0
2026-05-05 09:39:00+00:00,0.0
2026-05-05 09:40:00+00:00,0.8715727054183782
2026-05-05 09:41:00+00:00,0.0
2026-05-05 09:42:00+00:00,1.6050028396469445
2026-05-05 09:43:00+00:00,2.0084082855544088
2026-05-05 09:44:00+00:00,2.0282469959563976
2026-05-05 09:45:00+00:00,0.20723991044792836
2026-05-05 09:46:00+00:00,0.3340288839153142
2026-05-05 09:47:00+00:00,0.3154728399304149
2026-05-05 09:48:00+00:00,0.0
2026-05-05 09:49:00+00:00,1.4715955483990535
2026-05-05 09:50:00+00:00,0.571379320600321
2026-05-05 09:51:00+00:00,1.9539806976016962
2026-05-05 09:52:00+00:00,0.0
2026-05-05 09:53:00+00:00,3.126469805458464
2026-05-05 09:54:00+00:00,0.0
2026-05-05 09:55:00+00:00,2.8004028954327294
2026-05-05 09:56:00+00:00,2.2735693128438323
2026-05-05 09:57:00+00:00,2.1834296339010533
2026-05-05 09:58:00+00:00,0.0
2026-05-05 09:59:00+00:00,0.0
2026-05-05 10:00:00+00:00,0.0
2026-05-05 10:01:00+00:00,3.179065097545461
2026-05-05 10:02:00+00:00,1.9492314165444664
2026-05-05 10:03:00+00:00,0.830911338341093
2026-05-05 10:04:00+00:00,0.0
2026-05-05 10:05:00+00:00,1.7256793748054893
2026-05-05 10:06:00+00:00,2.7497583518522513
2026-05-05 10:07:00+00:00,2.7640049660882706
2026-05-05 10:08:00+00:00,2.060688209263526
2026-05-05 10:09:00+00:00,1.1189455638234054
2026-05-05 10:10:00+00:00,1.656747655190691
2026-05-05 10:11:00+00:00,3.0799971206059014
2026-05-05 10:12:00+00:00,0.6122508160512511
2026-05-05 10:13:00+00:00,0.0
2026-05-05 10:14:00+00:00,0.0
2026-05-05 10:15:00+00:00,0.0
2026-05-05 10:16:00+00:00,0.0
2026-05-05 10:17:00+00:00,0.0
2026-05-05 10:18:00+00:00,0.0
2026-05-05 10:19:00+00:00,1.8301140961596696
2026-05-05 10:20:00+00:00,1.0996731092843453
2026-05-05 10:21:00+00:00,0.0
2026-05-05 10:22:00+00:00,0.07228748720148576
2026-05-05 10:23:00+00:00,0.0
2026-05-05 10:24:00+00:00,3.1296970410967737
2026-05-05 10:25:00+00:00,1.234482214135342
2026-05-05 10:26:00+00:00,0.0
2026-05-05 10:27:00+00:00,0.6489982730241598
2026-05-05 10:28:00+00:00,0.22275503405247085
2026-05-05 10:29:00+00:00,2.723490895757682
2026-05-05 10:30:00+00:00,0.0
2026-05-05 10:31:00+00:00,0.0
2026-05-05 10:32:00+00:00,1.696164834778059
2026-05-05 10:33:00+00:00,2.413761909875367
2026-05-05 10:34:00+00:00,1.429443925383616
2026-05-05 10:35:00+00:00,0.374099622127542
2026-05-05 10:36:00+00:00,1.951486672318967
2026-05-05 10:37:00+00:00,1.793421382535035
2026-05-05 10:38:00+00:00,3.016040295751408
2026-05-05 10:39:00+00:00,0.0
2026-05-05 10:40:00+00:00,0.4640894326768186
2026-05-05 10:41:00+00:00,2.1855961487829147
2026-05-05 10:42:00+00:00,0.9076879132103394
2026-05-05 10:43:00+00:00,0.0
2026-05-05 10:44:00+00:00,2.034493819307025
2026-05-05 10:45:00+00:00,0.30359584806130047
2026-05-05 10:46:00+00:00,0.40457887514852825
2026-05-05 10:47:00+00:00,2.457449405209871
2026-05-05 10:48:00+00:00,3.1984029311916053
2026-05-05 10:49:00+00:00,0.0
2026-05-05 10:50:00+00:00,2.8179919135016096
2026-05-05 10:51:00+00:00,0.0
2026-05-05 10:52:00+00:00,0.08369343701556338
2026-05-05 10:53:00+00:00,0.0
2026-05-05 10:54:00+00:00,0.0
2026-05-05 10:55:00+00:00,0.6511997589215599
2026-05-05 10:56:00+00:00,0.6660244711141242
2026-05-05 10:57:00+00:00,1.0564433789413383
2026-05-05 10:58:00+00:00,2.6300978725952615
2026-05-05 10:59:00+00:00,0.0
2026-05-05 11:00:00+00:00,0.0
2026-05-05 11:01:00+00:00,2.2298548928655753
2026-05-05 11:02:00+00:00,2.8337336994074596
2026-05-05 11:03:00+00:00,2.0158549023633583
2026-05-05 11:04:00+00:00,1.4433480729827601
2026-05-05 11:05:00+00:00,2.234568628224251
2026-05-05 11:06:00+00:00,0.9747223807999226
2026-05-05 11:07:00+00:00,0.0
2026-05-05 11:08:00+00:00,1.4277788323174576
2026-05-05 11:09:00+00:00,2.037120063246093
2026-05-05 11:10:00+00:00,0.0635619449123671
2026-05-05 11:11:00+00:00,2.182065958389333
2026-05-05 11:12:00+00:00,2.7357941369750844
2026-05-05 11:13:00+00:00,2.250132115242695
2026-05-05 11:14:00+00:00,0.2394698473001213
2026-05-05 11:15:00+00:00,0.0
2026-05-05 11:16:00+00:00,1.997222821297144
2026-05-05 11:17:00+00:00,2.357022173379609
2026-05-05 11:18:00+00:00,0.0
2026-05-05 11:19:00+00:00,0.0
2026-05-05 11:20:00+00:00,0.0
2026-05-05 11:21:00+00:00,0.8021538553307543
2026-05-05 11:22:00+00:00,0.0
2026-05-05 11:23:00+00:00,1.2400079635489623
2026-05-05 11:24:00+00:00,2.3619405718647646
2026-05-05 11:25:00+00:00,0.28870607649586527
2026-05-05 11:26:00+00:00,0.12968139767372733
2026-05-05 11:27:00+00:00,1.6213186229331271
2026-05-05 11:28:00+00:00,0.0
2026-05-05 11:29:00+00:00,2.3998994971562246
2026-05-05 11:30:00+00:00,0.0
2026-05-05 11:31:00+00:00,0.128224812505401
2026-05-05 11:32:00+00:00,1.614849518419124
2026-05-05 11:33:00+00:00,3.0567280983115714
2026-05-05 11:34:00+00:00,0.12889599917060635
2026-05-05 11:35:00+00:00,0.7341362163720728
2026-05-05 11:36:00+00:00,0.0
2026-05-05 11:37:00+00:00,1.635191305685083
2026-05-05 11:38:00+00:00,0.7864972866630622
2026-05-05 11:39:00+00:00,2.911638009103358
2026-05-05 11:40:00+00:00,1.8075390345004878
2026-05-05 11:41:00+00:00,2.8589300038609564
2026-05-05 11:42:00+00:00,0.0
2026-05-05 11:43:00+00:00,0.5641787336086601
2026-05-05 11:44:00+00:00,2.4579394572942084
2026-05-05 11:45:00+00:00,0.0
2026-05-05 11:46:00+00:00,2.0187671649478154
2026-05-05 11:47:00+00:00,0.5207045786755201
2026-05-05 11:48:00+00:00,0.0
2026-05-05 11:49:00+00:00,1.6992525978562665
2026-05-05 11:50:00+00:00,0.0
2026-05-05 11:51:00+00:00,1.515700367649985
2026-05-05 11:52:00+00:00,1.912785862966052
2026-05-05 11:53:00+00:00,2.807883342077856
2026-05-05 11:54:00+00:00,1.74347113318339
2026-05-05 11:55:00+00:00,2.9473736912071056
2026-05-05 11:56:00+00:00,2.96085936529401
2026-05-05 11:57:00+00:00,1.7688739185312414
2026-05-05 11:58:00+00:00,0.2652141698442554
2026-05-05 11:59:00+00:00,1.336405436139088
2026-05-05 12:00:00+00:00,0.3976179582349062
2026-05-05 12:01:00+00:00,2.308813811893009
2026-05-05 12:02:00+00:00,2.743909919450167
2026-05-05 12:03:00+00:00,0.1561004168205627
2026-05-05 12:04:00+00:00,1.3403175710442676
2026-05-05 12:05:00+00:00,0.9620921869326586
2026-05-05 12:06:00+00:00,0.5841114725258805
2026-05-05 12:07:00+00:00,0.635936352910804
2026-05-05 12:08:00+00:00,0.0
2026-05-05 12:09:00+00:00,0.0
2026-05-05 12:10:00+00:00,0.924371276338429
2026-05-05 12:11:00+00:00,2.059672704086467
2026-05-05 12:12:00+00:00,0.0
2026-05-05 12:13:00+00:00,2.597131709555698
2026-05-05 12:14:00+00:00,2.687409975156404
2026-05-05 12:15:00+00:00,2.117514466168265
2026-05-05 12:16:00+00:00,2.9583189864759105
2026-05-05 12:17:00+00:00,0.9109987246254991
2026-05-05 12:18:00+00:00,3.004835901342183
2026-05-05 12:19:00+00:00,1.18074230598246
2026-05-05 12:20:00+00:00,2.6739017467460333
2026-05-05 12:21:00+00:00,2.0442188407295823
2026-05-05 12:22:00+00:00,0.0
2026-05-05 12:23:00+00:00,0.0
2026-05-05 12:24:00+00:00,0.8427601673146784
2026-05-05 12:25:00+00:00,2.5291651803472304
2026-05-05 12:26:00+00:00,0.009978427949604983
2026-05-05 12:27:00+00:00,0.4114770962480504
2026-05-05 12:28:00+00:00,2.9053033790950034
2026-05-05 12:29:00+00:00,2.341433054586888
2026-05-05 12:30:00+00:00,3.038990015141944
2026-05-05 12:31:00+00:00,0.0
2026-05-05 12:32:00+00:00,1.953760305993056
2026-05-05 12:33:00+00:00,2.1989640172832035
2026-05-05 12:34:00+00:00,2.10913319254519
2026-05-05 12:35:00+00:00,0.0
2026-05-05 12:36:00+00:00,1.4266281439485184
2026-05-05 12:37:00+00:00,3.1764094576001503
2026-05-05 12:38:00+00:00,0.3046741470407433
2026-05-05 12:39:00+00:00,0.48694552075825837
2026-05-05 12:40:00+00:00,2.753924109350668
2026-05-05 12:41:00+00:00,0.0
2026-05-05 12:42:00+00:00,2.667084563615181
2026-05-05 12:43:00+00:00,1.2888117872226486
2026-05-05 12:44:00+00:00,0.0
2026-05-05 12:45:00+00:00,0.1522048342925046
2026-05-05 12:46:00+00:00,2.448419884731518
2026-05-05 12:47:00+00:00,1.941231430701288
2026-05-05 12:48:00+00:00,0.9296344140355636
2026-05-05 12:49:00+00:00,0.0
2026-05-05 12:50:00+00:00,2.6940852542259
2026-05-05 12:51:00+00:00,3.118701153432556
2026-05-05 12:52:00+00:00,0.0
2026-05-05 12:53:00+00:00,0.0
2026-05-05 12:54:00+00:00,0.0
2026-05-05 12:55:00+00:00,0.0
2026-05-05 12:56:00+00:00,1.9590804447827124
2026-05-05 12:57:00+00:00,0.0886751387199806
2026-05-05 12:58:00+00:00,0.9952641234067484
2026-05-05 12:59:00+00:00,0.415218897147512
2026-05-05 13:00:00+00:00,0.6695955156077885
2026-05-05 13:01:00+00:00,0.0
2026-05-05 13:02:00+00:00,0.2609124676256861
2026-05-05 13:03:00+00:00,0.0
2026-05-05 13:04:00+00:00,1.5904043034862383
2026-05-05 13:05:00+00:00,0.21917823212094173
2026-05-05 13:06:00+00:00,0.4377305969796065
2026-05-05 13:07:00+00:00,1.2843223774683823
2026-05-05 13:08:00+00:00,3.2082051111245216
2026-05-05 13:09:00+00:00,0.0
2026-05-05 13:10:00+00:00,2.8530413822175964
2026-05-05 13:11:00+00:00,0.2520187948527655
2026-05-05 13:12:00+00:00,1.7952510424871788
2026-05-05 13:13:00+00:00,0.0
2026-05-05 13:14:00+00:00,2.337497727334799
2026-05-05 13:15:00+00:00,0.7415641295773606
2026-05-05 13:16:00+00:00,1.454629649681484
2026-05-05 13:17:00+00:00,2.015561728932014
2026-05-05 13:18:00+00:00,0.0
2026-05-05 13:19:00+00:00,0.0
2026-05-05 13:20:00+00:00,0.0
2026-05-05 13:21:00+00:00,1.007695813721584
2026-05-05 13:22:00+00:00,0.746219618166768
2026-05-05 13:23:00+00:00,1.466020198102569
2026-05-05 13:24:00+00:00,1.187514916687186
2026-05-05 13:25:00+00:00,2.144527269651481
2026-05-05 13:26:00+00:00,1.4562145039244303
2026-05-05 13:27:00+00:00,0.7138509469394289
2026-05-05 13:28:00+00:00,0.1879883224927833
2026-05-05 13:29:00+00:00,0.311957343121568
2026-05-05 13:30:00+00:00,2.159183358508466
2026-05-05 13:31:00+00:00,0.8365245749674728
2026-05-05 13:32:00+00:00,1.093192532508155
2026-05-05 13:33:00+00:00,0.0
2026-05-05 13:34:00+00:00,2.349410287436193
2026-05-05 13:35:00+00:00,0.19637801079182413
2026-05-05 13:36:00+00:00,0.0
2026-05-05 13:37:00+00:00,0.981400134807658
2026-05-05 13:38:00+00:00,2.327269608163383
2026-05-05 13:39:00+00:00,1.540222901317265
2026-05-05 13:40:00+00:00,0.0
2026-05-05 13:41:00+00:00,1.2616193771933444
2026-05-05 13:42:00+00:00,2.937116228836586
2026-05-05 13:43:00+00:00,2.114315686544959
2026-05-05 13:44:00+00:00,1.7834935601059396
2026-05-05 13:45:00+00:00,2.588389398489111
2026-05-05 13:46:00+00:00,2.640371222476445
2026-05-05 13:47:00+00:00,0.2940573584541135
2026-05-05 13:48:00+00:00,0.1591555860329421
2026-05-05 13:49:00+00:00,2.3447972214999617
2026-05-05 13:50:00+00:00,0.5737763137883932
2026-05-05 13:51:00+00:00,2.0889774263221885
2026-05-05 13:52:00+00:00,3.00142147191179
2026-05-05 13:53:00+00:00,0.0
2026-05-05 13:54:00+00:00,1.5172354487552029
2026-05-05 13:55:00+00:00,0.1124811305207393
2026-05-05 13:56:00+00:00,2.769777943371752
2026-05-05 13:57:00+00:00,2.75629919612859
2026-05-05 13:58:00+00:00,1.1327112599029403
2026-05-05 13:59:00+00:00,0.3771904063826902
2026-05-05 14:00:00+00:00,0.0
2026-05-05 14:01:00+00:00,3.1382035713300707
2026-05-05 14:02:00+00:00,0.0710326518244113
2026-05-05 14:03:00+00:00,2.037428445919377
2026-05-05 14:04:00+00:00,2.3975930868349207
2026-05-05 14:05:00+00:00,0.5816210062158454
2026-05-05 14:06:00+00:00,0.0
2026-05-05 14:07:00+00:00,0.0
2026-05-05 14:08:00+00:00,0.0
2026-05-05 14:09:00+00:00,2.99796884609776
2026-05-05 14:10:00+00:00,0.4725661123205525
2026-05-05 14:11:00+00:00,2.354062438601657
2026-05-05 14:12:00+00:00,2.88432970035663
2026-05-05 14:13:00+00:00,2.714733566599276
2026-05-05 14:14:00+00:00,1.331138630375708
2026-05-05 14:15:00+00:00,0.0
2026-05-05 14:16:00+00:00,0.0
2026-05-05 14:17:00+00:00,1.835903212268417
2026-05-05 14:18:00+00:00,2.983455108623099
2026-05-05 14:19:00+00:00,1.9310554197357237
2026-05-05 14:20:00+00:00,1.4595550910441464
2026-05-05 14:21:00+00:00,0.0232737517664465
2026-05-05 14:22:00+00:00,0.1771225539940178
2026-05-05 14:23:00+00:00,0.0
2026-05-05 14:24:00+00:00,1.2820355457217152
2026-05-05 14:25:00+00:00,1.3608609196976782
2026-05-05 14:26:00+00:00,2.102132041195477
2026-05-05 14:27:00+00:00,0.0
2026-05-05 14:28:00+00:00,0.0
2026-05-05 14:29:00+00:00,1.2089367498044343
2026-05-05 14:30:00+00:00,3.0007135213604643
2026-05-05 14:31:00+00:00,0.971791263782795
2026-05-05 14:32:00+00:00,2.5867787383323564
2026-05-05 14:33:00+00:00,1.6729565983450896
2026-05-05 14:34:00+00:00,0.0
2026-05-05 14:35:00+00:00,1.938114201641558
2026-05-05 14:36:00+00:00,1.882427495173506
2026-05-05 14:37:00+00:00,0.4911939489833947
2026-05-05 14:38:00+00:00,1.3751489260242702
2026-05-05 14:39:00+00:00,0.3357150410738069
2026-05-05 14:40:00+00:00,2.52635789358102
2026-05-05 14:41:00+00:00,0.0
2026-05-05 14:42:00+00:00,0.8134000251513298
2026-05-05 14:43:00+00:00,0.0
2026-05-05 14:44:00+00:00,1.4000174613597036
2026-05-05 14:45:00+00:00,2.7672602723690827
2026-05-05 14:46:00+00:00,0.0
2026-05-05 14:47:00+00:00,1.3465414640783733
2026-05-05 14:48:00+00:00,1.3554016956392445
2026-05-05 14:49:00+00:00,2.3576681367486265
2026-05-05 14:50:00+00:00,3.03126297659971
2026-05-05 14:51:00+00:00,0.9082809665115352
2026-05-05 14:52:00+00:00,0.6055368371187213
2026-05-05 14:53:00+00:00,0.2098255177576913
2026-05-05 14:54:00+00:00,1.1570831556978822
2026-05-05 14:55:00+00:00,1.892956693639268
2026-05-05 14:56:00+00:00,0.0320653733776714
2026-05-05 14:57:00+00:00,0.1061394490742359
2026-05-05 14:58:00+00:00,0.0
2026-05-05 14:59:00+00:00,2.585871338561025
2026-05-05 15:00:00+00:00,0.0
2026-05-05 15:01:00+00:00,3.0277258482474023
2026-05-05 15:02:00+00:00,2.4479979260811446
2026-05-05 15:03:00+00:00,1.825098599244633
2026-05-05 15:04:00+00:00,1.3993316495384294
2026-05-05 15:05:00+00:00,0.0
2026-05-05 15:06:00+00:00,0.0
2026-05-05 15:07:00+00:00,2.20332426968632
2026-05-05 15:08:00+00:00,0.0
2026-05-05 15:09:00+00:00,2.6453336004676924
2026-05-05 15:10:00+00:00,1.5587391255601604
2026-05-05 15:11:00+00:00,0.0
2026-05-05 15:12:00+00:00,0.0
2026-05-05 15:13:00+00:00,2.7731827222122742
2026-05-05 15:14:00+00:00,0.0
2026-05-05 15:15:00+00:00,2.394105697864887
2026-05-05 15:16:00+00:00,1.6839771578871099
2026-05-05 15:17:00+00:00,0.5908683141477549
2026-05-05 15:18:00+00:00,0.0
2026-05-05 15:19:00+00:00,0.0
2026-05-05 15:20:00+00:00,2.147631348623884
2026-05-05 15:21:00+00:00,2.545562526677116
2026-05-05 15:22:00+00:00,0.0
2026-05-05 15:23:00+00:00,2.164466756621671
2026-05-05 15:24:00+00:00,0.7696249748873517
2026-05-05 15:25:00+00:00,0.0
2026-05-05 15:26:00+00:00,1.194809686387732
2026-05-05 15:27:00+00:00,0.0
2026-05-05 15:28:00+00:00,0.0
2026-05-05 15:29:00+00:00,3.0046039583174524
2026-05-05 15:30:00+00:00,1.132071995902288
2026-05-05 15:31:00+00:00,0.5018172012734383
2026-05-05 15:32:00+00:00,0.0
2026-05-05 15:33:00+00:00,2.631337357077306
2026-05-05 15:34:00+00:00,2.360051543220358
2026-05-05 15:35:00+00:00,0.0
2026-05-05 15:36:00+00:00,0.8008960668560653
2026-05-05 15:37:00+00:00,0.0
2026-05-05 15:38:00+00:00,3.107579026882487
2026-05-05 15:39:00+00:00,0.0
2026-05-05 15:40:00+00:00,1.1449667844247522
2026-05-05 15:41:00+00:00,0.0
2026-05-05 15:42:00+00:00,0.0
2026-05-05 15:43:00+00:00,3.1026758253287245
2026-05-05 15:44:00+00:00,2.9337946017732515
2026-05-05 15:45:00+00:00,1.5233944762976515
2026-05-05 15:46:00+00:00,0.19646317766658458
2026-05-05 15:47:00+00:00,0.0
2026-05-05 15:48:00+00:00,0.5532229589563894
2026-05-05 15:49:00+00:00,0.8462331679641925
2026-05-05 15:50:00+00:00,2.545185317124423
2026-05-05 15:51:00+00:00,0.0
2026-05-05 15:52:00+00:00,0.034635458839355086
2026-05-05 15:53:00+00:00,0.16038064643417177
2026-05-05 15:54:00+00:00,0.7910424053931941
2026-05-05 15:55:00+00:00,0.6425222431242941
2026-05-05 15:56:00+00:00,0.0
2026-05-05 15:57:00+00:00,2.207742664811372
2026-05-05 15:58:00+00:00,0.0
2026-05-05 15:59:00+00:00,0.0
2026-05-05 16:00:00+00:00,1.7353478588259137
2026-05-05 16:01:00+00:00,0.0
2026-05-05 16:02:00+00:00,2.863495689658488
2026-05-05 16:03:00+00:00,0.0
2026-05-05 16:04:00+00:00,0.0
2026-05-05 16:05:00+00:00,0.0
2026-05-05 16:06:00+00:00,2.477478189286118
2026-05-05 16:07:00+00:00,2.0931244075626547
2026-05-05 16:08:00+00:00,0.0
2026-05-05 16:09:00+00:00,2.3131792635037995
2026-05-05 16:10:00+00:00,3.1935930354988447
2026-05-05 16:11:00+00:00,0.2942116207575349
2026-05-05 16:12:00+00:00,1.7010706734689311
2026-05-05 16:13:00+00:00,0.7043649817627763
2026-05-05 16:14:00+00:00,0.0
2026-05-05 16:15:00+00:00,0.29033375480535667
2026-05-05 16:16:00+00:00,2.2075054769042435
2026-05-05 16:17:00+00:00,2.180353320859425
2026-05-05 16:18:00+00:00,1.8810666619099152
2026-05-05 16:19:00+00:00,0.3089165553238767
2026-05-05 16:20:00+00:00,0.06906078202756913
2026-05-05 16:21:00+00:00,2.7580197437678797
2026-05-05 16:22:00+00:00,0.35848366147129485
2026-05-05 16:23:00+00:00,2.8589691143054328
2026-05-05 16:24:00+00:00,2.059990843596276
2026-05-05 16:25:00+00:00,1.1485237168808404
2026-05-05 16:26:00+00:00,0.35061969649367164
2026-05-05 16:27:00+00:00,1.9577052869779104
2026-05-05 16:28:00+00:00,0.41427972460048984
2026-05-05 16:29:00+00:00,1.0530137555961692
2026-05-05 16:30:00+00:00,1.9690315592869994
2026-05-05 16:31:00+00:00,1.053397738576467
2026-05-05 16:32:00+00:00,2.610610409372171
2026-05-05 16:33:00+00:00,0.0
2026-05-05 16:34:00+00:00,0.7343938718185624
2026-05-05 16:35:00+00:00,2.904900698071608
2026-05-05 16:36:00+00:00,0.0
2026-05-05 16:37:00+00:00,0.9573245619334344
2026-05-05 16:38:00+00:00,0.0
2026-05-05 16:39:00+00:00,1.6455636799292472
2026-05-05 16:40:00+00:00,2.757616022317966
2026-05-05 16:41:00+00:00,2.2051889240516607
2026-05-05 16:42:00+00:00,1.8632852474982406
2026-05-05 16:43:00+00:00,0.0
2026-05-05 16:44:00+00:00,0.42060635660834844
2026-05-05 16:45:00+00:00,2.2761929261664817
2026-05-05 16:46:00+00:00,1.7995874259496198
2026-05-05 16:47:00+00:00,3.1522749011674174
2026-05-05 16:48:00+00:00,2.2501909686970953
2026-05-05 16:49:00+00:00,0.6647024116287789
2026-05-05 16:50:00+00:00,2.5686468131057936
2026-05-05 16:51:00+00:00,2.9572671540880946
2026-05-05 16:52:00+00:00,2.6818549395662385
2026-05-05 16:53:00+00:00,1.4372326857291438
2026-05-05 16:54:00+00:00,0.0
2026-05-05 16:55:00+00:00,0.0
2026-05-05 16:56:00+00:00,2.7892117652522646
2026-05-05 16:57:00+00:00,0.0
2026-05-05 16:58:00+00:00,1.5487868105241005
2026-05-05 16:59:00+00:00,1.0603549034904387
2026-05-05 17:00:00+00:00,0.6582037146411338
2026-05-05 17:01:00+00:00,2.75435569356886
2026-05-05 17:02:00+00:00,0.0
2026-05-05 17:03:00+00:00,0.15976150945765458
2026-05-05 17:04:00+00:00,0.7182518037909286
2026-05-05 17:05:00+00:00,0.0
2026-05-05 17:06:00+00:00,2.474886510000667
2026-05-05 17:07:00+00:00,2.1246732697362356
2026-05-05 17:08:00+00:00,0.0
2026-05-05 17:09:00+00:00,0.0
2026-05-05 17:10:00+00:00,0.0
2026-05-05 17:11:00+00:00,0.0
2026-05-05 17:12:00+00:00,2.5318817145396015
2026-05-05 17:13:00+00:00,1.3115609686154281
2026-05-05 17:14:00+00:00,3.0974010119540027
2026-05-05 17:15:00+00:00,3.10236691422615
2026-05-05 17:16:00+00:00,0.0
2026-05-05 17:17:00+00:00,0.0
2026-05-05 17:18:00+00:00,0.0
2026-05-05 17:19:00+00:00,1.0634836364723852
2026-05-05 17:20:00+00:00,0.40875351250396447
2026-05-05 17:21:00+00:00,0.0
2026-05-05 17:22:00+00:00,1.5124727084111331
2026-05-05 17:23:00+00:00,1.605195279594387
2026-05-05 17:24:00+00:00,1.069146092461948
2026-05-05 17:25:00+00:00,2.5925945957166006
2026-05-05 17:26:00+00:00,0.5948008020508893
2026-05-05 17:27:00+00:00,0.9937037086837919
2026-05-05 17:28:00+00:00,0.7866103938220489
2026-05-05 17:29:00+00:00,0.8519329853897235
2026-05-05 17:30:00+00:00,0.1992937645325441
2026-05-05 17:31:00+00:00,0.0
2026-05-05 17:32:00+00:00,2.615964046404111
2026-05-05 17:33:00+00:00,0.0
2026-05-05 17:34:00+00:00,2.495075096676245
2026-05-05 17:35:00+00:00,0.0
2026-05-05 17:36:00+00:00,2.8992676764076877
2026-05-05 17:37:00+00:00,1.5048203699734872
2026-05-05 17:38:00+00:00,2.5446658687196986
2026-05-05 17:39:00+00:00,1.953829397793447
2026-05-05 17:40:00+00:00,1.7899497298734643
2026-05-05 17:41:00+00:00,3.0388238286214393
2026-05-05 17:42:00+00:00,2.1719242419856353
2026-05-05 17:43:00+00:00,0.0
2026-05-05 17:44:00+00:00,3.0217966530806093
2026-05-05 17:45:00+00:00,0.0
2026-05-05 17:46:00+00:00,0.1964387684675005
2026-05-05 17:47:00+00:00,0.0
2026-05-05 17:48:00+00:00,2.3361955983561713
2026-05-05 17:49:00+00:00,1.1983834502143424
2026-05-05 17:50:00+00:00,2.6308571719474876
2026-05-05 17:51:00+00:00,0.7723196374542022
2026-05-05 17:52:00+00:00,0.0
2026-05-05 17:53:00+00:00,2.404304878450872
2026-05-05 17:54:00+00:00,0.0
2026-05-05 17:55:00+00:00,0.0
2026-05-05 17:56:00+00:00,0.8879973518797946
2026-05-05 17:57:00+00:00,0.27462465487142423
2026-05-05 17:58:00+00:00,2.7302302696413627
2026-05-05 17:59:00+00:00,0.8252526982990462
2026-05-05 18:00:00+00:00,2.8610123368058016
2026-05-05 18:01:00+00:00,0.0653826195503517
2026-05-05 18:02:00+00:00,1.471303735872376
2026-05-05 18:03:00+00:00,0.0
2026-05-05 18:04:00+00:00,2.903050090204042
2026-05-05 18:05:00+00:00,3.088648204882702
2026-05-05 18:06:00+00:00,0.0
2026-05-05 18:07:00+00:00,3.1873985615194345
2026-05-05 18:08:00+00:00,3.094380552127656
2026-05-05 18:09:00+00:00,2.527563371012142
2026-05-05 18:10:00+00:00,1.0259064863445355
2026-05-05 18:11:00+00:00,2.4736525270429057
2026-05-05 18:12:00+00:00,2.5169661960570795
2026-05-05 18:13:00+00:00,0.0
2026-05-05 18:14:00+00:00,1.58935335669194
2026-05-05 18:15:00+00:00,0.0
2026-05-05 18:16:00+00:00,0.7085119074621922
2026-05-05 18:17:00+00:00,2.1265222680600484
2026-05-05 18:18:00+00:00,0.7628521685799128
2026-05-05 18:19:00+00:00,0.9024032067844691
2026-05-05 18:20:00+00:00,3.043900954775266
2026-05-05 18:21:00+00:00,1.2347279640987352
2026-05-05 18:22:00+00:00,2.6136146163708345
2026-05-05 18:23:00+00:00,2.422183243925176
2026-05-05 18:24:00+00:00,0.0
2026-05-05 18:25:00+00:00,0.7207353604104566
2026-05-05 18:26:00+00:00,0.0
2026-05-05 18:27:00+00:00,1.4417592025919357
2026-05-05 18:28:00+00:00,0.5802890185620528
2026-05-05 18:29:00+00:00,0.0
2026-05-05 18:30:00+00:00,3.138636169339897
2026-05-05 18:31:00+00:00,2.874635118511012
2026-05-05 18:32:00+00:00,2.686885513985691
2026-05-05 18:33:00+00:00,0.0
2026-05-05 18:34:00+00:00,0.0
2026-05-05 18:35:00+00:00,0.8591994816517408
2026-05-05 18:36:00+00:00,2.192991118324441
2026-05-05 18:37:00+00:00,2.9212042256986983
2026-05-05 18:38:00+00:00,0.0
2026-05-05 18:39:00+00:00,0.0
2026-05-05 18:40:00+00:00,1.0546037542312054
2026-05-05 18:41:00+00:00,0.0
2026-05-05 18:42:00+00:00,2.150374518369184
2026-05-05 18:43:00+00:00,1.074697888641058
2026-05-05 18:44:00+00:00,2.403891830302554
2026-05-05 18:45:00+00:00,2.0649375600253785
2026-05-05 18:46:00+00:00,2.5365035138266188
2026-05-05 18:47:00+00:00,0.0
2026-05-05 18:48:00+00:00,0.496010579486835
2026-05-05 18:49:00+00:00,1.7629810194900708
2026-05-05 18:50:00+00:00,0.9078676009113865
2026-05-05 18:51:00+00:00,2.632707499199576
2026-05-05 18:52:00+00:00,0.0
2026-05-05 18:53:00+00:00,0.0
2026-05-05 18:54:00+00:00,2.7007407721362044
2026-05-05 18:55:00+00:00,0.0
2026-05-05 18:56:00+00:00,1.002904040938552
2026-05-05 18:57:00+00:00,0.5931791123199421
2026-05-05 18:58:00+00:00,2.488276962742922
2026-05-05 18:59:00+00:00,0.6177235390374004
2026-05-05 19:00:00+00:00,0.7766059841880822
2026-05-05 19:01:00+00:00,0.6388550867685653
2026-05-05 19:02:00+00:00,0.0
2026-05-05 19:03:00+00:00,2.72171254714683
2026-05-05 19:04:00+00:00,0.0
2026-05-05 19:05:00+00:00,0.2608125267618122
2026-05-05 19:06:00+00:00,0.5848057715348429
2026-05-05 19:07:00+00:00,1.9107443892510207
2026-05-05 19:08:00+00:00,0.4671102791646834
2026-05-05 19:09:00+00:00,1.3268125187112458
2026-05-05 19:10:00+00:00,0.0
2026-05-05 19:11:00+00:00,0.0
2026-05-05 19:12:00+00:00,1.3857190011235971
2026-05-05 19:13:00+00:00,0.0
2026-05-05 19:14:00+00:00,1.0767702343146326
2026-05-05 19:15:00+00:00,1.8605845498279268
2026-05-05 19:16:00+00:00,1.2174919858563438
2026-05-05 19:17:00+00:00,0.0
2026-05-05 19:18:00+00:00,2.2811977083601405
2026-05-05 19:19:00+00:00,1.863926995170826
2026-05-05 19:20:00+00:00,1.7135122609109228
2026-05-05 19:21:00+00:00,0.2723560250201912
2026-05-05 19:22:00+00:00,0.9528889127713875
2026-05-05 19:23:00+00:00,3.121392396973433
2026-05-05 19:24:00+00:00,2.8137057763917226
2026-05-05 19:25:00+00:00,0.44039212571232034
2026-05-05 19:26:00+00:00,2.4224265348018554
2026-05-05 19:27:00+00:00,2.4667238830221216
2026-05-05 19:28:00+00:00,3.1683960686267114
2026-05-05 19:29:00+00:00,0.0
2026-05-05 19:30:00+00:00,0.0
2026-05-05 19:31:00+00:00,2.5954616017292405
2026-05-05 19:32:00+00:00,0.0
2026-05-05 19:33:00+00:00,2.206586902168626
2026-05-05 19:34:00+00:00,0.0
2026-05-05 19:35:00+00:00,0.0
2026-05-05 19:36:00+00:00,0.9811098661224955
2026-05-05 19:37:00+00:00,1.3184026473937687
2026-05-05 19:38:00+00:00,0.0
2026-05-05 19:39:00+00:00,0.8836901595235982
2026-05-05 19:40:00+00:00,0.0
2026-05-05 19:41:00+00:00,1.4235260536595933
2026-05-05 19:42:00+00:00,2.658737823748173
2026-05-05 19:43:00+00:00,0.23363686466222744
2026-05-05 19:44:00+00:00,1.130651089653496
2026-05-05 19:45:00+00:00,0.13401910729026792
2026-05-05 19:46:00+00:00,0.0
2026-05-05 19:47:00+00:00,0.7621380321896675
2026-05-05 19:48:00+00:00,2.121679821782575
2026-05-05 19:49:00+00:00,2.3760469172812333
2026-05-05 19:50:00+00:00,0.4814477868851344
2026-05-05 19:51:00+00:00,2.127846044175921
2026-05-05 19:52:00+00:00,1.8234380106956527
2026-05-05 19:53:00+00:00,1.5088784243294933
2026-05-05 19:54:00+00:00,1.1495173146927389
2026-05-05 19:55:00+00:00,2.879522648702118
2026-05-05 19:56:00+00:00,1.6264008007614668
2026-05-05 19:57:00+00:00,1.3581696178121594
2026-05-05 19:58:00+00:00,0.0
2026-05-05 19:59:00+00:00,0.0
2026-05-05 20:00:00+00:00,0.0
2026-05-05 20:01:00+00:00,1.4335655090006485
2026-05-05 20:02:00+00:00,2.258153064966619
2026-05-05 20:03:00+00:00,3.1872123566881623
2026-05-05 20:04:00+00:00,1.6111280311104426
2026-05-05 20:05:00+00:00,0.407130704554655
2026-05-05 20:06:00+00:00,1.8437451525490776
2026-05-05 20:07:00+00:00,0.0
2026-05-05 20:08:00+00:00,1.0035691742664636
2026-05-05 20:09:00+00:00,2.239616510628293
2026-05-05 20:10:00+00:00,3.051321016039164
2026-05-05 20:11:00+00:00,1.946578572518155
2026-05-05 20:12:00+00:00,0.0
2026-05-05 20:13:00+00:00,1.4203374900802666
2026-05-05 20:14:00+00:00,1.6485205749060814
2026-05-05 20:15:00+00:00,0.0
2026-05-05 20:16:00+00:00,2.180565183444679
2026-05-05 20:17:00+00:00,0.0
2026-05-05 20:18:00+00:00,0.0
2026-05-05 20:19:00+00:00,0.3151536422956096
2026-05-05 20:20:00+00:00,2.5162894095531216
2026-05-05 20:21:00+00:00,0.0
2026-05-05 20:22:00+00:00,1.6097951121437304
2026-05-05 20:23:00+00:00,1.6737311726454391
2026-05-05 20:24:00+00:00,0.016053730418803175
2026-05-05 20:25:00+00:00,0.0
2026-05-05 20:26:00+00:00,2.4685619487548163
2026-05-05 20:27:00+00:00,2.5817462224224927
2026-05-05 20:28:00+00:00,0.0
2026-05-05 20:29:00+00:00,0.0
2026-05-05 20:30:00+00:00,0.962255519252122
2026-05-05 20:31:00+00:00,0.0
2026-05-05 20:32:00+00:00,0.850503606092377
2026-05-05 20:33:00+00:00,2.966530500866212
2026-05-05 20:34:00+00:00,2.9763795901575913
2026-05-05 20:35:00+00:00,2.0572101715874735
2026-05-05 20:36:00+00:00,0.0
2026-05-05 20:37:00+00:00,3.124449787474012
2026-05-05 20:38:00+00:00,0.7606599633213053
2026-05-05 20:39:00+00:00,2.997058148829857
2026-05-05 20:40:00+00:00,1.432211942344502
2026-05-05 20:41:00+00:00,0.0
2026-05-05 20:42:00+00:00,3.1970525701813153
2026-05-05 20:43:00+00:00,2.241486315234033
2026-05-05 20:44:00+00:00,2.160514149834304
2026-05-05 20:45:00+00:00,2.770581800980367
2026-05-05 20:46:00+00:00,1.6875531295883643
2026-05-05 20:47:00+00:00,0.0
2026-05-05 20:48:00+00:00,1.9986995313547866
2026-05-05 20:49:00+00:00,0.0
2026-05-05 20:50:00+00:00,0.67937087563338
2026-05-05 20:51:00+00:00,0.1571921153337126
2026-05-05 20:52:00+00:00,2.2354191934071563
2026-05-05 20:53:00+00:00,0.44289694853743267
2026-05-05 20:54:00+00:00,0.0
2026-05-05 20:55:00+00:00,2.401307763505871
2026-05-05 20:56:00+00:00,2.261810833549614
2026-05-05 20:57:00+00:00,2.784095016796641
2026-05-05 20:58:00+00:00,0.0
2026-05-05 20:59:00+00:00,1.7487159314807772
2026-05-05 21:00:00+00:00,1.2747214914896017
2026-05-05 21:01:00+00:00,0.0
2026-05-05 21:02:00+00:00,0.0
2026-05-05 21:03:00+00:00,2.5765339072036015
2026-05-05 21:04:00+00:00,1.4979316161643768
2026-05-05 21:05:00+00:00,1.7334887217729946
2026-05-05 21:06:00+00:00,0.0
2026-05-05 21:07:00+00:00,1.196261148146941
2026-05-05 21:08:00+00:00,0.0
2026-05-05 21:09:00+00:00,0.0
2026-05-05 21:10:00+00:00,0.0
2026-05-05 21:11:00+00:00,2.2733463485408802
2026-05-05 21:12:00+00:00,2.451385916406867
2026-05-05 21:13:00+00:00,2.416131640890717
2026-05-05 21:14:00+00:00,1.7299201852733452
2026-05-05 21:15:00+00:00,0.0
2026-05-05 21:16:00+00:00,2.532728353091528
2026-05-05 21:17:00+00:00,2.0534230245642657
2026-05-05 21:18:00+00:00,2.457349518457482
2026-05-05 21:19:00+00:00,1.1251866099729884
2026-05-05 21:20:00+00:00,1.2338167917317309
2026-05-05 21:21:00+00:00,0.0
2026-05-05 21:22:00+00:00,2.9721742399846587
2026-05-05 21:23:00+00:00,0.7062469383310034
2026-05-05 21:24:00+00:00,2.5513969439957003
2026-05-05 21:25:00+00:00,1.0914542860527
2026-05-05 21:26:00+00:00,3.0688755890763053
2026-05-05 21:27:00+00:00,2.7438526762369624
2026-05-05 21:28:00+00:00,1.3020095856530614
2026-05-05 21:29:00+00:00,3.010137198679748
2026-05-05 21:30:00+00:00,0.0
2026-05-05 21:31:00+00:00,3.0695092545385467
2026-05-05 21:32:00+00:00,0.0
2026-05-05 21:33:00+00:00,1.094138497381444
2026-05-05 21:34:00+00:00,0.0641541791912898
2026-05-05 21:35:00+00:00,0.7952224561072325
2026-05-05 21:36:00+00:00,0.0
2026-05-05 21:37:00+00:00,2.311226498906512
2026-05-05 21:38:00+00:00,0.06405770653560854
2026-05-05 21:39:00+00:00,0.0
2026-05-05 21:40:00+00:00,0.11987179203471195
2026-05-05 21:41:00+00:00,2.3485574176238115
2026-05-05 21:42:00+00:00,0.0
2026-05-05 21:43:00+00:00,0.0
2026-05-05 21:44:00+00:00,0.2511441218906261
2026-05-05 21:45:00+00:00,0.0
2026-05-05 21:46:00+00:00,1.0838821007144077
2026-05-05 21:47:00+00:00,0.14198952605153495
2026-05-05 21:48:00+00:00,1.5351036500571456
2026-05-05 21:49:00+00:00,2.385256624260323
2026-05-05 21:50:00+00:00,2.6220819798801336
2026-05-05 21:51:00+00:00,0.2867195548922957
2026-05-05 21:52:00+00:00,3.109305258898144
2026-05-05 21:53:00+00:00,0.0
2026-05-05 21:54:00+00:00,2.752944835739908
2026-05-05 21:55:00+00:00,1.3281070688352863
2026-05-05 21:56:00+00:00,0.9679192949151987
2026-05-05 21:57:00+00:00,1.1683176224458052
2026-05-05 21:58:00+00:00,3.071244283013977
2026-05-05 21:59:00+00:00,1.7605022757981923
2026-05-05 22:00:00+00:00,3.1777079595848754
2026-05-05 22:01:00+00:00,0.2219258636531173
2026-05-05 22:02:00+00:00,0.44855780882224267
2026-05-05 22:03:00+00:00,2.7226789010449046
2026-05-05 22:04:00+00:00,0.05841900394992246
2026-05-05 22:05:00+00:00,0.0
2026-05-05 22:06:00+00:00,0.0
2026-05-05 22:07:00+00:00,0.0
2026-05-05 22:08:00+00:00,0.6741847676420133
2026-05-05 22:09:00+00:00,0.1982529735665087
2026-05-05 22:10:00+00:00,0.0
2026-05-05 22:11:00+00:00,2.0950954581216576
2026-05-05 22:12:00+00:00,0.0813271248702255
2026-05-05 22:13:00+00:00,1.1341926795920303
2026-05-05 22:14:00+00:00,3.012131317243777
2026-05-05 22:15:00+00:00,1.4754160178225395
2026-05-05 22:16:00+00:00,0.0
2026-05-05 22:17:00+00:00,0.7116557203955994
2026-05-05 22:18:00+00:00,1.4068876147394502
2026-05-05 22:19:00+00:00,0.0
2026-05-05 22:20:00+00:00,0.0
2026-05-05 22:21:00+00:00,1.099971475324394
2026-05-05 22:22:00+00:00,1.2580828489077358
2026-05-05 22:23:00+00:00,2.05691714338885
2026-05-05 22:24:00+00:00,1.0415867782174213
2026-05-05 22:25:00+00:00,0.0
2026-05-05 22:26:00+00:00,3.1637107490275493
2026-05-05 22:27:00+00:00,2.9888460033455257
2026-05-05 22:28:00+00:00,0.0
2026-05-05 22:29:00+00:00,0.0
2026-05-05 22:30:00+00:00,2.5486580288951997
2026-05-05 22:31:00+00:00,1.178049960488664
2026-05-05 22:32:00+00:00,2.7136865695759056
2026-05-05 22:33:00+00:00,0.0
2026-05-05 22:34:00+00:00,1.4853308664470184
2026-05-05 22:35:00+00:00,2.0103744884061285
2026-05-05 22:36:00+00:00,0.0
2026-05-05 22:37:00+00:00,0.0
2026-05-05 22:38:00+00:00,1.6515330843443192
2026-05-05 22:39:00+00:00,0.3900072952929052
2026-05-05 22:40:00+00:00,0.0
2026-05-05 22:41:00+00:00,0.0
2026-05-05 22:42:00+00:00,1.801457567098101
2026-05-05 22:43:00+00:00,1.6550208091348766
2026-05-05 22:44:00+00:00,0.6108237068241879
2026-05-05 22:45:00+00:00,1.7874792291331878
2026-05-05 22:46:00+00:00,0.0
2026-05-05 22:47:00+00:00,2.9384815314766537
2026-05-05 22:48:00+00:00,0.0
2026-05-05 22:49:00+00:00,3.145267296319921
2026-05-05 22:50:00+00:00,0.3841923806658586
2026-05-05 22:51:00+00:00,1.041642814460409
2026-05-05 22:52:00+00:00,1.4330978870353217
2026-05-05 22:53:00+00:00,1.265616690507989
2026-05-05 22:54:00+00:00,3.0083855587862898
2026-05-05 22:55:00+00:00,0.4495695403764293
2026-05-05 22:56:00+00:00,3.002902561873853
2026-05-05 22:57:00+00:00,0.0
2026-05-05 22:58:00+00:00,0.0
2026-05-05 22:59:00+00:00,0.9330350498704748
2026-05-05 23:00:00+00:00,1.4564540612783041
2026-05-05 23:01:00+00:00,0.0
2026-05-05 23:02:00+00:00,2.5910089939633085
2026-05-05 23:03:00+00:00,0.511311207479218
2026-05-05 23:04:00+00:00,1.147023849157289
2026-05-05 23:05:00+00:00,0.5360100213662469
2026-05-05 23:06:00+00:00,0.0
2026-05-05 23:07:00+00:00,0.0
2026-05-05 23:08:00+00:00,1.93243356068155
2026-05-05 23:09:00+00:00,0.4722053073749063
2026-05-05 23:10:00+00:00,0.0
2026-05-05 23:11:00+00:00,1.861645305411976
2026-05-05 23:12:00+00:00,0.4874124435104584
2026-05-05 23:13:00+00:00,0.0
2026-05-05 23:14:00+00:00,0.0
2026-05-05 23:15:00+00:00,0.0
2026-05-05 23:16:00+00:00,0.1013308964627739
2026-05-05 23:17:00+00:00,2.5432747571980383
2026-05-05 23:18:00+00:00,0.9601998092291797
2026-05-05 23:19:00+00:00,0.0
2026-05-05 23:20:00+00:00,2.6578982473469885
2026-05-05 23:21:00+00:00,0.0
2026-05-05 23:22:00+00:00,1.2574328314549397
2026-05-05 23:23:00+00:00,0.4463369675502746
2026-05-05 23:24:00+00:00,1.2788360648825516
2026-05-05 23:25:00+00:00,1.2984332986447402
2026-05-05 23:26:00+00:00,1.6959051920565642
2026-05-05 23:27:00+00:00,2.7435256722372032
2026-05-05 23:28:00+00:00,0.8186729957679431
2026-05-05 23:29:00+00:00,2.653910754043967
2026-05-05 23:30:00+00:00,1.6716324059578895
2026-05-05 23:31:00+00:00,2.9996613723892924
2026-05-05 23:32:00+00:00,0.8753381654544048
2026-05-05 23:33:00+00:00,2.6070550387047176
2026-05-05 23:34:00+00:00,1.664086269949958
2026-05-05 23:35:00+00:00,2.048109429780414
2026-05-05 23:36:00+00:00,1.710248587392717
2026-05-05 23:37:00+00:00,1.775893834670609
2026-05-05 23:38:00+00:00,1.124286732458518
2026-05-05 23:39:00+00:00,2.905362619279434
2026-05-05 23:40:00+00:00,0.0
2026-05-05 23:41:00+00:00,0.0
2026-05-05 23:42:00+00:00,1.250219549267667
2026-05-05 23:43:00+00:00,1.4340908450586765
2026-05-05 23:44:00+00:00,1.7880577570895395
2026-05-05 23:45:00+00:00,0.0
2026-05-05 23:46:00+00:00,1.498917914363402
2026-05-05 23:47:00+00:00,2.0453782752006453
2026-05-05 23:48:00+00:00,2.603276872340031
2026-05-05 23:49:00+00:00,2.918506329044533
2026-05-05 23:50:00+00:00,0.0
2026-05-05 23:51:00+00:00,1.5615465529789805
2026-05-05 23:52:00+00:00,2.3182351949419853
2026-05-05 23:53:00+00:00,2.5650745848316436
2026-05-05 23:54:00+00:00,0.0
2026-05-05 23:55:00+00:00,0.06362408898975022
2026-05-05 23:56:00+00:00,0.0
2026-05-05 23:57:00+00:00,0.5433969387768904
2026-05-05 23:58:00+00:00,1.3001171516043009
2026-05-05 23:59:00+00:00,1.9625788160086963
2026-05-06 00:00:00+00:00,0.7548167915395744
2026-05-06 00:01:00+00:00,1.993570766717248
2026-05-06 00:02:00+00:00,0.0
2026-05-06 00:03:00+00:00,0.0
2026-05-06 00:04:00+00:00,2.2953969386409665
2026-05-06 00:05:00+00:00,2.5960170968350678
2026-05-06 00:06:00+00:00,1.9758157093677973
2026-05-06 00:07:00+00:00,1.2017130382275392
2026-05-06 00:08:00+00:00,1.01672173742885
2026-05-06 00:09:00+00:00,0.0
2026-05-06 00:10:00+00:00,2.7504988154585943
2026-05-06 00:11:00+00:00,0.0
2026-05-06 00:12:00+00:00,1.9505500776099522
2026-05-06 00:13:00+00:00,1.6228020596714774
2026-05-06 00:14:00+00:00,0.6150711942373159
2026-05-06 00:15:00+00:00,2.247404364899565
2026-05-06 00:16:00+00:00,1.2961939208139643
2026-05-06 00:17:00+00:00,2.717319464211654
2026-05-06 00:18:00+00:00,2.616078291799739
2026-05-06 00:19:00+00:00,2.850018401032337
2026-05-06 00:20:00+00:00,0.1691151527572824
2026-05-06 00:21:00+00:00,0.0
2026-05-06 00:22:00+00:00,0.0
2026-05-06 00:23:00+00:00,0.0
2026-05-06 00:24:00+00:00,2.5261556338880653
2026-05-06 00:25:00+00:00,0.8894887317355584
2026-05-06 00:26:00+00:00,0.9262083356730479
2026-05-06 00:27:00+00:00,0.0
2026-05-06 00:28:00+00:00,0.0
2026-05-06 00:29:00+00:00,0.8701960932291265
2026-05-06 00:30:00+00:00,1.2174392480019935
2026-05-06 00:31:00+00:00,1.6729900912143802
2026-05-06 00:32:00+00:00,0.1903745353737273
2026-05-06 00:33:00+00:00,0.0
2026-05-06 00:34:00+00:00,1.59787786521797
2026-05-06 00:35:00+00:00,1.3797353640424643
2026-05-06 00:36:00+00:00,2.5309138513040423
2026-05-06 00:37:00+00:00,0.5589274154205376
2026-05-06 00:38:00+00:00,0.0
2026-05-06 00:39:00+00:00,0.3490993083951427
2026-05-06 00:40:00+00:00,0.0
2026-05-06 00:41:00+00:00,2.208353322091516
2026-05-06 00:42:00+00:00,0.179987443723142
2026-05-06 00:43:00+00:00,0.0
2026-05-06 00:44:00+00:00,1.0439799857017584
2026-05-06 00:45:00+00:00,1.237829084566754
2026-05-06 00:46:00+00:00,2.9488265900541744
2026-05-06 00:47:00+00:00,3.00098868763559
2026-05-06 00:48:00+00:00,0.0
2026-05-06 00:49:00+00:00,0.0
2026-05-06 00:50:00+00:00,1.2162269489268154
2026-05-06 00:51:00+00:00,2.3495852240544126
2026-05-06 00:52:00+00:00,1.4875428845858472
2026-05-06 00:53:00+00:00,0.0
2026-05-06 00:54:00+00:00,3.0087973491977342
2026-05-06 00:55:00+00:00,2.072418612753499
2026-05-06 00:56:00+00:00,0.0
2026-05-06 00:57:00+00:00,2.086922663550348
2026-05-06 00:58:00+00:00,0.8904197164935616
2026-05-06 00:59:00+00:00,0.0
2026-05-06 01:00:00+00:00,0.6340043655505212
2026-05-06 01:01:00+00:00,0.0
2026-05-06 01:02:00+00:00,1.6853507463085762
2026-05-06 01:03:00+00:00,0.0
2026-05-06 01:04:00+00:00,2.1573692931993365
2026-05-06 01:05:00+00:00,1.4939651788405186
2026-05-06 01:06:00+00:00,3.083133928279684
2026-05-06 01:07:00+00:00,0.0
2026-05-06 01:08:00+00:00,0.007794119751968
2026-05-06 01:09:00+00:00,0.0
2026-05-06 01:10:00+00:00,2.595529697965453
2026-05-06 01:11:00+00:00,1.5548787539082654
2026-05-06 01:12:00+00:00,0.0
2026-05-06 01:13:00+00:00,0.0
2026-05-06 01:14:00+00:00,0.34736028331360236
2026-05-06 01:15:00+00:00,0.7297465296733153
2026-05-06 01:16:00+00:00,0.23147408252064158
2026-05-06 01:17:00+00:00,1.7408586647359083
2026-05-06 01:18:00+00:00,0.0
2026-05-06 01:19:00+00:00,0.0
2026-05-06 01:20:00+00:00,0.0
2026-05-06 01:21:00+00:00,2.013289151708387
2026-05-06 01:22:00+00:00,0.6472257090576923
2026-05-06 01:23:00+00:00,2.024310719198706
2026-05-06 01:24:00+00:00,0.6048027071020208
2026-05-06 01:25:00+00:00,1.1025445206134752
2026-05-06 01:26:00+00:00,0.0
2026-05-06 01:27:00+00:00,0.0
2026-05-06 01:28:00+00:00,0.0
2026-05-06 01:29:00+00:00,1.486248668425371
2026-05-06 01:30:00+00:00,2.8409108197924184
2026-05-06 01:31:00+00:00,2.152964992729545
2026-05-06 01:32:00+00:00,0.0
2026-05-06 01:33:00+00:00,0.5911880110626581
2026-05-06 01:34:00+00:00,1.606190010229391
2026-05-06 01:35:00+00:00,0.0
2026-05-06 01:36:00+00:00,0.3662989838666797
2026-05-06 01:37:00+00:00,2.7137608553905443
2026-05-06 01:38:00+00:00,0.8091614548643362
2026-05-06 01:39:00+00:00,1.9808687254401567
2026-05-06 01:40:00+00:00,1.420572321769509
2026-05-06 01:41:00+00:00,0.13763602429188876
2026-05-06 01:42:00+00:00,2.552977359703307
2026-05-06 01:43:00+00:00,0.0
2026-05-06 01:44:00+00:00,2.155017655792892
2026-05-06 01:45:00+00:00,1.494988341011021
2026-05-06 01:46:00+00:00,0.0
2026-05-06 01:47:00+00:00,1.7445414514210458
2026-05-06 01:48:00+00:00,2.319612745833796
2026-05-06 01:49:00+00:00,0.6958253549633944
2026-05-06 01:50:00+00:00,0.3478254992831381
2026-05-06 01:51:00+00:00,1.8441186365575737
2026-05-06 01:52:00+00:00,0.0
2026-05-06 01:53:00+00:00,2.4744277532122685
2026-05-06 01:54:00+00:00,0.0
2026-05-06 01:55:00+00:00,1.342147384390867
2026-05-06 01:56:00+00:00,1.045923748186365
2026-05-06 01:57:00+00:00,2.690946232156377
2026-05-06 01:58:00+00:00,0.7521347042583201
2026-05-06 01:59:00+00:00,2.4838257486463684
2026-05-06 02:00:00+00:00,0.0
2026-05-06 02:01:00+00:00,2.4951294233777017
2026-05-06 02:02:00+00:00,0.17145590711732697
2026-05-06 02:03:00+00:00,3.068308762602723
2026-05-06 02:04:00+00:00,1.0633980365443665
2026-05-06 02:05:00+00:00,0.0
2026-05-06 02:06:00+00:00,0.6078464709736766
2026-05-06 02:07:00+00:00,0.0
2026-05-06 02:08:00+00:00,2.088573849421783
2026-05-06 02:09:00+00:00,0.0
2026-05-06 02:10:00+00:00,0.0
2026-05-06 02:11:00+00:00,0.0
2026-05-06 02:12:00+00:00,0.0
2026-05-06 02:13:00+00:00,0.6839224259203749
2026-05-06 02:14:00+00:00,2.8239839215474656
2026-05-06 02:15:00+00:00,0.0
2026-05-06 02:16:00+00:00,0.0
2026-05-06 02:17:00+00:00,0.0
2026-05-06 02:18:00+00:00,3.042371434599932
2026-05-06 02:19:00+00:00,1.6387307529020416
2026-05-06 02:20:00+00:00,0.0
2026-05-06 02:21:00+00:00,0.0
2026-05-06 02:22:00+00:00,1.7392809160019422
2026-05-06 02:23:00+00:00,0.8605287227015496
2026-05-06 02:24:00+00:00,2.6956872097344577
2026-05-06 02:25:00+00:00,0.0
2026-05-06 02:26:00+00:00,2.0725540356977055
2026-05-06 02:27:00+00:00,0.624478561756765
2026-05-06 02:28:00+00:00,0.0
2026-05-06 02:29:00+00:00,0.0
2026-05-06 02:30:00+00:00,2.483034999596251
2026-05-06 02:31:00+00:00,0.0
2026-05-06 02:32:00+00:00,1.2675184336478855
2026-05-06 02:33:00+00:00,2.80592634087384
2026-05-06 02:34:00+00:00,0.0
2026-05-06 02:35:00+00:00,1.862570456751544
2026-05-06 02:36:00+00:00,0.0
2026-05-06 02:37:00+00:00,0.7893015352535959
2026-05-06 02:38:00+00:00,1.3037781868627083
2026-05-06 02:39:00+00:00,2.4258299428893295
2026-05-06 02:40:00+00:00,0.0
2026-05-06 02:41:00+00:00,1.2403565923048103
2026-05-06 02:42:00+00:00,1.070901888231678
2026-05-06 02:43:00+00:00,1.3290951203379444
2026-05-06 02:44:00+00:00,2.580606589863034
2026-05-06 02:45:00+00:00,0.013988804757182937
2026-05-06 02:46:00+00:00,0.0
2026-05-06 02:47:00+00:00,1.8759675689297606
2026-05-06 02:48:00+00:00,0.0
2026-05-06 02:49:00+00:00,0.0499837476938317
2026-05-06 02:50:00+00:00,2.6520830989730526
2026-05-06 02:51:00+00:00,0.8243537979418458
2026-05-06 02:52:00+00:00,2.8819321004621257
2026-05-06 02:53:00+00:00,0.0
2026-05-06 02:54:00+00:00,0.0
2026-05-06 02:55:00+00:00,2.4117718440366276
2026-05-06 02:56:00+00:00,0.0
2026-05-06 02:57:00+00:00,2.7015779014560404
2026-05-06 02:58:00+00:00,0.0
2026-05-06 02:59:00+00:00,2.5634340943260074
2026-05-06 03:00:00+00:00,0.0
2026-05-06 03:01:00+00:00,1.2173246498086052
2026-05-06 03:02:00+00:00,2.2523299529169214
2026-05-06 03:03:00+00:00,2.928673483473636
2026-05-06 03:04:00+00:00,0.0
2026-05-06 03:05:00+00:00,1.7131579699842665
2026-05-06 03:06:00+00:00,0.24137383894731404
2026-05-06 03:07:00+00:00,2.929400952746019
2026-05-06 03:08:00+00:00,0.0
2026-05-06 03:09:00+00:00,1.2099197062320477
2026-05-06 03:10:00+00:00,0.10017661522121334
2026-05-06 03:11:00+00:00,0.9444801755739284
2026-05-06 03:12:00+00:00,0.6052116182288494
2026-05-06 03:13:00+00:00,2.536295782525548
2026-05-06 03:14:00+00:00,1.8362052811508711
2026-05-06 03:15:00+00:00,0.24889418873723415
2026-05-06 03:16:00+00:00,0.0
2026-05-06 03:17:00+00:00,2.097174836165126
2026-05-06 03:18:00+00:00,0.0
2026-05-06 03:19:00+00:00,2.4420718985647265
2026-05-06 03:20:00+00:00,0.9312886857426201
2026-05-06 03:21:00+00:00,0.6698176682466435
2026-05-06 03:22:00+00:00,1.8707208761845884
2026-05-06 03:23:00+00:00,2.52254420976708
2026-05-06 03:24:00+00:00,2.2202964636241274
2026-05-06 03:25:00+00:00,0.0
2026-05-06 03:26:00+00:00,1.7979725317143422
2026-05-06 03:27:00+00:00,2.459006156321849
2026-05-06 03:28:00+00:00,0.0
2026-05-06 03:29:00+00:00,2.696787403783881
2026-05-06 03:30:00+00:00,2.9222919135439565
2026-05-06 03:31:00+00:00,2.720193341884485
2026-05-06 03:32:00+00:00,0.0825346649401629
2026-05-06 03:33:00+00:00,0.4163114130103535
2026-05-06 03:34:00+00:00,0.0
2026-05-06 03:35:00+00:00,0.8761936663720229
2026-05-06 03:36:00+00:00,1.4677279227372686
2026-05-06 03:37:00+00:00,0.0269981859717871
2026-05-06 03:38:00+00:00,1.3795186703374138
2026-05-06 03:39:00+00:00,0.1344717531279773
2026-05-06 03:40:00+00:00,1.5011584937108893
2026-05-06 03:41:00+00:00,2.643216052218824
2026-05-06 03:42:00+00:00,1.8697068351252504
2026-05-06 03:43:00+00:00,2.922741026030093
2026-05-06 03:44:00+00:00,0.0
2026-05-06 03:45:00+00:00,0.0
2026-05-06 03:46:00+00:00,0.0
2026-05-06 03:47:00+00:00,2.8580727639044774
2026-05-06 03:48:00+00:00,0.5304188313390815
2026-05-06 03:49:00+00:00,0.456956344639501
2026-05-06 03:50:00+00:00,0.0
2026-05-06 03:51:00+00:00,0.0
2026-05-06 03:52:00+00:00,2.6995931261459067
2026-05-06 03:53:00+00:00,2.690239827192118
2026-05-06 03:54:00+00:00,0.0
2026-05-06 03:55:00+00:00,0.8273493453953332
2026-05-06 03:56:00+00:00,0.7932191103516024
2026-05-06 03:57:00+00:00,0.0
2026-05-06 03:58:00+00:00,0.5180050720604422
2026-05-06 03:59:00+00:00,0.2431852513884381
2026-05-06 04:00:00+00:00,3.080217684486696
2026-05-06 04:01:00+00:00,0.8288889776702357
2026-05-06 04:02:00+00:00,0.0
2026-05-06 04:03:00+00:00,0.5729986543839147
2026-05-06 04:04:00+00:00,0.4244943419613801
2026-05-06 04:05:00+00:00,0.054724863492138
2026-05-06 04:06:00+00:00,0.0
2026-05-06 04:07:00+00:00,3.02869940892573
2026-05-06 04:08:00+00:00,2.4571395522161144
2026-05-06 04:09:00+00:00,0.0054735634569689
2026-05-06 04:10:00+00:00,0.9179564825227344
2026-05-06 04:11:00+00:00,0.6674616721006528
2026-05-06 04:12:00+00:00,0.6707097111884602
2026-05-06 04:13:00+00:00,0.8624649312200714
2026-05-06 04:14:00+00:00,0.0
2026-05-06 04:15:00+00:00,1.1784951271701443
2026-05-06 04:16:00+00:00,0.0
2026-05-06 04:17:00+00:00,0.2331451015594848
2026-05-06 04:18:00+00:00,0.0
2026-05-06 04:19:00+00:00,2.354848857268415
2026-05-06 04:20:00+00:00,2.8768392015459585
2026-05-06 04:21:00+00:00,0.4013116284821859
2026-05-06 04:22:00+00:00,0.0
2026-05-06 04:23:00+00:00,0.6477100316813887
2026-05-06 04:24:00+00:00,0.22311690790419772
2026-05-06 04:25:00+00:00,0.0
2026-05-06 04:26:00+00:00,2.405649529682448
2026-05-06 04:27:00+00:00,2.516284905004599
2026-05-06 04:28:00+00:00,0.514840139266803
2026-05-06 04:29:00+00:00,2.622935564776468
2026-05-06 04:30:00+00:00,2.223411369621626
2026-05-06 04:31:00+00:00,2.5465015858739326
2026-05-06 04:32:00+00:00,0.0
2026-05-06 04:33:00+00:00,2.0387717265368366
2026-05-06 04:34:00+00:00,1.3041267777416383
2026-05-06 04:35:00+00:00,0.5898187244002812
2026-05-06 04:36:00+00:00,0.0
2026-05-06 04:37:00+00:00,0.0
2026-05-06 04:38:00+00:00,0.0
2026-05-06 04:39:00+00:00,0.8095401177189754
2026-05-06 04:40:00+00:00,0.0
2026-05-06 04:41:00+00:00,0.605939355363978
2026-05-06 04:42:00+00:00,2.6973721102524477
2026-05-06 04:43:00+00:00,1.6695716492388055
2026-05-06 04:44:00+00:00,0.0
2026-05-06 04:45:00+00:00,1.4823092984668191
2026-05-06 04:46:00+00:00,1.940854561904873
2026-05-06 04:47:00+00:00,0.2791629610991825
2026-05-06 04:48:00+00:00,1.307917642736139
2026-05-06 04:49:00+00:00,0.0
2026-05-06 04:50:00+00:00,0.0
2026-05-06 04:51:00+00:00,2.3032388393742345
2026-05-06 04:52:00+00:00,1.7116436887922146
2026-05-06 04:53:00+00:00,0.8105399362866164
2026-05-06 04:54:00+00:00,0.0
2026-05-06 04:55:00+00:00,0.2529569572359321
2026-05-06 04:56:00+00:00,2.3250733932188576
2026-05-06 04:57:00+00:00,2.3626801425698005
2026-05-06 04:58:00+00:00,1.917020672070121
2026-05-06 04:59:00+00:00,1.2725245143081438
2026-05-06 05:00:00+00:00,2.8055340372825865
2026-05-06 05:01:00+00:00,0.6108643822967573
2026-05-06 05:02:00+00:00,0.0
2026-05-06 05:03:00+00:00,3.1231300562663384
2026-05-06 05:04:00+00:00,1.759353091508034
2026-05-06 05:05:00+00:00,1.2967551014899588
2026-05-06 05:06:00+00:00,0.4116661086042513
2026-05-06 05:07:00+00:00,0.0
2026-05-06 05:08:00+00:00,2.740499991166455
2026-05-06 05:09:00+00:00,2.3346163556830675
2026-05-06 05:10:00+00:00,0.0
2026-05-06 05:11:00+00:00,2.1430457184037675
2026-05-06 05:12:00+00:00,1.3744329513656062
2026-05-06 05:13:00+00:00,1.076474672017007
2026-05-06 05:14:00+00:00,2.254182261081942
2026-05-06 05:15:00+00:00,2.0506732666748566
2026-05-06 05:16:00+00:00,1.0640248658378022
2026-05-06 05:17:00+00:00,2.5893710070724434
2026-05-06 05:18:00+00:00,0.0
2026-05-06 05:19:00+00:00,2.4178416721782447
2026-05-06 05:20:00+00:00,2.4293512493487
2026-05-06 05:21:00+00:00,0.9098268846167692
2026-05-06 05:22:00+00:00,1.4297868642655127
2026-05-06 05:23:00+00:00,3.0863680709037604
2026-05-06 05:24:00+00:00,0.7948642190454364
2026-05-06 05:25:00+00:00,0.0939778715972282
2026-05-06 05:26:00+00:00,0.0
2026-05-06 05:27:00+00:00,0.0
2026-05-06 05:28:00+00:00,2.069382088719265
2026-05-06 05:29:00+00:00,0.0
2026-05-06 05:30:00+00:00,1.987085679531124
2026-05-06 05:31:00+00:00,0.3991995972334345
2026-05-06 05:32:00+00:00,2.9150674985150498
2026-05-06 05:33:00+00:00,1.0753989895822467
2026-05-06 05:34:00+00:00,0.8689670245686932
2026-05-06 05:35:00+00:00,2.070839410139959
2026-05-06 05:36:00+00:00,0.0
2026-05-06 05:37:00+00:00,3.037871473260912
2026-05-06 05:38:00+00:00,1.5262871704926857
2026-05-06 05:39:00+00:00,2.5274865528603176
2026-05-06 05:40:00+00:00,0.0
2026-05-06 05:41:00+00:00,2.125402052199234
2026-05-06 05:42:00+00:00,0.9836762012187528
2026-05-06 05:43:00+00:00,2.2134240028185936
2026-05-06 05:44:00+00:00,1.7556728513629871
2026-05-06 05:45:00+00:00,0.0
2026-05-06 05:46:00+00:00,0.0
2026-05-06 05:47:00+00:00,2.282179721213284
2026-05-06 05:48:00+00:00,0.0
2026-05-06 05:49:00+00:00,0.3907363377024834
2026-05-06 05:50:00+00:00,2.12201066767284
2026-05-06 05:51:00+00:00,0.0
2026-05-06 05:52:00+00:00,0.0
2026-05-06 05:53:00+00:00,0.0
2026-05-06 05:54:00+00:00,0.7579727165162621
2026-05-06 05:55:00+00:00,1.9375757324445209
2026-05-06 05:56:00+00:00,1.996039928719065
2026-05-06 05:57:00+00:00,1.5132993964238943
2026-05-06 05:58:00+00:00,1.7878748354437421
2026-05-06 05:59:00+00:00,0.0
2026-05-06 06:00:00+00:00,0.0
2026-05-06 06:01:00+00:00,2.3217750105407786
2026-05-06 06:02:00+00:00,0.4408641213026246
2026-05-06 06:03:00+00:00,2.2683965063121723
2026-05-06 06:04:00+00:00,0.0
2026-05-06 06:05:00+00:00,0.0
2026-05-06 06:06:00+00:00,0.9448647138853425
2026-05-06 06:07:00+00:00,1.034484291029945
2026-05-06 06:08:00+00:00,2.204000034952864
2026-05-06 06:09:00+00:00,1.958416598906123
2026-05-06 06:10:00+00:00,2.700054308278581
2026-05-06 06:11:00+00:00,1.739408511257258
2026-05-06 06:12:00+00:00,0.4371894560299844
2026-05-06 06:13:00+00:00,2.8594702920900152
2026-05-06 06:14:00+00:00,0.0
2026-05-06 06:15:00+00:00,1.8082804802331
2026-05-06 06:16:00+00:00,2.9688075734244275
2026-05-06 06:17:00+00:00,3.009432852643518
2026-05-06 06:18:00+00:00,0.9600209880939252
2026-05-06 06:19:00+00:00,0.036831711013646
2026-05-06 06:20:00+00:00,1.5083855419693741
2026-05-06 06:21:00+00:00,0.5795527285984428
2026-05-06 06:22:00+00:00,0.0
2026-05-06 06:23:00+00:00,0.0
2026-05-06 06:24:00+00:00,0.0
2026-05-06 06:25:00+00:00,0.0
2026-05-06 06:26:00+00:00,0.24208524479370427
2026-05-06 06:27:00+00:00,3.0674088108392596
2026-05-06 06:28:00+00:00,1.9233955829695457
2026-05-06 06:29:00+00:00,0.42537019502964324
2026-05-06 06:30:00+00:00,0.0
2026-05-06 06:31:00+00:00,1.4286242927344563
2026-05-06 06:32:00+00:00,0.6996680623229947
2026-05-06 06:33:00+00:00,0.0
2026-05-06 06:34:00+00:00,1.1173224794897603
2026-05-06 06:35:00+00:00,0.5844425616089025
2026-05-06 06:36:00+00:00,0.0
2026-05-06 06:37:00+00:00,1.0499367928355774
2026-05-06 06:38:00+00:00,2.6438245345962126
2026-05-06 06:39:00+00:00,2.952467503861523
2026-05-06 06:40:00+00:00,0.0
2026-05-06 06:41:00+00:00,2.798675100522564
2026-05-06 06:42:00+00:00,1.9056864282706103
2026-05-06 06:43:00+00:00,0.0
2026-05-06 06:44:00+00:00,1.5671788539506688
2026-05-06 06:45:00+00:00,0.0269120044871429
2026-05-06 06:46:00+00:00,1.9518928477055304
2026-05-06 06:47:00+00:00,1.0229392100531751
2026-05-06 06:48:00+00:00,2.510161767631887
2026-05-06 06:49:00+00:00,0.0
2026-05-06 06:50:00+00:00,2.1561106295689583
2026-05-06 06:51:00+00:00,2.889360708847026
2026-05-06 06:52:00+00:00,1.6193371369228382
2026-05-06 06:53:00+00:00,0.16153782486522608
2026-05-06 06:54:00+00:00,2.9112959988171694
2026-05-06 06:55:00+00:00,0.0
2026-05-06 06:56:00+00:00,0.430528254535176
2026-05-06 06:57:00+00:00,2.701555041066157
2026-05-06 06:58:00+00:00,0.0
2026-05-06 06:59:00+00:00,2.8726937141472004
2026-05-06 07:00:00+00:00,2.822480992772184
2026-05-06 07:01:00+00:00,1.1353540783749123
2026-05-06 07:02:00+00:00,1.9685856950470169
2026-05-06 07:03:00+00:00,0.0
2026-05-06 07:04:00+00:00,0.0
2026-05-06 07:05:00+00:00,0.0
2026-05-06 07:06:00+00:00,1.666551201880185
2026-05-06 07:07:00+00:00,1.5142387978480745
2026-05-06 07:08:00+00:00,1.6936349885885222
2026-05-06 07:09:00+00:00,3.010195130800971
2026-05-06 07:10:00+00:00,1.8069158672091865
2026-05-06 07:11:00+00:00,0.0
2026-05-06 07:12:00+00:00,0.0
2026-05-06 07:13:00+00:00,0.5336972458473683
2026-05-06 07:14:00+00:00,2.94344880524977
2026-05-06 07:15:00+00:00,2.284170851555024
2026-05-06 07:16:00+00:00,1.4091742120649324
2026-05-06 07:17:00+00:00,2.2545627217477437
2026-05-06 07:18:00+00:00,2.1761958071440883
2026-05-06 07:19:00+00:00,0.054642064822787
2026-05-06 07:20:00+00:00,0.20423635319471584
2026-05-06 07:21:00+00:00,2.3488298380439487
2026-05-06 07:22:00+00:00,0.339150904430282
2026-05-06 07:23:00+00:00,1.9742321668924048
2026-05-06 07:24:00+00:00,0.7408992646925355
2026-05-06 07:25:00+00:00,1.4017041969871151
2026-05-06 07:26:00+00:00,2.0973697126107047
2026-05-06 07:27:00+00:00,2.20590943606662
2026-05-06 07:28:00+00:00,2.0653738378940427
2026-05-06 07:29:00+00:00,1.59638342263178
2026-05-06 07:30:00+00:00,0.0
2026-05-06 07:31:00+00:00,3.0725676256992847
2026-05-06 07:32:00+00:00,0.0
2026-05-06 07:33:00+00:00,1.1651881049705122
2026-05-06 07:34:00+00:00,0.0
2026-05-06 07:35:00+00:00,2.9197704246456126
2026-05-06 07:36:00+00:00,2.102025441630079
2026-05-06 07:37:00+00:00,0.6705962779620513
2026-05-06 07:38:00+00:00,0.397527734041435
2026-05-06 07:39:00+00:00,1.4883420481020408
2026-05-06 07:40:00+00:00,0.1701075597265088
2026-05-06 07:41:00+00:00,0.0
2026-05-06 07:42:00+00:00,3.085321511103141
2026-05-06 07:43:00+00:00,1.981818635447879
2026-05-06 07:44:00+00:00,1.6873571913688534
2026-05-06 07:45:00+00:00,0.0
2026-05-06 07:46:00+00:00,0.0
2026-05-06 07:47:00+00:00,0.0
2026-05-06 07:48:00+00:00,0.1090466750891763
2026-05-06 07:49:00+00:00,2.0930631892423976
2026-05-06 07:50:00+00:00,0.0
2026-05-06 07:51:00+00:00,1.6950018938969391
2026-05-06 07:52:00+00:00,2.3827050586052803
2026-05-06 07:53:00+00:00,2.644804612434179
2026-05-06 07:54:00+00:00,1.5807158539123416
2026-05-06 07:55:00+00:00,1.740139122681484
2026-05-06 07:56:00+00:00,2.004665661749038
2026-05-06 07:57:00+00:00,0.0
2026-05-06 07:58:00+00:00,2.5266763889210404
2026-05-06 07:59:00+00:00,0.0
2026-05-06 08:00:00+00:00,2.7394042637940745
2026-05-06 08:01:00+00:00,1.1223154602380776
2026-05-06 08:02:00+00:00,0.8768784362647576
2026-05-06 08:03:00+00:00,1.999017451489391
2026-05-06 08:04:00+00:00,3.105449407349922
2026-05-06 08:05:00+00:00,1.8612294961095333
2026-05-06 08:06:00+00:00,1.9558236390351336
2026-05-06 08:07:00+00:00,0.22460754395144739
2026-05-06 08:08:00+00:00,2.8328281563183966
2026-05-06 08:09:00+00:00,0.0
2026-05-06 08:10:00+00:00,0.0
2026-05-06 08:11:00+00:00,0.0
2026-05-06 08:12:00+00:00,1.7997222223877927
2026-05-06 08:13:00+00:00,0.0
2026-05-06 08:14:00+00:00,1.522288062445125
2026-05-06 08:15:00+00:00,0.0
2026-05-06 08:16:00+00:00,0.444200690659381
2026-05-06 08:17:00+00:00,2.980841084521769
2026-05-06 08:18:00+00:00,0.13800219286463028
2026-05-06 08:19:00+00:00,1.3529561724702113
2026-05-06 08:20:00+00:00,0.9859446249212318
2026-05-06 08:21:00+00:00,2.9003826162588333
2026-05-06 08:22:00+00:00,0.5312588501733667
2026-05-06 08:23:00+00:00,0.3334072531082725
2026-05-06 08:24:00+00:00,0.0
2026-05-06 08:25:00+00:00,0.0
2026-05-06 08:26:00+00:00,2.789056572687849
2026-05-06 08:27:00+00:00,0.0
2026-05-06 08:28:00+00:00,1.1402645508764149
2026-05-06 08:29:00+00:00,1.557441469616149
2026-05-06 08:30:00+00:00,0.0
2026-05-06 08:31:00+00:00,3.01988689626202
2026-05-06 08:32:00+00:00,1.1649005478082697
2026-05-06 08:33:00+00:00,0.0
2026-05-06 08:34:00+00:00,0.7524480402862966
2026-05-06 08:35:00+00:00,0.0
2026-05-06 08:36:00+00:00,2.602290031207366
2026-05-06 08:37:00+00:00,2.762182304279719
2026-05-06 08:38:00+00:00,0.0
2026-05-06 08:39:00+00:00,2.939208880183303
2026-05-06 08:40:00+00:00,1.8360798180357132
2026-05-06 08:41:00+00:00,0.2449977417622937
2026-05-06 08:42:00+00:00,0.7325088046272863
2026-05-06 08:43:00+00:00,0.0
2026-05-06 08:44:00+00:00,1.9307568809128823
2026-05-06 08:45:00+00:00,0.0
2026-05-06 08:46:00+00:00,1.3215725392599798
2026-05-06 08:47:00+00:00,0.0
2026-05-06 08:48:00+00:00,0.36692534650102854
2026-05-06 08:49:00+00:00,0.0748929459590006
2026-05-06 08:50:00+00:00,0.0
2026-05-06 08:51:00+00:00,0.4324178616714795
2026-05-06 08:52:00+00:00,0.4831918882432784
2026-05-06 08:53:00+00:00,0.0110909081598129
2026-05-06 08:54:00+00:00,0.0
2026-05-06 08:55:00+00:00,0.8231836546284779
2026-05-06 08:56:00+00:00,1.5566553680519577
2026-05-06 08:57:00+00:00,2.55213944954673
2026-05-06 08:58:00+00:00,0.0
2026-05-06 08:59:00+00:00,3.119925517830584
2026-05-06 09:00:00+00:00,1.910076040562424
2026-05-06 09:01:00+00:00,1.0537166442612391
2026-05-06 09:02:00+00:00,1.942263137144516
2026-05-06 09:03:00+00:00,0.0
2026-05-06 09:04:00+00:00,0.0
2026-05-06 09:05:00+00:00,1.8600293622520512
2026-05-06 09:06:00+00:00,1.715581383367548
2026-05-06 09:07:00+00:00,2.3378764154326235
2026-05-06 09:08:00+00:00,0.0
2026-05-06 09:09:00+00:00,1.360665148537696
2026-05-06 09:10:00+00:00,2.0283105484407824
2026-05-06 09:11:00+00:00,1.269506322378961
2026-05-06 09:12:00+00:00,2.7795341371456477
2026-05-06 09:13:00+00:00,3.032190081396537
2026-05-06 09:14:00+00:00,1.648575894513392
2026-05-06 09:15:00+00:00,2.7481935966679347
2026-05-06 09:16:00+00:00,0.36553768660931635
2026-05-06 09:17:00+00:00,1.578828008193801
2026-05-06 09:18:00+00:00,3.0894923960233256
2026-05-06 09:19:00+00:00,0.0
2026-05-06 09:20:00+00:00,1.7971722873160132
2026-05-06 09:21:00+00:00,0.0
2026-05-06 09:22:00+00:00,2.9974741511594596
2026-05-06 09:23:00+00:00,0.0
2026-05-06 09:24:00+00:00,0.0
2026-05-06 09:25:00+00:00,0.0
2026-05-06 09:26:00+00:00,0.0
2026-05-06 09:27:00+00:00,0.0
2026-05-06 09:28:00+00:00,2.779345931352835
2026-05-06 09:29:00+00:00,2.1874204840427636
2026-05-06 09:30:00+00:00,1.4457112621649544
2026-05-06 09:31:00+00:00,2.41506090717752
2026-05-06 09:32:00+00:00,2.7398398271988826
2026-05-06 09:33:00+00:00,0.0
2026-05-06 09:34:00+00:00,0.0
2026-05-06 09:35:00+00:00,0.0
2026-05-06 09:36:00+00:00,3.094662557387493
2026-05-06 09:37:00+00:00,0.0
2026-05-06 09:38:00+00:00,0.0
2026-05-06 09:39:00+00:00,2.5331242775260843
2026-05-06 09:40:00+00:00,2.884252190032747
2026-05-06 09:41:00+00:00,0.0
2026-05-06 09:42:00+00:00,0.0
2026-05-06 09:43:00+00:00,0.1074839804907531
2026-05-06 09:44:00+00:00,3.1269381356091834
2026-05-06 09:45:00+00:00,1.6176686122847603
2026-05-06 09:46:00+00:00,2.877426292879268
2026-05-06 09:47:00+00:00,2.67198665101066
2026-05-06 09:48:00+00:00,2.6962125045856493
2026-05-06 09:49:00+00:00,0.0
2026-05-06 09:50:00+00:00,2.051577837180792
2026-05-06 09:51:00+00:00,0.538258952344014
2026-05-06 09:52:00+00:00,0.0
2026-05-06 09:53:00+00:00,0.0
2026-05-06 09:54:00+00:00,0.9074528417633378
2026-05-06 09:55:00+00:00,1.1602257841635186
2026-05-06 09:56:00+00:00,3.062722807517546
2026-05-06 09:57:00+00:00,0.0
2026-05-06 09:58:00+00:00,0.0
2026-05-06 09:59:00+00:00,0.0
2026-05-06 10:00:00+00:00,3.1352719329531262
2026-05-06 10:01:00+00:00,0.4673208457773918
2026-05-06 10:02:00+00:00,0.0
2026-05-06 10:03:00+00:00,0.0
2026-05-06 10:04:00+00:00,2.546259113667495
2026-05-06 10:05:00+00:00,2.478330945396143
2026-05-06 10:06:00+00:00,1.7010001143392406
2026-05-06 10:07:00+00:00,0.25233481910528727
2026-05-06 10:08:00+00:00,0.5242625832019333
2026-05-06 10:09:00+00:00,0.0
2026-05-06 10:10:00+00:00,0.0
2026-05-06 10:11:00+00:00,2.607543966004779
2026-05-06 10:12:00+00:00,2.812147983449413
2026-05-06 10:13:00+00:00,0.27164501048405554
2026-05-06 10:14:00+00:00,2.5504797333608304
2026-05-06 10:15:00+00:00,2.062722282712539
2026-05-06 10:16:00+00:00,0.0
2026-05-06 10:17:00+00:00,0.0
2026-05-06 10:18:00+00:00,2.3165338687794104
2026-05-06 10:19:00+00:00,0.7385410781658331
2026-05-06 10:20:00+00:00,0.6615279734914677
2026-05-06 10:21:00+00:00,0.0
2026-05-06 10:22:00+00:00,0.0
2026-05-06 10:23:00+00:00,1.4806394220573602
2026-05-06 10:24:00+00:00,0.0
2026-05-06 10:25:00+00:00,0.8258902715513462
2026-05-06 10:26:00+00:00,0.3979387425486254
2026-05-06 10:27:00+00:00,0.4241395564267745
2026-05-06 10:28:00+00:00,0.3188139149496841
2026-05-06 10:29:00+00:00,2.7290158698639404
2026-05-06 10:30:00+00:00,3.173108005466344
2026-05-06 10:31:00+00:00,2.476251751920611
2026-05-06 10:32:00+00:00,2.6955829850165807
2026-05-06 10:33:00+00:00,2.3745958083992385
2026-05-06 10:34:00+00:00,0.907335890259096
2026-05-06 10:35:00+00:00,3.1668489453891686
2026-05-06 10:36:00+00:00,1.703070826462503
2026-05-06 10:37:00+00:00,1.4445663592665654
2026-05-06 10:38:00+00:00,0.0
2026-05-06 10:39:00+00:00,2.474097997645167
2026-05-06 10:40:00+00:00,0.0538426838642718
2026-05-06 10:41:00+00:00,0.767145267018803
2026-05-06 10:42:00+00:00,2.5455769635033416
2026-05-06 10:43:00+00:00,0.0
2026-05-06 10:44:00+00:00,0.0
2026-05-06 10:45:00+00:00,0.1472586584586168
2026-05-06 10:46:00+00:00,2.160624390673167
2026-05-06 10:47:00+00:00,2.388026364269718
2026-05-06 10:48:00+00:00,2.7544315737908667
2026-05-06 10:49:00+00:00,0.5816693036197635
2026-05-06 10:50:00+00:00,0.0
2026-05-06 10:51:00+00:00,0.0
2026-05-06 10:52:00+00:00,0.8204512781440217
2026-05-06 10:53:00+00:00,0.0
2026-05-06 10:54:00+00:00,1.5033138823959034
2026-05-06 10:55:00+00:00,2.6850173284174215
2026-05-06 10:56:00+00:00,2.5605109544284375
2026-05-06 10:57:00+00:00,2.3771977708325704
2026-05-06 10:58:00+00:00,1.822676591398325
2026-05-06 10:59:00+00:00,2.462709198659085
2026-05-06 11:00:00+00:00,2.031585668945743
2026-05-06 11:01:00+00:00,0.7745925822732311
2026-05-06 11:02:00+00:00,0.0
2026-05-06 11:03:00+00:00,0.0
2026-05-06 11:04:00+00:00,0.0
2026-05-06 11:05:00+00:00,2.711301901687701
2026-05-06 11:06:00+00:00,1.2424712580714672
2026-05-06 11:07:00+00:00,2.1575377760599244
2026-05-06 11:08:00+00:00,0.0
2026-05-06 11:09:00+00:00,0.0
2026-05-06 11:10:00+00:00,0.4700613344296901
2026-05-06 11:11:00+00:00,0.8436175817887727
2026-05-06 11:12:00+00:00,0.36221219903244267
2026-05-06 11:13:00+00:00,2.0314791186382695
2026-05-06 11:14:00+00:00,2.7812158643801257
2026-05-06 11:15:00+00:00,1.469369901716301
2026-05-06 11:16:00+00:00,2.3928461586003476
2026-05-06 11:17:00+00:00,1.2389936062355633
2026-05-06 11:18:00+00:00,0.0
2026-05-06 11:19:00+00:00,2.083902199043954
2026-05-06 11:20:00+00:00,0.519432743047519
2026-05-06 11:21:00+00:00,1.5358301054408585
2026-05-06 11:22:00+00:00,2.4519950673894324
2026-05-06 11:23:00+00:00,0.0
2026-05-06 11:24:00+00:00,0.2015629863278199
2026-05-06 11:25:00+00:00,0.3484947145349283
2026-05-06 11:26:00+00:00,1.2674130774705608
2026-05-06 11:27:00+00:00,1.2981764966073286
2026-05-06 11:28:00+00:00,0.0
2026-05-06 11:29:00+00:00,2.8487263090065813
2026-05-06 11:30:00+00:00,2.510722102713503
2026-05-06 11:31:00+00:00,1.5403570028345457
2026-05-06 11:32:00+00:00,0.0
2026-05-06 11:33:00+00:00,0.0
2026-05-06 11:34:00+00:00,1.4388896913218112
2026-05-06 11:35:00+00:00,0.816115367354826
2026-05-06 11:36:00+00:00,1.0898466254791508
2026-05-06 11:37:00+00:00,1.9779470243955455
2026-05-06 11:38:00+00:00,2.075482055151988
2026-05-06 11:39:00+00:00,0.4365501163437132
2026-05-06 11:40:00+00:00,0.1899800550951988
2026-05-06 11:41:00+00:00,0.776963463430254
2026-05-06 11:42:00+00:00,1.2961853692217047
2026-05-06 11:43:00+00:00,1.2931103417756749
2026-05-06 11:44:00+00:00,1.1650841909028244
2026-05-06 11:45:00+00:00,1.3644444317737026
2026-05-06 11:46:00+00:00,2.6325917012282507
2026-05-06 11:47:00+00:00,0.6543873337851811
2026-05-06 11:48:00+00:00,0.5721791954624159
2026-05-06 11:49:00+00:00,1.1138395000428183
2026-05-06 11:50:00+00:00,2.7856502305770885
2026-05-06 11:51:00+00:00,1.6593999152663474
2026-05-06 11:52:00+00:00,0.0
2026-05-06 11:53:00+00:00,3.1059748774889675
2026-05-06 11:54:00+00:00,0.0
2026-05-06 11:55:00+00:00,0.0
2026-05-06 11:56:00+00:00,3.0566348307862614
2026-05-06 11:57:00+00:00,2.9110240154014466
2026-05-06 11:58:00+00:00,2.252661940314018
2026-05-06 11:59:00+00:00,1.628367194826462
2026-05-06 12:00:00+00:00,1.7398725824437662
2026-05-06 12:01:00+00:00,0.9977754476072995
2026-05-06 12:02:00+00:00,1.7174227940929154
2026-05-06 12:03:00+00:00,3.180884788628274
2026-05-06 12:04:00+00:00,1.7997113257895607
2026-05-06 12:05:00+00:00,1.338098730217384
2026-05-06 12:06:00+00:00,3.211737746251467
2026-05-06 12:07:00+00:00,1.6170826786745165
2026-05-06 12:08:00+00:00,0.06785771029973584
2026-05-06 12:09:00+00:00,3.122590317396325
2026-05-06 12:10:00+00:00,2.007890107727464
2026-05-06 12:11:00+00:00,2.320783576011063
2026-05-06 12:12:00+00:00,0.9834036485880762
2026-05-06 12:13:00+00:00,2.107017118636206
2026-05-06 12:14:00+00:00,2.0902223695449624
2026-05-06 12:15:00+00:00,2.5162061875498845
2026-05-06 12:16:00+00:00,0.8602910525222887
2026-05-06 12:17:00+00:00,1.8243449622101893
2026-05-06 12:18:00+00:00,1.9281371980805868
2026-05-06 12:19:00+00:00,1.813558441318009
2026-05-06 12:20:00+00:00,0.9654731704078949
2026-05-06 12:21:00+00:00,0.0
2026-05-06 12:22:00+00:00,0.0
2026-05-06 12:23:00+00:00,2.6032120382194
2026-05-06 12:24:00+00:00,1.6379603331208656
2026-05-06 12:25:00+00:00,0.0
2026-05-06 12:26:00+00:00,0.0
2026-05-06 12:27:00+00:00,0.8050738049766338
2026-05-06 12:28:00+00:00,0.6558847939977366
2026-05-06 12:29:00+00:00,0.9185273088320013
2026-05-06 12:30:00+00:00,1.222050641747546
2026-05-06 12:31:00+00:00,0.0
2026-05-06 12:32:00+00:00,0.0
2026-05-06 12:33:00+00:00,0.0
2026-05-06 12:34:00+00:00,1.7181473553995836
2026-05-06 12:35:00+00:00,1.9346169614656266
2026-05-06 12:36:00+00:00,0.8926411468172537
2026-05-06 12:37:00+00:00,0.0
2026-05-06 12:38:00+00:00,1.463109680525691
2026-05-06 12:39:00+00:00,2.847543032920051
2026-05-06 12:40:00+00:00,0.0
2026-05-06 12:41:00+00:00,3.1370497824162893
2026-05-06 12:42:00+00:00,0.0
2026-05-06 12:43:00+00:00,2.264171645456746
2026-05-06 12:44:00+00:00,0.5324342814994071
2026-05-06 12:45:00+00:00,0.552193350350178
2026-05-06 12:46:00+00:00,0.8005292782705123
2026-05-06 12:47:00+00:00,0.0
2026-05-06 12:48:00+00:00,0.0
2026-05-06 12:49:00+00:00,1.4315165834237291
2026-05-06 12:50:00+00:00,1.781156844313216
2026-05-06 12:51:00+00:00,0.0
2026-05-06 12:52:00+00:00,3.084707972308418
2026-05-06 12:53:00+00:00,1.3599067615724565
2026-05-06 12:54:00+00:00,0.0
2026-05-06 12:55:00+00:00,0.0
2026-05-06 12:56:00+00:00,1.2338958836575211
2026-05-06 12:57:00+00:00,0.2479213156744142
2026-05-06 12:58:00+00:00,2.0533911714128443
2026-05-06 12:59:00+00:00,1.475916348960315
2026-05-06 13:00:00+00:00,3.2062456988137384
2026-05-06 13:01:00+00:00,2.0689658477511794
2026-05-06 13:02:00+00:00,0.0
2026-05-06 13:03:00+00:00,0.0
2026-05-06 13:04:00+00:00,0.7024107295869724
2026-05-06 13:05:00+00:00,0.8531874057743615
2026-05-06 13:06:00+00:00,0.0
2026-05-06 13:07:00+00:00,0.0311352434641435
2026-05-06 13:08:00+00:00,2.3754761463867586
2026-05-06 13:09:00+00:00,0.7186099978158685
2026-05-06 13:10:00+00:00,2.3323122491008696
2026-05-06 13:11:00+00:00,0.0
2026-05-06 13:12:00+00:00,2.029231781941927
2026-05-06 13:13:00+00:00,2.546344250547355
2026-05-06 13:14:00+00:00,0.2204921552335237
2026-05-06 13:15:00+00:00,3.141543682563272
2026-05-06 13:16:00+00:00,0.7688706644990356
2026-05-06 13:17:00+00:00,1.6685945057858025
2026-05-06 13:18:00+00:00,2.045242486278997
2026-05-06 13:19:00+00:00,0.15668487984702723
2026-05-06 13:20:00+00:00,0.042909432084872266
2026-05-06 13:21:00+00:00,2.6396425828198042
2026-05-06 13:22:00+00:00,0.5675646731185477
2026-05-06 13:23:00+00:00,2.063592527507217
2026-05-06 13:24:00+00:00,1.5902765528116567
2026-05-06 13:25:00+00:00,1.5449580272950916
2026-05-06 13:26:00+00:00,0.0
2026-05-06 13:27:00+00:00,3.1650607467958953
2026-05-06 13:28:00+00:00,3.154202676834709
2026-05-06 13:29:00+00:00,1.6962255200009149
2026-05-06 13:30:00+00:00,0.8428258435951542
2026-05-06 13:31:00+00:00,0.0
2026-05-06 13:32:00+00:00,1.7471506056199835
2026-05-06 13:33:00+00:00,2.2448589920647333
2026-05-06 13:34:00+00:00,0.0
2026-05-06 13:35:00+00:00,2.9205596954447257
2026-05-06 13:36:00+00:00,2.709565011307025
2026-05-06 13:37:00+00:00,1.6433852503865019
2026-05-06 13:38:00+00:00,0.11717378219938705
2026-05-06 13:39:00+00:00,1.1048910225455515
2026-05-06 13:40:00+00:00,2.7204904877961793
2026-05-06 13:41:00+00:00,3.1576437463826075
2026-05-06 13:42:00+00:00,1.9243326040178619
2026-05-06 13:43:00+00:00,2.7344216884826054
2026-05-06 13:44:00+00:00,0.0
2026-05-06 13:45:00+00:00,0.0
2026-05-06 13:46:00+00:00,0.9716792221467948
2026-05-06 13:47:00+00:00,2.9431184648027706
2026-05-06 13:48:00+00:00,1.822635292351169
2026-05-06 13:49:00+00:00,2.5489078151197897
2026-05-06 13:50:00+00:00,0.0
2026-05-06 13:51:00+00:00,0.0
2026-05-06 13:52:00+00:00,0.0
2026-05-06 13:53:00+00:00,2.077287700739684
2026-05-06 13:54:00+00:00,3.0797111248906286
2026-05-06 13:55:00+00:00,1.948776194930869
2026-05-06 13:56:00+00:00,0.4735928564986182
2026-05-06 13:57:00+00:00,1.9409983819346808
2026-05-06 13:58:00+00:00,2.574978156736428
2026-05-06 13:59:00+00:00,2.413159889709268
2026-05-06 14:00:00+00:00,2.1398102228208167
2026-05-06 14:01:00+00:00,2.37661855013284
2026-05-06 14:02:00+00:00,0.0
2026-05-06 14:03:00+00:00,0.0
2026-05-06 14:04:00+00:00,1.455807170857057
2026-05-06 14:05:00+00:00,2.808105661158424
2026-05-06 14:06:00+00:00,2.583033282766325
2026-05-06 14:07:00+00:00,0.0
2026-05-06 14:08:00+00:00,0.0
2026-05-06 14:09:00+00:00,0.0
2026-05-06 14:10:00+00:00,0.6127591784618169
2026-05-06 14:11:00+00:00,1.9026186496529311
2026-05-06 14:12:00+00:00,3.1470708644610847
2026-05-06 14:13:00+00:00,0.0
2026-05-06 14:14:00+00:00,3.1372296104321857
2026-05-06 14:15:00+00:00,1.7679981754163376
2026-05-06 14:16:00+00:00,0.0
2026-05-06 14:17:00+00:00,2.65728555539244
2026-05-06 14:18:00+00:00,0.2501933765656456
2026-05-06 14:19:00+00:00,2.1319734703458026
2026-05-06 14:20:00+00:00,2.923368061180919
2026-05-06 14:21:00+00:00,1.9545867495573437
2026-05-06 14:22:00+00:00,0.0
2026-05-06 14:23:00+00:00,2.503648624471563
2026-05-06 14:24:00+00:00,1.279198442076738
2026-05-06 14:25:00+00:00,0.0
2026-05-06 14:26:00+00:00,0.0
2026-05-06 14:27:00+00:00,2.336564848540289
2026-05-06 14:28:00+00:00,0.0
2026-05-06 14:29:00+00:00,2.98162092228137
2026-05-06 14:30:00+00:00,0.8117693935925944
2026-05-06 14:31:00+00:00,0.7248216413936106
2026-05-06 14:32:00+00:00,2.0116440954305403
2026-05-06 14:33:00+00:00,3.0809504317720364
2026-05-06 14:34:00+00:00,0.0
2026-05-06 14:35:00+00:00,0.2511915728288682
2026-05-06 14:36:00+00:00,3.0488471342778154
2026-05-06 14:37:00+00:00,0.0
2026-05-06 14:38:00+00:00,2.0300227540125957
2026-05-06 14:39:00+00:00,1.1308907942410884
2026-05-06 14:40:00+00:00,0.3265524033910956
2026-05-06 14:41:00+00:00,2.398134620500201
2026-05-06 14:42:00+00:00,2.2046136521816404
2026-05-06 14:43:00+00:00,0.0
2026-05-06 14:44:00+00:00,2.0694251652840485
2026-05-06 14:45:00+00:00,2.9857192029712607
2026-05-06 14:46:00+00:00,2.6348655015546303
2026-05-06 14:47:00+00:00,1.0752273895571274
2026-05-06 14:48:00+00:00,1.344093040494513
2026-05-06 14:49:00+00:00,1.2251691900659858
2026-05-06 14:50:00+00:00,2.268604761951093
2026-05-06 14:51:00+00:00,2.4802261451467835
2026-05-06 14:52:00+00:00,0.0
2026-05-06 14:53:00+00:00,0.0
2026-05-06 14:54:00+00:00,0.2779285248374092
2026-05-06 14:55:00+00:00,0.0128933002499353
2026-05-06 14:56:00+00:00,3.096392737735151
2026-05-06 14:57:00+00:00,0.7828668744323013
2026-05-06 14:58:00+00:00,1.9970992875915283
2026-05-06 14:59:00+00:00,0.6837261005874884
2026-05-06 15:00:00+00:00,1.6023205020656144
2026-05-06 15:01:00+00:00,0.6275161685098474
2026-05-06 15:02:00+00:00,0.5231392153137665
2026-05-06 15:03:00+00:00,1.1002483407927421
2026-05-06 15:04:00+00:00,2.19593838987625
2026-05-06 15:05:00+00:00,3.0027851028370725
2026-05-06 15:06:00+00:00,0.8452627401480941
2026-05-06 15:07:00+00:00,0.1923321627630447
2026-05-06 15:08:00+00:00,0.0
2026-05-06 15:09:00+00:00,0.15424955219124412
2026-05-06 15:10:00+00:00,1.2280860435746648
2026-05-06 15:11:00+00:00,1.3635395755583017
2026-05-06 15:12:00+00:00,1.0704252443159257
2026-05-06 15:13:00+00:00,1.328523587172058
2026-05-06 15:14:00+00:00,2.136221720272061
2026-05-06 15:15:00+00:00,1.0931517767660042
2026-05-06 15:16:00+00:00,0.7717710510386647
2026-05-06 15:17:00+00:00,0.0
2026-05-06 15:18:00+00:00,1.7834870532203364
2026-05-06 15:19:00+00:00,1.0161189418642216
2026-05-06 15:20:00+00:00,0.0
2026-05-06 15:21:00+00:00,1.6312139706746431
2026-05-06 15:22:00+00:00,1.9413856887282281
2026-05-06 15:23:00+00:00,1.4121849468768621
2026-05-06 15:24:00+00:00,2.019729904972242
2026-05-06 15:25:00+00:00,0.0
2026-05-06 15:26:00+00:00,0.7776032881282019
2026-05-06 15:27:00+00:00,1.8145870739416907
2026-05-06 15:28:00+00:00,0.9013251695092244
2026-05-06 15:29:00+00:00,0.0
2026-05-06 15:30:00+00:00,3.085402302985205
2026-05-06 15:31:00+00:00,0.0
2026-05-06 15:32:00+00:00,0.0
2026-05-06 15:33:00+00:00,0.0
2026-05-06 15:34:00+00:00,0.0
2026-05-06 15:35:00+00:00,2.2622763877696555
2026-05-06 15:36:00+00:00,0.0
2026-05-06 15:37:00+00:00,0.0
2026-05-06 15:38:00+00:00,0.2466111488604438
2026-05-06 15:39:00+00:00,0.0
2026-05-06 15:40:00+00:00,1.2559804674357704
2026-05-06 15:41:00+00:00,1.3746008657751534
2026-05-06 15:42:00+00:00,0.0
2026-05-06 15:43:00+00:00,0.0
2026-05-06 15:44:00+00:00,0.0
2026-05-06 15:45:00+00:00,2.287494267412506
2026-05-06 15:46:00+00:00,2.9178035784334635
2026-05-06 15:47:00+00:00,2.171368026948484
2026-05-06 15:48:00+00:00,0.0
2026-05-06 15:49:00+00:00,0.40238430977025896
2026-05-06 15:50:00+00:00,2.4529564755562765
2026-05-06 15:51:00+00:00,0.0
2026-05-06 15:52:00+00:00,0.4738155124365568
2026-05-06 15:53:00+00:00,2.78184340965676
2026-05-06 15:54:00+00:00,0.6424137451676849
2026-05-06 15:55:00+00:00,2.769520015557475
2026-05-06 15:56:00+00:00,1.3812911884755736
2026-05-06 15:57:00+00:00,2.6024627478031834
2026-05-06 15:58:00+00:00,0.1034190229460436
2026-05-06 15:59:00+00:00,0.7327108824393245
2026-05-06 16:00:00+00:00,0.5875205004962092
2026-05-06 16:01:00+00:00,0.0
2026-05-06 16:02:00+00:00,0.0
2026-05-06 16:03:00+00:00,1.1428172595462394
2026-05-06 16:04:00+00:00,0.2739735592306936
2026-05-06 16:05:00+00:00,0.0
2026-05-06 16:06:00+00:00,0.5282607353546513
2026-05-06 16:07:00+00:00,0.9803269171052424
2026-05-06 16:08:00+00:00,0.0
2026-05-06 16:09:00+00:00,1.790676281769171
2026-05-06 16:10:00+00:00,2.8762973589461653
2026-05-06 16:11:00+00:00,0.0
2026-05-06 16:12:00+00:00,0.0
2026-05-06 16:13:00+00:00,0.0
2026-05-06 16:14:00+00:00,1.2686297972620748
2026-05-06 16:15:00+00:00,0.5190539330646667
2026-05-06 16:16:00+00:00,0.5269387294635244
2026-05-06 16:17:00+00:00,1.137065891883201
2026-05-06 16:18:00+00:00,2.4745632239062063
2026-05-06 16:19:00+00:00,0.9641947004254763
2026-05-06 16:20:00+00:00,3.172420636448803
2026-05-06 16:21:00+00:00,0.0
2026-05-06 16:22:00+00:00,0.3266217473854312
2026-05-06 16:23:00+00:00,3.0464204893399662
2026-05-06 16:24:00+00:00,0.0
2026-05-06 16:25:00+00:00,2.2537055706964755
2026-05-06 16:26:00+00:00,0.0
2026-05-06 16:27:00+00:00,1.6057607598043422
2026-05-06 16:28:00+00:00,0.0
2026-05-06 16:29:00+00:00,1.5653419436096037
2026-05-06 16:30:00+00:00,2.359521789136582
2026-05-06 16:31:00+00:00,0.1380148143657706
2026-05-06 16:32:00+00:00,2.4738915172475644
2026-05-06 16:33:00+00:00,1.2592929876478482
2026-05-06 16:34:00+00:00,0.5537018567414024
2026-05-06 16:35:00+00:00,2.7909194249041915
2026-05-06 16:36:00+00:00,1.7692359016907755
2026-05-06 16:37:00+00:00,1.1330634901089265
2026-05-06 16:38:00+00:00,3.011072378333418
2026-05-06 16:39:00+00:00,0.16110663891793256
2026-05-06 16:40:00+00:00,2.2551574989095386
2026-05-06 16:41:00+00:00,0.0
2026-05-06 16:42:00+00:00,2.0471008914881432
2026-05-06 16:43:00+00:00,2.3186956513741146
2026-05-06 16:44:00+00:00,0.0690805442428998
2026-05-06 16:45:00+00:00,3.016910870258562
2026-05-06 16:46:00+00:00,1.7988841837144325
2026-05-06 16:47:00+00:00,3.155385891721971
2026-05-06 16:48:00+00:00,1.3179098238717142
2026-05-06 16:49:00+00:00,2.3629068299688902
2026-05-06 16:50:00+00:00,0.0
2026-05-06 16:51:00+00:00,0.3426592737547714
2026-05-06 16:52:00+00:00,1.3654034419578471
2026-05-06 16:53:00+00:00,0.0
2026-05-06 16:54:00+00:00,0.6716335112455757
2026-05-06 16:55:00+00:00,0.0
2026-05-06 16:56:00+00:00,0.0
2026-05-06 16:57:00+00:00,0.0
2026-05-06 16:58:00+00:00,0.0
2026-05-06 16:59:00+00:00,1.851133260197487
2026-05-06 17:00:00+00:00,0.0
2026-05-06 17:01:00+00:00,1.3869935017202322
2026-05-06 17:02:00+00:00,2.3525100709755637
2026-05-06 17:03:00+00:00,2.540649232262315
2026-05-06 17:04:00+00:00,0.0
2026-05-06 17:05:00+00:00,0.115253625344412
2026-05-06 17:06:00+00:00,0.05881280093167034
2026-05-06 17:07:00+00:00,1.4560035556217878
2026-05-06 17:08:00+00:00,0.0
2026-05-06 17:09:00+00:00,1.8491526850188889
2026-05-06 17:10:00+00:00,0.563005879728972
2026-05-06 17:11:00+00:00,0.0
2026-05-06 17:12:00+00:00,2.89612318143652
2026-05-06 17:13:00+00:00,2.4271716444784057
2026-05-06 17:14:00+00:00,2.5601241964022576
2026-05-06 17:15:00+00:00,0.0
2026-05-06 17:16:00+00:00,1.0984602271122206
2026-05-06 17:17:00+00:00,2.0507188956151627
2026-05-06 17:18:00+00:00,1.9956279703984527
2026-05-06 17:19:00+00:00,1.9871835581823776
2026-05-06 17:20:00+00:00,1.6407310239103967
2026-05-06 17:21:00+00:00,0.0
2026-05-06 17:22:00+00:00,0.0
2026-05-06 17:23:00+00:00,0.0
2026-05-06 17:24:00+00:00,0.0
2026-05-06 17:25:00+00:00,0.0917109602156158
2026-05-06 17:26:00+00:00,1.026774089385297
2026-05-06 17:27:00+00:00,1.7110749084944896
2026-05-06 17:28:00+00:00,1.2520883916912995
2026-05-06 17:29:00+00:00,0.0
2026-05-06 17:30:00+00:00,0.0
2026-05-06 17:31:00+00:00,2.4337385544591768
2026-05-06 17:32:00+00:00,0.0
2026-05-06 17:33:00+00:00,0.18082142628803186
2026-05-06 17:34:00+00:00,0.42848860898622665
2026-05-06 17:35:00+00:00,1.9858572478979566
2026-05-06 17:36:00+00:00,1.8309690364529938
2026-05-06 17:37:00+00:00,3.1248014072159283
2026-05-06 17:38:00+00:00,0.0
2026-05-06 17:39:00+00:00,2.4195469458883254
2026-05-06 17:40:00+00:00,0.0
2026-05-06 17:41:00+00:00,2.1752694288972605
2026-05-06 17:42:00+00:00,0.3896511029127906
2026-05-06 17:43:00+00:00,0.0
2026-05-06 17:44:00+00:00,1.4722833609652202
2026-05-06 17:45:00+00:00,1.9857541720880756
2026-05-06 17:46:00+00:00,2.4481286118329746
2026-05-06 17:47:00+00:00,0.055200689270710375
2026-05-06 17:48:00+00:00,1.6282176714121686
2026-05-06 17:49:00+00:00,1.3249647990448217
2026-05-06 17:50:00+00:00,0.4641199727575026
2026-05-06 17:51:00+00:00,1.9355814981576422
2026-05-06 17:52:00+00:00,1.5066722224937608
2026-05-06 17:53:00+00:00,1.6756729325430069
2026-05-06 17:54:00+00:00,2.9013119844058965
2026-05-06 17:55:00+00:00,0.95685315514535
2026-05-06 17:56:00+00:00,0.0
2026-05-06 17:57:00+00:00,0.5888476872594548
2026-05-06 17:58:00+00:00,2.283575388121679
2026-05-06 17:59:00+00:00,0.2976833526320938
2026-05-06 18:00:00+00:00,1.0052029038544779
2026-05-06 18:01:00+00:00,0.3698658458689868
2026-05-06 18:02:00+00:00,0.9723781889186172
2026-05-06 18:03:00+00:00,2.4396154073576697
2026-05-06 18:04:00+00:00,1.578701345179866
2026-05-06 18:05:00+00:00,2.6357158347437073
2026-05-06 18:06:00+00:00,2.4580772208474055
2026-05-06 18:07:00+00:00,1.4714327189497702
2026-05-06 18:08:00+00:00,0.0962836678748638
2026-05-06 18:09:00+00:00,1.5386562986525008
2026-05-06 18:10:00+00:00,0.0
2026-05-06 18:11:00+00:00,2.1026289898628896
2026-05-06 18:12:00+00:00,2.4516417318049237
2026-05-06 18:13:00+00:00,1.0575185691215248
2026-05-06 18:14:00+00:00,0.0
2026-05-06 18:15:00+00:00,1.7296393987846432
2026-05-06 18:16:00+00:00,0.362102021077164
2026-05-06 18:17:00+00:00,0.0
2026-05-06 18:18:00+00:00,0.024867536874992376
2026-05-06 18:19:00+00:00,2.7477332440567284
2026-05-06 18:20:00+00:00,3.137991347642779
2026-05-06 18:21:00+00:00,1.0694582877699983
2026-05-06 18:22:00+00:00,1.186837932170027
2026-05-06 18:23:00+00:00,0.0
2026-05-06 18:24:00+00:00,0.7886928127560541
2026-05-06 18:25:00+00:00,0.7872589395590267
2026-05-06 18:26:00+00:00,1.7168443829349
2026-05-06 18:27:00+00:00,0.0
2026-05-06 18:28:00+00:00,0.252242972442103
2026-05-06 18:29:00+00:00,1.7599735775890617
2026-05-06 18:30:00+00:00,1.1095728616150338
2026-05-06 18:31:00+00:00,0.0
2026-05-06 18:32:00+00:00,0.6634701783007948
2026-05-06 18:33:00+00:00,0.0
2026-05-06 18:34:00+00:00,2.205183362611004
2026-05-06 18:35:00+00:00,0.0
2026-05-06 18:36:00+00:00,0.0
2026-05-06 18:37:00+00:00,1.949318029206981
2026-05-06 18:38:00+00:00,0.0
2026-05-06 18:39:00+00:00,0.0
2026-05-06 18:40:00+00:00,1.2290333886668239
2026-05-06 18:41:00+00:00,3.1815125589694304
2026-05-06 18:42:00+00:00,1.4437120111658308
2026-05-06 18:43:00+00:00,1.3742459859519505
2026-05-06 18:44:00+00:00,1.1783268485678642
2026-05-06 18:45:00+00:00,1.235659487317258
2026-05-06 18:46:00+00:00,0.7754798980320795
2026-05-06 18:47:00+00:00,1.8851228431780227
2026-05-06 18:48:00+00:00,2.2612763004081056
2026-05-06 18:49:00+00:00,1.247856356000918
2026-05-06 18:50:00+00:00,2.1864920239075545
2026-05-06 18:51:00+00:00,0.794087809645815
2026-05-06 18:52:00+00:00,0.3192633357321273
2026-05-06 18:53:00+00:00,1.878094326135808
2026-05-06 18:54:00+00:00,0.0
2026-05-06 18:55:00+00:00,3.0432925429177438
2026-05-06 18:56:00+00:00,3.204193465446034
2026-05-06 18:57:00+00:00,3.1426949309344123
2026-05-06 18:58:00+00:00,0.0
2026-05-06 18:59:00+00:00,1.4469710559859268
2026-05-06 19:00:00+00:00,1.5032964343002322
2026-05-06 19:01:00+00:00,0.0
2026-05-06 19:02:00+00:00,2.788965303331691
2026-05-06 19:03:00+00:00,0.0
2026-05-06 19:04:00+00:00,0.0
2026-05-06 19:05:00+00:00,0.0
2026-05-06 19:06:00+00:00,1.6015342814355558
2026-05-06 19:07:00+00:00,0.0
2026-05-06 19:08:00+00:00,0.14880896200436225
2026-05-06 19:09:00+00:00,0.7066807070851091
2026-05-06 19:10:00+00:00,1.642391268575521
2026-05-06 19:11:00+00:00,0.8864550201823725
2026-05-06 19:12:00+00:00,1.5112485150432162
2026-05-06 19:13:00+00:00,2.317138732913175
2026-05-06 19:14:00+00:00,0.0
2026-05-06 19:15:00+00:00,0.0
2026-05-06 19:16:00+00:00,1.022607621455243
2026-05-06 19:17:00+00:00,0.2628419142876361
2026-05-06 19:18:00+00:00,0.0
2026-05-06 19:19:00+00:00,2.091299383561874
2026-05-06 19:20:00+00:00,2.368315699299461
2026-05-06 19:21:00+00:00,0.0
2026-05-06 19:22:00+00:00,1.2432724786326463
2026-05-06 19:23:00+00:00,1.3237212304526094
2026-05-06 19:24:00+00:00,0.0
2026-05-06 19:25:00+00:00,1.0306006510555548
2026-05-06 19:26:00+00:00,0.0
2026-05-06 19:27:00+00:00,1.3920584361393549
2026-05-06 19:28:00+00:00,0.0
2026-05-06 19:29:00+00:00,0.9266707841108812
2026-05-06 19:30:00+00:00,0.7945738649272853
2026-05-06 19:31:00+00:00,2.2867295662527924
2026-05-06 19:32:00+00:00,1.2620180227749096
2026-05-06 19:33:00+00:00,0.0
2026-05-06 19:34:00+00:00,0.01313463048757568
2026-05-06 19:35:00+00:00,2.0102580450081167
2026-05-06 19:36:00+00:00,2.268578483523946
2026-05-06 19:37:00+00:00,0.0
2026-05-06 19:38:00+00:00,0.0
2026-05-06 19:39:00+00:00,1.6154881082803132
2026-05-06 19:40:00+00:00,2.3161995431281928
2026-05-06 19:41:00+00:00,0.3068207917158517
2026-05-06 19:42:00+00:00,2.244174401354987
2026-05-06 19:43:00+00:00,2.3546987589219146
2026-05-06 19:44:00+00:00,2.480628684436033
2026-05-06 19:45:00+00:00,2.3888174521952337
2026-05-06 19:46:00+00:00,2.096920136768263
2026-05-06 19:47:00+00:00,3.133671316470721
2026-05-06 19:48:00+00:00,3.1000330640371687
2026-05-06 19:49:00+00:00,0.0
2026-05-06 19:50:00+00:00,0.0
2026-05-06 19:51:00+00:00,0.337549389391342
2026-05-06 19:52:00+00:00,1.439860672852862
2026-05-06 19:53:00+00:00,2.7405428797655937
2026-05-06 19:54:00+00:00,2.8040337983980907
2026-05-06 19:55:00+00:00,1.900392754482296
2026-05-06 19:56:00+00:00,0.6721960666111019
2026-05-06 19:57:00+00:00,2.437946023326217
2026-05-06 19:58:00+00:00,0.0
2026-05-06 19:59:00+00:00,0.0
2026-05-06 20:00:00+00:00,1.0328930687304425
2026-05-06 20:01:00+00:00,0.0
2026-05-06 20:02:00+00:00,0.0
2026-05-06 20:03:00+00:00,0.7203649856455848
2026-05-06 20:04:00+00:00,1.345507728637864
2026-05-06 20:05:00+00:00,0.0
2026-05-06 20:06:00+00:00,0.0
2026-05-06 20:07:00+00:00,2.973395867730019
2026-05-06 20:08:00+00:00,0.0
2026-05-06 20:09:00+00:00,1.3615827232262814
2026-05-06 20:10:00+00:00,2.221866948774104
2026-05-06 20:11:00+00:00,3.1809776845399114
2026-05-06 20:12:00+00:00,1.470492841401496
2026-05-06 20:13:00+00:00,0.95457957744763
2026-05-06 20:14:00+00:00,1.8388740572470028
2026-05-06 20:15:00+00:00,2.8945541361816938
2026-05-06 20:16:00+00:00,1.984302527975912
2026-05-06 20:17:00+00:00,0.054616173308438404
2026-05-06 20:18:00+00:00,1.0608032183172615
2026-05-06 20:19:00+00:00,3.084256455997866
2026-05-06 20:20:00+00:00,0.8557113904767573
2026-05-06 20:21:00+00:00,1.8286083442692331
2026-05-06 20:22:00+00:00,0.0
2026-05-06 20:23:00+00:00,2.3278664936780884
2026-05-06 20:24:00+00:00,0.0009796046712602
2026-05-06 20:25:00+00:00,1.0668891779445109
2026-05-06 20:26:00+00:00,3.005462349564772
2026-05-06 20:27:00+00:00,0.0
2026-05-06 20:28:00+00:00,0.2665967945810112
2026-05-06 20:29:00+00:00,0.3611457344409364
2026-05-06 20:30:00+00:00,0.0279796757756204
2026-05-06 20:31:00+00:00,2.2904965342477004
2026-05-06 20:32:00+00:00,1.2686136348286297
2026-05-06 20:33:00+00:00,1.9185824510433187
2026-05-06 20:34:00+00:00,3.0839305845329594
2026-05-06 20:35:00+00:00,0.5102671967059277
2026-05-06 20:36:00+00:00,2.799750691091213
2026-05-06 20:37:00+00:00,3.0280223098126804
2026-05-06 20:38:00+00:00,0.0
2026-05-06 20:39:00+00:00,0.0
2026-05-06 20:40:00+00:00,0.0
2026-05-06 20:41:00+00:00,1.875265834155516
2026-05-06 20:42:00+00:00,2.40793836449824
2026-05-06 20:43:00+00:00,2.0553589761442397
2026-05-06 20:44:00+00:00,0.0
2026-05-06 20:45:00+00:00,1.8555981802059205
2026-05-06 20:46:00+00:00,2.850820771942611
2026-05-06 20:47:00+00:00,2.420875975985364
2026-05-06 20:48:00+00:00,2.03902509928967
2026-05-06 20:49:00+00:00,2.179412586337641
2026-05-06 20:50:00+00:00,2.907918756931473
2026-05-06 20:51:00+00:00,1.775182181439329
2026-05-06 20:52:00+00:00,0.6702807435826189
2026-05-06 20:53:00+00:00,0.0
2026-05-06 20:54:00+00:00,0.2174439963104072
2026-05-06 20:55:00+00:00,1.6158969114698394
2026-05-06 20:56:00+00:00,1.0871534161790095
2026-05-06 20:57:00+00:00,1.3261686249856164
2026-05-06 20:58:00+00:00,2.5814336295966354
2026-05-06 20:59:00+00:00,2.628104719664613
2026-05-06 21:00:00+00:00,2.6298019451247328
2026-05-06 21:01:00+00:00,0.6988690459490827
2026-05-06 21:02:00+00:00,0.0993789430967713
2026-05-06 21:03:00+00:00,0.0
2026-05-06 21:04:00+00:00,1.092564004820083
2026-05-06 21:05:00+00:00,1.836906588933079
2026-05-06 21:06:00+00:00,0.4154574214052685
2026-05-06 21:07:00+00:00,1.446013967651893
2026-05-06 21:08:00+00:00,3.0792045075434498
2026-05-06 21:09:00+00:00,2.2643254799636
2026-05-06 21:10:00+00:00,0.43452929433445775
2026-05-06 21:11:00+00:00,0.0
2026-05-06 21:12:00+00:00,0.0
2026-05-06 21:13:00+00:00,1.0580183207047655
2026-05-06 21:14:00+00:00,0.0
2026-05-06 21:15:00+00:00,1.764611312603789
2026-05-06 21:16:00+00:00,0.40055252730193047
2026-05-06 21:17:00+00:00,0.2129514219398832
2026-05-06 21:18:00+00:00,0.288122537833835
2026-05-06 21:19:00+00:00,0.4130585405649863
2026-05-06 21:20:00+00:00,2.1979797177970224
2026-05-06 21:21:00+00:00,0.02152659157784419
2026-05-06 21:22:00+00:00,1.3737855923409963
2026-05-06 21:23:00+00:00,0.0
2026-05-06 21:24:00+00:00,2.6130150693065883
2026-05-06 21:25:00+00:00,0.0
2026-05-06 21:26:00+00:00,0.0
2026-05-06 21:27:00+00:00,0.0
2026-05-06 21:28:00+00:00,2.962430552374394
2026-05-06 21:29:00+00:00,1.6860022464673037
2026-05-06 21:30:00+00:00,1.171261936479005
2026-05-06 21:31:00+00:00,3.041017290778887
2026-05-06 21:32:00+00:00,2.6326593600709263
2026-05-06 21:33:00+00:00,1.2665879872531187
2026-05-06 21:34:00+00:00,2.8271371116987787
2026-05-06 21:35:00+00:00,0.0
2026-05-06 21:36:00+00:00,0.672107498127857
2026-05-06 21:37:00+00:00,0.0
2026-05-06 21:38:00+00:00,1.8251083202176774
2026-05-06 21:39:00+00:00,3.015926220233488
2026-05-06 21:40:00+00:00,2.3274660740514808
2026-05-06 21:41:00+00:00,0.4422077761404955
2026-05-06 21:42:00+00:00,0.8320230002747401
2026-05-06 21:43:00+00:00,0.5326615953187588
2026-05-06 21:44:00+00:00,0.5218157121798053
2026-05-06 21:45:00+00:00,2.7572211877646353
2026-05-06 21:46:00+00:00,2.3900405940710696
2026-05-06 21:47:00+00:00,0.8572475779025609
2026-05-06 21:48:00+00:00,3.1824850696720937
2026-05-06 21:49:00+00:00,0.0
2026-05-06 21:50:00+00:00,0.0
2026-05-06 21:51:00+00:00,1.7131429285824096
2026-05-06 21:52:00+00:00,0.0
2026-05-06 21:53:00+00:00,2.9699136636582497
2026-05-06 21:54:00+00:00,0.0
2026-05-06 21:55:00+00:00,0.0
2026-05-06 21:56:00+00:00,0.0
2026-05-06 21:57:00+00:00,0.0
2026-05-06 21:58:00+00:00,0.0
2026-05-06 21:59:00+00:00,0.438974190457604
2026-05-06 22:00:00+00:00,0.0
2026-05-06 22:01:00+00:00,1.3597133314274985
2026-05-06 22:02:00+00:00,2.275976719635469
2026-05-06 22:03:00+00:00,3.030414614271936
2026-05-06 22:04:00+00:00,2.8317952852207293
2026-05-06 22:05:00+00:00,1.793636294174334
2026-05-06 22:06:00+00:00,0.5917300143783841
2026-05-06 22:07:00+00:00,1.1476897701668016
2026-05-06 22:08:00+00:00,1.2728991071035252
2026-05-06 22:09:00+00:00,0.28529723520284095
2026-05-06 22:10:00+00:00,2.466780217008876
2026-05-06 22:11:00+00:00,0.0
2026-05-06 22:12:00+00:00,1.6226111425029721
2026-05-06 22:13:00+00:00,0.4005420389593487
2026-05-06 22:14:00+00:00,0.0
2026-05-06 22:15:00+00:00,0.8820682738275011
2026-05-06 22:16:00+00:00,0.0
2026-05-06 22:17:00+00:00,1.827340740889304
2026-05-06 22:18:00+00:00,0.0
2026-05-06 22:19:00+00:00,0.0
2026-05-06 22:20:00+00:00,3.1360640838940483
2026-05-06 22:21:00+00:00,0.0
2026-05-06 22:22:00+00:00,0.268671509160869
2026-05-06 22:23:00+00:00,0.0
2026-05-06 22:24:00+00:00,0.0
2026-05-06 22:25:00+00:00,2.8778043787968626
2026-05-06 22:26:00+00:00,0.6146268176874824
2026-05-06 22:27:00+00:00,0.0
2026-05-06 22:28:00+00:00,0.0
2026-05-06 22:29:00+00:00,2.1974318257936303
2026-05-06 22:30:00+00:00,0.4171371374365302
2026-05-06 22:31:00+00:00,2.833927825694791
2026-05-06 22:32:00+00:00,2.189674866831084
2026-05-06 22:33:00+00:00,2.6482209888910124
2026-05-06 22:34:00+00:00,0.0
2026-05-06 22:35:00+00:00,0.5071612222817319
2026-05-06 22:36:00+00:00,0.0
2026-05-06 22:37:00+00:00,2.6734056712637715
2026-05-06 22:38:00+00:00,2.3249129574284915
2026-05-06 22:39:00+00:00,0.0
2026-05-06 22:40:00+00:00,2.650274699764251
2026-05-06 22:41:00+00:00,1.9384214064462817
2026-05-06 22:42:00+00:00,0.1498814885724468
2026-05-06 22:43:00+00:00,0.5593572933805365
2026-05-06 22:44:00+00:00,2.654390411707249
2026-05-06 22:45:00+00:00,0.0
2026-05-06 22:46:00+00:00,2.0754094878337375
2026-05-06 22:47:00+00:00,3.0161496857489647
2026-05-06 22:48:00+00:00,1.2399161530271567
2026-05-06 22:49:00+00:00,2.0350685180751533
2026-05-06 22:50:00+00:00,0.5881577877434452
2026-05-06 22:51:00+00:00,0.0
2026-05-06 22:52:00+00:00,1.8075914644705382
2026-05-06 22:53:00+00:00,0.0
2026-05-06 22:54:00+00:00,1.6865023031409831
2026-05-06 22:55:00+00:00,0.0
2026-05-06 22:56:00+00:00,2.7079464446657306
2026-05-06 22:57:00+00:00,0.0
2026-05-06 22:58:00+00:00,0.0
2026-05-06 22:59:00+00:00,0.0
2026-05-06 23:00:00+00:00,0.0
2026-05-06 23:01:00+00:00,0.0
2026-05-06 23:02:00+00:00,0.0
2026-05-06 23:03:00+00:00,1.508493357365395
2026-05-06 23:04:00+00:00,0.0
2026-05-06 23:05:00+00:00,0.0
2026-05-06 23:06:00+00:00,2.1000354456265056
2026-05-06 23:07:00+00:00,1.0822748389803871
2026-05-06 23:08:00+00:00,0.35266608838130253
2026-05-06 23:09:00+00:00,0.602696983404748
2026-05-06 23:10:00+00:00,1.2244598599467524
2026-05-06 23:11:00+00:00,0.3042830929650958
2026-05-06 23:12:00+00:00,2.7914013547142313
2026-05-06 23:13:00+00:00,1.5054267838629267
2026-05-06 23:14:00+00:00,2.046705993849966
2026-05-06 23:15:00+00:00,1.8872460591572355
2026-05-06 23:16:00+00:00,0.0
2026-05-06 23:17:00+00:00,0.0
2026-05-06 23:18:00+00:00,2.257379041271809
2026-05-06 23:19:00+00:00,0.0
2026-05-06 23:20:00+00:00,0.0
2026-05-06 23:21:00+00:00,2.4574721538379265
2026-05-06 23:22:00+00:00,0.010861556533593825
2026-05-06 23:23:00+00:00,1.4114348028367225
2026-05-06 23:24:00+00:00,1.312194418315562
2026-05-06 23:25:00+00:00,0.33959614175698827
2026-05-06 23:26:00+00:00,1.710809449931936
2026-05-06 23:27:00+00:00,1.4610050253408378
2026-05-06 23:28:00+00:00,2.021497027100508
2026-05-06 23:29:00+00:00,0.0
2026-05-06 23:30:00+00:00,0.0
2026-05-06 23:31:00+00:00,1.1870556282073985
2026-05-06 23:32:00+00:00,0.6982872783145596
2026-05-06 23:33:00+00:00,0.0
2026-05-06 23:34:00+00:00,1.7013068407023424
2026-05-06 23:35:00+00:00,2.1095183957216936
2026-05-06 23:36:00+00:00,2.49617164813273
2026-05-06 23:37:00+00:00,1.589720810095334
2026-05-06 23:38:00+00:00,0.0
2026-05-06 23:39:00+00:00,1.0644015666349678
2026-05-06 23:40:00+00:00,0.0
2026-05-06 23:41:00+00:00,0.2093642317861095
2026-05-06 23:42:00+00:00,0.0
2026-05-06 23:43:00+00:00,0.5671737618230318
2026-05-06 23:44:00+00:00,0.1933296005700117
2026-05-06 23:45:00+00:00,0.04686443026085117
2026-05-06 23:46:00+00:00,0.0
2026-05-06 23:47:00+00:00,0.24320156359650777
2026-05-06 23:48:00+00:00,0.0
2026-05-06 23:49:00+00:00,2.4999384252040406
2026-05-06 23:50:00+00:00,0.0
2026-05-06 23:51:00+00:00,0.0
2026-05-06 23:52:00+00:00,2.4922841774968023
2026-05-06 23:53:00+00:00,0.0
2026-05-06 23:54:00+00:00,2.9559897971710645
2026-05-06 23:55:00+00:00,0.7420451584785771
2026-05-06 23:56:00+00:00,0.3853592874677051
2026-05-06 23:57:00+00:00,2.228388817564485
2026-05-06 23:58:00+00:00,1.7324625812144272
2026-05-06 23:59:00+00:00,0.0
2026-05-07 00:00:00+00:00,2.165128959645152
2026-05-07 00:01:00+00:00,0.0
2026-05-07 00:02:00+00:00,0.0
2026-05-07 00:03:00+00:00,0.0
2026-05-07 00:04:00+00:00,0.7339680776522317
2026-05-07 00:05:00+00:00,0.3216450475861566
2026-05-07 00:06:00+00:00,0.0
2026-05-07 00:07:00+00:00,1.1256324976459238
2026-05-07 00:08:00+00:00,0.0
2026-05-07 00:09:00+00:00,0.3350056457927085
2026-05-07 00:10:00+00:00,2.2910338797589573
2026-05-07 00:11:00+00:00,0.0
2026-05-07 00:12:00+00:00,0.9600408721327311
2026-05-07 00:13:00+00:00,2.2790780540333415
2026-05-07 00:14:00+00:00,2.785366629633236
2026-05-07 00:15:00+00:00,0.0
2026-05-07 00:16:00+00:00,3.167110585686618
2026-05-07 00:17:00+00:00,3.073054342170276
2026-05-07 00:18:00+00:00,1.304247788810434
2026-05-07 00:19:00+00:00,2.0887778838845854
2026-05-07 00:20:00+00:00,0.9007771002182028
2026-05-07 00:21:00+00:00,0.3483787579686132
2026-05-07 00:22:00+00:00,0.0
2026-05-07 00:23:00+00:00,1.414400106822921
2026-05-07 00:24:00+00:00,0.0020991732714042
2026-05-07 00:25:00+00:00,2.768806178402976
2026-05-07 00:26:00+00:00,1.1467081250735067
2026-05-07 00:27:00+00:00,1.1893201103580064
2026-05-07 00:28:00+00:00,0.041696805812280725
2026-05-07 00:29:00+00:00,0.622078368825018
2026-05-07 00:30:00+00:00,2.147681904762329
2026-05-07 00:31:00+00:00,0.7378856449631177
2026-05-07 00:32:00+00:00,2.9477538207926255
2026-05-07 00:33:00+00:00,0.4934424498171343
2026-05-07 00:34:00+00:00,0.0
2026-05-07 00:35:00+00:00,1.4418097911153773
2026-05-07 00:36:00+00:00,0.0
2026-05-07 00:37:00+00:00,1.411567054011543
2026-05-07 00:38:00+00:00,0.9111803536797154
2026-05-07 00:39:00+00:00,2.249558338731306
2026-05-07 00:40:00+00:00,2.6460189561198106
2026-05-07 00:41:00+00:00,1.5040618402058663
2026-05-07 00:42:00+00:00,0.2624767127690057
2026-05-07 00:43:00+00:00,1.552040617940899
2026-05-07 00:44:00+00:00,0.0
2026-05-07 00:45:00+00:00,0.2209054871388328
2026-05-07 00:46:00+00:00,0.0
2026-05-07 00:47:00+00:00,0.2981122988460548
2026-05-07 00:48:00+00:00,2.2235562288384543
2026-05-07 00:49:00+00:00,0.3615960572272695
2026-05-07 00:50:00+00:00,0.7285486354270616
2026-05-07 00:51:00+00:00,2.6186272534775243
2026-05-07 00:52:00+00:00,1.3248168953041677
2026-05-07 00:53:00+00:00,1.0138053128763334
2026-05-07 00:54:00+00:00,0.0
2026-05-07 00:55:00+00:00,1.9884727724520503
2026-05-07 00:56:00+00:00,2.588273560835678
2026-05-07 00:57:00+00:00,2.2627474079941305
2026-05-07 00:58:00+00:00,0.6481678200465671
2026-05-07 00:59:00+00:00,2.4959903960247662
2026-05-07 01:00:00+00:00,0.3778625896230061
2026-05-07 01:01:00+00:00,2.7164421493282087
2026-05-07 01:02:00+00:00,1.382029072951583
2026-05-07 01:03:00+00:00,1.0985453229404096
2026-05-07 01:04:00+00:00,0.0
2026-05-07 01:05:00+00:00,0.9001056001950811
2026-05-07 01:06:00+00:00,1.9156096953382256
2026-05-07 01:07:00+00:00,0.0
2026-05-07 01:08:00+00:00,0.0
2026-05-07 01:09:00+00:00,1.2148250994594882
2026-05-07 01:10:00+00:00,2.5686391804698725
2026-05-07 01:11:00+00:00,0.0
2026-05-07 01:12:00+00:00,2.4179311892123234
2026-05-07 01:13:00+00:00,0.0
2026-05-07 01:14:00+00:00,0.4609582042537293
2026-05-07 01:15:00+00:00,3.0100747746403647
2026-05-07 01:16:00+00:00,0.8292451325927322
2026-05-07 01:17:00+00:00,1.7997683183594255
2026-05-07 01:18:00+00:00,1.8405161905048049
2026-05-07 01:19:00+00:00,0.0
2026-05-07 01:20:00+00:00,0.9342042592932482
2026-05-07 01:21:00+00:00,2.126487947211723
2026-05-07 01:22:00+00:00,2.870590562074799
2026-05-07 01:23:00+00:00,0.0
2026-05-07 01:24:00+00:00,1.7028395951162816
2026-05-07 01:25:00+00:00,0.0
2026-05-07 01:26:00+00:00,2.72780523149074
2026-05-07 01:27:00+00:00,1.918565397122151
2026-05-07 01:28:00+00:00,0.0
2026-05-07 01:29:00+00:00,2.4401494918692936
2026-05-07 01:30:00+00:00,0.8422042652199532
2026-05-07 01:31:00+00:00,0.9626942526125168
2026-05-07 01:32:00+00:00,0.09520170074648349
2026-05-07 01:33:00+00:00,1.7177227598229086
2026-05-07 01:34:00+00:00,1.8862036100186688
2026-05-07 01:35:00+00:00,1.0003087899408365
2026-05-07 01:36:00+00:00,1.114365320216323
2026-05-07 01:37:00+00:00,0.950698966377651
2026-05-07 01:38:00+00:00,0.0
2026-05-07 01:39:00+00:00,3.0710395748027044
2026-05-07 01:40:00+00:00,1.8499305743397496
2026-05-07 01:41:00+00:00,0.5899909879846383
2026-05-07 01:42:00+00:00,0.41722796202665846
2026-05-07 01:43:00+00:00,0.11432784886913579
2026-05-07 01:44:00+00:00,1.4332639734562649
2026-05-07 01:45:00+00:00,0.0
2026-05-07 01:46:00+00:00,2.1996836138487668
2026-05-07 01:47:00+00:00,0.14432468340665458
2026-05-07 01:48:00+00:00,0.1442900554882127
2026-05-07 01:49:00+00:00,0.0
2026-05-07 01:50:00+00:00,0.03437144757353916
2026-05-07 01:51:00+00:00,2.6004135285887666
2026-05-07 01:52:00+00:00,2.6251232838170497
2026-05-07 01:53:00+00:00,0.0
2026-05-07 01:54:00+00:00,2.446558645463863
2026-05-07 01:55:00+00:00,0.0
2026-05-07 01:56:00+00:00,1.5643034241503195
2026-05-07 01:57:00+00:00,0.6586863322896868
2026-05-07 01:58:00+00:00,0.0
2026-05-07 01:59:00+00:00,1.6516338434178603
2026-05-07 02:00:00+00:00,0.3188385071150167
2026-05-07 02:01:00+00:00,0.36035257202210297
2026-05-07 02:02:00+00:00,0.0
2026-05-07 02:03:00+00:00,0.0
2026-05-07 02:04:00+00:00,1.765924111369126
2026-05-07 02:05:00+00:00,0.0
2026-05-07 02:06:00+00:00,3.036673932955289
2026-05-07 02:07:00+00:00,3.1460871175510343
2026-05-07 02:08:00+00:00,1.6294549028796006
2026-05-07 02:09:00+00:00,1.4615069176334838
2026-05-07 02:10:00+00:00,1.319682479133612
2026-05-07 02:11:00+00:00,0.0
2026-05-07 02:12:00+00:00,0.0
2026-05-07 02:13:00+00:00,1.031118976990374
2026-05-07 02:14:00+00:00,0.0
2026-05-07 02:15:00+00:00,2.656899723850392
2026-05-07 02:16:00+00:00,2.5894885625879653
2026-05-07 02:17:00+00:00,2.5383410326712874
2026-05-07 02:18:00+00:00,0.0
2026-05-07 02:19:00+00:00,0.904121319325654
2026-05-07 02:20:00+00:00,0.6043216143639168
2026-05-07 02:21:00+00:00,2.1080242545284147
2026-05-07 02:22:00+00:00,0.8676236916663959
2026-05-07 02:23:00+00:00,0.0
2026-05-07 02:24:00+00:00,2.6644345967919287
2026-05-07 02:25:00+00:00,2.16121046977024
2026-05-07 02:26:00+00:00,2.892441331093816
2026-05-07 02:27:00+00:00,0.0
2026-05-07 02:28:00+00:00,0.4808455943341457
2026-05-07 02:29:00+00:00,1.0113736222411656
2026-05-07 02:30:00+00:00,2.4904039163756884
2026-05-07 02:31:00+00:00,2.2744764115148937
2026-05-07 02:32:00+00:00,2.1033660763593756
2026-05-07 02:33:00+00:00,0.138197576397488
2026-05-07 02:34:00+00:00,1.6786141436427109
2026-05-07 02:35:00+00:00,2.560738148929801
2026-05-07 02:36:00+00:00,2.2936259957502694
2026-05-07 02:37:00+00:00,0.0
2026-05-07 02:38:00+00:00,0.0
2026-05-07 02:39:00+00:00,0.0
2026-05-07 02:40:00+00:00,0.8319947768185598
2026-05-07 02:41:00+00:00,0.4063136290395506
2026-05-07 02:42:00+00:00,0.0
2026-05-07 02:43:00+00:00,1.8067261659610483
2026-05-07 02:44:00+00:00,0.0
2026-05-07 02:45:00+00:00,2.341072172238617
2026-05-07 02:46:00+00:00,1.5090973853662002
2026-05-07 02:47:00+00:00,2.108960581050852
2026-05-07 02:48:00+00:00,1.056956566182132
2026-05-07 02:49:00+00:00,1.8527221066068595
2026-05-07 02:50:00+00:00,0.7325825545793204
2026-05-07 02:51:00+00:00,1.4592139661616963
2026-05-07 02:52:00+00:00,1.7315158729632751
2026-05-07 02:53:00+00:00,0.0
2026-05-07 02:54:00+00:00,0.2131479431637533
2026-05-07 02:55:00+00:00,2.785823315491695
2026-05-07 02:56:00+00:00,0.98096284690038
2026-05-07 02:57:00+00:00,2.434756711049428
2026-05-07 02:58:00+00:00,0.0
2026-05-07 02:59:00+00:00,1.3074315886963366
2026-05-07 03:00:00+00:00,2.1038834426551065
2026-05-07 03:01:00+00:00,1.5803621647900312
2026-05-07 03:02:00+00:00,1.6075204801104928
2026-05-07 03:03:00+00:00,1.0836291857710962
2026-05-07 03:04:00+00:00,2.585550436773739
2026-05-07 03:05:00+00:00,0.07213753678320352
2026-05-07 03:06:00+00:00,1.7070851779429204
2026-05-07 03:07:00+00:00,0.1872351547783177
2026-05-07 03:08:00+00:00,2.3294790576196878
2026-05-07 03:09:00+00:00,0.0
2026-05-07 03:10:00+00:00,2.374978901881971
2026-05-07 03:11:00+00:00,1.4439155094326528
2026-05-07 03:12:00+00:00,0.4432264499794517
2026-05-07 03:13:00+00:00,0.0
2026-05-07 03:14:00+00:00,0.7722404105696237
2026-05-07 03:15:00+00:00,2.9457222225323934
2026-05-07 03:16:00+00:00,0.7678788103856163
2026-05-07 03:17:00+00:00,1.455845478013614
2026-05-07 03:18:00+00:00,2.556243990663797
2026-05-07 03:19:00+00:00,1.1578430724037163
2026-05-07 03:20:00+00:00,0.0
2026-05-07 03:21:00+00:00,0.0
2026-05-07 03:22:00+00:00,0.04374423984993534
2026-05-07 03:23:00+00:00,0.4156480437916607
2026-05-07 03:24:00+00:00,0.0
2026-05-07 03:25:00+00:00,0.0
2026-05-07 03:26:00+00:00,1.5680439083567508
2026-05-07 03:27:00+00:00,0.0
2026-05-07 03:28:00+00:00,1.0690994240546836
2026-05-07 03:29:00+00:00,0.0
2026-05-07 03:30:00+00:00,0.5753580082657114
2026-05-07 03:31:00+00:00,0.0
2026-05-07 03:32:00+00:00,1.3872277377044695
2026-05-07 03:33:00+00:00,0.0
2026-05-07 03:34:00+00:00,2.9988446051711617
2026-05-07 03:35:00+00:00,2.9333453841193586
2026-05-07 03:36:00+00:00,0.0
2026-05-07 03:37:00+00:00,2.137724208220692
2026-05-07 03:38:00+00:00,1.6877491760507175
2026-05-07 03:39:00+00:00,2.1629075700594496
2026-05-07 03:40:00+00:00,1.979926947813448
2026-05-07 03:41:00+00:00,1.16323416183704
2026-05-07 03:42:00+00:00,1.872957248474021
2026-05-07 03:43:00+00:00,2.069847774420479
2026-05-07 03:44:00+00:00,1.6772907787641749
2026-05-07 03:45:00+00:00,0.6863327657861349
2026-05-07 03:46:00+00:00,3.056094246508395
2026-05-07 03:47:00+00:00,1.7571816250943888
2026-05-07 03:48:00+00:00,2.3803118090451845
2026-05-07 03:49:00+00:00,0.0
2026-05-07 03:50:00+00:00,1.4904680719522851
2026-05-07 03:51:00+00:00,1.390396720066736
2026-05-07 03:52:00+00:00,0.2527306723209493
2026-05-07 03:53:00+00:00,0.0
2026-05-07 03:54:00+00:00,0.5510190072897165
2026-05-07 03:55:00+00:00,2.4298062274532866
2026-05-07 03:56:00+00:00,0.0
2026-05-07 03:57:00+00:00,0.8522839834891096
2026-05-07 03:58:00+00:00,2.2902318097207615
2026-05-07 03:59:00+00:00,1.0632707453034538
2026-05-07 04:00:00+00:00,0.0
2026-05-07 04:01:00+00:00,0.0
2026-05-07 04:02:00+00:00,0.7478890781870987
2026-05-07 04:03:00+00:00,1.424799004094344
2026-05-07 04:04:00+00:00,1.1143612081540173
2026-05-07 04:05:00+00:00,0.10158257938293223
2026-05-07 04:06:00+00:00,0.5674793026291411
2026-05-07 04:07:00+00:00,2.006064127558316
2026-05-07 04:08:00+00:00,0.0
2026-05-07 04:09:00+00:00,0.0
2026-05-07 04:10:00+00:00,1.3137892995064155
2026-05-07 04:11:00+00:00,2.453955912074923
2026-05-07 04:12:00+00:00,0.8402891142163817
2026-05-07 04:13:00+00:00,1.9379955892612986
2026-05-07 04:14:00+00:00,2.5247750558014554
2026-05-07 04:15:00+00:00,0.874565869899138
2026-05-07 04:16:00+00:00,0.0
2026-05-07 04:17:00+00:00,0.0
2026-05-07 04:18:00+00:00,0.05271882254856939
2026-05-07 04:19:00+00:00,0.0
2026-05-07 04:20:00+00:00,2.241288338769931
2026-05-07 04:21:00+00:00,0.5930116262658526
2026-05-07 04:22:00+00:00,0.6889824232116087
2026-05-07 04:23:00+00:00,0.0
2026-05-07 04:24:00+00:00,0.0
2026-05-07 04:25:00+00:00,1.975983023700088
2026-05-07 04:26:00+00:00,2.0128835711863537
2026-05-07 04:27:00+00:00,1.4134043402874192
2026-05-07 04:28:00+00:00,0.0
2026-05-07 04:29:00+00:00,2.477134722572224
2026-05-07 04:30:00+00:00,0.4714513727012011
2026-05-07 04:31:00+00:00,0.0
2026-05-07 04:32:00+00:00,0.0
2026-05-07 04:33:00+00:00,3.083091177875634
2026-05-07 04:34:00+00:00,0.8684332054077651
2026-05-07 04:35:00+00:00,2.2118014916056272
2026-05-07 04:36:00+00:00,2.429689387527867
2026-05-07 04:37:00+00:00,1.4278451831999757
2026-05-07 04:38:00+00:00,1.925411174074965
2026-05-07 04:39:00+00:00,3.059580166068564
2026-05-07 04:40:00+00:00,2.375058877268005
2026-05-07 04:41:00+00:00,0.0
2026-05-07 04:42:00+00:00,0.0
2026-05-07 04:43:00+00:00,0.0
2026-05-07 04:44:00+00:00,1.280418808293428
2026-05-07 04:45:00+00:00,0.0
2026-05-07 04:46:00+00:00,2.731828306114017
2026-05-07 04:47:00+00:00,0.0
2026-05-07 04:48:00+00:00,2.6859245364348805
2026-05-07 04:49:00+00:00,0.5315247965657341
2026-05-07 04:50:00+00:00,1.8638334223590305
2026-05-07 04:51:00+00:00,0.0
2026-05-07 04:52:00+00:00,0.8974757521168989
2026-05-07 04:53:00+00:00,1.2473262745431544
2026-05-07 04:54:00+00:00,1.4557416049214729
2026-05-07 04:55:00+00:00,1.1232471979958278
2026-05-07 04:56:00+00:00,1.4747422859183765
2026-05-07 04:57:00+00:00,0.0
2026-05-07 04:58:00+00:00,1.904943975022391
2026-05-07 04:59:00+00:00,0.0
2026-05-07 05:00:00+00:00,0.10703988043474183
2026-05-07 05:01:00+00:00,0.0
2026-05-07 05:02:00+00:00,0.03015390678047813
2026-05-07 05:03:00+00:00,0.3935214881353689
2026-05-07 05:04:00+00:00,1.1304078762087757
2026-05-07 05:05:00+00:00,0.7445423797068773
2026-05-07 05:06:00+00:00,2.4126062774515544
2026-05-07 05:07:00+00:00,0.0
2026-05-07 05:08:00+00:00,2.834394437962327
2026-05-07 05:09:00+00:00,2.501669237085093
2026-05-07 05:10:00+00:00,0.0
2026-05-07 05:11:00+00:00,0.022537726345663
2026-05-07 05:12:00+00:00,2.922342278175902
2026-05-07 05:13:00+00:00,2.1525073850105767
2026-05-07 05:14:00+00:00,2.5955001856298874
2026-05-07 05:15:00+00:00,3.0005501952671607
2026-05-07 05:16:00+00:00,0.0
2026-05-07 05:17:00+00:00,2.4269424308480505
2026-05-07 05:18:00+00:00,1.5628312974230247
2026-05-07 05:19:00+00:00,2.3997085403431844
2026-05-07 05:20:00+00:00,0.0
2026-05-07 05:21:00+00:00,0.0
2026-05-07 05:22:00+00:00,0.0
2026-05-07 05:23:00+00:00,0.0
2026-05-07 05:24:00+00:00,0.0210807209159192
2026-05-07 05:25:00+00:00,0.7599117303828894
2026-05-07 05:26:00+00:00,0.0
2026-05-07 05:27:00+00:00,1.0645934025228214
2026-05-07 05:28:00+00:00,2.6839530266009577
2026-05-07 05:29:00+00:00,2.060442671081536
2026-05-07 05:30:00+00:00,1.3430282374092521
2026-05-07 05:31:00+00:00,2.361099582731753
2026-05-07 05:32:00+00:00,2.8163338439914503
2026-05-07 05:33:00+00:00,0.0
2026-05-07 05:34:00+00:00,0.9048467258427184
2026-05-07 05:35:00+00:00,0.0168098483850356
2026-05-07 05:36:00+00:00,0.450760605977731
2026-05-07 05:37:00+00:00,0.0
2026-05-07 05:38:00+00:00,0.0
2026-05-07 05:39:00+00:00,1.9405420537516318
2026-05-07 05:40:00+00:00,0.664053522222852
2026-05-07 05:41:00+00:00,0.0
2026-05-07 05:42:00+00:00,0.4656099403342782
2026-05-07 05:43:00+00:00,0.0
2026-05-07 05:44:00+00:00,0.5679758233870339
2026-05-07 05:45:00+00:00,0.2283890502606526
2026-05-07 05:46:00+00:00,0.0847283424012545
2026-05-07 05:47:00+00:00,2.115450042656661
2026-05-07 05:48:00+00:00,0.17313105910832918
2026-05-07 05:49:00+00:00,0.9877080994873808
2026-05-07 05:50:00+00:00,0.0
2026-05-07 05:51:00+00:00,1.3407579477086935
2026-05-07 05:52:00+00:00,1.497943094340081
2026-05-07 05:53:00+00:00,2.489018364946374
2026-05-07 05:54:00+00:00,0.0
2026-05-07 05:55:00+00:00,1.6563958753381303
2026-05-07 05:56:00+00:00,0.0
2026-05-07 05:57:00+00:00,0.9859611010908824
2026-05-07 05:58:00+00:00,0.0264982086704846
2026-05-07 05:59:00+00:00,2.4270202703673345
2026-05-07 06:00:00+00:00,0.0
2026-05-07 06:01:00+00:00,0.416900084736836
2026-05-07 06:02:00+00:00,2.4519284739687914
2026-05-07 06:03:00+00:00,1.465153848038705
2026-05-07 06:04:00+00:00,0.0
2026-05-07 06:05:00+00:00,2.0451131279492043
2026-05-07 06:06:00+00:00,0.0
2026-05-07 06:07:00+00:00,0.8151418494435152
2026-05-07 06:08:00+00:00,0.0
2026-05-07 06:09:00+00:00,0.6139162380653349
2026-05-07 06:10:00+00:00,0.8783772560972616
2026-05-07 06:11:00+00:00,0.09189519721563325
2026-05-07 06:12:00+00:00,0.0
2026-05-07 06:13:00+00:00,0.0
2026-05-07 06:14:00+00:00,0.49470676874413766
2026-05-07 06:15:00+00:00,1.5442687720483839
2026-05-07 06:16:00+00:00,0.0
2026-05-07 06:17:00+00:00,1.7430673814221547
2026-05-07 06:18:00+00:00,1.2869996648751842
2026-05-07 06:19:00+00:00,2.5920698709407564
2026-05-07 06:20:00+00:00,0.0
2026-05-07 06:21:00+00:00,0.8803916112231684
2026-05-07 06:22:00+00:00,0.8783483586058882
2026-05-07 06:23:00+00:00,0.0108257163485743
2026-05-07 06:24:00+00:00,1.998889186846
2026-05-07 06:25:00+00:00,0.0
2026-05-07 06:26:00+00:00,0.0
2026-05-07 06:27:00+00:00,0.1864519020711922
2026-05-07 06:28:00+00:00,1.8572949407074475
2026-05-07 06:29:00+00:00,1.0877138666138566
2026-05-07 06:30:00+00:00,0.6548178106629534
2026-05-07 06:31:00+00:00,2.6043570476868547
2026-05-07 06:32:00+00:00,1.9281201298338666
2026-05-07 06:33:00+00:00,0.5011099415011083
2026-05-07 06:34:00+00:00,0.0
2026-05-07 06:35:00+00:00,2.5758654374045324
2026-05-07 06:36:00+00:00,1.6305440242415647
2026-05-07 06:37:00+00:00,0.0
2026-05-07 06:38:00+00:00,2.616534402530105
2026-05-07 06:39:00+00:00,0.918982925321817
2026-05-07 06:40:00+00:00,1.5579664259680812
2026-05-07 06:41:00+00:00,0.662256162731251
2026-05-07 06:42:00+00:00,2.1854647652654426
2026-05-07 06:43:00+00:00,0.0
2026-05-07 06:44:00+00:00,1.4848184226964956
2026-05-07 06:45:00+00:00,0.0
2026-05-07 06:46:00+00:00,0.193910151982816
2026-05-07 06:47:00+00:00,0.0
2026-05-07 06:48:00+00:00,0.5390472725870719
2026-05-07 06:49:00+00:00,0.6554627092807712
2026-05-07 06:50:00+00:00,0.0
2026-05-07 06:51:00+00:00,0.950710555486603
2026-05-07 06:52:00+00:00,1.0560718369563804
2026-05-07 06:53:00+00:00,0.0
2026-05-07 06:54:00+00:00,0.0
2026-05-07 06:55:00+00:00,0.0
2026-05-07 06:56:00+00:00,1.506504511391894
2026-05-07 06:57:00+00:00,0.0165555240542248
2026-05-07 06:58:00+00:00,3.153997556700907
2026-05-07 06:59:00+00:00,1.51252106716662
2026-05-07 07:00:00+00:00,2.83463857497955
2026-05-07 07:01:00+00:00,2.006194907384624
2026-05-07 07:02:00+00:00,0.0
2026-05-07 07:03:00+00:00,0.0
2026-05-07 07:04:00+00:00,0.0
2026-05-07 07:05:00+00:00,0.0
2026-05-07 07:06:00+00:00,1.4340286286103403
2026-05-07 07:07:00+00:00,2.5540892384165668
2026-05-07 07:08:00+00:00,0.0
2026-05-07 07:09:00+00:00,0.5775401907524917
2026-05-07 07:10:00+00:00,1.407458813090365
2026-05-07 07:11:00+00:00,0.7998524071475948
2026-05-07 07:12:00+00:00,0.1098087500655785
2026-05-07 07:13:00+00:00,0.0
2026-05-07 07:14:00+00:00,0.3783888157979198
2026-05-07 07:15:00+00:00,1.8086716817096529
2026-05-07 07:16:00+00:00,3.072113517797533
2026-05-07 07:17:00+00:00,0.0
2026-05-07 07:18:00+00:00,0.03776402963332116
2026-05-07 07:19:00+00:00,0.0
2026-05-07 07:20:00+00:00,0.0
2026-05-07 07:21:00+00:00,2.123453346616478
2026-05-07 07:22:00+00:00,2.771899469412631
2026-05-07 07:23:00+00:00,0.0
2026-05-07 07:24:00+00:00,1.1426205001055574
2026-05-07 07:25:00+00:00,0.8464672099055502
2026-05-07 07:26:00+00:00,0.1637842087910021
2026-05-07 07:27:00+00:00,1.7758155443788668
2026-05-07 07:28:00+00:00,0.0
2026-05-07 07:29:00+00:00,1.8851778642656
2026-05-07 07:30:00+00:00,0.3379482338394518
2026-05-07 07:31:00+00:00,0.0
2026-05-07 07:32:00+00:00,0.1309858389186819
2026-05-07 07:33:00+00:00,0.0
2026-05-07 07:34:00+00:00,1.4918749103782378
2026-05-07 07:35:00+00:00,0.8912482974807914
2026-05-07 07:36:00+00:00,2.6916292136440285
2026-05-07 07:37:00+00:00,0.2710441530296832
2026-05-07 07:38:00+00:00,0.0
2026-05-07 07:39:00+00:00,0.8123005422221796
2026-05-07 07:40:00+00:00,0.6453056331314744
2026-05-07 07:41:00+00:00,1.7611299156830318
2026-05-07 07:42:00+00:00,1.0114059843990952
2026-05-07 07:43:00+00:00,1.7801187488020451
2026-05-07 07:44:00+00:00,2.209359628546583
2026-05-07 07:45:00+00:00,2.3408651788188246
2026-05-07 07:46:00+00:00,0.585207788190959
2026-05-07 07:47:00+00:00,2.1869297886230976
2026-05-07 07:48:00+00:00,1.2324654058231281
2026-05-07 07:49:00+00:00,1.7799538952532323
2026-05-07 07:50:00+00:00,0.0
2026-05-07 07:51:00+00:00,0.0
2026-05-07 07:52:00+00:00,0.0
2026-05-07 07:53:00+00:00,1.86544230755757
2026-05-07 07:54:00+00:00,0.8670967140921888
2026-05-07 07:55:00+00:00,1.0872782349420773
2026-05-07 07:56:00+00:00,1.567370803044098
2026-05-07 07:57:00+00:00,1.5205467026850494
2026-05-07 07:58:00+00:00,0.0
2026-05-07 07:59:00+00:00,1.2842860497989572
2026-05-07 08:00:00+00:00,0.8200843496359342
2026-05-07 08:01:00+00:00,1.8218660193534588
2026-05-07 08:02:00+00:00,0.0
2026-05-07 08:03:00+00:00,1.165385972097036
2026-05-07 08:04:00+00:00,3.101403046547268
2026-05-07 08:05:00+00:00,0.10077626688464429
2026-05-07 08:06:00+00:00,1.614912755516067
2026-05-07 08:07:00+00:00,2.336777498196007
2026-05-07 08:08:00+00:00,3.03476407970289
2026-05-07 08:09:00+00:00,2.1249634560176904
2026-05-07 08:10:00+00:00,0.5128372049649034
2026-05-07 08:11:00+00:00,1.6524308705230664
2026-05-07 08:12:00+00:00,1.4676597639069364
2026-05-07 08:13:00+00:00,2.658717626462268
2026-05-07 08:14:00+00:00,1.2765871034675054
2026-05-07 08:15:00+00:00,2.9880249879916265
2026-05-07 08:16:00+00:00,0.5536327786945077
2026-05-07 08:17:00+00:00,0.7509214972578538
2026-05-07 08:18:00+00:00,2.4251050304840884
2026-05-07 08:19:00+00:00,0.0
2026-05-07 08:20:00+00:00,0.902258839798703
2026-05-07 08:21:00+00:00,0.3139615578752856
2026-05-07 08:22:00+00:00,0.0
2026-05-07 08:23:00+00:00,0.0
2026-05-07 08:24:00+00:00,2.2010996795028035
2026-05-07 08:25:00+00:00,0.2339848085831896
2026-05-07 08:26:00+00:00,1.9212755061874125
2026-05-07 08:27:00+00:00,0.0
2026-05-07 08:28:00+00:00,1.9660118720635296
2026-05-07 08:29:00+00:00,2.288279630626998
2026-05-07 08:30:00+00:00,2.1858501853897994
2026-05-07 08:31:00+00:00,0.0633529546874142
2026-05-07 08:32:00+00:00,0.0
2026-05-07 08:33:00+00:00,2.5730180705525485
2026-05-07 08:34:00+00:00,0.0
2026-05-07 08:35:00+00:00,2.469724444104951
2026-05-07 08:36:00+00:00,2.855201230669561
2026-05-07 08:37:00+00:00,0.0
2026-05-07 08:38:00+00:00,2.3220344804230244
2026-05-07 08:39:00+00:00,0.0
2026-05-07 08:40:00+00:00,0.0
2026-05-07 08:41:00+00:00,0.0
2026-05-07 08:42:00+00:00,2.506335672340296
2026-05-07 08:43:00+00:00,0.0
2026-05-07 08:44:00+00:00,0.0
2026-05-07 08:45:00+00:00,0.0
2026-05-07 08:46:00+00:00,0.0
2026-05-07 08:47:00+00:00,1.604717274791687
2026-05-07 08:48:00+00:00,0.3338733087851789
2026-05-07 08:49:00+00:00,0.6477421619109323
2026-05-07 08:50:00+00:00,0.0
2026-05-07 08:51:00+00:00,0.03281345617673412
2026-05-07 08:52:00+00:00,2.58295846269367
2026-05-07 08:53:00+00:00,0.0
2026-05-07 08:54:00+00:00,0.0
2026-05-07 08:55:00+00:00,0.0
2026-05-07 08:56:00+00:00,2.0649766820282216
2026-05-07 08:57:00+00:00,1.8321917449800709
2026-05-07 08:58:00+00:00,2.5845167201557095
2026-05-07 08:59:00+00:00,1.6897922119507474
2026-05-07 09:00:00+00:00,2.0995236899285543
2026-05-07 09:01:00+00:00,3.0356764149799274
2026-05-07 09:02:00+00:00,2.768065427570567
2026-05-07 09:03:00+00:00,0.0
2026-05-07 09:04:00+00:00,2.858611387340296
2026-05-07 09:05:00+00:00,3.085424858546184
2026-05-07 09:06:00+00:00,2.551405709829629
2026-05-07 09:07:00+00:00,0.0
2026-05-07 09:08:00+00:00,2.962369729887945
2026-05-07 09:09:00+00:00,1.3070445522954386
2026-05-07 09:10:00+00:00,2.636467272872673
2026-05-07 09:11:00+00:00,0.28634574965848386
2026-05-07 09:12:00+00:00,2.210225800589146
2026-05-07 09:13:00+00:00,0.10725691445815337
2026-05-07 09:14:00+00:00,2.644877911261177
2026-05-07 09:15:00+00:00,0.461250382246059
2026-05-07 09:16:00+00:00,0.0
2026-05-07 09:17:00+00:00,1.699118152302557
2026-05-07 09:18:00+00:00,1.3016201954998383
2026-05-07 09:19:00+00:00,2.084934201030136
2026-05-07 09:20:00+00:00,0.11044140396516698
2026-05-07 09:21:00+00:00,0.8285115204351677
2026-05-07 09:22:00+00:00,0.561464113390306
2026-05-07 09:23:00+00:00,0.17067256883686943
2026-05-07 09:24:00+00:00,1.5004135424307272
2026-05-07 09:25:00+00:00,2.8936165324070453
2026-05-07 09:26:00+00:00,0.0
2026-05-07 09:27:00+00:00,0.06899188127841861
2026-05-07 09:28:00+00:00,2.285701554757247
2026-05-07 09:29:00+00:00,0.0
2026-05-07 09:30:00+00:00,0.0375489977613816
2026-05-07 09:31:00+00:00,2.725350362539376
2026-05-07 09:32:00+00:00,0.8624478321052769
2026-05-07 09:33:00+00:00,0.28047171519402914
2026-05-07 09:34:00+00:00,0.23193227948425682
2026-05-07 09:35:00+00:00,2.2615385325390736
2026-05-07 09:36:00+00:00,0.0
2026-05-07 09:37:00+00:00,0.24694353899509003
2026-05-07 09:38:00+00:00,0.0
2026-05-07 09:39:00+00:00,2.624073088122039
2026-05-07 09:40:00+00:00,1.223411093665738
2026-05-07 09:41:00+00:00,2.36574828446238
2026-05-07 09:42:00+00:00,2.995976851491288
2026-05-07 09:43:00+00:00,1.9354135988846104
2026-05-07 09:44:00+00:00,2.5504695558387143
2026-05-07 09:45:00+00:00,0.0
2026-05-07 09:46:00+00:00,2.1990457891583897
2026-05-07 09:47:00+00:00,2.6032058552925763
2026-05-07 09:48:00+00:00,0.7037683263254149
2026-05-07 09:49:00+00:00,1.297354987381488
2026-05-07 09:50:00+00:00,2.0271566457056913
2026-05-07 09:51:00+00:00,0.46502555955112
2026-05-07 09:52:00+00:00,0.0902256670809628
2026-05-07 09:53:00+00:00,0.0
2026-05-07 09:54:00+00:00,1.7188200616369127
2026-05-07 09:55:00+00:00,2.5816368278964927
2026-05-07 09:56:00+00:00,2.626300368848792
2026-05-07 09:57:00+00:00,1.467211578088241
2026-05-07 09:58:00+00:00,0.0
2026-05-07 09:59:00+00:00,0.5284546322861765
2026-05-07 10:00:00+00:00,0.0
2026-05-07 10:01:00+00:00,0.6730768353336152
2026-05-07 10:02:00+00:00,2.9535665051593774
2026-05-07 10:03:00+00:00,0.0
2026-05-07 10:04:00+00:00,3.1279765839128264
2026-05-07 10:05:00+00:00,0.6523906166047104
2026-05-07 10:06:00+00:00,0.03810530493539083
2026-05-07 10:07:00+00:00,2.890968736396281
2026-05-07 10:08:00+00:00,0.0
2026-05-07 10:09:00+00:00,1.2524813357177473
2026-05-07 10:10:00+00:00,0.0
2026-05-07 10:11:00+00:00,1.0370246397881258
2026-05-07 10:12:00+00:00,2.5682449214817216
2026-05-07 10:13:00+00:00,0.0
2026-05-07 10:14:00+00:00,2.473478668437296
2026-05-07 10:15:00+00:00,0.0
2026-05-07 10:16:00+00:00,0.6958908174385424
2026-05-07 10:17:00+00:00,0.2064166890058554
2026-05-07 10:18:00+00:00,2.6922337512843093
2026-05-07 10:19:00+00:00,0.3832506903869899
2026-05-07 10:20:00+00:00,0.0
2026-05-07 10:21:00+00:00,2.844329121353834
2026-05-07 10:22:00+00:00,0.6048727583085309
2026-05-07 10:23:00+00:00,0.0
2026-05-07 10:24:00+00:00,1.1654056499709262
2026-05-07 10:25:00+00:00,2.265400721771979
2026-05-07 10:26:00+00:00,2.437522252934728
2026-05-07 10:27:00+00:00,0.0315018474559222
2026-05-07 10:28:00+00:00,2.373420661918888
2026-05-07 10:29:00+00:00,2.488309025878251
2026-05-07 10:30:00+00:00,2.2589805993301684
2026-05-07 10:31:00+00:00,0.0
2026-05-07 10:32:00+00:00,3.08633220567908
2026-05-07 10:33:00+00:00,1.2068828644266256
2026-05-07 10:34:00+00:00,1.3893780480807547
2026-05-07 10:35:00+00:00,0.0
2026-05-07 10:36:00+00:00,1.263185806699279
2026-05-07 10:37:00+00:00,2.768345988000777
2026-05-07 10:38:00+00:00,2.627435478402943
2026-05-07 10:39:00+00:00,0.0
2026-05-07 10:40:00+00:00,0.12489012172927375
2026-05-07 10:41:00+00:00,0.11560943435881836
2026-05-07 10:42:00+00:00,0.0
2026-05-07 10:43:00+00:00,0.0
2026-05-07 10:44:00+00:00,2.7247244336038143
2026-05-07 10:45:00+00:00,0.0
2026-05-07 10:46:00+00:00,0.0
2026-05-07 10:47:00+00:00,1.5560333241450632
2026-05-07 10:48:00+00:00,1.5374090657011386
2026-05-07 10:49:00+00:00,2.591911073899095
2026-05-07 10:50:00+00:00,0.45062612536004637
2026-05-07 10:51:00+00:00,0.0
2026-05-07 10:52:00+00:00,0.2656278292046527
2026-05-07 10:53:00+00:00,0.0
2026-05-07 10:54:00+00:00,0.47368811447953546
2026-05-07 10:55:00+00:00,0.0
2026-05-07 10:56:00+00:00,0.0
2026-05-07 10:57:00+00:00,2.435871569483282
2026-05-07 10:58:00+00:00,1.9610570245094492
2026-05-07 10:59:00+00:00,2.578947720003704
2026-05-07 11:00:00+00:00,2.643661467998951
2026-05-07 11:01:00+00:00,1.4490945008918805
2026-05-07 11:02:00+00:00,0.657847282083268
2026-05-07 11:03:00+00:00,2.9498832596388453
2026-05-07 11:04:00+00:00,1.4673882144710175
2026-05-07 11:05:00+00:00,1.3632455795019458
2026-05-07 11:06:00+00:00,2.650545231527947
2026-05-07 11:07:00+00:00,1.8577538032473
2026-05-07 11:08:00+00:00,3.1013049568644337
2026-05-07 11:09:00+00:00,1.988996680923348
2026-05-07 11:10:00+00:00,1.889126371314301
2026-05-07 11:11:00+00:00,2.991812546147292
2026-05-07 11:12:00+00:00,0.0
2026-05-07 11:13:00+00:00,1.9579888019249116
2026-05-07 11:14:00+00:00,0.6250357212543016
2026-05-07 11:15:00+00:00,0.0
2026-05-07 11:16:00+00:00,2.2536529306240998
2026-05-07 11:17:00+00:00,0.0
2026-05-07 11:18:00+00:00,0.33112520139498947
2026-05-07 11:19:00+00:00,0.0
2026-05-07 11:20:00+00:00,0.0
2026-05-07 11:21:00+00:00,1.0876588255983382
2026-05-07 11:22:00+00:00,0.0
2026-05-07 11:23:00+00:00,1.8635348785347037
2026-05-07 11:24:00+00:00,1.0925201815751262
2026-05-07 11:25:00+00:00,2.756919586261684
2026-05-07 11:26:00+00:00,0.100321114638568
2026-05-07 11:27:00+00:00,1.619478205167746
2026-05-07 11:28:00+00:00,0.9879899187361908
2026-05-07 11:29:00+00:00,2.325450737314141
2026-05-07 11:30:00+00:00,2.5271294843198806
2026-05-07 11:31:00+00:00,0.0
2026-05-07 11:32:00+00:00,2.975272990474442
2026-05-07 11:33:00+00:00,0.3296868062455593
2026-05-07 11:34:00+00:00,0.115923477955748
2026-05-07 11:35:00+00:00,0.7833653832202696
2026-05-07 11:36:00+00:00,0.0
2026-05-07 11:37:00+00:00,2.548766597145139
2026-05-07 11:38:00+00:00,2.310794179595593
2026-05-07 11:39:00+00:00,2.061303340250903
2026-05-07 11:40:00+00:00,2.259614743783681
2026-05-07 11:41:00+00:00,2.200207242176374
2026-05-07 11:42:00+00:00,0.6767180928425133
2026-05-07 11:43:00+00:00,0.0
2026-05-07 11:44:00+00:00,2.5878865798515616
2026-05-07 11:45:00+00:00,0.0
2026-05-07 11:46:00+00:00,0.7917162933620877
2026-05-07 11:47:00+00:00,0.0
2026-05-07 11:48:00+00:00,0.7518114139429357
2026-05-07 11:49:00+00:00,0.19374669407963263
2026-05-07 11:50:00+00:00,1.6738904230640859
2026-05-07 11:51:00+00:00,2.75471921892188
2026-05-07 11:52:00+00:00,0.559092674761822
2026-05-07 11:53:00+00:00,2.9441771981115843
2026-05-07 11:54:00+00:00,2.150535082782441
2026-05-07 11:55:00+00:00,1.7307436608562066
2026-05-07 11:56:00+00:00,1.5788659010712265
2026-05-07 11:57:00+00:00,0.8938264428753803
2026-05-07 11:58:00+00:00,0.450771050562428
2026-05-07 11:59:00+00:00,1.6620559366516292
2026-05-07 12:00:00+00:00,0.3232420509544305
2026-05-07 12:01:00+00:00,2.955508287146089
2026-05-07 12:02:00+00:00,1.4661927852813645
2026-05-07 12:03:00+00:00,1.3061762198878375
2026-05-07 12:04:00+00:00,0.49225161420575636
2026-05-07 12:05:00+00:00,2.050190130841215
2026-05-07 12:06:00+00:00,0.3841735971941014
2026-05-07 12:07:00+00:00,0.0
2026-05-07 12:08:00+00:00,1.3174938941962002
2026-05-07 12:09:00+00:00,0.4129795802377463
2026-05-07 12:10:00+00:00,0.0
2026-05-07 12:11:00+00:00,0.0
2026-05-07 12:12:00+00:00,2.316264755016065
2026-05-07 12:13:00+00:00,2.0020300129611597
2026-05-07 12:14:00+00:00,0.0
2026-05-07 12:15:00+00:00,2.6977038357490213
2026-05-07 12:16:00+00:00,2.749583240854695
2026-05-07 12:17:00+00:00,1.7268673292489078
2026-05-07 12:18:00+00:00,2.568736503191584
2026-05-07 12:19:00+00:00,0.0
2026-05-07 12:20:00+00:00,2.4887927179674625
2026-05-07 12:21:00+00:00,1.4708511930201535
2026-05-07 12:22:00+00:00,0.0
2026-05-07 12:23:00+00:00,1.3391127424072835
2026-05-07 12:24:00+00:00,1.9118952682411223
2026-05-07 12:25:00+00:00,0.5824953113665048
2026-05-07 12:26:00+00:00,0.0
2026-05-07 12:27:00+00:00,1.208497937369499
2026-05-07 12:28:00+00:00,2.16081652415848
2026-05-07 12:29:00+00:00,0.0
2026-05-07 12:30:00+00:00,2.805936770913539
2026-05-07 12:31:00+00:00,0.0
2026-05-07 12:32:00+00:00,0.0
2026-05-07 12:33:00+00:00,2.718829440026625
2026-05-07 12:34:00+00:00,1.459588297088736
2026-05-07 12:35:00+00:00,1.8600462176977555
2026-05-07 12:36:00+00:00,2.4965878178856027
2026-05-07 12:37:00+00:00,1.8651544912176383
2026-05-07 12:38:00+00:00,1.652192392184301
2026-05-07 12:39:00+00:00,0.8837111029532992
2026-05-07 12:40:00+00:00,0.0
2026-05-07 12:41:00+00:00,0.0
2026-05-07 12:42:00+00:00,0.0
2026-05-07 12:43:00+00:00,0.5648372629178755
2026-05-07 12:44:00+00:00,0.4283064249793053
2026-05-07 12:45:00+00:00,2.4332362984342226
2026-05-07 12:46:00+00:00,2.227090242947825
2026-05-07 12:47:00+00:00,0.0
2026-05-07 12:48:00+00:00,0.10571396578889387
2026-05-07 12:49:00+00:00,0.0
2026-05-07 12:50:00+00:00,2.354683120598105
2026-05-07 12:51:00+00:00,0.0
2026-05-07 12:52:00+00:00,0.0
2026-05-07 12:53:00+00:00,2.845902968869125
2026-05-07 12:54:00+00:00,0.1745733160131261
2026-05-07 12:55:00+00:00,1.8834601797775217
2026-05-07 12:56:00+00:00,1.5183829075663382
2026-05-07 12:57:00+00:00,0.3395663210279675
2026-05-07 12:58:00+00:00,0.4227923658978315
2026-05-07 12:59:00+00:00,1.323837159566312
2026-05-07 13:00:00+00:00,1.9450821545349928
2026-05-07 13:01:00+00:00,0.0
2026-05-07 13:02:00+00:00,0.0
2026-05-07 13:03:00+00:00,0.7219802095538462
2026-05-07 13:04:00+00:00,2.386679249866032
2026-05-07 13:05:00+00:00,1.6861001225739414
2026-05-07 13:06:00+00:00,0.0
2026-05-07 13:07:00+00:00,1.4838553589134165
2026-05-07 13:08:00+00:00,0.2287797297730764
2026-05-07 13:09:00+00:00,0.0
2026-05-07 13:10:00+00:00,2.070402047089361
2026-05-07 13:11:00+00:00,1.62848045010569
2026-05-07 13:12:00+00:00,2.178903040017244
2026-05-07 13:13:00+00:00,1.4015061967165248
2026-05-07 13:14:00+00:00,0.0
2026-05-07 13:15:00+00:00,0.0
2026-05-07 13:16:00+00:00,0.0
2026-05-07 13:17:00+00:00,0.0
2026-05-07 13:18:00+00:00,2.947507754111136
2026-05-07 13:19:00+00:00,1.9446400948360807
2026-05-07 13:20:00+00:00,1.7044000786928
2026-05-07 13:21:00+00:00,0.607731712382279
2026-05-07 13:22:00+00:00,1.2109749878602056
2026-05-07 13:23:00+00:00,2.089338639105141
2026-05-07 13:24:00+00:00,1.0102328471954127
2026-05-07 13:25:00+00:00,2.1950342905149443
2026-05-07 13:26:00+00:00,1.002881096652806
2026-05-07 13:27:00+00:00,0.5571498334873113
2026-05-07 13:28:00+00:00,2.3154455269220064
2026-05-07 13:29:00+00:00,2.6596067347167547
2026-05-07 13:30:00+00:00,0.95184775060454
2026-05-07 13:31:00+00:00,2.196916352769684
2026-05-07 13:32:00+00:00,0.7814031875707946
2026-05-07 13:33:00+00:00,0.0
2026-05-07 13:34:00+00:00,1.1335832731876996
2026-05-07 13:35:00+00:00,3.120202755740299
2026-05-07 13:36:00+00:00,0.668657897864315
2026-05-07 13:37:00+00:00,0.0
2026-05-07 13:38:00+00:00,2.013638274964
2026-05-07 13:39:00+00:00,0.11766458460860958
2026-05-07 13:40:00+00:00,2.841570190126612
2026-05-07 13:41:00+00:00,2.0593371256892414
2026-05-07 13:42:00+00:00,0.0
2026-05-07 13:43:00+00:00,2.6155563046997017
2026-05-07 13:44:00+00:00,0.6458661409738109
2026-05-07 13:45:00+00:00,0.981673985938049
2026-05-07 13:46:00+00:00,1.2251624143745388
2026-05-07 13:47:00+00:00,2.054927966728591
2026-05-07 13:48:00+00:00,2.529593323454522
2026-05-07 13:49:00+00:00,1.1449009334922249
2026-05-07 13:50:00+00:00,2.9889636553413665
2026-05-07 13:51:00+00:00,0.0
2026-05-07 13:52:00+00:00,0.0
2026-05-07 13:53:00+00:00,0.0
2026-05-07 13:54:00+00:00,0.5162737069872751
2026-05-07 13:55:00+00:00,0.4262772149398662
2026-05-07 13:56:00+00:00,2.0721775533282663
2026-05-07 13:57:00+00:00,2.674694418715572
2026-05-07 13:58:00+00:00,2.8140217537709544
2026-05-07 13:59:00+00:00,0.5674123317188793
2026-05-07 14:00:00+00:00,0.8947040579085929
2026-05-07 14:01:00+00:00,0.7088152469279516
2026-05-07 14:02:00+00:00,1.280187167251745
2026-05-07 14:03:00+00:00,0.1265618994390019
2026-05-07 14:04:00+00:00,1.1700324867040197
2026-05-07 14:05:00+00:00,0.0
2026-05-07 14:06:00+00:00,2.317558485047593
2026-05-07 14:07:00+00:00,2.5348262784515936
2026-05-07 14:08:00+00:00,2.311132875606059
2026-05-07 14:09:00+00:00,0.9014100324903404
2026-05-07 14:10:00+00:00,3.0762397901495446
2026-05-07 14:11:00+00:00,1.325980252834749
2026-05-07 14:12:00+00:00,0.0
2026-05-07 14:13:00+00:00,1.4531391947862056
2026-05-07 14:14:00+00:00,0.6518310107529642
2026-05-07 14:15:00+00:00,2.000035969567754
2026-05-07 14:16:00+00:00,3.189975565081117
2026-05-07 14:17:00+00:00,0.0563839665555005
2026-05-07 14:18:00+00:00,2.592920103429809
2026-05-07 14:19:00+00:00,2.9434707032025376
2026-05-07 14:20:00+00:00,1.2037722087267844
2026-05-07 14:21:00+00:00,1.482126127172502
2026-05-07 14:22:00+00:00,1.3712317281825832
2026-05-07 14:23:00+00:00,0.0
2026-05-07 14:24:00+00:00,1.559554653380477
2026-05-07 14:25:00+00:00,1.434368852137534
2026-05-07 14:26:00+00:00,1.000393737879737
2026-05-07 14:27:00+00:00,0.6606561693366875
2026-05-07 14:28:00+00:00,0.48112185523733964
2026-05-07 14:29:00+00:00,2.767575276455071
2026-05-07 14:30:00+00:00,0.7414526259243123
2026-05-07 14:31:00+00:00,0.0
2026-05-07 14:32:00+00:00,1.7495586148581392
2026-05-07 14:33:00+00:00,0.7218579455085952
2026-05-07 14:34:00+00:00,0.0
2026-05-07 14:35:00+00:00,0.5677030475054957
2026-05-07 14:36:00+00:00,0.0
2026-05-07 14:37:00+00:00,2.6704313192262994
2026-05-07 14:38:00+00:00,1.9714521106700984
2026-05-07 14:39:00+00:00,0.0
2026-05-07 14:40:00+00:00,1.9427423920317204
2026-05-07 14:41:00+00:00,2.478979352158916
2026-05-07 14:42:00+00:00,1.8443175055499
2026-05-07 14:43:00+00:00,2.7004938546241544
2026-05-07 14:44:00+00:00,1.6664496616856248
2026-05-07 14:45:00+00:00,2.103021666601656
2026-05-07 14:46:00+00:00,0.0
2026-05-07 14:47:00+00:00,0.0
2026-05-07 14:48:00+00:00,0.3761059986230566
2026-05-07 14:49:00+00:00,1.8415487004659066
2026-05-07 14:50:00+00:00,0.0486567008810469
2026-05-07 14:51:00+00:00,3.0666462071380582
2026-05-07 14:52:00+00:00,0.0
2026-05-07 14:53:00+00:00,2.501987579620829
2026-05-07 14:54:00+00:00,1.814956895705384
2026-05-07 14:55:00+00:00,0.3539957028737693
2026-05-07 14:56:00+00:00,0.0
2026-05-07 14:57:00+00:00,0.0
2026-05-07 14:58:00+00:00,0.0
2026-05-07 14:59:00+00:00,0.5478167289924113
2026-05-07 15:00:00+00:00,0.0
2026-05-07 15:01:00+00:00,0.9157304832008714
2026-05-07 15:02:00+00:00,0.0
2026-05-07 15:03:00+00:00,1.7033800774163572
2026-05-07 15:04:00+00:00,2.48831076937959
2026-05-07 15:05:00+00:00,0.10391248307181127
2026-05-07 15:06:00+00:00,0.0
2026-05-07 15:07:00+00:00,1.3491788768084392
2026-05-07 15:08:00+00:00,0.3391964555575443
2026-05-07 15:09:00+00:00,0.0103918068846475
2026-05-07 15:10:00+00:00,3.2008865561048183
2026-05-07 15:11:00+00:00,0.0
2026-05-07 15:12:00+00:00,0.1834066719854635
2026-05-07 15:13:00+00:00,3.03931649637164
2026-05-07 15:14:00+00:00,2.274560849137268
2026-05-07 15:15:00+00:00,2.6461515838103074
2026-05-07 15:16:00+00:00,1.2096892178075282
2026-05-07 15:17:00+00:00,1.0566237843831514
2026-05-07 15:18:00+00:00,0.0
2026-05-07 15:19:00+00:00,0.5170469595950302
2026-05-07 15:20:00+00:00,1.6471815764079505
2026-05-07 15:21:00+00:00,1.4845554565315076
2026-05-07 15:22:00+00:00,1.2870364870962476
2026-05-07 15:23:00+00:00,0.0
2026-05-07 15:24:00+00:00,1.8380034536233416
2026-05-07 15:25:00+00:00,0.0
2026-05-07 15:26:00+00:00,0.4757520616165058
2026-05-07 15:27:00+00:00,1.2080178682716534
2026-05-07 15:28:00+00:00,0.0
2026-05-07 15:29:00+00:00,2.7550012675265
2026-05-07 15:30:00+00:00,0.5884302761777197
2026-05-07 15:31:00+00:00,0.0
2026-05-07 15:32:00+00:00,0.2740516012469268
2026-05-07 15:33:00+00:00,0.7193107156790397
2026-05-07 15:34:00+00:00,0.0
2026-05-07 15:35:00+00:00,1.1998940983725002
2026-05-07 15:36:00+00:00,0.484545633652702
2026-05-07 15:37:00+00:00,1.2989426837719165
2026-05-07 15:38:00+00:00,1.0564178585079458
2026-05-07 15:39:00+00:00,2.869568539604306
2026-05-07 15:40:00+00:00,2.755133491233198
2026-05-07 15:41:00+00:00,0.810881320706229
2026-05-07 15:42:00+00:00,1.8925990328991027
2026-05-07 15:43:00+00:00,1.3700381407199305
2026-05-07 15:44:00+00:00,0.0
2026-05-07 15:45:00+00:00,2.586150329441963
2026-05-07 15:46:00+00:00,0.0
2026-05-07 15:47:00+00:00,0.3798841208176999
2026-05-07 15:48:00+00:00,2.7509642232867506
2026-05-07 15:49:00+00:00,2.6104255484516807
2026-05-07 15:50:00+00:00,0.8668464359997019
2026-05-07 15:51:00+00:00,0.0
2026-05-07 15:52:00+00:00,0.806416840354226
2026-05-07 15:53:00+00:00,0.6691218440054387
2026-05-07 15:54:00+00:00,0.6363208810420763
2026-05-07 15:55:00+00:00,0.18159768068933352
2026-05-07 15:56:00+00:00,0.7603607268925178
2026-05-07 15:57:00+00:00,1.2411375910310447
2026-05-07 15:58:00+00:00,0.8145489611674963
2026-05-07 15:59:00+00:00,2.2994606086118283
2026-05-07 16:00:00+00:00,2.908176233818529
2026-05-07 16:01:00+00:00,0.7109110946211677
2026-05-07 16:02:00+00:00,0.2635944910013458
2026-05-07 16:03:00+00:00,3.021397614078845
2026-05-07 16:04:00+00:00,0.0
2026-05-07 16:05:00+00:00,1.6779511584433733
2026-05-07 16:06:00+00:00,0.0
2026-05-07 16:07:00+00:00,0.0
2026-05-07 16:08:00+00:00,1.5753836668340715
2026-05-07 16:09:00+00:00,0.6412417066383179
2026-05-07 16:10:00+00:00,0.8719712103788166
2026-05-07 16:11:00+00:00,1.695655286584795
2026-05-07 16:12:00+00:00,2.905226535226395
2026-05-07 16:13:00+00:00,0.940908145721285
2026-05-07 16:14:00+00:00,0.6261455077862238
2026-05-07 16:15:00+00:00,2.7656271695257932
2026-05-07 16:16:00+00:00,1.5802808449683183
2026-05-07 16:17:00+00:00,0.9288140221119952
2026-05-07 16:18:00+00:00,2.550934827142571
2026-05-07 16:19:00+00:00,0.0
2026-05-07 16:20:00+00:00,0.0
2026-05-07 16:21:00+00:00,1.4468726341865574
2026-05-07 16:22:00+00:00,3.174280417043695
2026-05-07 16:23:00+00:00,1.6484317823127268
2026-05-07 16:24:00+00:00,0.0
2026-05-07 16:25:00+00:00,1.5255889715097404
2026-05-07 16:26:00+00:00,1.3191174011807756
2026-05-07 16:27:00+00:00,0.7580855051584772
2026-05-07 16:28:00+00:00,2.4964202665899076
2026-05-07 16:29:00+00:00,0.3398051764342193
2026-05-07 16:30:00+00:00,0.0
2026-05-07 16:31:00+00:00,3.014175257282909
2026-05-07 16:32:00+00:00,0.4683663614181393
2026-05-07 16:33:00+00:00,0.4216550894159433
2026-05-07 16:34:00+00:00,0.0
2026-05-07 16:35:00+00:00,0.1909063924591015
2026-05-07 16:36:00+00:00,1.6379135290039912
2026-05-07 16:37:00+00:00,1.1328194938609057
2026-05-07 16:38:00+00:00,1.862876740457945
2026-05-07 16:39:00+00:00,2.2063822415539214
2026-05-07 16:40:00+00:00,0.0
2026-05-07 16:41:00+00:00,0.0
2026-05-07 16:42:00+00:00,0.0
2026-05-07 16:43:00+00:00,0.0
2026-05-07 16:44:00+00:00,0.2442614318610704
2026-05-07 16:45:00+00:00,0.8413057094746303
2026-05-07 16:46:00+00:00,0.6501887679058486
2026-05-07 16:47:00+00:00,2.089424377822806
2026-05-07 16:48:00+00:00,0.1447010448192773
2026-05-07 16:49:00+00:00,1.274542726843552
2026-05-07 16:50:00+00:00,1.1238246121491393
2026-05-07 16:51:00+00:00,0.0
2026-05-07 16:52:00+00:00,2.050467963148591
2026-05-07 16:53:00+00:00,0.0
2026-05-07 16:54:00+00:00,2.376621098351065
2026-05-07 16:55:00+00:00,1.0207799479180948
2026-05-07 16:56:00+00:00,0.6888349593397207
2026-05-07 16:57:00+00:00,1.1401790859955283
2026-05-07 16:58:00+00:00,0.10074905364428119
2026-05-07 16:59:00+00:00,0.43797241077162435
2026-05-07 17:00:00+00:00,2.145483734725887
2026-05-07 17:01:00+00:00,1.5832881549531281
2026-05-07 17:02:00+00:00,0.6486575251683254
2026-05-07 17:03:00+00:00,1.6127818157267166
2026-05-07 17:04:00+00:00,1.9331884143282163
2026-05-07 17:05:00+00:00,0.0
2026-05-07 17:06:00+00:00,0.5671178326750898
2026-05-07 17:07:00+00:00,0.0
2026-05-07 17:08:00+00:00,0.0
2026-05-07 17:09:00+00:00,1.3922743210834878
2026-05-07 17:10:00+00:00,2.6348267814695965
2026-05-07 17:11:00+00:00,2.482792987532504
2026-05-07 17:12:00+00:00,2.301363605820156
2026-05-07 17:13:00+00:00,0.0
2026-05-07 17:14:00+00:00,1.8694736307889612
2026-05-07 17:15:00+00:00,1.5204459322698858
2026-05-07 17:16:00+00:00,0.0
2026-05-07 17:17:00+00:00,2.399491792739376
2026-05-07 17:18:00+00:00,2.711017885807491
2026-05-07 17:19:00+00:00,0.0
2026-05-07 17:20:00+00:00,0.0
2026-05-07 17:21:00+00:00,0.975840650003722
2026-05-07 17:22:00+00:00,1.6924407623046804
2026-05-07 17:23:00+00:00,0.4456512871628181
2026-05-07 17:24:00+00:00,0.0
2026-05-07 17:25:00+00:00,2.986332778141224
2026-05-07 17:26:00+00:00,0.0
2026-05-07 17:27:00+00:00,1.0178674696767418
2026-05-07 17:28:00+00:00,0.5722866210582997
2026-05-07 17:29:00+00:00,0.4097195392311585
2026-05-07 17:30:00+00:00,2.726957374795485
2026-05-07 17:31:00+00:00,2.6813992757734653
2026-05-07 17:32:00+00:00,1.5109270118004365
2026-05-07 17:33:00+00:00,2.238632734693694
2026-05-07 17:34:00+00:00,0.2210956922147773
2026-05-07 17:35:00+00:00,1.8446895445573528
2026-05-07 17:36:00+00:00,0.0
2026-05-07 17:37:00+00:00,0.0
2026-05-07 17:38:00+00:00,3.1873697327892456
2026-05-07 17:39:00+00:00,1.7583334636321253
2026-05-07 17:40:00+00:00,2.0148688256697374
2026-05-07 17:41:00+00:00,0.1337376465546146
2026-05-07 17:42:00+00:00,0.0
2026-05-07 17:43:00+00:00,3.0860207684866428
2026-05-07 17:44:00+00:00,0.0115204237519969
2026-05-07 17:45:00+00:00,1.7614569960125337
2026-05-07 17:46:00+00:00,1.0203271512131507
2026-05-07 17:47:00+00:00,0.0
2026-05-07 17:48:00+00:00,0.0
2026-05-07 17:49:00+00:00,0.0
2026-05-07 17:50:00+00:00,2.024551830382289
2026-05-07 17:51:00+00:00,1.716063867508016
2026-05-07 17:52:00+00:00,1.1077412396524966
2026-05-07 17:53:00+00:00,1.7594089052534836
2026-05-07 17:54:00+00:00,2.110166054420889
2026-05-07 17:55:00+00:00,2.691240717378476
2026-05-07 17:56:00+00:00,0.0
2026-05-07 17:57:00+00:00,0.0
2026-05-07 17:58:00+00:00,0.9400627859380196
2026-05-07 17:59:00+00:00,0.0
2026-05-07 18:00:00+00:00,0.0
2026-05-07 18:01:00+00:00,0.4556412993474293
2026-05-07 18:02:00+00:00,1.186870340095714
2026-05-07 18:03:00+00:00,0.0370941340297141
2026-05-07 18:04:00+00:00,0.0
2026-05-07 18:05:00+00:00,1.4301669554184655
2026-05-07 18:06:00+00:00,1.4087467443606716
2026-05-07 18:07:00+00:00,2.850706442516556
2026-05-07 18:08:00+00:00,2.404015559179565
2026-05-07 18:09:00+00:00,0.5546420166330173
2026-05-07 18:10:00+00:00,0.4085774766243655
2026-05-07 18:11:00+00:00,0.0
2026-05-07 18:12:00+00:00,3.035418064652079
2026-05-07 18:13:00+00:00,2.7666387403690043
2026-05-07 18:14:00+00:00,3.063534848224589
2026-05-07 18:15:00+00:00,0.3523363123028562
2026-05-07 18:16:00+00:00,0.7928837044419272
2026-05-07 18:17:00+00:00,2.8020417364137287
2026-05-07 18:18:00+00:00,0.0
2026-05-07 18:19:00+00:00,1.4739006745897958
2026-05-07 18:20:00+00:00,2.2296423691963825
2026-05-07 18:21:00+00:00,2.444232130899423
2026-05-07 18:22:00+00:00,0.8962783266415177
2026-05-07 18:23:00+00:00,3.1490013939444705
2026-05-07 18:24:00+00:00,0.0
2026-05-07 18:25:00+00:00,0.0782320798358185
2026-05-07 18:26:00+00:00,2.441161789253064
2026-05-07 18:27:00+00:00,2.180709375038998
2026-05-07 18:28:00+00:00,2.904025713423579
2026-05-07 18:29:00+00:00,3.166092679749734
2026-05-07 18:30:00+00:00,0.7583910781497721
2026-05-07 18:31:00+00:00,0.0
2026-05-07 18:32:00+00:00,0.0
2026-05-07 18:33:00+00:00,2.156146407828793
2026-05-07 18:34:00+00:00,1.6953390434898898
2026-05-07 18:35:00+00:00,0.0
2026-05-07 18:36:00+00:00,2.0668307643903248
2026-05-07 18:37:00+00:00,0.0
2026-05-07 18:38:00+00:00,0.0
2026-05-07 18:39:00+00:00,1.2579773984619171
2026-05-07 18:40:00+00:00,0.9186081025357035
2026-05-07 18:41:00+00:00,0.0
2026-05-07 18:42:00+00:00,0.30453679743459927
2026-05-07 18:43:00+00:00,1.5843523876512375
2026-05-07 18:44:00+00:00,0.0
2026-05-07 18:45:00+00:00,2.985156448938781
2026-05-07 18:46:00+00:00,0.9005364863943744
2026-05-07 18:47:00+00:00,1.576073509399872
2026-05-07 18:48:00+00:00,0.0
2026-05-07 18:49:00+00:00,0.0
2026-05-07 18:50:00+00:00,0.0
2026-05-07 18:51:00+00:00,0.006795941155403434
2026-05-07 18:52:00+00:00,2.9108834102049297
2026-05-07 18:53:00+00:00,2.121565298641624
2026-05-07 18:54:00+00:00,0.8568100878852773
2026-05-07 18:55:00+00:00,2.147937531346533
2026-05-07 18:56:00+00:00,2.906335396841996
2026-05-07 18:57:00+00:00,0.0
2026-05-07 18:58:00+00:00,0.0
2026-05-07 18:59:00+00:00,0.2508002844804873
2026-05-07 19:00:00+00:00,2.9869360240522536
2026-05-07 19:01:00+00:00,0.0
2026-05-07 19:02:00+00:00,1.463442580883252
2026-05-07 19:03:00+00:00,1.531033569948928
2026-05-07 19:04:00+00:00,0.0
2026-05-07 19:05:00+00:00,1.3370555251805751
2026-05-07 19:06:00+00:00,1.276797150875051
2026-05-07 19:07:00+00:00,0.0
2026-05-07 19:08:00+00:00,1.7874103384153712
2026-05-07 19:09:00+00:00,1.5296507766561322
2026-05-07 19:10:00+00:00,0.7674738397949814
2026-05-07 19:11:00+00:00,0.0
2026-05-07 19:12:00+00:00,0.0902054093657978
2026-05-07 19:13:00+00:00,0.0
2026-05-07 19:14:00+00:00,0.0
2026-05-07 19:15:00+00:00,0.3210588980018194
2026-05-07 19:16:00+00:00,1.5998421226478572
2026-05-07 19:17:00+00:00,1.8443754114832425
2026-05-07 19:18:00+00:00,0.0
2026-05-07 19:19:00+00:00,0.0
2026-05-07 19:20:00+00:00,0.6739607946053485
2026-05-07 19:21:00+00:00,1.5404130133714975
2026-05-07 19:22:00+00:00,2.060546607961049
2026-05-07 19:23:00+00:00,2.950275106454981
2026-05-07 19:24:00+00:00,2.8383240150711675
2026-05-07 19:25:00+00:00,0.07786355057469053
2026-05-07 19:26:00+00:00,0.0
2026-05-07 19:27:00+00:00,1.507610987833771
2026-05-07 19:28:00+00:00,2.282185506170588
2026-05-07 19:29:00+00:00,0.01247054403653892
2026-05-07 19:30:00+00:00,2.2388595605158232
2026-05-07 19:31:00+00:00,1.105201545203542
2026-05-07 19:32:00+00:00,3.1637914566314658
2026-05-07 19:33:00+00:00,0.0
2026-05-07 19:34:00+00:00,2.750585771744931
2026-05-07 19:35:00+00:00,0.0
2026-05-07 19:36:00+00:00,3.1904515796575543
2026-05-07 19:37:00+00:00,2.9574272098537064
2026-05-07 19:38:00+00:00,0.5183975523519667
2026-05-07 19:39:00+00:00,0.0
2026-05-07 19:40:00+00:00,0.5813665000010949
2026-05-07 19:41:00+00:00,1.9106205732338783
2026-05-07 19:42:00+00:00,2.1899301869960923
2026-05-07 19:43:00+00:00,0.0
2026-05-07 19:44:00+00:00,0.2157626722160615
2026-05-07 19:45:00+00:00,2.8112523738254995
2026-05-07 19:46:00+00:00,2.6923508600799435
2026-05-07 19:47:00+00:00,0.0
2026-05-07 19:48:00+00:00,0.0305429776014146
2026-05-07 19:49:00+00:00,0.0
2026-05-07 19:50:00+00:00,0.4700097868182497
2026-05-07 19:51:00+00:00,0.8424517009215403
2026-05-07 19:52:00+00:00,2.257378412941509
2026-05-07 19:53:00+00:00,1.1353785440538782
2026-05-07 19:54:00+00:00,0.7670875263272562
2026-05-07 19:55:00+00:00,2.3411644374224863
2026-05-07 19:56:00+00:00,0.0
2026-05-07 19:57:00+00:00,0.5779757276516914
2026-05-07 19:58:00+00:00,1.3210571210369388
2026-05-07 19:59:00+00:00,0.0
2026-05-07 20:00:00+00:00,0.7199199610603184
2026-05-07 20:01:00+00:00,0.0
2026-05-07 20:02:00+00:00,0.09321283859305068
2026-05-07 20:03:00+00:00,1.3172758435098744
2026-05-07 20:04:00+00:00,0.0
2026-05-07 20:05:00+00:00,0.0
2026-05-07 20:06:00+00:00,2.081399318341108
2026-05-07 20:07:00+00:00,0.0
2026-05-07 20:08:00+00:00,0.08487896443480353
2026-05-07 20:09:00+00:00,2.9519866216407453
2026-05-07 20:10:00+00:00,2.636738783766437
2026-05-07 20:11:00+00:00,1.0094395435181809
2026-05-07 20:12:00+00:00,2.3820904767647817
2026-05-07 20:13:00+00:00,2.9581448168545363
2026-05-07 20:14:00+00:00,1.669132703103118
2026-05-07 20:15:00+00:00,0.0
2026-05-07 20:16:00+00:00,1.1509579650553257
2026-05-07 20:17:00+00:00,0.2020229914865269
2026-05-07 20:18:00+00:00,0.0
2026-05-07 20:19:00+00:00,0.3219434242018651
2026-05-07 20:20:00+00:00,0.2133923980412109
2026-05-07 20:21:00+00:00,0.0
2026-05-07 20:22:00+00:00,0.0
2026-05-07 20:23:00+00:00,0.5176074515786365
2026-05-07 20:24:00+00:00,2.174805775931794
2026-05-07 20:25:00+00:00,0.0
2026-05-07 20:26:00+00:00,2.034323748306047
2026-05-07 20:27:00+00:00,0.0
2026-05-07 20:28:00+00:00,2.7734260223531826
2026-05-07 20:29:00+00:00,0.2614499689207326
2026-05-07 20:30:00+00:00,0.0
2026-05-07 20:31:00+00:00,0.2160880651364568
2026-05-07 20:32:00+00:00,2.1623319948917894
2026-05-07 20:33:00+00:00,0.0
2026-05-07 20:34:00+00:00,0.0
2026-05-07 20:35:00+00:00,0.0
2026-05-07 20:36:00+00:00,0.0
2026-05-07 20:37:00+00:00,0.0
2026-05-07 20:38:00+00:00,0.0
2026-05-07 20:39:00+00:00,1.9653396567759625
2026-05-07 20:40:00+00:00,0.0
2026-05-07 20:41:00+00:00,2.4777145114295456
2026-05-07 20:42:00+00:00,2.719574838030511
2026-05-07 20:43:00+00:00,0.0
2026-05-07 20:44:00+00:00,2.3211333135208703
2026-05-07 20:45:00+00:00,2.5470036487579795
2026-05-07 20:46:00+00:00,2.9514374464385886
2026-05-07 20:47:00+00:00,0.0
2026-05-07 20:48:00+00:00,0.0
2026-05-07 20:49:00+00:00,0.0
2026-05-07 20:50:00+00:00,0.0
2026-05-07 20:51:00+00:00,0.0
2026-05-07 20:52:00+00:00,3.039525593243462
2026-05-07 20:53:00+00:00,0.0
2026-05-07 20:54:00+00:00,1.5381904528447203
2026-05-07 20:55:00+00:00,0.0
2026-05-07 20:56:00+00:00,0.0
2026-05-07 20:57:00+00:00,1.6020886576746871
2026-05-07 20:58:00+00:00,0.9376081821205728
2026-05-07 20:59:00+00:00,0.0
2026-05-07 21:00:00+00:00,2.732873599615264
2026-05-07 21:01:00+00:00,2.710789508056065
2026-05-07 21:02:00+00:00,0.719685416721159
2026-05-07 21:03:00+00:00,1.3395046194344709
2026-05-07 21:04:00+00:00,1.255039084903389
2026-05-07 21:05:00+00:00,0.8236991543286117
2026-05-07 21:06:00+00:00,0.0
2026-05-07 21:07:00+00:00,2.5008376343725827
2026-05-07 21:08:00+00:00,0.0
2026-05-07 21:09:00+00:00,0.4194975295531759
2026-05-07 21:10:00+00:00,0.0
2026-05-07 21:11:00+00:00,1.2646125678714921
2026-05-07 21:12:00+00:00,0.0
2026-05-07 21:13:00+00:00,1.9786585652898732
2026-05-07 21:14:00+00:00,0.0
2026-05-07 21:15:00+00:00,3.163591102921642
2026-05-07 21:16:00+00:00,2.619791927860448
2026-05-07 21:17:00+00:00,2.4269658518154817
2026-05-07 21:18:00+00:00,2.6001944001410124
2026-05-07 21:19:00+00:00,2.922491071742367
2026-05-07 21:20:00+00:00,0.0
2026-05-07 21:21:00+00:00,0.378282101864568
2026-05-07 21:22:00+00:00,3.0099914580245706
2026-05-07 21:23:00+00:00,0.0
2026-05-07 21:24:00+00:00,0.0
2026-05-07 21:25:00+00:00,0.0
2026-05-07 21:26:00+00:00,1.485349989139079
2026-05-07 21:27:00+00:00,2.691041052827132
2026-05-07 21:28:00+00:00,0.0
2026-05-07 21:29:00+00:00,0.0
2026-05-07 21:30:00+00:00,2.9587612516793227
2026-05-07 21:31:00+00:00,0.0
2026-05-07 21:32:00+00:00,0.0
2026-05-07 21:33:00+00:00,1.068846448441668
2026-05-07 21:34:00+00:00,0.9846270559195872
2026-05-07 21:35:00+00:00,2.1587410842088843
2026-05-07 21:36:00+00:00,0.0
2026-05-07 21:37:00+00:00,1.1100427719347583
2026-05-07 21:38:00+00:00,1.3494330758543744
2026-05-07 21:39:00+00:00,3.098533391148653
2026-05-07 21:40:00+00:00,2.540569444318546
2026-05-07 21:41:00+00:00,0.0
2026-05-07 21:42:00+00:00,2.3991574536133813
2026-05-07 21:43:00+00:00,2.934589174877084
2026-05-07 21:44:00+00:00,2.847595777304772
2026-05-07 21:45:00+00:00,0.6756547181153097
2026-05-07 21:46:00+00:00,1.1560135071044966
2026-05-07 21:47:00+00:00,2.072943586867292
2026-05-07 21:48:00+00:00,0.0
2026-05-07 21:49:00+00:00,0.6635280845926703
2026-05-07 21:50:00+00:00,2.5746778963763832
2026-05-07 21:51:00+00:00,2.9298990863489096
2026-05-07 21:52:00+00:00,2.4131709051880796
2026-05-07 21:53:00+00:00,2.7751132725364482
2026-05-07 21:54:00+00:00,0.478256238513139
2026-05-07 21:55:00+00:00,2.264235047925969
2026-05-07 21:56:00+00:00,0.0
2026-05-07 21:57:00+00:00,0.4209129287590728
2026-05-07 21:58:00+00:00,1.6448981034501524
2026-05-07 21:59:00+00:00,0.0
2026-05-07 22:00:00+00:00,1.966063339598222
2026-05-07 22:01:00+00:00,0.0
2026-05-07 22:02:00+00:00,2.7257824866969926
2026-05-07 22:03:00+00:00,1.28307954515503
2026-05-07 22:04:00+00:00,1.2099865445891838
2026-05-07 22:05:00+00:00,0.163263340525443
2026-05-07 22:06:00+00:00,2.6045273217222897
2026-05-07 22:07:00+00:00,0.962093662227142
2026-05-07 22:08:00+00:00,0.0
2026-05-07 22:09:00+00:00,2.064411110538988
2026-05-07 22:10:00+00:00,0.0
2026-05-07 22:11:00+00:00,0.0
2026-05-07 22:12:00+00:00,0.0
2026-05-07 22:13:00+00:00,1.1992112813890836
2026-05-07 22:14:00+00:00,0.0
2026-05-07 22:15:00+00:00,0.06453553238110842
2026-05-07 22:16:00+00:00,2.2146397171258143
2026-05-07 22:17:00+00:00,0.6240992125079429
2026-05-07 22:18:00+00:00,0.0
2026-05-07 22:19:00+00:00,0.7583456393687059
2026-05-07 22:20:00+00:00,3.104559560853384
2026-05-07 22:21:00+00:00,0.0
2026-05-07 22:22:00+00:00,0.5682443734353331
2026-05-07 22:23:00+00:00,1.3572693501320408
2026-05-07 22:24:00+00:00,1.988669498613039
2026-05-07 22:25:00+00:00,2.4848747702659457
2026-05-07 22:26:00+00:00,1.5516230175092778
2026-05-07 22:27:00+00:00,2.4496014646896374
2026-05-07 22:28:00+00:00,1.0471336526314905
2026-05-07 22:29:00+00:00,0.0
2026-05-07 22:30:00+00:00,0.38224395465835714
2026-05-07 22:31:00+00:00,2.558371303459373
2026-05-07 22:32:00+00:00,1.294873211484667
2026-05-07 22:33:00+00:00,1.410633528911601
2026-05-07 22:34:00+00:00,2.998386978969469
2026-05-07 22:35:00+00:00,0.0
2026-05-07 22:36:00+00:00,0.0
2026-05-07 22:37:00+00:00,0.0
2026-05-07 22:38:00+00:00,2.762044548708892
2026-05-07 22:39:00+00:00,0.8048732504934654
2026-05-07 22:40:00+00:00,1.986219600765036
2026-05-07 22:41:00+00:00,2.470156137386446
2026-05-07 22:42:00+00:00,2.752790229046876
2026-05-07 22:43:00+00:00,2.366309193755581
2026-05-07 22:44:00+00:00,0.0943594300161282
2026-05-07 22:45:00+00:00,0.8684115957130915
2026-05-07 22:46:00+00:00,2.12550265924793
2026-05-07 22:47:00+00:00,1.760345886397993
2026-05-07 22:48:00+00:00,1.575397852508093
2026-05-07 22:49:00+00:00,1.3941015461002964
2026-05-07 22:50:00+00:00,0.362264914207942
2026-05-07 22:51:00+00:00,0.0
2026-05-07 22:52:00+00:00,0.0
2026-05-07 22:53:00+00:00,0.0
2026-05-07 22:54:00+00:00,0.974526268873369
2026-05-07 22:55:00+00:00,0.0
2026-05-07 22:56:00+00:00,1.047466721070166
2026-05-07 22:57:00+00:00,1.8777666978749568
2026-05-07 22:58:00+00:00,0.12582016207114347
2026-05-07 22:59:00+00:00,0.37212922187912684
2026-05-07 23:00:00+00:00,2.6430363766896727
2026-05-07 23:01:00+00:00,0.3617612183685438
2026-05-07 23:02:00+00:00,0.0
2026-05-07 23:03:00+00:00,1.601599026018996
2026-05-07 23:04:00+00:00,1.934410396879399
2026-05-07 23:05:00+00:00,0.0
2026-05-07 23:06:00+00:00,0.0
2026-05-07 23:07:00+00:00,1.7198146448575324
2026-05-07 23:08:00+00:00,1.0106523699583958
2026-05-07 23:09:00+00:00,0.7043935038855441
2026-05-07 23:10:00+00:00,0.0
2026-05-07 23:11:00+00:00,0.16187592760222136
2026-05-07 23:12:00+00:00,0.11217329740905245
2026-05-07 23:13:00+00:00,0.0
2026-05-07 23:14:00+00:00,0.0
2026-05-07 23:15:00+00:00,0.0
2026-05-07 23:16:00+00:00,1.2332445634326752
2026-05-07 23:17:00+00:00,1.3547919201749843
2026-05-07 23:18:00+00:00,0.0
2026-05-07 23:19:00+00:00,0.0
2026-05-07 23:20:00+00:00,0.0
2026-05-07 23:21:00+00:00,2.7950748933810137
2026-05-07 23:22:00+00:00,1.7585620137504343
2026-05-07 23:23:00+00:00,2.78213557008699
2026-05-07 23:24:00+00:00,0.0
2026-05-07 23:25:00+00:00,0.0
2026-05-07 23:26:00+00:00,0.7467268742384254
2026-05-07 23:27:00+00:00,0.0
2026-05-07 23:28:00+00:00,1.518850057835068
2026-05-07 23:29:00+00:00,1.8922055470729011
2026-05-07 23:30:00+00:00,2.6333387040965257
2026-05-07 23:31:00+00:00,0.0
2026-05-07 23:32:00+00:00,2.3582509279241224
2026-05-07 23:33:00+00:00,0.0
2026-05-07 23:34:00+00:00,0.16799082900664908
2026-05-07 23:35:00+00:00,0.0
2026-05-07 23:36:00+00:00,2.1050251340637
2026-05-07 23:37:00+00:00,0.0
2026-05-07 23:38:00+00:00,1.3270875603705616
2026-05-07 23:39:00+00:00,1.6720031313438728
2026-05-07 23:40:00+00:00,0.5440350671449914
2026-05-07 23:41:00+00:00,1.081746808668833
2026-05-07 23:42:00+00:00,2.5549879677958383
2026-05-07 23:43:00+00:00,2.7981279841558657
2026-05-07 23:44:00+00:00,0.0
2026-05-07 23:45:00+00:00,0.0
2026-05-07 23:46:00+00:00,1.1748221061258262
2026-05-07 23:47:00+00:00,0.0
2026-05-07 23:48:00+00:00,0.0
2026-05-07 23:49:00+00:00,0.3922115348140806
2026-05-07 23:50:00+00:00,0.0
2026-05-07 23:51:00+00:00,1.2750024689941373
2026-05-07 23:52:00+00:00,2.8260403427318934
2026-05-07 23:53:00+00:00,0.4894090129739751
2026-05-07 23:54:00+00:00,0.3385953877993801
2026-05-07 23:55:00+00:00,0.7020051304292597
2026-05-07 23:56:00+00:00,2.3731089234193026
2026-05-07 23:57:00+00:00,2.19624359404411
2026-05-07 23:58:00+00:00,0.0
2026-05-07 23:59:00+00:00,0.0
2026-05-08 00:00:00+00:00,0.9030927861270164
2026-05-08 00:01:00+00:00,2.3685970424781746
2026-05-08 00:02:00+00:00,2.5222086761432805
2026-05-08 00:03:00+00:00,0.0
2026-05-08 00:04:00+00:00,0.0
2026-05-08 00:05:00+00:00,2.389714271504921
2026-05-08 00:06:00+00:00,1.8225019848788897
2026-05-08 00:07:00+00:00,0.5347234184130987
2026-05-08 00:08:00+00:00,1.5815532806154935
2026-05-08 00:09:00+00:00,0.6039517576435551
2026-05-08 00:10:00+00:00,1.175555188694808
2026-05-08 00:11:00+00:00,0.0
2026-05-08 00:12:00+00:00,0.0
2026-05-08 00:13:00+00:00,0.18558685464638144
2026-05-08 00:14:00+00:00,2.9015397314233056
2026-05-08 00:15:00+00:00,1.2825558535899944
2026-05-08 00:16:00+00:00,0.0
2026-05-08 00:17:00+00:00,0.0
2026-05-08 00:18:00+00:00,1.7233852400014698
2026-05-08 00:19:00+00:00,0.8209679546839608
2026-05-08 00:20:00+00:00,0.0
2026-05-08 00:21:00+00:00,0.5048414288836884
2026-05-08 00:22:00+00:00,0.0
2026-05-08 00:23:00+00:00,1.6738905146749936
2026-05-08 00:24:00+00:00,0.47683829343267403
2026-05-08 00:25:00+00:00,0.35116825896363074
2026-05-08 00:26:00+00:00,0.0
2026-05-08 00:27:00+00:00,0.0
2026-05-08 00:28:00+00:00,3.0315405202786807
2026-05-08 00:29:00+00:00,1.4333843110979385
2026-05-08 00:30:00+00:00,3.0352326941201833
2026-05-08 00:31:00+00:00,0.0
2026-05-08 00:32:00+00:00,0.7670511058300855
2026-05-08 00:33:00+00:00,0.8325618278208847
2026-05-08 00:34:00+00:00,2.6972460670099303
2026-05-08 00:35:00+00:00,0.4477427405787175
2026-05-08 00:36:00+00:00,0.0
2026-05-08 00:37:00+00:00,0.0
2026-05-08 00:38:00+00:00,0.0
2026-05-08 00:39:00+00:00,1.6967631222985575
2026-05-08 00:40:00+00:00,0.37590038230771206
2026-05-08 00:41:00+00:00,2.133339899390117
2026-05-08 00:42:00+00:00,2.5415595384807643
2026-05-08 00:43:00+00:00,0.0
2026-05-08 00:44:00+00:00,0.48966500334444507
2026-05-08 00:45:00+00:00,0.0
2026-05-08 00:46:00+00:00,2.669352048205172
2026-05-08 00:47:00+00:00,2.9226212205150026
2026-05-08 00:48:00+00:00,1.5327159100241707
2026-05-08 00:49:00+00:00,1.9276438194851304
2026-05-08 00:50:00+00:00,0.0
2026-05-08 00:51:00+00:00,2.7023630508210594
2026-05-08 00:52:00+00:00,1.877061299998108
2026-05-08 00:53:00+00:00,0.0
2026-05-08 00:54:00+00:00,1.0549591857364398
2026-05-08 00:55:00+00:00,2.0299369229560345
2026-05-08 00:56:00+00:00,0.4904058271878717
2026-05-08 00:57:00+00:00,1.534498493619162
2026-05-08 00:58:00+00:00,1.7104215831817018
2026-05-08 00:59:00+00:00,0.5682187301598207
2026-05-08 01:00:00+00:00,1.7753404295215771
2026-05-08 01:01:00+00:00,1.3963357905069629
2026-05-08 01:02:00+00:00,1.516849497105526
2026-05-08 01:03:00+00:00,2.327242035585064
2026-05-08 01:04:00+00:00,2.266884773182992
2026-05-08 01:05:00+00:00,0.6380227438551791
2026-05-08 01:06:00+00:00,0.0
2026-05-08 01:07:00+00:00,2.112078639406873
2026-05-08 01:08:00+00:00,0.0
2026-05-08 01:09:00+00:00,1.6119254138901609
2026-05-08 01:10:00+00:00,0.0
2026-05-08 01:11:00+00:00,1.4608297447790555
2026-05-08 01:12:00+00:00,0.0
2026-05-08 01:13:00+00:00,2.6893318174110545
2026-05-08 01:14:00+00:00,1.137841100557357
2026-05-08 01:15:00+00:00,2.4021911368771542
2026-05-08 01:16:00+00:00,1.4700380790908842
2026-05-08 01:17:00+00:00,0.2229302750805042
2026-05-08 01:18:00+00:00,1.7786276338771154
2026-05-08 01:19:00+00:00,0.30205034368721523
2026-05-08 01:20:00+00:00,1.9031845740244355
2026-05-08 01:21:00+00:00,2.1700839304948163
2026-05-08 01:22:00+00:00,3.0306561130266654
2026-05-08 01:23:00+00:00,0.5127256443947443
2026-05-08 01:24:00+00:00,2.55309412729204
2026-05-08 01:25:00+00:00,0.0
2026-05-08 01:26:00+00:00,2.8176184071396997
2026-05-08 01:27:00+00:00,1.7501273950804845
2026-05-08 01:28:00+00:00,1.3381968492452867
2026-05-08 01:29:00+00:00,1.786329398186125
2026-05-08 01:30:00+00:00,1.594903544802528
2026-05-08 01:31:00+00:00,2.4148943048058955
2026-05-08 01:32:00+00:00,2.9947877437340424
2026-05-08 01:33:00+00:00,0.4745051538607401
2026-05-08 01:34:00+00:00,0.0554481461521808
2026-05-08 01:35:00+00:00,0.9962586346434573
2026-05-08 01:36:00+00:00,0.0
2026-05-08 01:37:00+00:00,0.4180527375766026
2026-05-08 01:38:00+00:00,0.3572185519339383
2026-05-08 01:39:00+00:00,3.108762915074245
2026-05-08 01:40:00+00:00,2.672244564486421
2026-05-08 01:41:00+00:00,0.0298224961500274
2026-05-08 01:42:00+00:00,0.0969230757077488
2026-05-08 01:43:00+00:00,0.6371105953384518
2026-05-08 01:44:00+00:00,2.290513871198208
2026-05-08 01:45:00+00:00,0.0
2026-05-08 01:46:00+00:00,2.802230905968319
2026-05-08 01:47:00+00:00,0.5598219997424528
2026-05-08 01:48:00+00:00,2.7551461358400493
2026-05-08 01:49:00+00:00,1.8826825958763
2026-05-08 01:50:00+00:00,2.310469699802664
2026-05-08 01:51:00+00:00,2.9445880016891137
2026-05-08 01:52:00+00:00,2.7708199837433285
2026-05-08 01:53:00+00:00,2.4924194340698675
2026-05-08 01:54:00+00:00,0.0
2026-05-08 01:55:00+00:00,0.8183323701616358
2026-05-08 01:56:00+00:00,2.8103571507015355
2026-05-08 01:57:00+00:00,2.1645539893828953
2026-05-08 01:58:00+00:00,0.0
2026-05-08 01:59:00+00:00,0.6949563256898862
2026-05-08 02:00:00+00:00,0.0
2026-05-08 02:01:00+00:00,0.45801724685572004
2026-05-08 02:02:00+00:00,0.0
2026-05-08 02:03:00+00:00,0.0
2026-05-08 02:04:00+00:00,0.0
2026-05-08 02:05:00+00:00,0.9826428871935867
2026-05-08 02:06:00+00:00,0.0
2026-05-08 02:07:00+00:00,0.3626156870784284
2026-05-08 02:08:00+00:00,2.301916206211085
2026-05-08 02:09:00+00:00,0.0
2026-05-08 02:10:00+00:00,2.8162581686239867
2026-05-08 02:11:00+00:00,0.0
2026-05-08 02:12:00+00:00,2.5451429113083957
2026-05-08 02:13:00+00:00,1.6888090010839518
2026-05-08 02:14:00+00:00,1.6732340012913671
2026-05-08 02:15:00+00:00,0.0
2026-05-08 02:16:00+00:00,1.383574276763331
2026-05-08 02:17:00+00:00,0.0
2026-05-08 02:18:00+00:00,1.429363236542445
2026-05-08 02:19:00+00:00,0.9633986896493854
2026-05-08 02:20:00+00:00,0.0
2026-05-08 02:21:00+00:00,0.3484521440157212
2026-05-08 02:22:00+00:00,0.6730557421760043
2026-05-08 02:23:00+00:00,0.0
2026-05-08 02:24:00+00:00,2.2521502690442006
2026-05-08 02:25:00+00:00,0.0
2026-05-08 02:26:00+00:00,1.6912676993507176
2026-05-08 02:27:00+00:00,2.976027833842183
2026-05-08 02:28:00+00:00,0.0
2026-05-08 02:29:00+00:00,0.0
2026-05-08 02:30:00+00:00,0.0
2026-05-08 02:31:00+00:00,2.6626098710416946
2026-05-08 02:32:00+00:00,2.174345275154338
2026-05-08 02:33:00+00:00,0.023864760409726654
2026-05-08 02:34:00+00:00,1.3123601119404764
2026-05-08 02:35:00+00:00,0.0
2026-05-08 02:36:00+00:00,2.195172686204753
2026-05-08 02:37:00+00:00,1.7355236458671122
2026-05-08 02:38:00+00:00,0.0
2026-05-08 02:39:00+00:00,3.0266862649463544
2026-05-08 02:40:00+00:00,0.6531225940653047
2026-05-08 02:41:00+00:00,0.7005878015461254
2026-05-08 02:42:00+00:00,1.6848800273297637
2026-05-08 02:43:00+00:00,2.1663334421233498
2026-05-08 02:44:00+00:00,3.0177906624700683
2026-05-08 02:45:00+00:00,2.1482091299892354
2026-05-08 02:46:00+00:00,0.6558137314303333
2026-05-08 02:47:00+00:00,0.0
2026-05-08 02:48:00+00:00,2.3813707251438445
2026-05-08 02:49:00+00:00,1.5528180396776172
2026-05-08 02:50:00+00:00,0.0
2026-05-08 02:51:00+00:00,0.13024817972024483
2026-05-08 02:52:00+00:00,0.0
2026-05-08 02:53:00+00:00,0.0
2026-05-08 02:54:00+00:00,0.776860727407622
2026-05-08 02:55:00+00:00,1.9818095841887176
2026-05-08 02:56:00+00:00,2.557728844148279
2026-05-08 02:57:00+00:00,0.0
2026-05-08 02:58:00+00:00,2.8530506309310044
2026-05-08 02:59:00+00:00,0.0
2026-05-08 03:00:00+00:00,3.0663627945739305
2026-05-08 03:01:00+00:00,2.3532700134100986
2026-05-08 03:02:00+00:00,2.7033896483644577
2026-05-08 03:03:00+00:00,2.7996382976572733
2026-05-08 03:04:00+00:00,0.0
2026-05-08 03:05:00+00:00,1.619846781850165
2026-05-08 03:06:00+00:00,0.6838736512172667
2026-05-08 03:07:00+00:00,0.0
2026-05-08 03:08:00+00:00,0.794710371129
2026-05-08 03:09:00+00:00,0.8079260565411315
2026-05-08 03:10:00+00:00,2.5984477338057648
2026-05-08 03:11:00+00:00,1.6863557693542783
2026-05-08 03:12:00+00:00,2.165008987793662
2026-05-08 03:13:00+00:00,0.7263469777777279
2026-05-08 03:14:00+00:00,0.5794890517134684
2026-05-08 03:15:00+00:00,1.1182977686774538
2026-05-08 03:16:00+00:00,1.9615303131028714
2026-05-08 03:17:00+00:00,0.9494863993731506
2026-05-08 03:18:00+00:00,1.142561905868553
2026-05-08 03:19:00+00:00,2.379350785535136
2026-05-08 03:20:00+00:00,0.0
2026-05-08 03:21:00+00:00,1.173124154483684
2026-05-08 03:22:00+00:00,1.0757370716995556
2026-05-08 03:23:00+00:00,0.0
2026-05-08 03:24:00+00:00,1.0448110306090446
2026-05-08 03:25:00+00:00,1.4940356705886315
2026-05-08 03:26:00+00:00,2.4134431712895505
2026-05-08 03:27:00+00:00,1.8127474813708884
2026-05-08 03:28:00+00:00,0.8952992654435203
2026-05-08 03:29:00+00:00,1.162956680015545
2026-05-08 03:30:00+00:00,2.0869778993306096
2026-05-08 03:31:00+00:00,1.8200042971434085
2026-05-08 03:32:00+00:00,1.865286995171826
2026-05-08 03:33:00+00:00,2.2354300972696093
2026-05-08 03:34:00+00:00,0.0
2026-05-08 03:35:00+00:00,1.0050346975072106
2026-05-08 03:36:00+00:00,2.9120593649525794
2026-05-08 03:37:00+00:00,0.0
2026-05-08 03:38:00+00:00,0.0
2026-05-08 03:39:00+00:00,0.0
2026-05-08 03:40:00+00:00,1.4049402704530518
2026-05-08 03:41:00+00:00,2.3982560116758247
2026-05-08 03:42:00+00:00,0.0
2026-05-08 03:43:00+00:00,2.755383181683808
2026-05-08 03:44:00+00:00,2.07388556814899
2026-05-08 03:45:00+00:00,0.0
2026-05-08 03:46:00+00:00,0.05363841374724716
2026-05-08 03:47:00+00:00,0.6618018450508708
2026-05-08 03:48:00+00:00,2.497264164739077
2026-05-08 03:49:00+00:00,0.0
2026-05-08 03:50:00+00:00,2.6651922624647235
2026-05-08 03:51:00+00:00,0.0
2026-05-08 03:52:00+00:00,2.996423681903433
2026-05-08 03:53:00+00:00,0.33049421273887036
2026-05-08 03:54:00+00:00,0.15596176693580188
2026-05-08 03:55:00+00:00,0.0
2026-05-08 03:56:00+00:00,0.40340441720946935
2026-05-08 03:57:00+00:00,2.1410876828824277
2026-05-08 03:58:00+00:00,0.0
2026-05-08 03:59:00+00:00,1.494788700083128
2026-05-08 04:00:00+00:00,1.607648270622249
2026-05-08 04:01:00+00:00,1.3114789983216781
2026-05-08 04:02:00+00:00,0.0
2026-05-08 04:03:00+00:00,0.9259423943047231
2026-05-08 04:04:00+00:00,0.0
2026-05-08 04:05:00+00:00,0.0
2026-05-08 04:06:00+00:00,0.528370979470665
2026-05-08 04:07:00+00:00,3.093743020228537
2026-05-08 04:08:00+00:00,0.0
2026-05-08 04:09:00+00:00,0.0
2026-05-08 04:10:00+00:00,1.3165778617367911
2026-05-08 04:11:00+00:00,1.8592105914105042
2026-05-08 04:12:00+00:00,1.2228004874796294
2026-05-08 04:13:00+00:00,0.0
2026-05-08 04:14:00+00:00,2.0154933677423847
2026-05-08 04:15:00+00:00,2.4199045931972822
2026-05-08 04:16:00+00:00,1.8017889081168827
2026-05-08 04:17:00+00:00,0.0
2026-05-08 04:18:00+00:00,0.0
2026-05-08 04:19:00+00:00,1.8922107124347032
2026-05-08 04:20:00+00:00,0.0
2026-05-08 04:21:00+00:00,2.8992841248664947
2026-05-08 04:22:00+00:00,0.0
2026-05-08 04:23:00+00:00,1.9684726336481524
2026-05-08 04:24:00+00:00,0.5673041209391548
2026-05-08 04:25:00+00:00,2.605987195947257
2026-05-08 04:26:00+00:00,2.395380207495435
2026-05-08 04:27:00+00:00,0.7428475694259994
2026-05-08 04:28:00+00:00,2.808349847179452
2026-05-08 04:29:00+00:00,2.264232375411808
2026-05-08 04:30:00+00:00,0.5020981879354013
2026-05-08 04:31:00+00:00,0.7313896287054492
2026-05-08 04:32:00+00:00,1.5206613715083164
2026-05-08 04:33:00+00:00,2.452070818494651
2026-05-08 04:34:00+00:00,2.402608873129303
2026-05-08 04:35:00+00:00,0.0
2026-05-08 04:36:00+00:00,0.598817176599573
2026-05-08 04:37:00+00:00,0.265028087249081
2026-05-08 04:38:00+00:00,1.2564354478972035
2026-05-08 04:39:00+00:00,2.752245988845044
2026-05-08 04:40:00+00:00,2.584151756650264
2026-05-08 04:41:00+00:00,1.4663785858454117
2026-05-08 04:42:00+00:00,1.7773435846319876
2026-05-08 04:43:00+00:00,0.6871946597867287
2026-05-08 04:44:00+00:00,2.921755650814397
2026-05-08 04:45:00+00:00,1.8888866130656763
2026-05-08 04:46:00+00:00,1.0582703325418457
2026-05-08 04:47:00+00:00,0.0
2026-05-08 04:48:00+00:00,1.0722776761985084
2026-05-08 04:49:00+00:00,0.638581851209486
2026-05-08 04:50:00+00:00,0.931234309401142
2026-05-08 04:51:00+00:00,2.185263444619417
2026-05-08 04:52:00+00:00,0.7216759632250096
2026-05-08 04:53:00+00:00,2.9733604573654895
2026-05-08 04:54:00+00:00,0.0
2026-05-08 04:55:00+00:00,2.6685887962993218
2026-05-08 04:56:00+00:00,2.864953844291321
2026-05-08 04:57:00+00:00,0.0
2026-05-08 04:58:00+00:00,1.9322946830352008
2026-05-08 04:59:00+00:00,0.0
2026-05-08 05:00:00+00:00,0.0
2026-05-08 05:01:00+00:00,0.0
2026-05-08 05:02:00+00:00,1.8220865464746576
2026-05-08 05:03:00+00:00,0.0
2026-05-08 05:04:00+00:00,0.0
2026-05-08 05:05:00+00:00,0.37549591301671426
2026-05-08 05:06:00+00:00,1.1825821252568665
2026-05-08 05:07:00+00:00,0.0
2026-05-08 05:08:00+00:00,0.0
2026-05-08 05:09:00+00:00,0.36927996194939783
2026-05-08 05:10:00+00:00,2.1784043878181296
2026-05-08 05:11:00+00:00,0.0
2026-05-08 05:12:00+00:00,1.856190369898936
2026-05-08 05:13:00+00:00,0.1763785099268934
2026-05-08 05:14:00+00:00,0.9994803641640829
2026-05-08 05:15:00+00:00,0.7924159394510166
2026-05-08 05:16:00+00:00,1.712888555664027
2026-05-08 05:17:00+00:00,3.013185276325026
2026-05-08 05:18:00+00:00,1.4222569989160925
2026-05-08 05:19:00+00:00,0.0
2026-05-08 05:20:00+00:00,1.6052330646567365
2026-05-08 05:21:00+00:00,0.4866338123638311
2026-05-08 05:22:00+00:00,1.958316775209615
2026-05-08 05:23:00+00:00,0.79630885711404
2026-05-08 05:24:00+00:00,2.233968574098148
2026-05-08 05:25:00+00:00,0.9114631339688446
2026-05-08 05:26:00+00:00,2.7058747219531227
2026-05-08 05:27:00+00:00,1.9935333778254596
2026-05-08 05:28:00+00:00,0.1711208638446792
2026-05-08 05:29:00+00:00,0.438505109004476
2026-05-08 05:30:00+00:00,1.2053084396431752
2026-05-08 05:31:00+00:00,0.6092335749047068
2026-05-08 05:32:00+00:00,1.786887661741479
2026-05-08 05:33:00+00:00,0.0
2026-05-08 05:34:00+00:00,0.0391861494977816
2026-05-08 05:35:00+00:00,0.27099344510018974
2026-05-08 05:36:00+00:00,2.891429204938197
2026-05-08 05:37:00+00:00,1.8138232670079983
2026-05-08 05:38:00+00:00,0.3742136536878379
2026-05-08 05:39:00+00:00,3.1424825861716426
2026-05-08 05:40:00+00:00,2.217370248254342
2026-05-08 05:41:00+00:00,0.5882002981445559
2026-05-08 05:42:00+00:00,0.0
2026-05-08 05:43:00+00:00,2.995753824468134
2026-05-08 05:44:00+00:00,0.0
2026-05-08 05:45:00+00:00,0.0342221875321979
2026-05-08 05:46:00+00:00,3.0759160591143586
2026-05-08 05:47:00+00:00,0.0
2026-05-08 05:48:00+00:00,1.513374297064997
2026-05-08 05:49:00+00:00,2.5312855074832417
2026-05-08 05:50:00+00:00,0.0527393341847575
2026-05-08 05:51:00+00:00,0.0475876042305552
2026-05-08 05:52:00+00:00,2.691671639859718
2026-05-08 05:53:00+00:00,0.7243428342206688
2026-05-08 05:54:00+00:00,2.0241843623263764
2026-05-08 05:55:00+00:00,0.0
2026-05-08 05:56:00+00:00,0.0
2026-05-08 05:57:00+00:00,0.8391820247601174
2026-05-08 05:58:00+00:00,2.6565949119354855
2026-05-08 05:59:00+00:00,0.1349381221602475
2026-05-08 06:00:00+00:00,1.6423751132477706
2026-05-08 06:01:00+00:00,0.0
2026-05-08 06:02:00+00:00,0.0
2026-05-08 06:03:00+00:00,0.3646209100750477
2026-05-08 06:04:00+00:00,2.171101238045081
2026-05-08 06:05:00+00:00,0.4663385264172561
2026-05-08 06:06:00+00:00,0.0
2026-05-08 06:07:00+00:00,0.0
2026-05-08 06:08:00+00:00,2.0539545895187827
2026-05-08 06:09:00+00:00,2.604754631721595
2026-05-08 06:10:00+00:00,2.431971572146573
2026-05-08 06:11:00+00:00,1.7103888526222053
2026-05-08 06:12:00+00:00,2.3442470919357903
2026-05-08 06:13:00+00:00,0.0
2026-05-08 06:14:00+00:00,0.0
2026-05-08 06:15:00+00:00,0.0
2026-05-08 06:16:00+00:00,1.4720360132213546
2026-05-08 06:17:00+00:00,0.0
2026-05-08 06:18:00+00:00,2.9022110849823735
2026-05-08 06:19:00+00:00,0.2630839030169882
2026-05-08 06:20:00+00:00,2.961110536017516
2026-05-08 06:21:00+00:00,0.6854056045466217
2026-05-08 06:22:00+00:00,0.0
2026-05-08 06:23:00+00:00,1.2070023879097338
2026-05-08 06:24:00+00:00,1.2090014973348349
2026-05-08 06:25:00+00:00,0.0
2026-05-08 06:26:00+00:00,2.2300633384892974
2026-05-08 06:27:00+00:00,0.4344222021672226
2026-05-08 06:28:00+00:00,2.149526135195464
2026-05-08 06:29:00+00:00,0.0
2026-05-08 06:30:00+00:00,1.083611014546325
2026-05-08 06:31:00+00:00,1.2270595239645412
2026-05-08 06:32:00+00:00,1.199188080870968
2026-05-08 06:33:00+00:00,0.0
2026-05-08 06:34:00+00:00,0.0
2026-05-08 06:35:00+00:00,0.6369119111926486
2026-05-08 06:36:00+00:00,1.16592859479076
2026-05-08 06:37:00+00:00,2.066766023353956
2026-05-08 06:38:00+00:00,1.3338237348694388
2026-05-08 06:39:00+00:00,2.684874224602112
2026-05-08 06:40:00+00:00,1.335407422624652
2026-05-08 06:41:00+00:00,2.246196149951873
2026-05-08 06:42:00+00:00,2.4861549827240044
2026-05-08 06:43:00+00:00,0.0
2026-05-08 06:44:00+00:00,0.0
2026-05-08 06:45:00+00:00,1.7010069526115403
2026-05-08 06:46:00+00:00,2.361489289815135
2026-05-08 06:47:00+00:00,0.2453890569144075
2026-05-08 06:48:00+00:00,2.690020526470388
2026-05-08 06:49:00+00:00,0.3654111985677733
2026-05-08 06:50:00+00:00,2.1148984696475552
2026-05-08 06:51:00+00:00,2.574701154272874
2026-05-08 06:52:00+00:00,2.646586774606322
2026-05-08 06:53:00+00:00,0.941016048849561
2026-05-08 06:54:00+00:00,0.0
2026-05-08 06:55:00+00:00,2.879749379482148
2026-05-08 06:56:00+00:00,1.4100494870282616
2026-05-08 06:57:00+00:00,2.785558952594389
2026-05-08 06:58:00+00:00,2.351073214923324
2026-05-08 06:59:00+00:00,2.379153009800103
2026-05-08 07:00:00+00:00,0.0
2026-05-08 07:01:00+00:00,1.1513850734319506
2026-05-08 07:02:00+00:00,1.032109003502411
2026-05-08 07:03:00+00:00,1.0056057529386235
2026-05-08 07:04:00+00:00,3.151533251167335
2026-05-08 07:05:00+00:00,2.89901488982721
2026-05-08 07:06:00+00:00,1.8172121151257603
2026-05-08 07:07:00+00:00,0.3744222559478544
2026-05-08 07:08:00+00:00,0.04543979060317428
2026-05-08 07:09:00+00:00,0.0
2026-05-08 07:10:00+00:00,0.7241365395360597
2026-05-08 07:11:00+00:00,1.5315634819002635
2026-05-08 07:12:00+00:00,0.0
2026-05-08 07:13:00+00:00,1.7569790188409233
2026-05-08 07:14:00+00:00,1.5578914123410796
2026-05-08 07:15:00+00:00,0.0
2026-05-08 07:16:00+00:00,0.0
2026-05-08 07:17:00+00:00,0.0
2026-05-08 07:18:00+00:00,1.2965335251293595
2026-05-08 07:19:00+00:00,0.4484569576987227
2026-05-08 07:20:00+00:00,0.0
2026-05-08 07:21:00+00:00,0.0
2026-05-08 07:22:00+00:00,1.2952575975986065
2026-05-08 07:23:00+00:00,2.8796282824114097
2026-05-08 07:24:00+00:00,1.0143778731605475
2026-05-08 07:25:00+00:00,0.0
2026-05-08 07:26:00+00:00,0.5204789803965745
2026-05-08 07:27:00+00:00,3.015449736270455
2026-05-08 07:28:00+00:00,2.581689751901153
2026-05-08 07:29:00+00:00,1.5670630703906296
2026-05-08 07:30:00+00:00,2.1008879706755432
2026-05-08 07:31:00+00:00,1.9839356262886938
2026-05-08 07:32:00+00:00,0.0
2026-05-08 07:33:00+00:00,2.0764694258429683
2026-05-08 07:34:00+00:00,0.0
2026-05-08 07:35:00+00:00,2.1600543484010104
2026-05-08 07:36:00+00:00,0.20232040630957562
2026-05-08 07:37:00+00:00,2.34723526734645
2026-05-08 07:38:00+00:00,0.0
2026-05-08 07:39:00+00:00,2.507757630657707
2026-05-08 07:40:00+00:00,0.5215868102013371
2026-05-08 07:41:00+00:00,1.9859761278562875
2026-05-08 07:42:00+00:00,0.5872802218104316
2026-05-08 07:43:00+00:00,1.4367281107128806
2026-05-08 07:44:00+00:00,0.0
2026-05-08 07:45:00+00:00,1.1455122949099228
2026-05-08 07:46:00+00:00,0.8408792937520584
2026-05-08 07:47:00+00:00,3.041663112494853
2026-05-08 07:48:00+00:00,0.7152892413848769
2026-05-08 07:49:00+00:00,0.6836890485725163
2026-05-08 07:50:00+00:00,0.08078926480709012
2026-05-08 07:51:00+00:00,0.0
2026-05-08 07:52:00+00:00,0.0
2026-05-08 07:53:00+00:00,0.4863826411800906
2026-05-08 07:54:00+00:00,0.0
2026-05-08 07:55:00+00:00,0.0
2026-05-08 07:56:00+00:00,1.4049795783648966
2026-05-08 07:57:00+00:00,0.704398582423999
2026-05-08 07:58:00+00:00,0.7765011226946027
2026-05-08 07:59:00+00:00,1.740787387965665
2026-05-08 08:00:00+00:00,1.92153287679576
2026-05-08 08:01:00+00:00,2.791188932622413
2026-05-08 08:02:00+00:00,0.0
2026-05-08 08:03:00+00:00,2.103955839025535
2026-05-08 08:04:00+00:00,1.3619144110757129
2026-05-08 08:05:00+00:00,0.0
2026-05-08 08:06:00+00:00,0.0
2026-05-08 08:07:00+00:00,0.0
2026-05-08 08:08:00+00:00,0.2405002827323193
2026-05-08 08:09:00+00:00,1.817691335052155
2026-05-08 08:10:00+00:00,1.320683203803761
2026-05-08 08:11:00+00:00,0.46705428591320713
2026-05-08 08:12:00+00:00,1.022329136361443
2026-05-08 08:13:00+00:00,0.0
2026-05-08 08:14:00+00:00,0.2248969575587817
2026-05-08 08:15:00+00:00,3.1053714700716992
2026-05-08 08:16:00+00:00,0.1719694879975714
2026-05-08 08:17:00+00:00,2.12947582082938
2026-05-08 08:18:00+00:00,0.0713940799651088
2026-05-08 08:19:00+00:00,0.460507841173747
2026-05-08 08:20:00+00:00,0.0
2026-05-08 08:21:00+00:00,2.809918905634322
2026-05-08 08:22:00+00:00,0.0
2026-05-08 08:23:00+00:00,0.2250299639957339
2026-05-08 08:24:00+00:00,2.327570190547147
2026-05-08 08:25:00+00:00,2.9795562911149744
2026-05-08 08:26:00+00:00,2.306970519349384
2026-05-08 08:27:00+00:00,2.719468648694704
2026-05-08 08:28:00+00:00,2.452739689526582
2026-05-08 08:29:00+00:00,1.5993405345313472
2026-05-08 08:30:00+00:00,0.0
2026-05-08 08:31:00+00:00,1.9994729979347703
2026-05-08 08:32:00+00:00,2.968013058603891
2026-05-08 08:33:00+00:00,0.0947509525371397
2026-05-08 08:34:00+00:00,2.0095067565344302
2026-05-08 08:35:00+00:00,0.0
2026-05-08 08:36:00+00:00,2.83516389483548
2026-05-08 08:37:00+00:00,2.319891518870594
2026-05-08 08:38:00+00:00,2.173927038722795
2026-05-08 08:39:00+00:00,2.310136641996671
2026-05-08 08:40:00+00:00,0.0
2026-05-08 08:41:00+00:00,0.7306406353981865
2026-05-08 08:42:00+00:00,2.522321697186848
2026-05-08 08:43:00+00:00,0.4114027774762785
2026-05-08 08:44:00+00:00,0.0
2026-05-08 08:45:00+00:00,2.559298662566749
2026-05-08 08:46:00+00:00,0.7173489023262457
2026-05-08 08:47:00+00:00,1.5276606841478593
2026-05-08 08:48:00+00:00,0.0
2026-05-08 08:49:00+00:00,0.9704996523621108
2026-05-08 08:50:00+00:00,1.0384214489713708
2026-05-08 08:51:00+00:00,0.9335308378934132
2026-05-08 08:52:00+00:00,1.7501916313295918
2026-05-08 08:53:00+00:00,0.0
2026-05-08 08:54:00+00:00,0.0
2026-05-08 08:55:00+00:00,0.0
2026-05-08 08:56:00+00:00,2.762447591773146
2026-05-08 08:57:00+00:00,0.0
2026-05-08 08:58:00+00:00,1.9390909748559435
2026-05-08 08:59:00+00:00,0.0
2026-05-08 09:00:00+00:00,0.4035233227769939
2026-05-08 09:01:00+00:00,2.9605630164602657
2026-05-08 09:02:00+00:00,2.025853534152421
2026-05-08 09:03:00+00:00,0.0
2026-05-08 09:04:00+00:00,2.9811739273869415
2026-05-08 09:05:00+00:00,2.52445405592524
2026-05-08 09:06:00+00:00,2.939395986932829
2026-05-08 09:07:00+00:00,1.3085134944890184
2026-05-08 09:08:00+00:00,0.19722335899955515
2026-05-08 09:09:00+00:00,0.0
2026-05-08 09:10:00+00:00,0.0
2026-05-08 09:11:00+00:00,1.4242481438847157
2026-05-08 09:12:00+00:00,1.3528266065142769
2026-05-08 09:13:00+00:00,0.7290095975289711
2026-05-08 09:14:00+00:00,0.0
2026-05-08 09:15:00+00:00,0.926130125831602
2026-05-08 09:16:00+00:00,2.5278353146732178
2026-05-08 09:17:00+00:00,2.540302682557676
2026-05-08 09:18:00+00:00,1.212984387325491
2026-05-08 09:19:00+00:00,0.0
2026-05-08 09:20:00+00:00,0.0
2026-05-08 09:21:00+00:00,0.0
2026-05-08 09:22:00+00:00,0.1553558656768777
2026-05-08 09:23:00+00:00,0.433098095938929
2026-05-08 09:24:00+00:00,1.97893485311358
2026-05-08 09:25:00+00:00,0.0
2026-05-08 09:26:00+00:00,1.0355251804123549
2026-05-08 09:27:00+00:00,0.0
2026-05-08 09:28:00+00:00,1.6856883347845648
2026-05-08 09:29:00+00:00,0.5091229547977564
2026-05-08 09:30:00+00:00,0.0
2026-05-08 09:31:00+00:00,0.5615983153969463
2026-05-08 09:32:00+00:00,1.3166740042442364
2026-05-08 09:33:00+00:00,1.9497862556508674
2026-05-08 09:34:00+00:00,0.0
2026-05-08 09:35:00+00:00,0.0
2026-05-08 09:36:00+00:00,0.8618629244044562
2026-05-08 09:37:00+00:00,0.0
2026-05-08 09:38:00+00:00,2.556896495297382
2026-05-08 09:39:00+00:00,1.6519917992868178
2026-05-08 09:40:00+00:00,2.8848861359661355
2026-05-08 09:41:00+00:00,0.0
2026-05-08 09:42:00+00:00,0.11268203497662276
2026-05-08 09:43:00+00:00,1.0567491098798854
2026-05-08 09:44:00+00:00,2.055782216331518
2026-05-08 09:45:00+00:00,0.0
2026-05-08 09:46:00+00:00,0.0
2026-05-08 09:47:00+00:00,2.635630112023332
2026-05-08 09:48:00+00:00,2.4633280893343086
2026-05-08 09:49:00+00:00,1.25679213171543
2026-05-08 09:50:00+00:00,2.957144550462673
2026-05-08 09:51:00+00:00,0.7131010017739232
2026-05-08 09:52:00+00:00,0.9180217840785859
2026-05-08 09:53:00+00:00,2.7160378816080666
2026-05-08 09:54:00+00:00,0.0
2026-05-08 09:55:00+00:00,0.0
2026-05-08 09:56:00+00:00,1.898204998266237
2026-05-08 09:57:00+00:00,1.0907769850507618
2026-05-08 09:58:00+00:00,1.5160737664475026
2026-05-08 09:59:00+00:00,0.0
2026-05-08 10:00:00+00:00,1.053314531234444
2026-05-08 10:01:00+00:00,1.8395244567381424
2026-05-08 10:02:00+00:00,1.7466604807522366
2026-05-08 10:03:00+00:00,0.2279219717920565
2026-05-08 10:04:00+00:00,0.6469039366436722
2026-05-08 10:05:00+00:00,1.7646728838742354
2026-05-08 10:06:00+00:00,1.8220926913980209
2026-05-08 10:07:00+00:00,0.0827221807170759
2026-05-08 10:08:00+00:00,0.0
2026-05-08 10:09:00+00:00,0.0
2026-05-08 10:10:00+00:00,0.0
2026-05-08 10:11:00+00:00,1.5339559096729942
2026-05-08 10:12:00+00:00,2.3239837405839
2026-05-08 10:13:00+00:00,0.26040489343973783
2026-05-08 10:14:00+00:00,1.9794194727212453
2026-05-08 10:15:00+00:00,2.311185009276768
2026-05-08 10:16:00+00:00,1.9438054962299798
2026-05-08 10:17:00+00:00,0.2065129209401124
2026-05-08 10:18:00+00:00,1.656527611276577
2026-05-08 10:19:00+00:00,2.645704997977925
2026-05-08 10:20:00+00:00,1.613217191544709
2026-05-08 10:21:00+00:00,3.170185681926904
2026-05-08 10:22:00+00:00,0.0
2026-05-08 10:23:00+00:00,1.5346212031303272
2026-05-08 10:24:00+00:00,0.8531732769928043
2026-05-08 10:25:00+00:00,2.1859145664847275
2026-05-08 10:26:00+00:00,0.0
2026-05-08 10:27:00+00:00,2.979798269114564
2026-05-08 10:28:00+00:00,1.9986777479685842
2026-05-08 10:29:00+00:00,3.0761588875593544
2026-05-08 10:30:00+00:00,2.6349436775083768
2026-05-08 10:31:00+00:00,0.3596035391644988
2026-05-08 10:32:00+00:00,2.1300139907275275
2026-05-08 10:33:00+00:00,0.9240637951478974
2026-05-08 10:34:00+00:00,0.5985305044975515
2026-05-08 10:35:00+00:00,2.404916977197274
2026-05-08 10:36:00+00:00,0.07990179497785324
2026-05-08 10:37:00+00:00,2.35597061151397
2026-05-08 10:38:00+00:00,0.0
2026-05-08 10:39:00+00:00,0.0
2026-05-08 10:40:00+00:00,2.512630473588062
2026-05-08 10:41:00+00:00,2.504027449814363
2026-05-08 10:42:00+00:00,0.7619065033702891
2026-05-08 10:43:00+00:00,0.5775886913104802
2026-05-08 10:44:00+00:00,2.3631860766499204
2026-05-08 10:45:00+00:00,2.6668593247280676
2026-05-08 10:46:00+00:00,0.3226149271830805
2026-05-08 10:47:00+00:00,1.1658896091093962
2026-05-08 10:48:00+00:00,2.147237210644215
2026-05-08 10:49:00+00:00,0.9448271755612824
2026-05-08 10:50:00+00:00,1.6313733716834335
2026-05-08 10:51:00+00:00,0.0
2026-05-08 10:52:00+00:00,0.0
2026-05-08 10:53:00+00:00,2.1283127705604192
2026-05-08 10:54:00+00:00,0.0124967093974598
2026-05-08 10:55:00+00:00,1.0434744698545142
2026-05-08 10:56:00+00:00,0.0
2026-05-08 10:57:00+00:00,1.9466759220594656
2026-05-08 10:58:00+00:00,0.0
2026-05-08 10:59:00+00:00,0.17402500864785525
2026-05-08 11:00:00+00:00,1.0686981733141738
2026-05-08 11:01:00+00:00,2.463786613118333
2026-05-08 11:02:00+00:00,2.5805760186407194
2026-05-08 11:03:00+00:00,0.0
2026-05-08 11:04:00+00:00,1.4552259766722864
2026-05-08 11:05:00+00:00,2.273357021573193
2026-05-08 11:06:00+00:00,0.1810376658140578
2026-05-08 11:07:00+00:00,0.08617192433276988
2026-05-08 11:08:00+00:00,2.6223488945546483
2026-05-08 11:09:00+00:00,0.0
2026-05-08 11:10:00+00:00,1.8095143562504854
2026-05-08 11:11:00+00:00,0.0
2026-05-08 11:12:00+00:00,0.0
2026-05-08 11:13:00+00:00,0.0
2026-05-08 11:14:00+00:00,0.3941908886649286
2026-05-08 11:15:00+00:00,1.9725579275744203
2026-05-08 11:16:00+00:00,0.0
2026-05-08 11:17:00+00:00,0.8111439252730596
2026-05-08 11:18:00+00:00,1.4702382606841216
2026-05-08 11:19:00+00:00,2.82127405924048
2026-05-08 11:20:00+00:00,1.3314877833618022
2026-05-08 11:21:00+00:00,1.4277008363339174
2026-05-08 11:22:00+00:00,0.1596052766274291
2026-05-08 11:23:00+00:00,0.0
2026-05-08 11:24:00+00:00,0.0
2026-05-08 11:25:00+00:00,0.436596497139276
2026-05-08 11:26:00+00:00,2.329244589182712
2026-05-08 11:27:00+00:00,0.0
2026-05-08 11:28:00+00:00,1.47946000663289
2026-05-08 11:29:00+00:00,0.0
2026-05-08 11:30:00+00:00,3.1274926866376718
2026-05-08 11:31:00+00:00,1.5444525224694718
2026-05-08 11:32:00+00:00,2.665825258303803
2026-05-08 11:33:00+00:00,0.9937473642706754
2026-05-08 11:34:00+00:00,1.2212529331572437
2026-05-08 11:35:00+00:00,1.7804504328076494
2026-05-08 11:36:00+00:00,1.1775119937196012
2026-05-08 11:37:00+00:00,2.186641488885083
2026-05-08 11:38:00+00:00,3.08222294101028
2026-05-08 11:39:00+00:00,1.8804371049436903
2026-05-08 11:40:00+00:00,1.9176097963992782
2026-05-08 11:41:00+00:00,0.0
2026-05-08 11:42:00+00:00,1.440110568053758
2026-05-08 11:43:00+00:00,0.0
2026-05-08 11:44:00+00:00,1.612669183225055
2026-05-08 11:45:00+00:00,0.0
2026-05-08 11:46:00+00:00,0.0
2026-05-08 11:47:00+00:00,2.293820247382233
2026-05-08 11:48:00+00:00,1.4091284524041707
2026-05-08 11:49:00+00:00,0.6787359114137356
2026-05-08 11:50:00+00:00,0.0
2026-05-08 11:51:00+00:00,0.0
2026-05-08 11:52:00+00:00,0.0
2026-05-08 11:53:00+00:00,0.8506925292174775
2026-05-08 11:54:00+00:00,1.4784254676450708
2026-05-08 11:55:00+00:00,0.47809316288443104
2026-05-08 11:56:00+00:00,0.0
2026-05-08 11:57:00+00:00,0.6127838628365415
2026-05-08 11:58:00+00:00,0.0
2026-05-08 11:59:00+00:00,0.0
2026-05-08 12:00:00+00:00,2.7278847892008997
2026-05-08 12:01:00+00:00,0.0
2026-05-08 12:02:00+00:00,0.953298203487126
2026-05-08 12:03:00+00:00,0.0
2026-05-08 12:04:00+00:00,2.4396760937156183
2026-05-08 12:05:00+00:00,0.0
2026-05-08 12:06:00+00:00,2.823311554557941
2026-05-08 12:07:00+00:00,1.7854743232878183
2026-05-08 12:08:00+00:00,0.0
2026-05-08 12:09:00+00:00,0.0
2026-05-08 12:10:00+00:00,0.0
2026-05-08 12:11:00+00:00,2.269620145775001
2026-05-08 12:12:00+00:00,0.8733979734391596
2026-05-08 12:13:00+00:00,2.9680276438384956
2026-05-08 12:14:00+00:00,0.9485667230675886
2026-05-08 12:15:00+00:00,0.5018151487318034
2026-05-08 12:16:00+00:00,2.020620331474235
2026-05-08 12:17:00+00:00,0.6574682633534896
2026-05-08 12:18:00+00:00,0.49780235238961296
2026-05-08 12:19:00+00:00,1.6939450202893829
2026-05-08 12:20:00+00:00,1.207419914258123
2026-05-08 12:21:00+00:00,0.0
2026-05-08 12:22:00+00:00,1.505421015037036
2026-05-08 12:23:00+00:00,0.6406432765450364
2026-05-08 12:24:00+00:00,0.0
2026-05-08 12:25:00+00:00,2.5413421899540234
2026-05-08 12:26:00+00:00,0.0
2026-05-08 12:27:00+00:00,0.394991930214811
2026-05-08 12:28:00+00:00,1.3398967988473678
2026-05-08 12:29:00+00:00,0.0
2026-05-08 12:30:00+00:00,1.5913989876203585
2026-05-08 12:31:00+00:00,2.64756174976164
2026-05-08 12:32:00+00:00,2.505229794997025
2026-05-08 12:33:00+00:00,2.3917792571519807
2026-05-08 12:34:00+00:00,0.3956492171791133
2026-05-08 12:35:00+00:00,0.8354792531218688
2026-05-08 12:36:00+00:00,0.4012895477524007
2026-05-08 12:37:00+00:00,1.3020876425427204
2026-05-08 12:38:00+00:00,1.5166132982503093
2026-05-08 12:39:00+00:00,2.671972542636573
2026-05-08 12:40:00+00:00,0.0
2026-05-08 12:41:00+00:00,0.18689537725427488
2026-05-08 12:42:00+00:00,0.0
2026-05-08 12:43:00+00:00,2.1114638723305927
2026-05-08 12:44:00+00:00,0.4365110224124857
2026-05-08 12:45:00+00:00,1.0710299966713537
2026-05-08 12:46:00+00:00,0.6074030966134822
2026-05-08 12:47:00+00:00,0.20561627727209017
2026-05-08 12:48:00+00:00,1.3644270348804617
2026-05-08 12:49:00+00:00,3.0353107062354794
2026-05-08 12:50:00+00:00,2.2688382647033296
2026-05-08 12:51:00+00:00,0.8648705863685295
2026-05-08 12:52:00+00:00,1.1262113308506463
2026-05-08 12:53:00+00:00,2.522015580089422
2026-05-08 12:54:00+00:00,0.21647649354139198
2026-05-08 12:55:00+00:00,0.0
2026-05-08 12:56:00+00:00,2.015737128986295
2026-05-08 12:57:00+00:00,0.6386306752798098
2026-05-08 12:58:00+00:00,0.1367794407402841
2026-05-08 12:59:00+00:00,3.1721691139859334
2026-05-08 13:00:00+00:00,0.0
2026-05-08 13:01:00+00:00,1.6910200715364245
2026-05-08 13:02:00+00:00,2.699584692225068
2026-05-08 13:03:00+00:00,1.963135212144571
2026-05-08 13:04:00+00:00,1.9952797890086023
2026-05-08 13:05:00+00:00,2.3599573340934548
2026-05-08 13:06:00+00:00,1.5257104079315078
2026-05-08 13:07:00+00:00,2.002945613177119
2026-05-08 13:08:00+00:00,1.0717814496839406
2026-05-08 13:09:00+00:00,2.2935991416124355
2026-05-08 13:10:00+00:00,0.0
2026-05-08 13:11:00+00:00,0.0
2026-05-08 13:12:00+00:00,1.3571176849561652
2026-05-08 13:13:00+00:00,0.0
2026-05-08 13:14:00+00:00,0.0
2026-05-08 13:15:00+00:00,0.0
2026-05-08 13:16:00+00:00,0.0
2026-05-08 13:17:00+00:00,2.885458492207142
2026-05-08 13:18:00+00:00,3.0156899297182607
2026-05-08 13:19:00+00:00,1.9789300348991903
2026-05-08 13:20:00+00:00,0.5886880679293193
2026-05-08 13:21:00+00:00,3.100993304436226
2026-05-08 13:22:00+00:00,0.0
2026-05-08 13:23:00+00:00,0.2121132858177191
2026-05-08 13:24:00+00:00,0.21203722373113698
2026-05-08 13:25:00+00:00,1.526635735273058
2026-05-08 13:26:00+00:00,0.9345248810748746
2026-05-08 13:27:00+00:00,0.0
2026-05-08 13:28:00+00:00,0.0
2026-05-08 13:29:00+00:00,2.487057305718482
2026-05-08 13:30:00+00:00,0.5151189788765584
2026-05-08 13:31:00+00:00,1.1976212023418986
2026-05-08 13:32:00+00:00,1.2567934292236749
2026-05-08 13:33:00+00:00,0.0
2026-05-08 13:34:00+00:00,2.1258108678999776
2026-05-08 13:35:00+00:00,1.2532091465793125
2026-05-08 13:36:00+00:00,0.0
2026-05-08 13:37:00+00:00,2.4532837910298224
2026-05-08 13:38:00+00:00,3.1582383090830253
2026-05-08 13:39:00+00:00,1.8208581422123908
2026-05-08 13:40:00+00:00,0.9130512112642484
2026-05-08 13:41:00+00:00,0.0
2026-05-08 13:42:00+00:00,0.9577185197658434
2026-05-08 13:43:00+00:00,0.7067340061993752
2026-05-08 13:44:00+00:00,2.374747591864353
2026-05-08 13:45:00+00:00,2.3042422662413387
2026-05-08 13:46:00+00:00,1.6862441218706878
2026-05-08 13:47:00+00:00,0.0
2026-05-08 13:48:00+00:00,0.0
2026-05-08 13:49:00+00:00,0.12902592240759253
2026-05-08 13:50:00+00:00,2.521785668050931
2026-05-08 13:51:00+00:00,0.0
2026-05-08 13:52:00+00:00,2.2073287781966298
2026-05-08 13:53:00+00:00,0.0
2026-05-08 13:54:00+00:00,0.5097677171744215
2026-05-08 13:55:00+00:00,1.913150811171175
2026-05-08 13:56:00+00:00,2.4176199851487663
2026-05-08 13:57:00+00:00,1.9177215963531407
2026-05-08 13:58:00+00:00,3.2117501130173745
2026-05-08 13:59:00+00:00,2.5148462690455284
2026-05-08 14:00:00+00:00,2.651036583369721
2026-05-08 14:01:00+00:00,2.058353056672201
2026-05-08 14:02:00+00:00,0.123379255554601
2026-05-08 14:03:00+00:00,0.071886091121642
2026-05-08 14:04:00+00:00,1.2737551821574291
2026-05-08 14:05:00+00:00,0.0
2026-05-08 14:06:00+00:00,2.0347783746584622
2026-05-08 14:07:00+00:00,2.233800030753512
2026-05-08 14:08:00+00:00,1.0476767968457548
2026-05-08 14:09:00+00:00,0.0
2026-05-08 14:10:00+00:00,0.0
2026-05-08 14:11:00+00:00,2.761047067959162
2026-05-08 14:12:00+00:00,0.0
2026-05-08 14:13:00+00:00,0.46626821459547124
2026-05-08 14:14:00+00:00,0.0
2026-05-08 14:15:00+00:00,0.0
2026-05-08 14:16:00+00:00,2.0641235191257428
2026-05-08 14:17:00+00:00,0.7331577751482884
2026-05-08 14:18:00+00:00,1.1012433940113238
2026-05-08 14:19:00+00:00,1.7198715849064385
2026-05-08 14:20:00+00:00,2.48642893608284
2026-05-08 14:21:00+00:00,2.0828987697259094
2026-05-08 14:22:00+00:00,1.2876599160875046
2026-05-08 14:23:00+00:00,0.9020533219802872
2026-05-08 14:24:00+00:00,0.0
2026-05-08 14:25:00+00:00,0.0
2026-05-08 14:26:00+00:00,0.0
2026-05-08 14:27:00+00:00,2.090233831978493
2026-05-08 14:28:00+00:00,2.4534240966914784
2026-05-08 14:29:00+00:00,0.6252344358063862
2026-05-08 14:30:00+00:00,0.0
2026-05-08 14:31:00+00:00,1.5541227114845355
2026-05-08 14:32:00+00:00,0.1212279023437759
2026-05-08 14:33:00+00:00,2.8304348999261864
2026-05-08 14:34:00+00:00,0.0
2026-05-08 14:35:00+00:00,2.190740612222634
2026-05-08 14:36:00+00:00,0.0
2026-05-08 14:37:00+00:00,1.937505055820829
2026-05-08 14:38:00+00:00,0.0
2026-05-08 14:39:00+00:00,2.1223534304096074
2026-05-08 14:40:00+00:00,0.4076474239560474
2026-05-08 14:41:00+00:00,1.7100606802481753
2026-05-08 14:42:00+00:00,0.9127069372858768
2026-05-08 14:43:00+00:00,0.45349652493419057
2026-05-08 14:44:00+00:00,0.0
2026-05-08 14:45:00+00:00,1.914020584323043
2026-05-08 14:46:00+00:00,0.0
2026-05-08 14:47:00+00:00,0.0
2026-05-08 14:48:00+00:00,0.0
2026-05-08 14:49:00+00:00,3.098231060915705
2026-05-08 14:50:00+00:00,2.9908634315575497
2026-05-08 14:51:00+00:00,0.0
2026-05-08 14:52:00+00:00,0.0787864888054666
2026-05-08 14:53:00+00:00,0.2944079525803131
2026-05-08 14:54:00+00:00,0.0
2026-05-08 14:55:00+00:00,1.6648707513371301
2026-05-08 14:56:00+00:00,2.0110092156225527
2026-05-08 14:57:00+00:00,0.0
2026-05-08 14:58:00+00:00,3.0922771956160204
2026-05-08 14:59:00+00:00,0.0
2026-05-08 15:00:00+00:00,0.0
2026-05-08 15:01:00+00:00,0.0
2026-05-08 15:02:00+00:00,0.0
2026-05-08 15:03:00+00:00,2.2913791245905903
2026-05-08 15:04:00+00:00,0.5156751348254602
2026-05-08 15:05:00+00:00,0.949265828890474
2026-05-08 15:06:00+00:00,2.954710252610304
2026-05-08 15:07:00+00:00,0.0178024743055782
2026-05-08 15:08:00+00:00,0.6921104869705207
2026-05-08 15:09:00+00:00,3.180175476939548
2026-05-08 15:10:00+00:00,1.974459688228753
2026-05-08 15:11:00+00:00,1.8125875332743688
2026-05-08 15:12:00+00:00,0.0
2026-05-08 15:13:00+00:00,0.2677788500026883
2026-05-08 15:14:00+00:00,0.0
2026-05-08 15:15:00+00:00,0.5776009947940978
2026-05-08 15:16:00+00:00,2.5207646929115306
2026-05-08 15:17:00+00:00,1.3499554172724464
2026-05-08 15:18:00+00:00,0.0
2026-05-08 15:19:00+00:00,2.320429406219774
2026-05-08 15:20:00+00:00,1.0525485812736817
2026-05-08 15:21:00+00:00,2.0635718402211274
2026-05-08 15:22:00+00:00,0.9675623059128908
2026-05-08 15:23:00+00:00,2.0211284199129578
2026-05-08 15:24:00+00:00,2.9033289195512624
2026-05-08 15:25:00+00:00,1.2231154200158887
2026-05-08 15:26:00+00:00,0.0
2026-05-08 15:27:00+00:00,0.0
2026-05-08 15:28:00+00:00,3.009409708699667
2026-05-08 15:29:00+00:00,0.5909855603478021
2026-05-08 15:30:00+00:00,1.9138369254369716
2026-05-08 15:31:00+00:00,2.1274253933064124
2026-05-08 15:32:00+00:00,0.42690858551534216
2026-05-08 15:33:00+00:00,0.0
2026-05-08 15:34:00+00:00,3.139729764452408
2026-05-08 15:35:00+00:00,0.3238273270026977
2026-05-08 15:36:00+00:00,0.5113736467099619
2026-05-08 15:37:00+00:00,0.426356744493655
2026-05-08 15:38:00+00:00,0.5042565090208004
2026-05-08 15:39:00+00:00,1.4430942470575112
2026-05-08 15:40:00+00:00,1.6788700124341358
2026-05-08 15:41:00+00:00,2.6787562946270485
2026-05-08 15:42:00+00:00,1.545250012514698
2026-05-08 15:43:00+00:00,0.3259004719754642
2026-05-08 15:44:00+00:00,0.0
2026-05-08 15:45:00+00:00,0.24757432730385123
2026-05-08 15:46:00+00:00,1.7033545440422673
2026-05-08 15:47:00+00:00,0.3857719717563513
2026-05-08 15:48:00+00:00,0.0
2026-05-08 15:49:00+00:00,0.0
2026-05-08 15:50:00+00:00,0.14030893436760347
2026-05-08 15:51:00+00:00,1.033040084873878
2026-05-08 15:52:00+00:00,2.734086598402119
2026-05-08 15:53:00+00:00,2.972296471914216
2026-05-08 15:54:00+00:00,1.0366275431630285
2026-05-08 15:55:00+00:00,0.0
2026-05-08 15:56:00+00:00,0.0
2026-05-08 15:57:00+00:00,1.4334800716304839
2026-05-08 15:58:00+00:00,1.6089603678380304
2026-05-08 15:59:00+00:00,0.0
2026-05-08 16:00:00+00:00,2.9143351296808606
2026-05-08 16:01:00+00:00,2.8175518099222168
2026-05-08 16:02:00+00:00,0.0
2026-05-08 16:03:00+00:00,0.5971328228568406
2026-05-08 16:04:00+00:00,0.2811332803313987
2026-05-08 16:05:00+00:00,1.745714014687669
2026-05-08 16:06:00+00:00,1.2452059603165142
2026-05-08 16:07:00+00:00,0.8407707256906276
2026-05-08 16:08:00+00:00,1.6920531944457349
2026-05-08 16:09:00+00:00,0.0
2026-05-08 16:10:00+00:00,2.695719057661706
2026-05-08 16:11:00+00:00,1.616264592311373
2026-05-08 16:12:00+00:00,1.361886304884172
2026-05-08 16:13:00+00:00,2.184336528634999
2026-05-08 16:14:00+00:00,0.0
2026-05-08 16:15:00+00:00,0.0
2026-05-08 16:16:00+00:00,3.0185922317195666
2026-05-08 16:17:00+00:00,0.7727707142730298
2026-05-08 16:18:00+00:00,2.935767296249564
2026-05-08 16:19:00+00:00,0.0
2026-05-08 16:20:00+00:00,0.2848111540995517
2026-05-08 16:21:00+00:00,1.6443648827193942
2026-05-08 16:22:00+00:00,0.0
2026-05-08 16:23:00+00:00,0.340789204690493
2026-05-08 16:24:00+00:00,3.112539082678875
2026-05-08 16:25:00+00:00,0.0
2026-05-08 16:26:00+00:00,0.9879593964933449
2026-05-08 16:27:00+00:00,2.2170285500926274
2026-05-08 16:28:00+00:00,0.8779443680969539
2026-05-08 16:29:00+00:00,0.8927351000285573
2026-05-08 16:30:00+00:00,2.3066190657470567
2026-05-08 16:31:00+00:00,2.729054723715045
2026-05-08 16:32:00+00:00,1.2838519686294003
2026-05-08 16:33:00+00:00,0.3811351444839251
2026-05-08 16:34:00+00:00,0.0
2026-05-08 16:35:00+00:00,3.030478527455837
2026-05-08 16:36:00+00:00,2.229042117152721
2026-05-08 16:37:00+00:00,0.0
2026-05-08 16:38:00+00:00,1.9958704322314473
2026-05-08 16:39:00+00:00,0.5988439319747341
2026-05-08 16:40:00+00:00,0.37442759414608345
2026-05-08 16:41:00+00:00,1.9937110580595805
2026-05-08 16:42:00+00:00,0.0
2026-05-08 16:43:00+00:00,0.9938814996907422
2026-05-08 16:44:00+00:00,0.0
2026-05-08 16:45:00+00:00,0.8592936960825884
2026-05-08 16:46:00+00:00,0.0
2026-05-08 16:47:00+00:00,3.2067871431210118
2026-05-08 16:48:00+00:00,1.5240688181326076
2026-05-08 16:49:00+00:00,0.0
2026-05-08 16:50:00+00:00,0.0
2026-05-08 16:51:00+00:00,0.0
2026-05-08 16:52:00+00:00,0.0
2026-05-08 16:53:00+00:00,1.5668238698953076
2026-05-08 16:54:00+00:00,0.7140963569106812
2026-05-08 16:55:00+00:00,1.2786158607020406
2026-05-08 16:56:00+00:00,0.4600210442048663
2026-05-08 16:57:00+00:00,0.0
2026-05-08 16:58:00+00:00,0.0
2026-05-08 16:59:00+00:00,1.2180147553043947
2026-05-08 17:00:00+00:00,2.9034467190018676
2026-05-08 17:01:00+00:00,1.5686767734321507
2026-05-08 17:02:00+00:00,2.458191861334289
2026-05-08 17:03:00+00:00,0.0
2026-05-08 17:04:00+00:00,0.0
2026-05-08 17:05:00+00:00,0.5822988732686271
2026-05-08 17:06:00+00:00,0.0
2026-05-08 17:07:00+00:00,0.1334157231421871
2026-05-08 17:08:00+00:00,3.1166797456776933
2026-05-08 17:09:00+00:00,0.0
2026-05-08 17:10:00+00:00,0.2661911997705982
2026-05-08 17:11:00+00:00,3.107841265115979
2026-05-08 17:12:00+00:00,2.3814570955300973
2026-05-08 17:13:00+00:00,0.5187646485291125
2026-05-08 17:14:00+00:00,0.06295733610780581
2026-05-08 17:15:00+00:00,0.6317324265996545
2026-05-08 17:16:00+00:00,3.111754209309047
2026-05-08 17:17:00+00:00,2.012179122562343
2026-05-08 17:18:00+00:00,2.515781642632902
2026-05-08 17:19:00+00:00,2.6919210545817447
2026-05-08 17:20:00+00:00,0.0
2026-05-08 17:21:00+00:00,0.05548636479838899
2026-05-08 17:22:00+00:00,0.0
2026-05-08 17:23:00+00:00,0.0
2026-05-08 17:24:00+00:00,0.0
2026-05-08 17:25:00+00:00,0.0
2026-05-08 17:26:00+00:00,3.205439651853316
2026-05-08 17:27:00+00:00,0.0
2026-05-08 17:28:00+00:00,2.404577688009473
2026-05-08 17:29:00+00:00,2.6644935931020255
2026-05-08 17:30:00+00:00,0.0
2026-05-08 17:31:00+00:00,1.5311799797223686
2026-05-08 17:32:00+00:00,0.23618904374594238
2026-05-08 17:33:00+00:00,3.0948741976776564
2026-05-08 17:34:00+00:00,0.0606367500739235
2026-05-08 17:35:00+00:00,1.1416839545378583
2026-05-08 17:36:00+00:00,2.92536939338848
2026-05-08 17:37:00+00:00,0.0
2026-05-08 17:38:00+00:00,0.0
2026-05-08 17:39:00+00:00,2.065564447537237
2026-05-08 17:40:00+00:00,0.48188873287507045
2026-05-08 17:41:00+00:00,3.131101757644829
2026-05-08 17:42:00+00:00,0.1303702492528731
2026-05-08 17:43:00+00:00,0.0
2026-05-08 17:44:00+00:00,0.7277677253566973
2026-05-08 17:45:00+00:00,2.773912144188896
2026-05-08 17:46:00+00:00,1.014031532351953
2026-05-08 17:47:00+00:00,0.9413749261301628
2026-05-08 17:48:00+00:00,0.7480258115089529
2026-05-08 17:49:00+00:00,0.9162295512232003
2026-05-08 17:50:00+00:00,2.4573919616640976
2026-05-08 17:51:00+00:00,0.5341022635504393
2026-05-08 17:52:00+00:00,2.1182216278632007
2026-05-08 17:53:00+00:00,1.6944762198029035
2026-05-08 17:54:00+00:00,0.6626678541070377
2026-05-08 17:55:00+00:00,2.3581576704410168
2026-05-08 17:56:00+00:00,2.720371884653119
2026-05-08 17:57:00+00:00,2.464410335677399
2026-05-08 17:58:00+00:00,0.1635411100915717
2026-05-08 17:59:00+00:00,0.0
2026-05-08 18:00:00+00:00,1.451728860204941
2026-05-08 18:01:00+00:00,3.213454953230843
2026-05-08 18:02:00+00:00,1.5096824639701916
2026-05-08 18:03:00+00:00,0.0
2026-05-08 18:04:00+00:00,0.0
2026-05-08 18:05:00+00:00,0.0
2026-05-08 18:06:00+00:00,1.3320966825755396
2026-05-08 18:07:00+00:00,0.0
2026-05-08 18:08:00+00:00,0.0
2026-05-08 18:09:00+00:00,0.0
2026-05-08 18:10:00+00:00,0.0
2026-05-08 18:11:00+00:00,2.671698826854337
2026-05-08 18:12:00+00:00,1.5156739774651096
2026-05-08 18:13:00+00:00,0.7087119162720609
2026-05-08 18:14:00+00:00,0.0
2026-05-08 18:15:00+00:00,1.310961906266899
2026-05-08 18:16:00+00:00,1.0764829472515292
2026-05-08 18:17:00+00:00,2.1913073334042754
2026-05-08 18:18:00+00:00,1.2725204458294062
2026-05-08 18:19:00+00:00,1.1250200063234566
2026-05-08 18:20:00+00:00,0.0
2026-05-08 18:21:00+00:00,1.7765435817963893
2026-05-08 18:22:00+00:00,0.838864221468225
2026-05-08 18:23:00+00:00,2.6629022484370988
2026-05-08 18:24:00+00:00,2.296029213133434
2026-05-08 18:25:00+00:00,0.7271326930006048
2026-05-08 18:26:00+00:00,0.0
2026-05-08 18:27:00+00:00,2.4697382911876526
2026-05-08 18:28:00+00:00,0.0
2026-05-08 18:29:00+00:00,0.0
2026-05-08 18:30:00+00:00,0.5228244494091914
2026-05-08 18:31:00+00:00,0.0
2026-05-08 18:32:00+00:00,0.0
2026-05-08 18:33:00+00:00,1.9428658615549077
2026-05-08 18:34:00+00:00,1.2658589010802557
2026-05-08 18:35:00+00:00,0.0
2026-05-08 18:36:00+00:00,3.159544454352744
2026-05-08 18:37:00+00:00,0.0
2026-05-08 18:38:00+00:00,1.2799028001575214
2026-05-08 18:39:00+00:00,0.3866620327990012
2026-05-08 18:40:00+00:00,0.0
2026-05-08 18:41:00+00:00,0.1592622191958418
2026-05-08 18:42:00+00:00,2.452544775560554
2026-05-08 18:43:00+00:00,2.194811025756234
2026-05-08 18:44:00+00:00,2.3933771539928856
2026-05-08 18:45:00+00:00,0.4697705334136657
2026-05-08 18:46:00+00:00,0.0
2026-05-08 18:47:00+00:00,0.0
2026-05-08 18:48:00+00:00,0.0
2026-05-08 18:49:00+00:00,1.519725850566661
2026-05-08 18:50:00+00:00,0.8646061360430962
2026-05-08 18:51:00+00:00,1.2481168694150389
2026-05-08 18:52:00+00:00,1.0602194843036736
2026-05-08 18:53:00+00:00,1.179231775401517
2026-05-08 18:54:00+00:00,1.7836173844260703
2026-05-08 18:55:00+00:00,1.174534140004686
2026-05-08 18:56:00+00:00,2.720345503748999
2026-05-08 18:57:00+00:00,2.1431542042418705
2026-05-08 18:58:00+00:00,2.726449893805985
2026-05-08 18:59:00+00:00,0.0
2026-05-08 19:00:00+00:00,1.2037539090945275
2026-05-08 19:01:00+00:00,2.6157649552874522
2026-05-08 19:02:00+00:00,1.541178464515543
2026-05-08 19:03:00+00:00,0.0
2026-05-08 19:04:00+00:00,0.4928791379631017
2026-05-08 19:05:00+00:00,2.2025993558449843
2026-05-08 19:06:00+00:00,3.046692355915911
2026-05-08 19:07:00+00:00,2.812061264670436
2026-05-08 19:08:00+00:00,2.384023158261872
2026-05-08 19:09:00+00:00,2.7940837755276364
2026-05-08 19:10:00+00:00,1.48794101630708
2026-05-08 19:11:00+00:00,1.7067489823920514
2026-05-08 19:12:00+00:00,0.0
2026-05-08 19:13:00+00:00,0.0
2026-05-08 19:14:00+00:00,2.2902234210713286
2026-05-08 19:15:00+00:00,0.0
2026-05-08 19:16:00+00:00,0.4018202943801114
2026-05-08 19:17:00+00:00,0.0
2026-05-08 19:18:00+00:00,0.6228875316307726
2026-05-08 19:19:00+00:00,1.8825990126833128
2026-05-08 19:20:00+00:00,0.0
2026-05-08 19:21:00+00:00,2.2648038779363584
2026-05-08 19:22:00+00:00,0.0
2026-05-08 19:23:00+00:00,0.0621883820383065
2026-05-08 19:24:00+00:00,1.1438434983274715
2026-05-08 19:25:00+00:00,1.2821942907802921
2026-05-08 19:26:00+00:00,2.198557949731969
2026-05-08 19:27:00+00:00,0.0
2026-05-08 19:28:00+00:00,0.0
2026-05-08 19:29:00+00:00,2.6183478665971087
2026-05-08 19:30:00+00:00,0.0
2026-05-08 19:31:00+00:00,2.6778447108605126
2026-05-08 19:32:00+00:00,2.0517709889913758
2026-05-08 19:33:00+00:00,1.7078830290963078
2026-05-08 19:34:00+00:00,2.3873311341392527
2026-05-08 19:35:00+00:00,0.0
2026-05-08 19:36:00+00:00,1.105684464241563
2026-05-08 19:37:00+00:00,0.8165252962118598
2026-05-08 19:38:00+00:00,0.3710579951761365
2026-05-08 19:39:00+00:00,0.6106044426776442
2026-05-08 19:40:00+00:00,1.9314181587084944
2026-05-08 19:41:00+00:00,0.0
2026-05-08 19:42:00+00:00,0.0
2026-05-08 19:43:00+00:00,0.21909356315959844
2026-05-08 19:44:00+00:00,2.3375695795597395
2026-05-08 19:45:00+00:00,3.045867722335286
2026-05-08 19:46:00+00:00,0.0
2026-05-08 19:47:00+00:00,0.0
2026-05-08 19:48:00+00:00,1.5757459884463805
2026-05-08 19:49:00+00:00,0.3516984145574423
2026-05-08 19:50:00+00:00,0.9786036765254954
2026-05-08 19:51:00+00:00,0.0
2026-05-08 19:52:00+00:00,0.0
2026-05-08 19:53:00+00:00,2.972766057137625
2026-05-08 19:54:00+00:00,2.6185703065527153
2026-05-08 19:55:00+00:00,2.7876235087141743
2026-05-08 19:56:00+00:00,0.0
2026-05-08 19:57:00+00:00,2.204814870899868
2026-05-08 19:58:00+00:00,1.8141949269091548
2026-05-08 19:59:00+00:00,0.0
2026-05-08 20:00:00+00:00,0.633746575264815
2026-05-08 20:01:00+00:00,2.082713073910182
2026-05-08 20:02:00+00:00,2.6463928920020057
2026-05-08 20:03:00+00:00,0.7038741944486836
2026-05-08 20:04:00+00:00,0.3511737038901084
2026-05-08 20:05:00+00:00,0.0
2026-05-08 20:06:00+00:00,0.0
2026-05-08 20:07:00+00:00,0.0
2026-05-08 20:08:00+00:00,1.469559488257259
2026-05-08 20:09:00+00:00,1.347520546685907
2026-05-08 20:10:00+00:00,0.166647132773156
2026-05-08 20:11:00+00:00,0.0
2026-05-08 20:12:00+00:00,0.0
2026-05-08 20:13:00+00:00,0.5995068400520462
2026-05-08 20:14:00+00:00,1.5579179738951847
2026-05-08 20:15:00+00:00,0.2958114054044017
2026-05-08 20:16:00+00:00,0.0
2026-05-08 20:17:00+00:00,3.07682182207459
2026-05-08 20:18:00+00:00,0.0
2026-05-08 20:19:00+00:00,0.0
2026-05-08 20:20:00+00:00,0.0
2026-05-08 20:21:00+00:00,1.0466861902299205
2026-05-08 20:22:00+00:00,0.0
2026-05-08 20:23:00+00:00,0.0
2026-05-08 20:24:00+00:00,0.0
2026-05-08 20:25:00+00:00,0.0
2026-05-08 20:26:00+00:00,0.0
2026-05-08 20:27:00+00:00,2.1229150738604394
2026-05-08 20:28:00+00:00,0.0
2026-05-08 20:29:00+00:00,0.0
2026-05-08 20:30:00+00:00,0.0
2026-05-08 20:31:00+00:00,0.0
2026-05-08 20:32:00+00:00,0.8501935405232951
2026-05-08 20:33:00+00:00,2.1701329847715334
2026-05-08 20:34:00+00:00,0.7471763549347261
2026-05-08 20:35:00+00:00,3.167107873900948
2026-05-08 20:36:00+00:00,0.9339795588657047
2026-05-08 20:37:00+00:00,3.0584877134054365
2026-05-08 20:38:00+00:00,1.9312827205902103
2026-05-08 20:39:00+00:00,2.343280531253732
2026-05-08 20:40:00+00:00,0.05315821613027954
2026-05-08 20:41:00+00:00,0.9281152143785072
2026-05-08 20:42:00+00:00,2.4408149073420606
2026-05-08 20:43:00+00:00,0.0
2026-05-08 20:44:00+00:00,0.6125539839520482
2026-05-08 20:45:00+00:00,0.889431899163678
2026-05-08 20:46:00+00:00,0.0
2026-05-08 20:47:00+00:00,2.584328490902572
2026-05-08 20:48:00+00:00,2.6059556100018324
2026-05-08 20:49:00+00:00,1.4171124386887082
2026-05-08 20:50:00+00:00,2.985950575149629
2026-05-08 20:51:00+00:00,0.0
2026-05-08 20:52:00+00:00,0.0
2026-05-08 20:53:00+00:00,1.308917154471607
2026-05-08 20:54:00+00:00,1.5168760254214764
2026-05-08 20:55:00+00:00,0.7385528048829795
2026-05-08 20:56:00+00:00,2.016238703346898
2026-05-08 20:57:00+00:00,1.1561069149683147
2026-05-08 20:58:00+00:00,0.0
2026-05-08 20:59:00+00:00,0.0
2026-05-08 21:00:00+00:00,1.2490246445875712
2026-05-08 21:01:00+00:00,0.1747523247454584
2026-05-08 21:02:00+00:00,1.8961416090211098
2026-05-08 21:03:00+00:00,0.0
2026-05-08 21:04:00+00:00,0.0
2026-05-08 21:05:00+00:00,0.0
2026-05-08 21:06:00+00:00,1.3069739631823982
2026-05-08 21:07:00+00:00,0.8874772656841474
2026-05-08 21:08:00+00:00,0.5702813545166764
2026-05-08 21:09:00+00:00,0.5340802104999668
2026-05-08 21:10:00+00:00,1.914642338028013
2026-05-08 21:11:00+00:00,0.6806288070782138
2026-05-08 21:12:00+00:00,0.8777800957714994
2026-05-08 21:13:00+00:00,0.7777941883981423
2026-05-08 21:14:00+00:00,0.2546180224313632
2026-05-08 21:15:00+00:00,0.1715506282877746
2026-05-08 21:16:00+00:00,1.3043787272008376
2026-05-08 21:17:00+00:00,2.990909530939912
2026-05-08 21:18:00+00:00,0.0
2026-05-08 21:19:00+00:00,1.906278534214859
2026-05-08 21:20:00+00:00,0.13218196871932056
2026-05-08 21:21:00+00:00,3.1705585373696965
2026-05-08 21:22:00+00:00,1.4291689773972092
2026-05-08 21:23:00+00:00,1.2743823504834348
2026-05-08 21:24:00+00:00,3.0776189486603864
2026-05-08 21:25:00+00:00,1.0768406701820101
2026-05-08 21:26:00+00:00,1.3622935330756527
2026-05-08 21:27:00+00:00,0.21955843974475672
2026-05-08 21:28:00+00:00,1.4533870983679729
2026-05-08 21:29:00+00:00,0.6615035218541463
2026-05-08 21:30:00+00:00,0.0
2026-05-08 21:31:00+00:00,0.9675321202058068
2026-05-08 21:32:00+00:00,1.1274952478824647
2026-05-08 21:33:00+00:00,2.9289681404482613
2026-05-08 21:34:00+00:00,0.6705070916439629
2026-05-08 21:35:00+00:00,0.4039577144264412
2026-05-08 21:36:00+00:00,2.171647004141007
2026-05-08 21:37:00+00:00,0.0
2026-05-08 21:38:00+00:00,2.4900821200474708
2026-05-08 21:39:00+00:00,1.7908355415112207
2026-05-08 21:40:00+00:00,0.02700468508561994
2026-05-08 21:41:00+00:00,2.7154223918383744
2026-05-08 21:42:00+00:00,2.557122549292236
2026-05-08 21:43:00+00:00,0.7150754876102774
2026-05-08 21:44:00+00:00,2.11484572301484
2026-05-08 21:45:00+00:00,0.0
2026-05-08 21:46:00+00:00,2.198138319582536
2026-05-08 21:47:00+00:00,1.7508012879450807
2026-05-08 21:48:00+00:00,1.1046565013628724
2026-05-08 21:49:00+00:00,2.2515974945877932
2026-05-08 21:50:00+00:00,2.339794183016562
2026-05-08 21:51:00+00:00,2.8599178704555777
2026-05-08 21:52:00+00:00,0.6255617547970042
2026-05-08 21:53:00+00:00,0.2104974035073447
2026-05-08 21:54:00+00:00,2.1767592226420613
2026-05-08 21:55:00+00:00,0.8949878376315711
2026-05-08 21:56:00+00:00,0.7757638864071414
2026-05-08 21:57:00+00:00,0.8108386948588676
2026-05-08 21:58:00+00:00,2.982747962581751
2026-05-08 21:59:00+00:00,3.155430652206949
2026-05-08 22:00:00+00:00,1.796465470839001
2026-05-08 22:01:00+00:00,1.7995186068730893
2026-05-08 22:02:00+00:00,2.152863016881405
2026-05-08 22:03:00+00:00,1.924514984538856
2026-05-08 22:04:00+00:00,0.0
2026-05-08 22:05:00+00:00,0.0
2026-05-08 22:06:00+00:00,1.3300299530029007
2026-05-08 22:07:00+00:00,3.1220078970738525
2026-05-08 22:08:00+00:00,0.513428252099513
2026-05-08 22:09:00+00:00,0.4167253655793774
2026-05-08 22:10:00+00:00,2.100223955072157
2026-05-08 22:11:00+00:00,2.699284548549204
2026-05-08 22:12:00+00:00,2.9458743365163524
2026-05-08 22:13:00+00:00,0.0
2026-05-08 22:14:00+00:00,0.01793934163315814
2026-05-08 22:15:00+00:00,2.129682142876913
2026-05-08 22:16:00+00:00,2.3493338637390404
2026-05-08 22:17:00+00:00,0.9724779531417675
2026-05-08 22:18:00+00:00,1.3191271088476197
2026-05-08 22:19:00+00:00,0.7792863938206672
2026-05-08 22:20:00+00:00,2.005463794142656
2026-05-08 22:21:00+00:00,1.798223414869038
2026-05-08 22:22:00+00:00,0.2866373278662651
2026-05-08 22:23:00+00:00,1.945360086476692
2026-05-08 22:24:00+00:00,0.0
2026-05-08 22:25:00+00:00,1.2085405599184045
2026-05-08 22:26:00+00:00,2.0847296771405035
2026-05-08 22:27:00+00:00,1.6004716191793875
2026-05-08 22:28:00+00:00,0.2877805337540953
2026-05-08 22:29:00+00:00,2.563100945745199
2026-05-08 22:30:00+00:00,2.1387775135841927
2026-05-08 22:31:00+00:00,1.2399725985907963
2026-05-08 22:32:00+00:00,0.3220186822880951
2026-05-08 22:33:00+00:00,0.0
2026-05-08 22:34:00+00:00,0.0
2026-05-08 22:35:00+00:00,0.39079131587296917
2026-05-08 22:36:00+00:00,0.421058796510524
2026-05-08 22:37:00+00:00,2.0378895010455724
2026-05-08 22:38:00+00:00,1.2302972513334731
2026-05-08 22:39:00+00:00,2.642505379366125
2026-05-08 22:40:00+00:00,0.1729820284814264
2026-05-08 22:41:00+00:00,0.0
2026-05-08 22:42:00+00:00,0.0
2026-05-08 22:43:00+00:00,2.136299197240903
2026-05-08 22:44:00+00:00,0.0
2026-05-08 22:45:00+00:00,3.1411111781405467
2026-05-08 22:46:00+00:00,0.2531434032698428
2026-05-08 22:47:00+00:00,0.0325978899366992
2026-05-08 22:48:00+00:00,2.344878556894162
2026-05-08 22:49:00+00:00,2.615065918170784
2026-05-08 22:50:00+00:00,2.3133735270139053
2026-05-08 22:51:00+00:00,3.0713153543912903
2026-05-08 22:52:00+00:00,1.8018105066559045
2026-05-08 22:53:00+00:00,1.70660538580976
2026-05-08 22:54:00+00:00,0.30830022102471905
2026-05-08 22:55:00+00:00,2.8354822156392006
2026-05-08 22:56:00+00:00,2.810476510146152
2026-05-08 22:57:00+00:00,1.4105179986419611
2026-05-08 22:58:00+00:00,0.8409850338401389
2026-05-08 22:59:00+00:00,2.1138776925407154
2026-05-08 23:00:00+00:00,2.0609007871930443
2026-05-08 23:01:00+00:00,1.1787073696463404
2026-05-08 23:02:00+00:00,0.0
2026-05-08 23:03:00+00:00,1.9911883244465587
2026-05-08 23:04:00+00:00,0.0
2026-05-08 23:05:00+00:00,1.878916664162104
2026-05-08 23:06:00+00:00,0.0
2026-05-08 23:07:00+00:00,0.0062360854871567
2026-05-08 23:08:00+00:00,2.005733096198101
2026-05-08 23:09:00+00:00,1.9610949413849565
2026-05-08 23:10:00+00:00,0.0
2026-05-08 23:11:00+00:00,0.0
2026-05-08 23:12:00+00:00,0.0
2026-05-08 23:13:00+00:00,2.780376485248677
2026-05-08 23:14:00+00:00,0.0
2026-05-08 23:15:00+00:00,1.231540969335302
2026-05-08 23:16:00+00:00,0.0
2026-05-08 23:17:00+00:00,2.8254838912679436
2026-05-08 23:18:00+00:00,1.7848884558492204
2026-05-08 23:19:00+00:00,1.147832678756206
2026-05-08 23:20:00+00:00,2.4238986851760673
2026-05-08 23:21:00+00:00,0.6891604270373275
2026-05-08 23:22:00+00:00,2.8165679268601864
2026-05-08 23:23:00+00:00,3.167205744497186
2026-05-08 23:24:00+00:00,0.1799368955456441
2026-05-08 23:25:00+00:00,1.5440152679697705
2026-05-08 23:26:00+00:00,1.4499999825563727
2026-05-08 23:27:00+00:00,0.730845084107703
2026-05-08 23:28:00+00:00,0.6492470020579401
2026-05-08 23:29:00+00:00,2.5508687874732088
2026-05-08 23:30:00+00:00,0.8207551566639085
2026-05-08 23:31:00+00:00,1.363243612619791
2026-05-08 23:32:00+00:00,3.157757215661634
2026-05-08 23:33:00+00:00,0.0
2026-05-08 23:34:00+00:00,0.09794751067232421
2026-05-08 23:35:00+00:00,1.7021453221379081
2026-05-08 23:36:00+00:00,1.8534288957238785
2026-05-08 23:37:00+00:00,2.50949401694692
2026-05-08 23:38:00+00:00,0.0
2026-05-08 23:39:00+00:00,1.2097582758900036
2026-05-08 23:40:00+00:00,2.343943979237752
2026-05-08 23:41:00+00:00,1.8886606960001562
2026-05-08 23:42:00+00:00,0.8907586933166548
2026-05-08 23:43:00+00:00,2.4302242524317523
2026-05-08 23:44:00+00:00,0.24188851876026415
2026-05-08 23:45:00+00:00,0.0
2026-05-08 23:46:00+00:00,0.6974692127622434
2026-05-08 23:47:00+00:00,0.0
2026-05-08 23:48:00+00:00,0.0
2026-05-08 23:49:00+00:00,2.281734471883009
2026-05-08 23:50:00+00:00,0.7410208022420746
2026-05-08 23:51:00+00:00,1.2437254327038698
2026-05-08 23:52:00+00:00,2.57394346970419
2026-05-08 23:53:00+00:00,1.6119905354636412
2026-05-08 23:54:00+00:00,0.543009164703899
2026-05-08 23:55:00+00:00,2.3128031241668414
2026-05-08 23:56:00+00:00,0.0
2026-05-08 23:57:00+00:00,0.0
2026-05-08 23:58:00+00:00,2.8814990287624203
2026-05-08 23:59:00+00:00,0.9003562643289748
2026-05-09 00:00:00+00:00,0.0
2026-05-09 00:01:00+00:00,2.6772237875148592
2026-05-09 00:02:00+00:00,0.0
2026-05-09 00:03:00+00:00,2.366151999863844
2026-05-09 00:04:00+00:00,0.40192947569482584
2026-05-09 00:05:00+00:00,2.634684991605854
2026-05-09 00:06:00+00:00,0.3963894242145598
2026-05-09 00:07:00+00:00,2.5005771471075118
2026-05-09 00:08:00+00:00,2.2357660564262045
2026-05-09 00:09:00+00:00,2.411002592618518
2026-05-09 00:10:00+00:00,2.040046811937021
2026-05-09 00:11:00+00:00,0.3292399395877179
2026-05-09 00:12:00+00:00,2.6854714208528225
2026-05-09 00:13:00+00:00,0.28266830822224737
2026-05-09 00:14:00+00:00,2.1523902509114277
2026-05-09 00:15:00+00:00,0.0
2026-05-09 00:16:00+00:00,2.0469509119854825
2026-05-09 00:17:00+00:00,0.0
2026-05-09 00:18:00+00:00,1.5143586627368124
2026-05-09 00:19:00+00:00,1.913597548236605
2026-05-09 00:20:00+00:00,1.594124614511518
2026-05-09 00:21:00+00:00,0.0
2026-05-09 00:22:00+00:00,0.0
2026-05-09 00:23:00+00:00,1.5954332355446692
2026-05-09 00:24:00+00:00,2.1450962282832147
2026-05-09 00:25:00+00:00,0.0
2026-05-09 00:26:00+00:00,0.0
2026-05-09 00:27:00+00:00,1.8054143640578826
2026-05-09 00:28:00+00:00,0.0
2026-05-09 00:29:00+00:00,2.4685791138790205
2026-05-09 00:30:00+00:00,2.5697189072727595
2026-05-09 00:31:00+00:00,2.8533428364998867
2026-05-09 00:32:00+00:00,0.0
2026-05-09 00:33:00+00:00,2.2108883619147472
2026-05-09 00:34:00+00:00,0.6567518041176957
2026-05-09 00:35:00+00:00,1.254492725427887
2026-05-09 00:36:00+00:00,0.24660652207539968
2026-05-09 00:37:00+00:00,3.0998781895782566
2026-05-09 00:38:00+00:00,0.0
2026-05-09 00:39:00+00:00,1.3611731278371442
2026-05-09 00:40:00+00:00,0.0
2026-05-09 00:41:00+00:00,0.7015677520259201
2026-05-09 00:42:00+00:00,2.094077252628792
2026-05-09 00:43:00+00:00,0.0
2026-05-09 00:44:00+00:00,1.628580397680575
2026-05-09 00:45:00+00:00,1.8096325345385789
2026-05-09 00:46:00+00:00,2.0609745698195088
2026-05-09 00:47:00+00:00,2.390715356527612
2026-05-09 00:48:00+00:00,1.8042953474912131
2026-05-09 00:49:00+00:00,0.0
2026-05-09 00:50:00+00:00,2.9598727072161877
2026-05-09 00:51:00+00:00,2.8540145283512377
2026-05-09 00:52:00+00:00,0.6523254446325027
2026-05-09 00:53:00+00:00,0.7452345367433311
2026-05-09 00:54:00+00:00,0.4479300938882239
2026-05-09 00:55:00+00:00,0.5064406982336243
2026-05-09 00:56:00+00:00,1.2653119076168011
2026-05-09 00:57:00+00:00,1.1709691983841874
2026-05-09 00:58:00+00:00,0.0
2026-05-09 00:59:00+00:00,0.0
2026-05-09 01:00:00+00:00,0.3632479033981042
2026-05-09 01:01:00+00:00,1.3680511068415684
2026-05-09 01:02:00+00:00,0.0
2026-05-09 01:03:00+00:00,3.075549777496474
2026-05-09 01:04:00+00:00,0.0599493655165311
2026-05-09 01:05:00+00:00,0.0
2026-05-09 01:06:00+00:00,2.5229320050593786
2026-05-09 01:07:00+00:00,0.9073179176665112
2026-05-09 01:08:00+00:00,1.7268777852801973
2026-05-09 01:09:00+00:00,2.9732219870160677
2026-05-09 01:10:00+00:00,0.0
2026-05-09 01:11:00+00:00,0.0
2026-05-09 01:12:00+00:00,0.1785367620016527
2026-05-09 01:13:00+00:00,0.6891860619016787
2026-05-09 01:14:00+00:00,0.3450237423769283
2026-05-09 01:15:00+00:00,0.374930789356057
2026-05-09 01:16:00+00:00,2.229621824644751
2026-05-09 01:17:00+00:00,0.0
2026-05-09 01:18:00+00:00,2.7395631328496752
2026-05-09 01:19:00+00:00,3.0082714974134674
2026-05-09 01:20:00+00:00,1.1523016026618944
2026-05-09 01:21:00+00:00,3.151267498679929
2026-05-09 01:22:00+00:00,0.10569779594383626
2026-05-09 01:23:00+00:00,0.317432675576642
2026-05-09 01:24:00+00:00,0.0
2026-05-09 01:25:00+00:00,1.757115026188912
2026-05-09 01:26:00+00:00,0.7142640995604106
2026-05-09 01:27:00+00:00,2.2261018086401863
2026-05-09 01:28:00+00:00,2.2433567126505043
2026-05-09 01:29:00+00:00,2.7444542258812934
2026-05-09 01:30:00+00:00,0.7068188564070659
2026-05-09 01:31:00+00:00,2.659149125590728
2026-05-09 01:32:00+00:00,1.8435713625031669
2026-05-09 01:33:00+00:00,1.3751802975764646
2026-05-09 01:34:00+00:00,1.004732238659119
2026-05-09 01:35:00+00:00,1.429810158025581
2026-05-09 01:36:00+00:00,0.9043272869334718
2026-05-09 01:37:00+00:00,2.4484841095295806
2026-05-09 01:38:00+00:00,3.1406314587881177
2026-05-09 01:39:00+00:00,0.6665312415464203
2026-05-09 01:40:00+00:00,0.7872511345259351
2026-05-09 01:41:00+00:00,1.4132821771492752
2026-05-09 01:42:00+00:00,0.9569340790466874
2026-05-09 01:43:00+00:00,1.5285231401728383
2026-05-09 01:44:00+00:00,0.0157343395625901
2026-05-09 01:45:00+00:00,1.0389054516053648
2026-05-09 01:46:00+00:00,0.0
2026-05-09 01:47:00+00:00,1.7969098950495563
2026-05-09 01:48:00+00:00,2.511506078131508
2026-05-09 01:49:00+00:00,0.0
2026-05-09 01:50:00+00:00,2.7668901921108815
2026-05-09 01:51:00+00:00,0.0
2026-05-09 01:52:00+00:00,1.780094956427496
2026-05-09 01:53:00+00:00,2.5446807001990885
2026-05-09 01:54:00+00:00,1.869712353340162
2026-05-09 01:55:00+00:00,0.0
2026-05-09 01:56:00+00:00,1.1746612345470686
2026-05-09 01:57:00+00:00,2.917462507395225
2026-05-09 01:58:00+00:00,0.0
2026-05-09 01:59:00+00:00,0.0
2026-05-09 02:00:00+00:00,2.060331365117684
2026-05-09 02:01:00+00:00,0.7354031604761256
2026-05-09 02:02:00+00:00,0.282649377870875
2026-05-09 02:03:00+00:00,2.174168534091677
2026-05-09 02:04:00+00:00,2.8906247695445986
2026-05-09 02:05:00+00:00,0.0
2026-05-09 02:06:00+00:00,1.0415539435900016
2026-05-09 02:07:00+00:00,1.5750917888397402
2026-05-09 02:08:00+00:00,0.5857249112879147
2026-05-09 02:09:00+00:00,0.0
2026-05-09 02:10:00+00:00,2.440364288417988
2026-05-09 02:11:00+00:00,1.1740820244156087
2026-05-09 02:12:00+00:00,0.6577093345720423
2026-05-09 02:13:00+00:00,0.0
2026-05-09 02:14:00+00:00,0.10327577425158732
2026-05-09 02:15:00+00:00,2.859493740282749
2026-05-09 02:16:00+00:00,2.8541615339514292
2026-05-09 02:17:00+00:00,2.1173214484136245
2026-05-09 02:18:00+00:00,0.1623885486252562
2026-05-09 02:19:00+00:00,2.999474102552263
2026-05-09 02:20:00+00:00,1.0592306678722527
2026-05-09 02:21:00+00:00,0.43859402718905494
2026-05-09 02:22:00+00:00,0.0
2026-05-09 02:23:00+00:00,2.026164867954709
2026-05-09 02:24:00+00:00,0.2954485390714815
2026-05-09 02:25:00+00:00,0.0
2026-05-09 02:26:00+00:00,2.96670657779511
2026-05-09 02:27:00+00:00,1.2734334677268864
2026-05-09 02:28:00+00:00,0.690724081443802
2026-05-09 02:29:00+00:00,1.8336202381947864
2026-05-09 02:30:00+00:00,0.0
2026-05-09 02:31:00+00:00,0.0584328155829481
2026-05-09 02:32:00+00:00,0.41140649284617514
2026-05-09 02:33:00+00:00,0.0
2026-05-09 02:34:00+00:00,0.0
2026-05-09 02:35:00+00:00,0.6759777434218627
2026-05-09 02:36:00+00:00,0.5863204177112108
2026-05-09 02:37:00+00:00,0.0
2026-05-09 02:38:00+00:00,0.1882818229023141
2026-05-09 02:39:00+00:00,0.0
2026-05-09 02:40:00+00:00,0.0
2026-05-09 02:41:00+00:00,0.1155550300605799
2026-05-09 02:42:00+00:00,1.0564108105286794
2026-05-09 02:43:00+00:00,2.8088770517849087
2026-05-09 02:44:00+00:00,0.4401584758371015
2026-05-09 02:45:00+00:00,2.075236558994145
2026-05-09 02:46:00+00:00,0.5571188587364331
2026-05-09 02:47:00+00:00,2.493840245879857
2026-05-09 02:48:00+00:00,0.858904516928287
2026-05-09 02:49:00+00:00,0.07493174835418627
2026-05-09 02:50:00+00:00,1.047152579960248
2026-05-09 02:51:00+00:00,1.3313863350651431
2026-05-09 02:52:00+00:00,1.9428842709094374
2026-05-09 02:53:00+00:00,0.9333263304872677
2026-05-09 02:54:00+00:00,0.6927331943754272
2026-05-09 02:55:00+00:00,1.325396230782095
2026-05-09 02:56:00+00:00,0.0
2026-05-09 02:57:00+00:00,1.153991659557875
2026-05-09 02:58:00+00:00,1.3666150895337286
2026-05-09 02:59:00+00:00,2.642175104376123
2026-05-09 03:00:00+00:00,1.45753178214741
2026-05-09 03:01:00+00:00,1.0363549157206502
2026-05-09 03:02:00+00:00,0.0
2026-05-09 03:03:00+00:00,0.0
2026-05-09 03:04:00+00:00,1.8029777306126722
2026-05-09 03:05:00+00:00,0.05698020826818696
2026-05-09 03:06:00+00:00,1.9305267331587337
2026-05-09 03:07:00+00:00,0.3807638797917495
2026-05-09 03:08:00+00:00,0.2445084881033939
2026-05-09 03:09:00+00:00,2.498631706947969
2026-05-09 03:10:00+00:00,0.0
2026-05-09 03:11:00+00:00,0.0
2026-05-09 03:12:00+00:00,2.4724117689919605
2026-05-09 03:13:00+00:00,1.0897843512947922
2026-05-09 03:14:00+00:00,0.0
2026-05-09 03:15:00+00:00,0.0
2026-05-09 03:16:00+00:00,0.9148495526046775
2026-05-09 03:17:00+00:00,2.208129360334396
2026-05-09 03:18:00+00:00,2.7639388230675026
2026-05-09 03:19:00+00:00,1.3333251408402322
2026-05-09 03:20:00+00:00,1.262933903712797
2026-05-09 03:21:00+00:00,0.0
2026-05-09 03:22:00+00:00,0.9402908684255662
2026-05-09 03:23:00+00:00,0.4060116190163477
2026-05-09 03:24:00+00:00,1.6446193093167192
2026-05-09 03:25:00+00:00,2.651897831143285
2026-05-09 03:26:00+00:00,2.4850980168339665
2026-05-09 03:27:00+00:00,1.0640295815740106
2026-05-09 03:28:00+00:00,1.1874322258340613
2026-05-09 03:29:00+00:00,0.0
2026-05-09 03:30:00+00:00,2.9520523773469005
2026-05-09 03:31:00+00:00,3.0273007602624844
2026-05-09 03:32:00+00:00,0.6431676766118527
2026-05-09 03:33:00+00:00,3.0694503615684745
2026-05-09 03:34:00+00:00,0.0
2026-05-09 03:35:00+00:00,2.4346254612862874
2026-05-09 03:36:00+00:00,0.0
2026-05-09 03:37:00+00:00,0.8475904839403535
2026-05-09 03:38:00+00:00,1.4679903736290365
2026-05-09 03:39:00+00:00,1.8553277023959445
2026-05-09 03:40:00+00:00,2.4623918543192334
2026-05-09 03:41:00+00:00,0.5833833262441119
2026-05-09 03:42:00+00:00,2.349492354365018
2026-05-09 03:43:00+00:00,0.1050853246051962
2026-05-09 03:44:00+00:00,1.0881675075962105
2026-05-09 03:45:00+00:00,1.0284418044296737
2026-05-09 03:46:00+00:00,0.0
2026-05-09 03:47:00+00:00,2.8262872313360674
2026-05-09 03:48:00+00:00,0.0
2026-05-09 03:49:00+00:00,3.005830853790088
2026-05-09 03:50:00+00:00,0.9845776010400084
2026-05-09 03:51:00+00:00,0.0
2026-05-09 03:52:00+00:00,0.0
2026-05-09 03:53:00+00:00,2.993573459726354
2026-05-09 03:54:00+00:00,0.7593528941125135
2026-05-09 03:55:00+00:00,2.7549494003096267
2026-05-09 03:56:00+00:00,2.0091969964969323
2026-05-09 03:57:00+00:00,1.8007678982452846
2026-05-09 03:58:00+00:00,1.577394257118063
2026-05-09 03:59:00+00:00,2.8775942202632843
2026-05-09 04:00:00+00:00,0.0
2026-05-09 04:01:00+00:00,2.413624840301968
2026-05-09 04:02:00+00:00,0.3597742408103234
2026-05-09 04:03:00+00:00,1.6913103045443785
2026-05-09 04:04:00+00:00,0.8225973483372286
2026-05-09 04:05:00+00:00,2.2278263273296512
2026-05-09 04:06:00+00:00,0.0
2026-05-09 04:07:00+00:00,0.0
2026-05-09 04:08:00+00:00,2.604627464741707
2026-05-09 04:09:00+00:00,1.4620760505943249
2026-05-09 04:10:00+00:00,0.7192374524841871
2026-05-09 04:11:00+00:00,0.0
2026-05-09 04:12:00+00:00,0.8271326151931374
2026-05-09 04:13:00+00:00,1.5523470911150037
2026-05-09 04:14:00+00:00,0.376247807827813
2026-05-09 04:15:00+00:00,0.2181308283459999
2026-05-09 04:16:00+00:00,0.0
2026-05-09 04:17:00+00:00,0.0
2026-05-09 04:18:00+00:00,2.7165865525914175
2026-05-09 04:19:00+00:00,0.0
2026-05-09 04:20:00+00:00,0.0
2026-05-09 04:21:00+00:00,2.5898975774682595
2026-05-09 04:22:00+00:00,0.0
2026-05-09 04:23:00+00:00,0.521545860125291
2026-05-09 04:24:00+00:00,2.1402879705129907
2026-05-09 04:25:00+00:00,1.2335120043456689
2026-05-09 04:26:00+00:00,1.677087998152092
2026-05-09 04:27:00+00:00,1.842753910097426
2026-05-09 04:28:00+00:00,0.0
2026-05-09 04:29:00+00:00,2.5210195174412084
2026-05-09 04:30:00+00:00,0.0
2026-05-09 04:31:00+00:00,2.805467322804024
2026-05-09 04:32:00+00:00,1.4012284344445218
2026-05-09 04:33:00+00:00,0.0
2026-05-09 04:34:00+00:00,0.2073946464889592
2026-05-09 04:35:00+00:00,0.0
2026-05-09 04:36:00+00:00,2.4062338071685483
2026-05-09 04:37:00+00:00,2.9879413716395185
2026-05-09 04:38:00+00:00,1.6838533522474037
2026-05-09 04:39:00+00:00,0.0
2026-05-09 04:40:00+00:00,2.633541909803332
2026-05-09 04:41:00+00:00,1.1160594492663038
2026-05-09 04:42:00+00:00,0.0
2026-05-09 04:43:00+00:00,0.0
2026-05-09 04:44:00+00:00,0.0
2026-05-09 04:45:00+00:00,0.0
2026-05-09 04:46:00+00:00,0.0
2026-05-09 04:47:00+00:00,0.9233697100312944
2026-05-09 04:48:00+00:00,0.0
2026-05-09 04:49:00+00:00,0.04170508415443928
2026-05-09 04:50:00+00:00,1.03395186244563
2026-05-09 04:51:00+00:00,0.0
2026-05-09 04:52:00+00:00,2.894666393500071
2026-05-09 04:53:00+00:00,0.0
2026-05-09 04:54:00+00:00,0.0
2026-05-09 04:55:00+00:00,2.2147752274039103
2026-05-09 04:56:00+00:00,3.008716099037485
2026-05-09 04:57:00+00:00,0.5530068920262109
2026-05-09 04:58:00+00:00,2.193671410804802
2026-05-09 04:59:00+00:00,0.8988486247888999
2026-05-09 05:00:00+00:00,2.574002827114128
2026-05-09 05:01:00+00:00,0.0
2026-05-09 05:02:00+00:00,0.0
2026-05-09 05:03:00+00:00,0.6129407401154288
2026-05-09 05:04:00+00:00,1.168064585825529
2026-05-09 05:05:00+00:00,0.0
2026-05-09 05:06:00+00:00,1.3746866509693687
2026-05-09 05:07:00+00:00,0.0
2026-05-09 05:08:00+00:00,0.0
2026-05-09 05:09:00+00:00,0.05728758976409851
2026-05-09 05:10:00+00:00,1.3729956494347957
2026-05-09 05:11:00+00:00,0.07816296898630085
2026-05-09 05:12:00+00:00,0.0
2026-05-09 05:13:00+00:00,1.3915874318126662
2026-05-09 05:14:00+00:00,2.4666793419794377
2026-05-09 05:15:00+00:00,0.0
2026-05-09 05:16:00+00:00,0.32768600596799313
2026-05-09 05:17:00+00:00,2.6700601657021767
2026-05-09 05:18:00+00:00,0.3981267325498923
2026-05-09 05:19:00+00:00,3.0101462629387763
2026-05-09 05:20:00+00:00,0.3447238251053872
2026-05-09 05:21:00+00:00,2.142087899195405
2026-05-09 05:22:00+00:00,2.513268749926358
2026-05-09 05:23:00+00:00,0.0
2026-05-09 05:24:00+00:00,3.1087104641873355
2026-05-09 05:25:00+00:00,1.294272837276392
2026-05-09 05:26:00+00:00,0.0
2026-05-09 05:27:00+00:00,2.8849714730239477
2026-05-09 05:28:00+00:00,1.0238310201316174
2026-05-09 05:29:00+00:00,1.0224068075077892
2026-05-09 05:30:00+00:00,0.0
2026-05-09 05:31:00+00:00,0.0
2026-05-09 05:32:00+00:00,2.7691343169432368
2026-05-09 05:33:00+00:00,1.25337497516992
2026-05-09 05:34:00+00:00,2.696506704494077
2026-05-09 05:35:00+00:00,0.0
2026-05-09 05:36:00+00:00,3.0512681893874896
2026-05-09 05:37:00+00:00,1.2128449305697069
2026-05-09 05:38:00+00:00,0.3564334041903497
2026-05-09 05:39:00+00:00,0.0
2026-05-09 05:40:00+00:00,0.4954495773576403
2026-05-09 05:41:00+00:00,2.4734798001416447
2026-05-09 05:42:00+00:00,2.494564976563442
2026-05-09 05:43:00+00:00,1.5891380277479137
2026-05-09 05:44:00+00:00,1.3384388781985637
2026-05-09 05:45:00+00:00,0.6731176791843518
2026-05-09 05:46:00+00:00,2.6110952583852027
2026-05-09 05:47:00+00:00,1.4807322592171732
2026-05-09 05:48:00+00:00,0.7912006953625141
2026-05-09 05:49:00+00:00,2.8406887109726506
2026-05-09 05:50:00+00:00,2.51552255567708
2026-05-09 05:51:00+00:00,3.154147975225077
2026-05-09 05:52:00+00:00,0.0
2026-05-09 05:53:00+00:00,2.6475134182673363
2026-05-09 05:54:00+00:00,0.0
2026-05-09 05:55:00+00:00,1.0389338438335358
2026-05-09 05:56:00+00:00,1.9570947841311923
2026-05-09 05:57:00+00:00,0.0
2026-05-09 05:58:00+00:00,2.1475385476277054
2026-05-09 05:59:00+00:00,3.147484500585927
2026-05-09 06:00:00+00:00,2.236384646335537
2026-05-09 06:01:00+00:00,1.2001561391625353
2026-05-09 06:02:00+00:00,1.8651458924075568
2026-05-09 06:03:00+00:00,1.252007303559702
2026-05-09 06:04:00+00:00,0.4835632371124213
2026-05-09 06:05:00+00:00,1.830700959024159
2026-05-09 06:06:00+00:00,2.0693522091252907
2026-05-09 06:07:00+00:00,0.12119632722060539
2026-05-09 06:08:00+00:00,3.0352983211043294
2026-05-09 06:09:00+00:00,0.4582095347857075
2026-05-09 06:10:00+00:00,2.7404464296963154
2026-05-09 06:11:00+00:00,1.675133222267675
2026-05-09 06:12:00+00:00,0.2368165800217202
2026-05-09 06:13:00+00:00,1.955628335556392
2026-05-09 06:14:00+00:00,0.4337637006959342
2026-05-09 06:15:00+00:00,0.4937141971369959
2026-05-09 06:16:00+00:00,0.1474560840586681
2026-05-09 06:17:00+00:00,2.855624724466749
2026-05-09 06:18:00+00:00,0.0
2026-05-09 06:19:00+00:00,2.7592070533760436
2026-05-09 06:20:00+00:00,2.127616603600757
2026-05-09 06:21:00+00:00,2.580819177898177
2026-05-09 06:22:00+00:00,1.8461001497264395
2026-05-09 06:23:00+00:00,1.8590819231725417
2026-05-09 06:24:00+00:00,0.0
2026-05-09 06:25:00+00:00,0.0
2026-05-09 06:26:00+00:00,0.0
2026-05-09 06:27:00+00:00,1.4901938716295982
2026-05-09 06:28:00+00:00,1.0279240888784453
2026-05-09 06:29:00+00:00,0.9800421745575505
2026-05-09 06:30:00+00:00,0.08227776445629459
2026-05-09 06:31:00+00:00,2.36642875861703
2026-05-09 06:32:00+00:00,1.3891207603913607
2026-05-09 06:33:00+00:00,0.0
2026-05-09 06:34:00+00:00,2.4350866977296146
2026-05-09 06:35:00+00:00,0.2066882498915611
2026-05-09 06:36:00+00:00,0.0
2026-05-09 06:37:00+00:00,0.4291731776824218
2026-05-09 06:38:00+00:00,2.3128219155074934
2026-05-09 06:39:00+00:00,0.132294625654454
2026-05-09 06:40:00+00:00,1.506404621661794
2026-05-09 06:41:00+00:00,0.4415242498639884
2026-05-09 06:42:00+00:00,2.2706092269385536
2026-05-09 06:43:00+00:00,3.129871362988529
2026-05-09 06:44:00+00:00,1.2127429706553383
2026-05-09 06:45:00+00:00,2.0028676296677874
2026-05-09 06:46:00+00:00,2.8697614123091517
2026-05-09 06:47:00+00:00,1.742985204186419
2026-05-09 06:48:00+00:00,0.0
2026-05-09 06:49:00+00:00,0.7530767833877582
2026-05-09 06:50:00+00:00,2.624013023048421
2026-05-09 06:51:00+00:00,0.0
2026-05-09 06:52:00+00:00,0.762875412918988
2026-05-09 06:53:00+00:00,0.0
2026-05-09 06:54:00+00:00,3.037105728682701
2026-05-09 06:55:00+00:00,0.7679724038120189
2026-05-09 06:56:00+00:00,1.7260684914003872
2026-05-09 06:57:00+00:00,0.8715941059321125
2026-05-09 06:58:00+00:00,2.1343748778119416
2026-05-09 06:59:00+00:00,0.0
2026-05-09 07:00:00+00:00,3.1576232810782554
2026-05-09 07:01:00+00:00,0.0
2026-05-09 07:02:00+00:00,0.895754351444541
2026-05-09 07:03:00+00:00,1.87372455817328
2026-05-09 07:04:00+00:00,0.7443310715682313
2026-05-09 07:05:00+00:00,0.0
2026-05-09 07:06:00+00:00,2.160594417128085
2026-05-09 07:07:00+00:00,0.28693968698812655
2026-05-09 07:08:00+00:00,1.6249101297324673
2026-05-09 07:09:00+00:00,2.51032711531047
2026-05-09 07:10:00+00:00,0.9805422442029256
2026-05-09 07:11:00+00:00,0.23789667019624863
2026-05-09 07:12:00+00:00,1.3460950203524118
2026-05-09 07:13:00+00:00,1.0947445729840708
2026-05-09 07:14:00+00:00,1.798599945847131
2026-05-09 07:15:00+00:00,1.507337634877084
2026-05-09 07:16:00+00:00,2.924861422403737
2026-05-09 07:17:00+00:00,1.0500974944250057
2026-05-09 07:18:00+00:00,0.47363303505113197
2026-05-09 07:19:00+00:00,2.8670015980094696
2026-05-09 07:20:00+00:00,1.6027013048707561
2026-05-09 07:21:00+00:00,0.0
2026-05-09 07:22:00+00:00,0.0
2026-05-09 07:23:00+00:00,3.106975319953672
2026-05-09 07:24:00+00:00,1.834513744447156
2026-05-09 07:25:00+00:00,1.9656666358541552
2026-05-09 07:26:00+00:00,0.0
2026-05-09 07:27:00+00:00,0.0
2026-05-09 07:28:00+00:00,0.0
2026-05-09 07:29:00+00:00,0.0
2026-05-09 07:30:00+00:00,0.0
2026-05-09 07:31:00+00:00,0.3779809342803679
2026-05-09 07:32:00+00:00,3.1490670092992508
2026-05-09 07:33:00+00:00,3.0310614545392416
2026-05-09 07:34:00+00:00,0.0
2026-05-09 07:35:00+00:00,0.8582650332367971
2026-05-09 07:36:00+00:00,0.0
2026-05-09 07:37:00+00:00,0.0
2026-05-09 07:38:00+00:00,0.9219289695422408
2026-05-09 07:39:00+00:00,0.0
2026-05-09 07:40:00+00:00,0.3257516287436332
2026-05-09 07:41:00+00:00,2.1643585708508257
2026-05-09 07:42:00+00:00,0.0
2026-05-09 07:43:00+00:00,0.0
2026-05-09 07:44:00+00:00,0.0
2026-05-09 07:45:00+00:00,1.4665214978408834
2026-05-09 07:46:00+00:00,2.8741202312027494
2026-05-09 07:47:00+00:00,1.2943620083877525
2026-05-09 07:48:00+00:00,0.0
2026-05-09 07:49:00+00:00,0.0
2026-05-09 07:50:00+00:00,0.0
2026-05-09 07:51:00+00:00,0.0
2026-05-09 07:52:00+00:00,0.781863031555396
2026-05-09 07:53:00+00:00,2.509659523154119
2026-05-09 07:54:00+00:00,2.2870496427299165
2026-05-09 07:55:00+00:00,0.0
2026-05-09 07:56:00+00:00,0.680469858267851
2026-05-09 07:57:00+00:00,1.0110603922470285
2026-05-09 07:58:00+00:00,1.7203206219458531
2026-05-09 07:59:00+00:00,1.588026654191359
2026-05-09 08:00:00+00:00,0.919072499829095
2026-05-09 08:01:00+00:00,1.9402157861373013
2026-05-09 08:02:00+00:00,2.1114492387728654
2026-05-09 08:03:00+00:00,2.298361744972696
2026-05-09 08:04:00+00:00,0.1381939185928428
2026-05-09 08:05:00+00:00,0.0
2026-05-09 08:06:00+00:00,3.1083407090145663
2026-05-09 08:07:00+00:00,1.8091475443313243
2026-05-09 08:08:00+00:00,2.3782381600166382
2026-05-09 08:09:00+00:00,1.9912834602592395
2026-05-09 08:10:00+00:00,2.272583983697249
2026-05-09 08:11:00+00:00,0.3052858063077748
2026-05-09 08:12:00+00:00,1.641795798454772
2026-05-09 08:13:00+00:00,0.09943661493459416
2026-05-09 08:14:00+00:00,1.0719325645476283
2026-05-09 08:15:00+00:00,2.382221659884947
2026-05-09 08:16:00+00:00,0.7469487758567291
2026-05-09 08:17:00+00:00,0.34771839953613387
2026-05-09 08:18:00+00:00,2.4216919362489286
2026-05-09 08:19:00+00:00,0.4657759801354292
2026-05-09 08:20:00+00:00,0.2148548276420737
2026-05-09 08:21:00+00:00,0.0
2026-05-09 08:22:00+00:00,0.28181278325384995
2026-05-09 08:23:00+00:00,0.8074658956810086
2026-05-09 08:24:00+00:00,0.371036242901781
2026-05-09 08:25:00+00:00,1.9840549344192264
2026-05-09 08:26:00+00:00,1.6202704494073208
2026-05-09 08:27:00+00:00,1.4141833956025267
2026-05-09 08:28:00+00:00,0.3680156233304717
2026-05-09 08:29:00+00:00,0.5408599333979258
2026-05-09 08:30:00+00:00,0.0
2026-05-09 08:31:00+00:00,2.133373093985419
2026-05-09 08:32:00+00:00,1.057935560140217
2026-05-09 08:33:00+00:00,2.789619044790168
2026-05-09 08:34:00+00:00,2.0855313213666613
2026-05-09 08:35:00+00:00,1.921039605575672
2026-05-09 08:36:00+00:00,2.90548362394184
2026-05-09 08:37:00+00:00,2.0386370755184835
2026-05-09 08:38:00+00:00,2.0623727355327537
2026-05-09 08:39:00+00:00,0.0
2026-05-09 08:40:00+00:00,1.6464654002329933
2026-05-09 08:41:00+00:00,2.62998541728425
2026-05-09 08:42:00+00:00,2.664570650597573
2026-05-09 08:43:00+00:00,2.3893895599848345
2026-05-09 08:44:00+00:00,2.2871693722627637
2026-05-09 08:45:00+00:00,0.7906470179969249
2026-05-09 08:46:00+00:00,1.8634428676203731
2026-05-09 08:47:00+00:00,1.9118087525750036
2026-05-09 08:48:00+00:00,0.315024573024207
2026-05-09 08:49:00+00:00,0.10306226148385408
2026-05-09 08:50:00+00:00,0.0
2026-05-09 08:51:00+00:00,1.3500774698018696
2026-05-09 08:52:00+00:00,2.5103086228603124
2026-05-09 08:53:00+00:00,1.4140569319363863
2026-05-09 08:54:00+00:00,0.0
2026-05-09 08:55:00+00:00,0.0
2026-05-09 08:56:00+00:00,0.0
2026-05-09 08:57:00+00:00,1.3539936033085944
2026-05-09 08:58:00+00:00,0.0
2026-05-09 08:59:00+00:00,1.513866826553234
2026-05-09 09:00:00+00:00,1.0808873996486161
2026-05-09 09:01:00+00:00,1.2819246576897665
2026-05-09 09:02:00+00:00,0.0505107021926369
2026-05-09 09:03:00+00:00,0.6395906531104923
2026-05-09 09:04:00+00:00,1.5594042935643762
2026-05-09 09:05:00+00:00,0.0
2026-05-09 09:06:00+00:00,2.729729037527547
2026-05-09 09:07:00+00:00,2.892936472439809
2026-05-09 09:08:00+00:00,3.009159416571576
2026-05-09 09:09:00+00:00,0.0
2026-05-09 09:10:00+00:00,2.2113003390053936
2026-05-09 09:11:00+00:00,1.4776780700159915
2026-05-09 09:12:00+00:00,0.0
2026-05-09 09:13:00+00:00,2.720314824182544
2026-05-09 09:14:00+00:00,1.162642428380945
2026-05-09 09:15:00+00:00,2.7063638945648147
2026-05-09 09:16:00+00:00,2.0147747034814327
2026-05-09 09:17:00+00:00,2.924702783244566
2026-05-09 09:18:00+00:00,0.0
2026-05-09 09:19:00+00:00,1.8319385161994752
2026-05-09 09:20:00+00:00,2.906569983094332
2026-05-09 09:21:00+00:00,2.39100036900321
2026-05-09 09:22:00+00:00,0.299283753988576
2026-05-09 09:23:00+00:00,2.222137555841792
2026-05-09 09:24:00+00:00,1.5638670718561312
2026-05-09 09:25:00+00:00,2.3911099861276996
2026-05-09 09:26:00+00:00,0.8222328067034936
2026-05-09 09:27:00+00:00,0.0
2026-05-09 09:28:00+00:00,0.0
2026-05-09 09:29:00+00:00,0.7275079018961078
2026-05-09 09:30:00+00:00,0.1763127103111552
2026-05-09 09:31:00+00:00,1.147239355858491
2026-05-09 09:32:00+00:00,2.7910889792296976
2026-05-09 09:33:00+00:00,1.3922817150488287
2026-05-09 09:34:00+00:00,1.710321610996295
2026-05-09 09:35:00+00:00,1.1087581037819987
2026-05-09 09:36:00+00:00,1.0606291261868537
2026-05-09 09:37:00+00:00,0.4782173999643548
2026-05-09 09:38:00+00:00,2.970813814515656
2026-05-09 09:39:00+00:00,2.637398930806633
2026-05-09 09:40:00+00:00,2.548137801757878
2026-05-09 09:41:00+00:00,0.0
2026-05-09 09:42:00+00:00,1.5603637036717988
2026-05-09 09:43:00+00:00,2.849940152573972
2026-05-09 09:44:00+00:00,0.0
2026-05-09 09:45:00+00:00,0.0
2026-05-09 09:46:00+00:00,0.0
2026-05-09 09:47:00+00:00,0.0
2026-05-09 09:48:00+00:00,2.246808124070996
2026-05-09 09:49:00+00:00,1.6693505220071407
2026-05-09 09:50:00+00:00,0.0
2026-05-09 09:51:00+00:00,0.0
2026-05-09 09:52:00+00:00,1.4799214266813314
2026-05-09 09:53:00+00:00,0.470767941714285
2026-05-09 09:54:00+00:00,0.0
2026-05-09 09:55:00+00:00,0.5721269512389188
2026-05-09 09:56:00+00:00,0.0
2026-05-09 09:57:00+00:00,0.008406286199452169
2026-05-09 09:58:00+00:00,0.1694880362039746
2026-05-09 09:59:00+00:00,0.0
2026-05-09 10:00:00+00:00,0.4515680394790055
2026-05-09 10:01:00+00:00,2.9212891290678975
2026-05-09 10:02:00+00:00,1.0440757655483468
2026-05-09 10:03:00+00:00,2.215792355674693
2026-05-09 10:04:00+00:00,1.3327202887887064
2026-05-09 10:05:00+00:00,1.2035579646714287
2026-05-09 10:06:00+00:00,0.9214781797049377
2026-05-09 10:07:00+00:00,0.9237060197568204
2026-05-09 10:08:00+00:00,0.1831329726450938
2026-05-09 10:09:00+00:00,2.7085462477574325
2026-05-09 10:10:00+00:00,1.2236061278588084
2026-05-09 10:11:00+00:00,0.3641839394904895
