time,H2_pred
2026-05-08 09:55:00,31.259234169142108
2026-05-08 09:56:00,31.25699479283557
2026-05-08 09:57:00,31.25474965723024
2026-05-08 09:58:00,31.25174630583988
2026-05-08 09:59:00,31.249583342687945
2026-05-08 10:00:00,31.24691014887557
2026-05-08 10:01:00,31.245151007192
2026-05-08 10:02:00,31.24275358916984
2026-05-08 10:03:00,31.241174382732968
2026-05-08 10:04:00,31.240394012646536
2026-05-08 10:05:00,31.240394012646536
2026-05-08 10:06:00,31.240394012646536
2026-05-08 10:07:00,31.240394012646536
2026-05-08 10:08:00,31.240394012646536
2026-05-08 10:09:00,31.240394012646536
2026-05-08 10:10:00,31.240394012646536
2026-05-08 10:11:00,31.240394012646536
2026-05-08 10:12:00,30.0070647412334
2026-05-08 10:13:00,30.006010186055708
2026-05-08 10:14:00,30.00626671699624
2026-05-08 10:15:00,30.006289091089773
2026-05-08 10:16:00,30.006606910506296
2026-05-08 10:17:00,30.007356669882345
2026-05-08 10:18:00,30.00718111185174
2026-05-08 10:19:00,30.00683240232806
2026-05-08 10:20:00,30.006914835551783
2026-05-08 10:21:00,30.006950389722395
2026-05-08 10:22:00,30.0420230040697
2026-05-08 10:23:00,30.04480975963153
2026-05-08 10:24:00,30.043703318610564
2026-05-08 10:25:00,30.043583006635085
2026-05-08 10:26:00,30.04453864790477
2026-05-08 10:27:00,30.044501931443587
2026-05-08 10:28:00,30.045106501355544
2026-05-08 10:29:00,30.045209945216552
2026-05-08 10:30:00,30.045903087630645
2026-05-08 10:31:00,30.04531315065898
2026-05-08 10:32:00,30.240522690504303
2026-05-08 10:33:00,30.240008064001312
2026-05-08 10:34:00,30.2389811653788
2026-05-08 10:35:00,30.23761258313011
2026-05-08 10:36:00,30.237158187120663
2026-05-08 10:37:00,30.23660758921456
2026-05-08 10:38:00,30.23687437960457
2026-05-08 10:39:00,30.235750146597137
2026-05-08 10:40:00,30.23594475576233
2026-05-08 10:41:00,30.234970517843475
2026-05-08 10:42:00,30.17802710469337
2026-05-08 10:43:00,30.178014826136547
2026-05-08 10:44:00,30.178488385039287
2026-05-08 10:45:00,30.178429704266502
2026-05-08 10:46:00,30.177603524285274
2026-05-08 10:47:00,30.17761404450508
2026-05-08 10:48:00,30.177445422965008
2026-05-08 10:49:00,30.176642578202205
2026-05-08 10:50:00,30.176545005398708
2026-05-08 10:51:00,30.17558700974556
2026-05-08 10:52:00,29.568731601268617
2026-05-08 10:53:00,29.56967749717888
2026-05-08 10:54:00,29.570197219879
2026-05-08 10:55:00,29.57126143100914
2026-05-08 10:56:00,29.572108323604432
2026-05-08 10:57:00,29.573343033820954
2026-05-08 10:58:00,29.574902857572404
2026-05-08 10:59:00,29.575117285281983
2026-05-08 11:00:00,29.57640560987648
2026-05-08 11:01:00,29.57705905559716
2026-05-08 11:02:00,30.74457136005354
2026-05-08 11:03:00,30.74400299996329
2026-05-08 11:04:00,30.74275328427744
2026-05-08 11:05:00,30.74161859065485
2026-05-08 11:06:00,30.74100922256899
2026-05-08 11:07:00,30.739748494925024
2026-05-08 11:08:00,30.73820857912493
2026-05-08 11:09:00,30.73771034389925
2026-05-08 11:10:00,30.7369862368722
2026-05-08 11:11:00,30.73608993202639
2026-05-08 11:12:00,29.87300192146911
2026-05-08 11:13:00,29.872939962440867
2026-05-08 11:14:00,29.873999375397105
2026-05-08 11:15:00,29.87432934671058
2026-05-08 11:16:00,29.87450005441321
2026-05-08 11:17:00,29.874524879747767
2026-05-08 11:18:00,29.87526844769134
2026-05-08 11:19:00,29.87615584164276
2026-05-08 11:20:00,29.87632887392654
2026-05-08 11:21:00,29.8765141251625
2026-05-08 11:22:00,30.667352907746544
2026-05-08 11:23:00,30.667514443784462
2026-05-08 11:24:00,30.66766563096594
2026-05-08 11:25:00,30.66751360931944
2026-05-08 11:26:00,30.66669302472424
2026-05-08 11:27:00,30.665398508697265
2026-05-08 11:28:00,30.665744573264828
2026-05-08 11:29:00,30.664833866446724
2026-05-08 11:30:00,30.66426480600189
2026-05-08 11:31:00,30.663821772127857
2026-05-08 11:32:00,30.50979080434413
2026-05-08 11:33:00,30.50915029283138
2026-05-08 11:34:00,30.50932817544313
2026-05-08 11:35:00,30.50909182067485
2026-05-08 11:36:00,30.50914717103811
2026-05-08 11:37:00,30.510345596927124
2026-05-08 11:38:00,30.51074470217796
2026-05-08 11:39:00,30.51144267256828
2026-05-08 11:40:00,30.51325203116508
2026-05-08 11:41:00,30.51424492533775
2026-05-08 11:42:00,30.41313813837728
2026-05-08 11:43:00,30.41318384023866
2026-05-08 11:44:00,30.41189563485345
2026-05-08 11:45:00,30.41169142934045
2026-05-08 11:46:00,30.40801316710672
2026-05-08 11:47:00,30.40783265444001
2026-05-08 11:48:00,30.406823368990032
2026-05-08 11:49:00,30.40898879083356
2026-05-08 11:50:00,30.40930968733987
2026-05-08 11:51:00,30.40745265992841
2026-05-08 11:52:00,30.98175571150365
2026-05-08 11:53:00,30.982007541127825
2026-05-08 11:54:00,30.978236221142435
2026-05-08 11:55:00,30.9762489724833
2026-05-08 11:56:00,30.974160455532694
2026-05-08 11:57:00,30.97257027811589
2026-05-08 11:58:00,30.97025521881165
2026-05-08 11:59:00,30.967269979782724
2026-05-08 12:00:00,30.96455528623643
2026-05-08 12:01:00,30.96269630677285
2026-05-08 12:02:00,29.79543852905081
2026-05-08 12:03:00,29.796699718630773
2026-05-08 12:04:00,29.798048735654813
2026-05-08 12:05:00,29.800162793195707
2026-05-08 12:06:00,29.80119158426569
2026-05-08 12:07:00,29.801329062378866
2026-05-08 12:08:00,29.80306206742571
2026-05-08 12:09:00,29.80504001776026
2026-05-08 12:10:00,29.81140107015417
2026-05-08 12:11:00,29.8155068318014
2026-05-08 12:12:00,30.106711933076426
2026-05-08 12:13:00,30.10899964874987
2026-05-08 12:14:00,30.10921073859934
2026-05-08 12:15:00,30.111335018336813
2026-05-08 12:16:00,30.111865663588087
2026-05-08 12:17:00,30.111211741030257
2026-05-08 12:18:00,30.11187269693617
2026-05-08 12:19:00,30.11110115951304
2026-05-08 12:20:00,30.113130042016547
2026-05-08 12:21:00,30.11493224805597
2026-05-08 12:22:00,30.63573306493094
2026-05-08 12:23:00,30.635571037154698
2026-05-08 12:24:00,30.63518025420239
2026-05-08 12:25:00,30.63492124221852
2026-05-08 12:26:00,30.63490581951668
2026-05-08 12:27:00,30.634827215891384
2026-05-08 12:28:00,30.63457788966229
2026-05-08 12:29:00,30.634550411921047
2026-05-08 12:30:00,30.634433080177807
2026-05-08 12:31:00,30.634190638285183
2026-05-08 12:32:00,30.256154125523395
2026-05-08 12:33:00,30.2556943352936
2026-05-08 12:34:00,30.255949838054008
2026-05-08 12:35:00,30.255938557874984
2026-05-08 12:36:00,30.25578686405403
2026-05-08 12:37:00,30.255700176548785
2026-05-08 12:38:00,30.25576571185572
2026-05-08 12:39:00,30.255595324528045
2026-05-08 12:40:00,30.255530675840205
2026-05-08 12:41:00,30.25534764487726
2026-05-08 12:42:00,31.36737608915999
2026-05-08 12:43:00,31.366498820547605
2026-05-08 12:44:00,31.363733112875963
2026-05-08 12:45:00,31.36115857220128
2026-05-08 12:46:00,31.36303121602967
2026-05-08 12:47:00,31.36113865679934
2026-05-08 12:48:00,31.35899972176984
2026-05-08 12:49:00,31.356809623603368
2026-05-08 12:50:00,31.35542498535349
2026-05-08 12:51:00,31.35323331511452
2026-05-08 12:52:00,30.30632061694247
2026-05-08 12:53:00,30.306436607581205
2026-05-08 12:54:00,30.30730671618564
2026-05-08 12:55:00,30.30707658265216
2026-05-08 12:56:00,30.30657895837409
2026-05-08 12:57:00,30.307469123941488
2026-05-08 12:58:00,30.30786782686097
2026-05-08 12:59:00,30.307018237155503
2026-05-08 13:00:00,30.306216428023404
2026-05-08 13:01:00,30.306233385544843
2026-05-08 13:02:00,30.22670441476099
2026-05-08 13:03:00,30.22796959040157
2026-05-08 13:04:00,30.228328060185834
2026-05-08 13:05:00,30.22878697124712
2026-05-08 13:06:00,30.23004573938839
2026-05-08 13:07:00,30.23052103427641
2026-05-08 13:08:00,30.230328719890043
2026-05-08 13:09:00,30.23170134035341
2026-05-08 13:10:00,30.231194224035665
2026-05-08 13:11:00,30.231577139174863
2026-05-08 13:12:00,29.32207612135529
2026-05-08 13:13:00,29.323045643056627
2026-05-08 13:14:00,29.32574601658701
2026-05-08 13:15:00,29.32735832222819
2026-05-08 13:16:00,29.328811632479425
2026-05-08 13:17:00,29.33141810634255
2026-05-08 13:18:00,29.33211294003844
2026-05-08 13:19:00,29.33281055280089
2026-05-08 13:20:00,29.33434814401984
2026-05-08 13:21:00,29.33516718634485
2026-05-08 13:22:00,29.927868548327822
2026-05-08 13:23:00,29.928640696698565
2026-05-08 13:24:00,29.92890376179828
2026-05-08 13:25:00,29.929175052338977
2026-05-08 13:26:00,29.92951020925655
2026-05-08 13:27:00,29.930522951775927
2026-05-08 13:28:00,29.93175152271404
2026-05-08 13:29:00,29.932602468425173
2026-05-08 13:30:00,29.93305805652752
2026-05-08 13:31:00,29.93335020869388
2026-05-08 13:32:00,31.67308864087832
2026-05-08 13:33:00,31.671453298041936
2026-05-08 13:34:00,31.66821548433077
2026-05-08 13:35:00,31.66584175915491
2026-05-08 13:36:00,31.66310834975016
2026-05-08 13:37:00,31.6615249523617
2026-05-08 13:38:00,31.65956401915324
2026-05-08 13:39:00,31.65781706661951
2026-05-08 13:40:00,31.65617671699297
2026-05-08 13:41:00,31.65517333240282
2026-05-08 13:42:00,29.96122569745783
2026-05-08 13:43:00,29.96210221356157
2026-05-08 13:44:00,29.96215362256769
2026-05-08 13:45:00,29.96171949213748
2026-05-08 13:46:00,29.961719372928183
2026-05-08 13:47:00,29.96147058314089
2026-05-08 13:48:00,29.96127376860384
2026-05-08 13:49:00,29.961828270614188
2026-05-08 13:50:00,29.96224121159319
2026-05-08 13:51:00,29.96240732973818
2026-05-08 13:52:00,30.07031222701955
2026-05-08 13:53:00,30.07045477152753
2026-05-08 13:54:00,30.07033344627309
2026-05-08 13:55:00,30.07122712851453
2026-05-08 13:56:00,30.071600253590823
2026-05-08 13:57:00,30.072625542887927
2026-05-08 13:58:00,30.073555136927844
2026-05-08 13:59:00,30.07405611396718
2026-05-08 14:00:00,30.07450431109357
2026-05-08 14:01:00,30.07515635610509
2026-05-08 14:02:00,30.911755456163203
2026-05-08 14:03:00,30.909631385041987
2026-05-08 14:04:00,30.907687111331736
2026-05-08 14:05:00,30.905997438861643
2026-05-08 14:06:00,30.90473739667109
2026-05-08 14:07:00,30.90334980054072
2026-05-08 14:08:00,30.9024465517538
2026-05-08 14:09:00,30.90191481871776
2026-05-08 14:10:00,30.9003741578596
2026-05-08 14:11:00,30.89925668997935
2026-05-08 14:12:00,30.33789154180836
2026-05-08 14:13:00,30.337142460435143
2026-05-08 14:14:00,30.33728890904736
2026-05-08 14:15:00,30.33797048816036
2026-05-08 14:16:00,30.337841712325325
2026-05-08 14:17:00,30.33746569642376
2026-05-08 14:18:00,30.337832384198418
2026-05-08 14:19:00,30.33841478118252
2026-05-08 14:20:00,30.33856996187519
2026-05-08 14:21:00,30.338183187335243
2026-05-08 14:22:00,30.29108044301562
2026-05-08 14:23:00,30.28922504169337
2026-05-08 14:24:00,30.28795849514596
2026-05-08 14:25:00,30.287314431568905
2026-05-08 14:26:00,30.285250644957944
2026-05-08 14:27:00,30.283997662192508
2026-05-08 14:28:00,30.28363086265914
2026-05-08 14:29:00,30.28335428779416
2026-05-08 14:30:00,30.285210059782788
2026-05-08 14:31:00,30.28627766651504
2026-05-08 14:32:00,28.70384731205021
2026-05-08 14:33:00,28.706961265446893
2026-05-08 14:34:00,28.710590718927136
2026-05-08 14:35:00,28.714391513409367
2026-05-08 14:36:00,28.717728546502343
2026-05-08 14:37:00,28.722280251475325
2026-05-08 14:38:00,28.726566175611964
2026-05-08 14:39:00,28.729363969208947
2026-05-08 14:40:00,28.73419827097868
2026-05-08 14:41:00,28.738410106541863
2026-05-08 14:42:00,30.49017081448387
2026-05-08 14:43:00,30.49176020213913
2026-05-08 14:44:00,30.49200429806065
2026-05-08 14:45:00,30.494817294567337
2026-05-08 14:46:00,30.49524840006184
2026-05-08 14:47:00,30.4961710650618
2026-05-08 14:48:00,30.498019434898605
2026-05-08 14:49:00,30.49589873143982
2026-05-08 14:50:00,30.49734631964516
2026-05-08 14:51:00,30.49860715159725
2026-05-08 14:52:00,28.672883634277227
2026-05-08 14:53:00,28.672948797055128
2026-05-08 14:54:00,28.675711919375303
2026-05-08 14:55:00,28.67939040512645
2026-05-08 14:56:00,28.68302886635864
2026-05-08 14:57:00,28.685938914128187
2026-05-08 14:58:00,28.687589810051563
2026-05-08 14:59:00,28.689678371705654
2026-05-08 15:00:00,28.69089008197988
2026-05-08 15:01:00,28.69235728756392
2026-05-08 15:02:00,29.437800349957733
2026-05-08 15:03:00,29.43961549020508
2026-05-08 15:04:00,29.44131891644696
2026-05-08 15:05:00,29.445090623862534
2026-05-08 15:06:00,29.445979940063744
2026-05-08 15:07:00,29.45285799942115
2026-05-08 15:08:00,29.455076812125235
2026-05-08 15:09:00,29.457150413013487
2026-05-08 15:10:00,29.45803271076777
2026-05-08 15:11:00,29.45652812562087
2026-05-08 15:12:00,31.57288290422364
2026-05-08 15:13:00,31.575262396148872
2026-05-08 15:14:00,31.57458150248928
2026-05-08 15:15:00,31.56807054441376
2026-05-08 15:16:00,31.567297561577988
2026-05-08 15:17:00,31.565640939883423
2026-05-08 15:18:00,31.56382900338573
2026-05-08 15:19:00,31.5634676055233
2026-05-08 15:20:00,31.564435242227745
2026-05-08 15:21:00,31.5653749988596
2026-05-08 15:22:00,22.19028779653236
2026-05-08 15:23:00,22.213475687181194
2026-05-08 15:24:00,22.23560656396075
2026-05-08 15:25:00,22.262326908981045
2026-05-08 15:26:00,22.27289251772089
2026-05-08 15:27:00,22.278794897472103
2026-05-08 15:28:00,22.28261135307475
2026-05-08 15:29:00,22.28614920166656
2026-05-08 15:30:00,22.28989089814349
2026-05-08 15:31:00,22.292882693683342
2026-05-08 15:32:00,22.33633955184732
2026-05-08 15:33:00,22.33501994971547
2026-05-08 15:34:00,22.33721387748036
2026-05-08 15:35:00,22.343690115850304
2026-05-08 15:36:00,22.34543837968621
2026-05-08 15:37:00,22.34634481732164
2026-05-08 15:38:00,22.35044594470773
2026-05-08 15:39:00,22.354446697872017
2026-05-08 15:40:00,22.35671502713475
2026-05-08 15:41:00,22.35940283898625
2026-05-08 15:42:00,22.75511800971458
2026-05-08 15:43:00,22.75581497427652
2026-05-08 15:44:00,22.75554482367465
2026-05-08 15:45:00,22.75532920387218
2026-05-08 15:46:00,22.754753624169325
2026-05-08 15:47:00,22.75450931218097
2026-05-08 15:48:00,22.754565169183707
2026-05-08 15:49:00,22.75416214492748
2026-05-08 15:50:00,22.75345086034963
2026-05-08 15:51:00,22.753509094087576
2026-05-08 15:52:00,22.905774259368656
2026-05-08 15:53:00,22.90562389175105
2026-05-08 15:54:00,22.905234658519504
2026-05-08 15:55:00,22.904500597516773
2026-05-08 15:56:00,22.90388384590554
2026-05-08 15:57:00,22.904021584789035
2026-05-08 15:58:00,22.90340281407046
2026-05-08 15:59:00,22.90330227593589
2026-05-08 16:00:00,22.90299548337865
2026-05-08 16:01:00,22.902983957330463
2026-05-08 16:02:00,23.28293953103776
2026-05-08 16:03:00,23.282180234918545
2026-05-08 16:04:00,23.281577080616906
2026-05-08 16:05:00,23.2813034878468
2026-05-08 16:06:00,23.281228728721093
2026-05-08 16:07:00,23.28014727694745
2026-05-08 16:08:00,23.27980889392848
2026-05-08 16:09:00,23.279005430767487
2026-05-08 16:10:00,23.278452113399457
2026-05-08 16:11:00,23.27726073575969
2026-05-08 16:12:00,22.52756184584956
2026-05-08 16:13:00,22.5278024399982
2026-05-08 16:14:00,22.52761522180896
2026-05-08 16:15:00,22.527569162319708
2026-05-08 16:16:00,22.528176705013323
2026-05-08 16:17:00,22.52815568692546
2026-05-08 16:18:00,22.52843916661601
2026-05-08 16:19:00,22.5286831954823
2026-05-08 16:20:00,22.529032501052427
2026-05-08 16:21:00,22.52933584399085
2026-05-08 16:22:00,22.67158756468949
2026-05-08 16:23:00,22.67493441019711
2026-05-08 16:24:00,22.67541196633634
2026-05-08 16:25:00,22.67554093588648
2026-05-08 16:26:00,22.6774963929182
2026-05-08 16:27:00,22.66496010561046
2026-05-08 16:28:00,22.666464292151304
2026-05-08 16:29:00,22.66716846514997
2026-05-08 16:30:00,22.667014625561805
2026-05-08 16:31:00,22.66827010054645
2026-05-08 16:32:00,22.79031061654528
2026-05-08 16:33:00,22.790999232731657
2026-05-08 16:34:00,22.79006728430827
2026-05-08 16:35:00,22.78871139039834
2026-05-08 16:36:00,22.78942457487424
2026-05-08 16:37:00,22.791686425857144
2026-05-08 16:38:00,22.79382936929901
2026-05-08 16:39:00,22.793272490553456
2026-05-08 16:40:00,22.794245674215155
2026-05-08 16:41:00,22.797290074579315
2026-05-08 16:42:00,24.751343591062817
2026-05-08 16:43:00,24.75021143436292
2026-05-08 16:44:00,24.750866802333388
2026-05-08 16:45:00,24.75036767303804
2026-05-08 16:46:00,24.75040781676629
2026-05-08 16:47:00,24.749932357965506
2026-05-08 16:48:00,24.74984907537559
2026-05-08 16:49:00,24.74938103735307
2026-05-08 16:50:00,24.74905315220216
2026-05-08 16:51:00,24.749183477757963
2026-05-08 16:52:00,22.58848792187433
2026-05-08 16:53:00,22.589445805768776
2026-05-08 16:54:00,22.59111295885901
2026-05-08 16:55:00,22.59258964530688
2026-05-08 16:56:00,22.59440541512828
2026-05-08 16:57:00,22.59568252659897
2026-05-08 16:58:00,22.596304109911728
2026-05-08 16:59:00,22.597729938696432
2026-05-08 17:00:00,22.59851489088993
2026-05-08 17:01:00,22.5990756439374
2026-05-08 17:02:00,23.42627040509924
2026-05-08 17:03:00,23.42517237205848
2026-05-08 17:04:00,23.42405711327537
2026-05-08 17:05:00,23.422860725120152
2026-05-08 17:06:00,23.421486305341567
2026-05-08 17:07:00,23.42016030688628
2026-05-08 17:08:00,23.41918038417443
2026-05-08 17:09:00,23.418303555146306
2026-05-08 17:10:00,23.4173900841628
2026-05-08 17:11:00,23.41698557724103
2026-05-08 17:12:00,22.85400799676899
2026-05-08 17:13:00,22.85365538314108
2026-05-08 17:14:00,22.85411584019784
2026-05-08 17:15:00,22.853948790730275
2026-05-08 17:16:00,22.8543864527357
2026-05-08 17:17:00,22.854656227083243
2026-05-08 17:18:00,22.854598619194068
2026-05-08 17:19:00,22.85507268473629
2026-05-08 17:20:00,22.8559386545432
2026-05-08 17:21:00,22.8555331604195
2026-05-08 17:22:00,22.81303158962264
2026-05-08 17:23:00,22.812905209149264
2026-05-08 17:24:00,22.812063863511227
2026-05-08 17:25:00,22.812280641878985
2026-05-08 17:26:00,22.81204866060152
2026-05-08 17:27:00,22.812111118818663
2026-05-08 17:28:00,22.81166403555408
2026-05-08 17:29:00,22.811208685870312
2026-05-08 17:30:00,22.81144520827665
2026-05-08 17:31:00,22.812109911824606
2026-05-08 17:32:00,23.19105898659906
2026-05-08 17:33:00,23.19213079732141
2026-05-08 17:34:00,23.190852225536915
2026-05-08 17:35:00,23.190364793653103
2026-05-08 17:36:00,23.18975436199686
2026-05-08 17:37:00,23.18849836360893
2026-05-08 17:38:00,23.18744929205856
2026-05-08 17:39:00,23.185743146354767
2026-05-08 17:40:00,23.18429424870989
2026-05-08 17:41:00,23.18244290422878
2026-05-08 17:42:00,22.95511367387288
2026-05-08 17:43:00,22.954012584231425
2026-05-08 17:44:00,22.95265932596438
2026-05-08 17:45:00,22.95198776974492
2026-05-08 17:46:00,22.94802639848702
2026-05-08 17:47:00,22.941280866331983
2026-05-08 17:48:00,22.93691427848451
2026-05-08 17:49:00,22.93647959671133
2026-05-08 17:50:00,22.93219819507711
2026-05-08 17:51:00,22.93235279089921
2026-05-08 17:52:00,22.527604952906284
2026-05-08 17:53:00,22.525455262963685
2026-05-08 17:54:00,22.52540538132659
2026-05-08 17:55:00,22.5261609149026
2026-05-08 17:56:00,22.521760449265155
2026-05-08 17:57:00,22.521843716953907
2026-05-08 17:58:00,22.521677576457176
2026-05-08 17:59:00,22.52314788148276
2026-05-08 18:00:00,22.526528690462023
2026-05-08 18:01:00,22.530675854985628
2026-05-08 18:02:00,22.73624675994356
2026-05-08 18:03:00,22.737971349559626
2026-05-08 18:04:00,22.7353208315893
2026-05-08 18:05:00,22.73698425193865
2026-05-08 18:06:00,22.737817882500487
2026-05-08 18:07:00,22.73919285362204
2026-05-08 18:08:00,22.742504081629114
2026-05-08 18:09:00,22.74150308122476
2026-05-08 18:10:00,22.739476456247168
2026-05-08 18:11:00,22.740120845787125
2026-05-08 18:12:00,22.65748180894703
2026-05-08 18:13:00,22.657696307437124
2026-05-08 18:14:00,22.65539978517741
2026-05-08 18:15:00,22.655703902976217
2026-05-08 18:16:00,22.656595405922832
2026-05-08 18:17:00,22.656918243305388
2026-05-08 18:18:00,22.65783837883324
2026-05-08 18:19:00,22.66010652928204
2026-05-08 18:20:00,22.66011508999914
2026-05-08 18:21:00,22.658831414566937
2026-05-08 18:22:00,22.33507817341881
2026-05-08 18:23:00,22.33711847393709
2026-05-08 18:24:00,22.338056855936824
2026-05-08 18:25:00,22.33905534549552
2026-05-08 18:26:00,22.34069756521779
2026-05-08 18:27:00,22.34068374252814
2026-05-08 18:28:00,22.342390355755864
2026-05-08 18:29:00,22.34393716334301
2026-05-08 18:30:00,22.34303338183957
2026-05-08 18:31:00,22.34110718696314
2026-05-08 18:32:00,23.202883392421167
2026-05-08 18:33:00,23.200893897411984
2026-05-08 18:34:00,23.19719206526653
2026-05-08 18:35:00,23.19274521976487
2026-05-08 18:36:00,23.189903858897846
2026-05-08 18:37:00,23.189351498929422
2026-05-08 18:38:00,23.19010331466572
2026-05-08 18:39:00,23.19037471696512
2026-05-08 18:40:00,23.185420833376806
2026-05-08 18:41:00,23.18408691867964
2026-05-08 18:42:00,22.606313462029505
2026-05-08 18:43:00,22.60692614562373
2026-05-08 18:44:00,22.60819511360984
2026-05-08 18:45:00,22.60914037622075
2026-05-08 18:46:00,22.60998187459569
2026-05-08 18:47:00,22.612415487538385
2026-05-08 18:48:00,22.6136136079536
2026-05-08 18:49:00,22.61431625730853
2026-05-08 18:50:00,22.614002990196752
2026-05-08 18:51:00,22.61328987277608
2026-05-08 18:52:00,22.608619945715475
2026-05-08 18:53:00,22.60999109841447
2026-05-08 18:54:00,22.612090701829004
2026-05-08 18:55:00,22.61269600189786
2026-05-08 18:56:00,22.61434576160769
2026-05-08 18:57:00,22.614917787383604
2026-05-08 18:58:00,22.615209254096555
2026-05-08 18:59:00,22.61632274336677
2026-05-08 19:00:00,22.616700711320448
2026-05-08 19:01:00,22.617898198436308
2026-05-08 19:02:00,23.138185349933178
2026-05-08 19:03:00,23.13760868244556
2026-05-08 19:04:00,23.136945781938103
2026-05-08 19:05:00,23.136047122708828
2026-05-08 19:06:00,23.134660651616127
2026-05-08 19:07:00,23.133008336357147
2026-05-08 19:08:00,23.13226445548919
2026-05-08 19:09:00,23.130762358836204
2026-05-08 19:10:00,23.129878906241924
2026-05-08 19:11:00,23.12965879373935
2026-05-08 19:12:00,23.12965879373935
2026-05-08 19:13:00,23.12965879373935
2026-05-08 19:14:00,23.12965879373935
2026-05-08 19:15:00,23.12965879373935
2026-05-08 19:16:00,23.12965879373935
2026-05-08 19:17:00,23.12965879373935
2026-05-08 19:18:00,23.12965879373935
2026-05-08 19:19:00,23.12965879373935
2026-05-08 19:20:00,23.12965879373935
2026-05-08 19:21:00,23.12965879373935
2026-05-08 19:22:00,22.61894748204829
2026-05-08 19:23:00,22.61933296018721
2026-05-08 19:24:00,22.62084921294333
2026-05-08 19:25:00,22.62555368834617
2026-05-08 19:26:00,22.63161162131908
2026-05-08 19:27:00,22.640582686601896
2026-05-08 19:28:00,22.64974345856788
2026-05-08 19:29:00,22.65500777059676
2026-05-08 19:30:00,22.66080359214427
2026-05-08 19:31:00,22.673513954817075
2026-05-08 19:32:00,22.456202367352475
2026-05-08 19:33:00,22.46868481676482
2026-05-08 19:34:00,22.471648389505376
2026-05-08 19:35:00,22.47611385028266
2026-05-08 19:36:00,22.475019777225484
2026-05-08 19:37:00,22.472040021823872
2026-05-08 19:38:00,22.476765492962823
2026-05-08 19:39:00,22.48831618766688
2026-05-08 19:40:00,22.503075981544484
2026-05-08 19:41:00,22.52051732878589
2026-05-08 19:42:00,22.873668878279524
2026-05-08 19:43:00,22.87410457333167
2026-05-08 19:44:00,22.87536655267317
2026-05-08 19:45:00,22.876401110492544
2026-05-08 19:46:00,22.877828299008208
2026-05-08 19:47:00,22.882476656637984
2026-05-08 19:48:00,22.884266002975306
2026-05-08 19:49:00,22.88585933943828
2026-05-08 19:50:00,22.888876288138228
2026-05-08 19:51:00,22.889691053829985
2026-05-08 19:52:00,22.832321125884302
2026-05-08 19:53:00,22.833378959317454
2026-05-08 19:54:00,22.833736587186102
2026-05-08 19:55:00,22.834326449651964
2026-05-08 19:56:00,22.835349086542376
2026-05-08 19:57:00,22.836054149885424
2026-05-08 19:58:00,22.837342265863665
2026-05-08 19:59:00,22.837779749055155
2026-05-08 20:00:00,22.83950695755029
2026-05-08 20:01:00,22.83915591599489
2026-05-08 20:02:00,23.34701765972446
2026-05-08 20:03:00,23.343230253935563
2026-05-08 20:04:00,23.33964742618869
2026-05-08 20:05:00,23.33719487387012
2026-05-08 20:06:00,23.3401030291922
2026-05-08 20:07:00,23.33882458406757
2026-05-08 20:08:00,23.33703207123349
2026-05-08 20:09:00,23.336047856987225
2026-05-08 20:10:00,23.33554075557064
2026-05-08 20:11:00,23.3464988385446
2026-05-08 20:12:00,23.3464988385446
2026-05-08 20:13:00,23.3464988385446
2026-05-08 20:14:00,23.3464988385446
2026-05-08 20:15:00,23.3464988385446
2026-05-08 20:16:00,23.3464988385446
2026-05-08 20:17:00,23.3464988385446
2026-05-08 20:18:00,23.3464988385446
2026-05-08 20:19:00,23.3464988385446
2026-05-08 20:20:00,23.3464988385446
2026-05-08 20:21:00,23.3464988385446
2026-05-08 20:22:00,23.273581046459835
2026-05-08 20:23:00,23.27298762261645
2026-05-08 20:24:00,23.27157763004081
2026-05-08 20:25:00,23.27118706315533
2026-05-08 20:26:00,23.26925746708886
2026-05-08 20:27:00,23.26873711108939
2026-05-08 20:28:00,23.265931803581875
2026-05-08 20:29:00,23.2638387045242
2026-05-08 20:30:00,23.260799217817944
2026-05-08 20:31:00,23.258184715954226
2026-05-08 20:32:00,23.35005463844901
2026-05-08 20:33:00,23.34742082095509
2026-05-08 20:34:00,23.344836095336728
2026-05-08 20:35:00,23.34301453268891
2026-05-08 20:36:00,23.34191443211203
2026-05-08 20:37:00,23.3391762915886
2026-05-08 20:38:00,23.333610968653016
2026-05-08 20:39:00,23.330883255217127
2026-05-08 20:40:00,23.3288265783227
2026-05-08 20:41:00,23.328296685580067
2026-05-08 20:42:00,23.07772542206747
2026-05-08 20:43:00,23.07626152454121
2026-05-08 20:44:00,23.075712826533145
2026-05-08 20:45:00,23.076185103936023
2026-05-08 20:46:00,23.074906599206752
2026-05-08 20:47:00,23.07473046748144
2026-05-08 20:48:00,23.07410563199026
2026-05-08 20:49:00,23.073824461979694
2026-05-08 20:50:00,23.07218761412604
2026-05-08 20:51:00,23.071844738406963
2026-05-08 20:52:00,22.58087897718421
2026-05-08 20:53:00,22.581913125221643
2026-05-08 20:54:00,22.5820622858452
2026-05-08 20:55:00,22.582509022657785
2026-05-08 20:56:00,22.58231424957982
2026-05-08 20:57:00,22.58372241676322
2026-05-08 20:58:00,22.58510514021388
2026-05-08 20:59:00,22.58655593961945
2026-05-08 21:00:00,22.587817054693613
2026-05-08 21:01:00,22.58914160401097
2026-05-08 21:02:00,24.66561929659725
2026-05-08 21:03:00,24.66193936543345
2026-05-08 21:04:00,24.65927132369757
2026-05-08 21:05:00,24.65506373869061
2026-05-08 21:06:00,24.65058249013305
2026-05-08 21:07:00,24.646442865597013
2026-05-08 21:08:00,24.6425466813314
2026-05-08 21:09:00,24.63994787411571
2026-05-08 21:10:00,24.63770718650699
2026-05-08 21:11:00,24.63656390981556
2026-05-08 21:12:00,23.30147962915968
2026-05-08 21:13:00,23.30112743276428
2026-05-08 21:14:00,23.29955199259589
2026-05-08 21:15:00,23.299186906696068
2026-05-08 21:16:00,23.29838175225328
2026-05-08 21:17:00,23.297222371131884
2026-05-08 21:18:00,23.29478666830133
2026-05-08 21:19:00,23.294234155596005
2026-05-08 21:20:00,23.292658495635497
2026-05-08 21:21:00,23.29147590223025
2026-05-08 21:22:00,22.41827191429628
2026-05-08 21:23:00,22.419569179587487
2026-05-08 21:24:00,22.42163229005826
2026-05-08 21:25:00,22.42334296571505
2026-05-08 21:26:00,22.42401020246041
2026-05-08 21:27:00,22.424847170882348
2026-05-08 21:28:00,22.425756298177365
2026-05-08 21:29:00,22.427667737178925
2026-05-08 21:30:00,22.42935515957368
2026-05-08 21:31:00,22.430011272602204
2026-05-08 21:32:00,22.722434711442894
2026-05-08 21:33:00,22.722382188574976
2026-05-08 21:34:00,22.72237548305244
2026-05-08 21:35:00,22.721749012158817
2026-05-08 21:36:00,22.724604264633363
2026-05-08 21:37:00,22.724016648517555
2026-05-08 21:38:00,22.72393928168864
2026-05-08 21:39:00,22.72394668756575
2026-05-08 21:40:00,22.723898228989547
2026-05-08 21:41:00,22.72424864097089
2026-05-08 21:42:00,22.491978630595337
2026-05-08 21:43:00,22.49265229719175
2026-05-08 21:44:00,22.49865531938566
2026-05-08 21:45:00,22.50383906083597
2026-05-08 21:46:00,22.508498683743607
2026-05-08 21:47:00,22.51374335604204
2026-05-08 21:48:00,22.51924204843534
2026-05-08 21:49:00,22.524472132496964
2026-05-08 21:50:00,22.53062416630281
2026-05-08 21:51:00,22.535483703189023
2026-05-08 21:52:00,22.804662474231428
2026-05-08 21:53:00,22.811308928565687
2026-05-08 21:54:00,22.81043931169957
2026-05-08 21:55:00,22.806522109346098
2026-05-08 21:56:00,22.8064564101264
2026-05-08 21:57:00,22.80630730910749
2026-05-08 21:58:00,22.80992227120847
2026-05-08 21:59:00,22.80997768862695
2026-05-08 22:00:00,22.812220164375013
2026-05-08 22:01:00,22.81688214166612
2026-05-08 22:02:00,22.458604600359
2026-05-08 22:03:00,22.460930567313227
2026-05-08 22:04:00,22.46147988371948
2026-05-08 22:05:00,22.465811949301752
2026-05-08 22:06:00,22.467677395869288
2026-05-08 22:07:00,22.4714716338406
2026-05-08 22:08:00,22.47688310973743
2026-05-08 22:09:00,22.48034241430858
2026-05-08 22:10:00,22.485923256803545
2026-05-08 22:11:00,22.49078021578888
2026-05-08 22:12:00,23.324724722502392
2026-05-08 22:13:00,23.323893580434483
2026-05-08 22:14:00,23.321202207205456
2026-05-08 22:15:00,23.31644216537253
2026-05-08 22:16:00,23.313275027868908
2026-05-08 22:17:00,23.308849979040783
2026-05-08 22:18:00,23.3031305259444
2026-05-08 22:19:00,23.304236683843296
2026-05-08 22:20:00,23.302464920876183
2026-05-08 22:21:00,23.30042377471701
2026-05-08 22:22:00,23.064906270603416
2026-05-08 22:23:00,23.059782714943168
2026-05-08 22:24:00,23.056843408743617
2026-05-08 22:25:00,23.054974631766555
2026-05-08 22:26:00,23.05858600268769
2026-05-08 22:27:00,23.058020004431484
2026-05-08 22:28:00,23.05807699392247
2026-05-08 22:29:00,23.0591243518393
2026-05-08 22:30:00,23.05723098049569
2026-05-08 22:31:00,23.055724786023376
2026-05-08 22:32:00,22.379656652020444
2026-05-08 22:33:00,22.380307996677388
2026-05-08 22:34:00,22.38491029481792
2026-05-08 22:35:00,22.38682972829245
2026-05-08 22:36:00,22.389802971886624
2026-05-08 22:37:00,22.393416414069165
2026-05-08 22:38:00,22.398439655112256
2026-05-08 22:39:00,22.40341388623618
2026-05-08 22:40:00,22.41035083870792
2026-05-08 22:41:00,22.414020562576283
2026-05-08 22:42:00,22.83835142393241
2026-05-08 22:43:00,22.83861331184039
2026-05-08 22:44:00,22.838844153179025
2026-05-08 22:45:00,22.83992127244005
2026-05-08 22:46:00,22.840850041328167
2026-05-08 22:47:00,22.84057632934877
2026-05-08 22:48:00,22.839640337122773
2026-05-08 22:49:00,22.83856043506989
2026-05-08 22:50:00,22.83925156023929
2026-05-08 22:51:00,22.838809612287378
2026-05-08 22:52:00,22.879575215430297
2026-05-08 22:53:00,22.880239594877995
2026-05-08 22:54:00,22.88007270373527
2026-05-08 22:55:00,22.881113847867883
2026-05-08 22:56:00,22.88260320030276
2026-05-08 22:57:00,22.87964500129345
2026-05-08 22:58:00,22.878212789223827
2026-05-08 22:59:00,22.877682589144744
2026-05-08 23:00:00,22.87539051860693
2026-05-08 23:01:00,22.87441072814289
2026-05-08 23:02:00,23.06440999315776
2026-05-08 23:03:00,23.06441717179216
2026-05-08 23:04:00,23.0639417763213
2026-05-08 23:05:00,23.062020966351994
2026-05-08 23:06:00,23.06014781588412
2026-05-08 23:07:00,23.05826239617265
2026-05-08 23:08:00,23.05919918188549
2026-05-08 23:09:00,23.058506834820875
2026-05-08 23:10:00,23.05706636005736
2026-05-08 23:11:00,23.056280206457743
2026-05-08 23:12:00,23.068005986080543
2026-05-08 23:13:00,23.066904464305416
2026-05-08 23:14:00,23.06441316710509
2026-05-08 23:15:00,23.06426231147445
2026-05-08 23:16:00,23.06441258968509
2026-05-08 23:17:00,23.064718683750407
2026-05-08 23:18:00,23.064618974492923
2026-05-08 23:19:00,23.063953440205232
2026-05-08 23:20:00,23.0637500170032
2026-05-08 23:21:00,23.062599833623544
2026-05-08 23:22:00,22.27580730978761
2026-05-08 23:23:00,22.277666035931443
2026-05-08 23:24:00,22.27879731718812
2026-05-08 23:25:00,22.28080982331548
2026-05-08 23:26:00,22.28421846393857
2026-05-08 23:27:00,22.28690202150855
2026-05-08 23:28:00,22.28951828543458
2026-05-08 23:29:00,22.29221095506463
2026-05-08 23:30:00,22.29322812322888
2026-05-08 23:31:00,22.294510360699032
2026-05-08 23:32:00,26.980516244845173
2026-05-08 23:33:00,26.97398755438783
2026-05-08 23:34:00,26.964765683935664
2026-05-08 23:35:00,26.955768958853263
2026-05-08 23:36:00,26.946495051683566
2026-05-08 23:37:00,26.935208947585604
2026-05-08 23:38:00,26.92592069246032
2026-05-08 23:39:00,26.916687843577645
2026-05-08 23:40:00,26.90890276171424
2026-05-08 23:41:00,26.90251881368616
2026-05-08 23:42:00,22.665126594515147
2026-05-08 23:43:00,22.665870005996528
2026-05-08 23:44:00,22.66672371773571
2026-05-08 23:45:00,22.66678864209503
2026-05-08 23:46:00,22.66749082206339
2026-05-08 23:47:00,22.66811085379273
2026-05-08 23:48:00,22.667643877477943
2026-05-08 23:49:00,22.667851201058927
2026-05-08 23:50:00,22.66907126902193
2026-05-08 23:51:00,22.67047737053186
2026-05-08 23:52:00,23.502511186933855
2026-05-08 23:53:00,23.501939377224783
2026-05-08 23:54:00,23.500575974992255
2026-05-08 23:55:00,23.499328177830915
2026-05-08 23:56:00,23.498011518678407
2026-05-08 23:57:00,23.497311886808614
2026-05-08 23:58:00,23.497018244526128
2026-05-08 23:59:00,23.495866768470744
2026-05-09 00:00:00,23.494507182798127
2026-05-09 00:01:00,23.49276689853404
2026-05-09 00:02:00,23.49276689853404
2026-05-09 00:03:00,23.49276689853404
2026-05-09 00:04:00,23.49276689853404
2026-05-09 00:05:00,23.49276689853404
2026-05-09 00:06:00,23.49276689853404
2026-05-09 00:07:00,23.49276689853404
2026-05-09 00:08:00,23.49276689853404
2026-05-09 00:09:00,23.49276689853404
2026-05-09 00:10:00,23.49276689853404
2026-05-09 00:11:00,23.49276689853404
2026-05-09 00:12:00,23.49276689853404
2026-05-09 00:13:00,23.49276689853404
2026-05-09 00:14:00,23.49276689853404
2026-05-09 00:15:00,23.49276689853404
2026-05-09 00:16:00,23.49276689853404
2026-05-09 00:17:00,23.49276689853404
2026-05-09 00:18:00,23.49276689853404
2026-05-09 00:19:00,23.49276689853404
2026-05-09 00:20:00,23.49276689853404
2026-05-09 00:21:00,23.49276689853404
2026-05-09 00:22:00,23.49276689853404
2026-05-09 00:23:00,23.49276689853404
2026-05-09 00:24:00,23.49276689853404
2026-05-09 00:25:00,23.49276689853404
2026-05-09 00:26:00,23.49276689853404
2026-05-09 00:27:00,23.49276689853404
2026-05-09 00:28:00,23.49276689853404
2026-05-09 00:29:00,23.49276689853404
2026-05-09 00:30:00,23.49276689853404
2026-05-09 00:31:00,23.49276689853404
2026-05-09 00:32:00,23.49276689853404
2026-05-09 00:33:00,23.49276689853404
2026-05-09 00:34:00,23.49276689853404
2026-05-09 00:35:00,23.49276689853404
2026-05-09 00:36:00,23.49276689853404
2026-05-09 00:37:00,23.49276689853404
2026-05-09 00:38:00,23.49276689853404
2026-05-09 00:39:00,23.49276689853404
2026-05-09 00:40:00,23.49276689853404
2026-05-09 00:41:00,23.49276689853404
2026-05-09 00:42:00,23.49276689853404
2026-05-09 00:43:00,23.49276689853404
2026-05-09 00:44:00,23.49276689853404
2026-05-09 00:45:00,23.49276689853404
2026-05-09 00:46:00,23.49276689853404
2026-05-09 00:47:00,23.49276689853404
2026-05-09 00:48:00,23.49276689853404
2026-05-09 00:49:00,23.49276689853404
2026-05-09 00:50:00,23.49276689853404
2026-05-09 00:51:00,23.49276689853404
2026-05-09 00:52:00,23.49276689853404
2026-05-09 00:53:00,23.49276689853404
2026-05-09 00:54:00,23.49276689853404
2026-05-09 00:55:00,23.49276689853404
2026-05-09 00:56:00,23.49276689853404
2026-05-09 00:57:00,23.49276689853404
2026-05-09 00:58:00,23.49276689853404
2026-05-09 00:59:00,23.49276689853404
2026-05-09 01:00:00,23.49276689853404
2026-05-09 01:01:00,23.49276689853404
2026-05-09 01:02:00,23.49276689853404
2026-05-09 01:03:00,23.49276689853404
2026-05-09 01:04:00,23.49276689853404
2026-05-09 01:05:00,23.49276689853404
2026-05-09 01:06:00,23.49276689853404
2026-05-09 01:07:00,23.49276689853404
2026-05-09 01:08:00,23.49276689853404
2026-05-09 01:09:00,23.49276689853404
2026-05-09 01:10:00,23.49276689853404
2026-05-09 01:11:00,23.49276689853404
2026-05-09 01:12:00,23.49276689853404
2026-05-09 01:13:00,23.49276689853404
2026-05-09 01:14:00,23.49276689853404
2026-05-09 01:15:00,23.49276689853404
2026-05-09 01:16:00,23.49276689853404
2026-05-09 01:17:00,23.49276689853404
2026-05-09 01:18:00,23.49276689853404
2026-05-09 01:19:00,23.49276689853404
2026-05-09 01:20:00,23.49276689853404
2026-05-09 01:21:00,23.49276689853404
2026-05-09 01:22:00,23.49276689853404
2026-05-09 01:23:00,23.49276689853404
2026-05-09 01:24:00,23.49276689853404
2026-05-09 01:25:00,23.49276689853404
2026-05-09 01:26:00,23.49276689853404
2026-05-09 01:27:00,23.49276689853404
2026-05-09 01:28:00,23.49276689853404
2026-05-09 01:29:00,23.49276689853404
2026-05-09 01:30:00,23.49276689853404
2026-05-09 01:31:00,23.49276689853404
2026-05-09 01:32:00,23.49276689853404
2026-05-09 01:33:00,23.49276689853404
2026-05-09 01:34:00,23.49276689853404
2026-05-09 01:35:00,23.49276689853404
2026-05-09 01:36:00,23.49276689853404
2026-05-09 01:37:00,23.49276689853404
2026-05-09 01:38:00,23.49276689853404
2026-05-09 01:39:00,23.49276689853404
2026-05-09 01:40:00,23.49276689853404
2026-05-09 01:41:00,23.49276689853404
2026-05-09 01:42:00,23.49276689853404
2026-05-09 01:43:00,23.49276689853404
2026-05-09 01:44:00,23.49276689853404
2026-05-09 01:45:00,23.49276689853404
2026-05-09 01:46:00,23.49276689853404
2026-05-09 01:47:00,23.49276689853404
2026-05-09 01:48:00,23.49276689853404
2026-05-09 01:49:00,23.49276689853404
2026-05-09 01:50:00,23.49276689853404
2026-05-09 01:51:00,23.49276689853404
2026-05-09 01:52:00,23.49276689853404
2026-05-09 01:53:00,23.49276689853404
2026-05-09 01:54:00,23.49276689853404
2026-05-09 01:55:00,23.49276689853404
2026-05-09 01:56:00,23.49276689853404
2026-05-09 01:57:00,23.49276689853404
2026-05-09 01:58:00,23.49276689853404
2026-05-09 01:59:00,23.49276689853404
2026-05-09 02:00:00,23.49276689853404
2026-05-09 02:01:00,23.49276689853404
2026-05-09 02:02:00,23.49276689853404
2026-05-09 02:03:00,23.49276689853404
2026-05-09 02:04:00,23.49276689853404
2026-05-09 02:05:00,23.49276689853404
2026-05-09 02:06:00,23.49276689853404
2026-05-09 02:07:00,23.49276689853404
2026-05-09 02:08:00,23.49276689853404
2026-05-09 02:09:00,23.49276689853404
2026-05-09 02:10:00,23.49276689853404
2026-05-09 02:11:00,23.49276689853404
2026-05-09 02:12:00,23.49276689853404
2026-05-09 02:13:00,23.49276689853404
2026-05-09 02:14:00,23.49276689853404
2026-05-09 02:15:00,23.49276689853404
2026-05-09 02:16:00,23.49276689853404
2026-05-09 02:17:00,23.49276689853404
2026-05-09 02:18:00,23.49276689853404
2026-05-09 02:19:00,23.49276689853404
2026-05-09 02:20:00,23.49276689853404
2026-05-09 02:21:00,23.49276689853404
2026-05-09 02:22:00,23.49276689853404
2026-05-09 02:23:00,23.49276689853404
2026-05-09 02:24:00,23.49276689853404
2026-05-09 02:25:00,23.49276689853404
2026-05-09 02:26:00,23.49276689853404
2026-05-09 02:27:00,23.49276689853404
2026-05-09 02:28:00,23.49276689853404
2026-05-09 02:29:00,23.49276689853404
2026-05-09 02:30:00,23.49276689853404
2026-05-09 02:31:00,23.49276689853404
2026-05-09 02:32:00,23.49276689853404
2026-05-09 02:33:00,23.49276689853404
2026-05-09 02:34:00,23.49276689853404
2026-05-09 02:35:00,23.49276689853404
2026-05-09 02:36:00,23.49276689853404
2026-05-09 02:37:00,23.49276689853404
2026-05-09 02:38:00,23.49276689853404
2026-05-09 02:39:00,23.49276689853404
2026-05-09 02:40:00,23.49276689853404
2026-05-09 02:41:00,23.49276689853404
2026-05-09 02:42:00,23.49276689853404
2026-05-09 02:43:00,23.49276689853404
2026-05-09 02:44:00,23.49276689853404
2026-05-09 02:45:00,23.49276689853404
2026-05-09 02:46:00,23.49276689853404
2026-05-09 02:47:00,23.49276689853404
2026-05-09 02:48:00,23.49276689853404
2026-05-09 02:49:00,23.49276689853404
2026-05-09 02:50:00,23.49276689853404
2026-05-09 02:51:00,23.49276689853404
2026-05-09 02:52:00,23.49276689853404
2026-05-09 02:53:00,23.49276689853404
2026-05-09 02:54:00,23.49276689853404
2026-05-09 02:55:00,23.49276689853404
2026-05-09 02:56:00,23.49276689853404
2026-05-09 02:57:00,23.49276689853404
2026-05-09 02:58:00,23.49276689853404
2026-05-09 02:59:00,23.49276689853404
2026-05-09 03:00:00,23.49276689853404
2026-05-09 03:01:00,23.49276689853404
2026-05-09 03:02:00,23.49276689853404
2026-05-09 03:03:00,23.49276689853404
2026-05-09 03:04:00,23.49276689853404
2026-05-09 03:05:00,23.49276689853404
2026-05-09 03:06:00,23.49276689853404
2026-05-09 03:07:00,23.49276689853404
2026-05-09 03:08:00,23.49276689853404
2026-05-09 03:09:00,23.49276689853404
2026-05-09 03:10:00,23.49276689853404
2026-05-09 03:11:00,23.49276689853404
2026-05-09 03:12:00,23.49276689853404
2026-05-09 03:13:00,23.49276689853404
2026-05-09 03:14:00,23.49276689853404
2026-05-09 03:15:00,23.49276689853404
2026-05-09 03:16:00,23.49276689853404
2026-05-09 03:17:00,23.49276689853404
2026-05-09 03:18:00,23.49276689853404
2026-05-09 03:19:00,23.49276689853404
2026-05-09 03:20:00,23.49276689853404
2026-05-09 03:21:00,23.49276689853404
2026-05-09 03:22:00,23.49276689853404
2026-05-09 03:23:00,23.49276689853404
2026-05-09 03:24:00,23.49276689853404
2026-05-09 03:25:00,23.49276689853404
2026-05-09 03:26:00,23.49276689853404
2026-05-09 03:27:00,23.49276689853404
2026-05-09 03:28:00,23.49276689853404
2026-05-09 03:29:00,23.49276689853404
2026-05-09 03:30:00,23.49276689853404
2026-05-09 03:31:00,23.49276689853404
2026-05-09 03:32:00,23.49276689853404
2026-05-09 03:33:00,23.49276689853404
2026-05-09 03:34:00,23.49276689853404
2026-05-09 03:35:00,23.49276689853404
2026-05-09 03:36:00,23.49276689853404
2026-05-09 03:37:00,23.49276689853404
2026-05-09 03:38:00,23.49276689853404
2026-05-09 03:39:00,23.49276689853404
2026-05-09 03:40:00,23.49276689853404
2026-05-09 03:41:00,23.49276689853404
2026-05-09 03:42:00,23.49276689853404
2026-05-09 03:43:00,23.49276689853404
2026-05-09 03:44:00,23.49276689853404
2026-05-09 03:45:00,23.49276689853404
2026-05-09 03:46:00,23.49276689853404
2026-05-09 03:47:00,23.49276689853404
2026-05-09 03:48:00,23.49276689853404
2026-05-09 03:49:00,23.49276689853404
2026-05-09 03:50:00,23.49276689853404
2026-05-09 03:51:00,23.49276689853404
2026-05-09 03:52:00,23.49276689853404
2026-05-09 03:53:00,23.49276689853404
2026-05-09 03:54:00,23.49276689853404
2026-05-09 03:55:00,23.49276689853404
2026-05-09 03:56:00,23.49276689853404
2026-05-09 03:57:00,23.49276689853404
2026-05-09 03:58:00,23.49276689853404
2026-05-09 03:59:00,23.49276689853404
2026-05-09 04:00:00,23.49276689853404
2026-05-09 04:01:00,23.49276689853404
2026-05-09 04:02:00,23.49276689853404
2026-05-09 04:03:00,23.49276689853404
2026-05-09 04:04:00,23.49276689853404
2026-05-09 04:05:00,23.49276689853404
2026-05-09 04:06:00,23.49276689853404
2026-05-09 04:07:00,23.49276689853404
2026-05-09 04:08:00,23.49276689853404
2026-05-09 04:09:00,23.49276689853404
2026-05-09 04:10:00,23.49276689853404
2026-05-09 04:11:00,23.49276689853404
2026-05-09 04:12:00,23.49276689853404
2026-05-09 04:13:00,23.49276689853404
2026-05-09 04:14:00,23.49276689853404
2026-05-09 04:15:00,23.49276689853404
2026-05-09 04:16:00,23.49276689853404
2026-05-09 04:17:00,23.49276689853404
2026-05-09 04:18:00,23.49276689853404
2026-05-09 04:19:00,23.49276689853404
2026-05-09 04:20:00,23.49276689853404
2026-05-09 04:21:00,23.49276689853404
2026-05-09 04:22:00,23.49276689853404
2026-05-09 04:23:00,23.49276689853404
2026-05-09 04:24:00,23.49276689853404
2026-05-09 04:25:00,23.49276689853404
2026-05-09 04:26:00,23.49276689853404
2026-05-09 04:27:00,23.49276689853404
2026-05-09 04:28:00,23.49276689853404
2026-05-09 04:29:00,23.49276689853404
2026-05-09 04:30:00,23.49276689853404
2026-05-09 04:31:00,23.49276689853404
2026-05-09 04:32:00,23.49276689853404
2026-05-09 04:33:00,23.49276689853404
2026-05-09 04:34:00,23.49276689853404
2026-05-09 04:35:00,23.49276689853404
2026-05-09 04:36:00,23.49276689853404
2026-05-09 04:37:00,23.49276689853404
2026-05-09 04:38:00,23.49276689853404
2026-05-09 04:39:00,23.49276689853404
2026-05-09 04:40:00,23.49276689853404
2026-05-09 04:41:00,23.49276689853404
2026-05-09 04:42:00,23.49276689853404
2026-05-09 04:43:00,23.49276689853404
2026-05-09 04:44:00,23.49276689853404
2026-05-09 04:45:00,23.49276689853404
2026-05-09 04:46:00,23.49276689853404
2026-05-09 04:47:00,23.49276689853404
2026-05-09 04:48:00,23.49276689853404
2026-05-09 04:49:00,23.49276689853404
2026-05-09 04:50:00,23.49276689853404
2026-05-09 04:51:00,23.49276689853404
2026-05-09 04:52:00,23.49276689853404
2026-05-09 04:53:00,23.49276689853404
2026-05-09 04:54:00,23.49276689853404
2026-05-09 04:55:00,23.49276689853404
2026-05-09 04:56:00,23.49276689853404
2026-05-09 04:57:00,23.49276689853404
2026-05-09 04:58:00,23.49276689853404
2026-05-09 04:59:00,23.49276689853404
2026-05-09 05:00:00,23.49276689853404
2026-05-09 05:01:00,23.49276689853404
2026-05-09 05:02:00,23.49276689853404
2026-05-09 05:03:00,23.49276689853404
2026-05-09 05:04:00,23.49276689853404
2026-05-09 05:05:00,23.49276689853404
2026-05-09 05:06:00,23.49276689853404
2026-05-09 05:07:00,23.49276689853404
2026-05-09 05:08:00,23.49276689853404
2026-05-09 05:09:00,23.49276689853404
2026-05-09 05:10:00,23.49276689853404
2026-05-09 05:11:00,23.49276689853404
2026-05-09 05:12:00,23.49276689853404
2026-05-09 05:13:00,23.49276689853404
2026-05-09 05:14:00,23.49276689853404
2026-05-09 05:15:00,23.49276689853404
2026-05-09 05:16:00,23.49276689853404
2026-05-09 05:17:00,23.49276689853404
2026-05-09 05:18:00,23.49276689853404
2026-05-09 05:19:00,23.49276689853404
2026-05-09 05:20:00,23.49276689853404
2026-05-09 05:21:00,23.49276689853404
2026-05-09 05:22:00,23.49276689853404
2026-05-09 05:23:00,23.49276689853404
2026-05-09 05:24:00,23.49276689853404
2026-05-09 05:25:00,23.49276689853404
2026-05-09 05:26:00,23.49276689853404
2026-05-09 05:27:00,23.49276689853404
2026-05-09 05:28:00,23.49276689853404
2026-05-09 05:29:00,23.49276689853404
2026-05-09 05:30:00,23.49276689853404
2026-05-09 05:31:00,23.49276689853404
2026-05-09 05:32:00,23.49276689853404
2026-05-09 05:33:00,23.49276689853404
2026-05-09 05:34:00,23.49276689853404
2026-05-09 05:35:00,23.49276689853404
2026-05-09 05:36:00,23.49276689853404
2026-05-09 05:37:00,23.49276689853404
2026-05-09 05:38:00,23.49276689853404
2026-05-09 05:39:00,23.49276689853404
2026-05-09 05:40:00,23.49276689853404
2026-05-09 05:41:00,23.49276689853404
2026-05-09 05:42:00,23.49276689853404
2026-05-09 05:43:00,23.49276689853404
2026-05-09 05:44:00,23.49276689853404
2026-05-09 05:45:00,23.49276689853404
2026-05-09 05:46:00,23.49276689853404
2026-05-09 05:47:00,23.49276689853404
2026-05-09 05:48:00,23.49276689853404
2026-05-09 05:49:00,23.49276689853404
2026-05-09 05:50:00,23.49276689853404
2026-05-09 05:51:00,23.49276689853404
2026-05-09 05:52:00,23.49276689853404
2026-05-09 05:53:00,23.49276689853404
2026-05-09 05:54:00,23.49276689853404
2026-05-09 05:55:00,23.49276689853404
2026-05-09 05:56:00,23.49276689853404
2026-05-09 05:57:00,23.49276689853404
2026-05-09 05:58:00,23.49276689853404
2026-05-09 05:59:00,23.49276689853404
2026-05-09 06:00:00,23.49276689853404
2026-05-09 06:01:00,23.49276689853404
2026-05-09 06:02:00,23.49276689853404
2026-05-09 06:03:00,23.49276689853404
2026-05-09 06:04:00,23.49276689853404
2026-05-09 06:05:00,23.49276689853404
2026-05-09 06:06:00,23.49276689853404
2026-05-09 06:07:00,23.49276689853404
2026-05-09 06:08:00,23.49276689853404
2026-05-09 06:09:00,23.49276689853404
2026-05-09 06:10:00,23.49276689853404
2026-05-09 06:11:00,23.49276689853404
2026-05-09 06:12:00,23.49276689853404
2026-05-09 06:13:00,23.49276689853404
2026-05-09 06:14:00,23.49276689853404
2026-05-09 06:15:00,23.49276689853404
2026-05-09 06:16:00,23.49276689853404
2026-05-09 06:17:00,23.49276689853404
2026-05-09 06:18:00,23.49276689853404
2026-05-09 06:19:00,23.49276689853404
2026-05-09 06:20:00,23.49276689853404
2026-05-09 06:21:00,23.49276689853404
2026-05-09 06:22:00,23.49276689853404
2026-05-09 06:23:00,23.49276689853404
2026-05-09 06:24:00,23.49276689853404
2026-05-09 06:25:00,23.49276689853404
2026-05-09 06:26:00,23.49276689853404
2026-05-09 06:27:00,23.49276689853404
2026-05-09 06:28:00,23.49276689853404
2026-05-09 06:29:00,23.49276689853404
2026-05-09 06:30:00,23.49276689853404
2026-05-09 06:31:00,23.49276689853404
2026-05-09 06:32:00,23.49276689853404
2026-05-09 06:33:00,23.49276689853404
2026-05-09 06:34:00,23.49276689853404
2026-05-09 06:35:00,23.49276689853404
2026-05-09 06:36:00,23.49276689853404
2026-05-09 06:37:00,23.49276689853404
2026-05-09 06:38:00,23.49276689853404
2026-05-09 06:39:00,23.49276689853404
2026-05-09 06:40:00,23.49276689853404
2026-05-09 06:41:00,23.49276689853404
2026-05-09 06:42:00,23.49276689853404
2026-05-09 06:43:00,23.49276689853404
2026-05-09 06:44:00,23.49276689853404
2026-05-09 06:45:00,23.49276689853404
2026-05-09 06:46:00,23.49276689853404
2026-05-09 06:47:00,23.49276689853404
2026-05-09 06:48:00,23.49276689853404
2026-05-09 06:49:00,23.49276689853404
2026-05-09 06:50:00,23.49276689853404
2026-05-09 06:51:00,23.49276689853404
2026-05-09 06:52:00,23.49276689853404
2026-05-09 06:53:00,23.49276689853404
2026-05-09 06:54:00,23.49276689853404
2026-05-09 06:55:00,23.49276689853404
2026-05-09 06:56:00,23.49276689853404
2026-05-09 06:57:00,23.49276689853404
2026-05-09 06:58:00,23.49276689853404
2026-05-09 06:59:00,23.49276689853404
2026-05-09 07:00:00,23.49276689853404
2026-05-09 07:01:00,23.49276689853404
2026-05-09 07:02:00,23.49276689853404
2026-05-09 07:03:00,23.49276689853404
2026-05-09 07:04:00,23.49276689853404
2026-05-09 07:05:00,23.49276689853404
2026-05-09 07:06:00,23.49276689853404
2026-05-09 07:07:00,23.49276689853404
2026-05-09 07:08:00,23.49276689853404
2026-05-09 07:09:00,23.49276689853404
2026-05-09 07:10:00,23.49276689853404
2026-05-09 07:11:00,23.49276689853404
2026-05-09 07:12:00,23.49276689853404
2026-05-09 07:13:00,23.49276689853404
2026-05-09 07:14:00,23.49276689853404
2026-05-09 07:15:00,23.49276689853404
2026-05-09 07:16:00,23.49276689853404
2026-05-09 07:17:00,23.49276689853404
2026-05-09 07:18:00,23.49276689853404
2026-05-09 07:19:00,23.49276689853404
2026-05-09 07:20:00,23.49276689853404
2026-05-09 07:21:00,23.49276689853404
2026-05-09 07:22:00,23.49276689853404
2026-05-09 07:23:00,23.49276689853404
2026-05-09 07:24:00,23.49276689853404
2026-05-09 07:25:00,23.49276689853404
2026-05-09 07:26:00,23.49276689853404
2026-05-09 07:27:00,23.49276689853404
2026-05-09 07:28:00,23.49276689853404
2026-05-09 07:29:00,23.49276689853404
2026-05-09 07:30:00,23.49276689853404
2026-05-09 07:31:00,23.49276689853404
2026-05-09 07:32:00,23.49276689853404
2026-05-09 07:33:00,23.49276689853404
2026-05-09 07:34:00,23.49276689853404
2026-05-09 07:35:00,23.49276689853404
2026-05-09 07:36:00,23.49276689853404
2026-05-09 07:37:00,23.49276689853404
2026-05-09 07:38:00,23.49276689853404
2026-05-09 07:39:00,23.49276689853404
2026-05-09 07:40:00,23.49276689853404
2026-05-09 07:41:00,23.49276689853404
2026-05-09 07:42:00,23.49276689853404
2026-05-09 07:43:00,23.49276689853404
2026-05-09 07:44:00,23.49276689853404
2026-05-09 07:45:00,23.49276689853404
2026-05-09 07:46:00,23.49276689853404
2026-05-09 07:47:00,23.49276689853404
2026-05-09 07:48:00,23.49276689853404
2026-05-09 07:49:00,23.49276689853404
2026-05-09 07:50:00,23.49276689853404
2026-05-09 07:51:00,23.49276689853404
2026-05-09 07:52:00,23.49276689853404
2026-05-09 07:53:00,23.49276689853404
2026-05-09 07:54:00,23.49276689853404
2026-05-09 07:55:00,23.49276689853404
2026-05-09 07:56:00,23.49276689853404
2026-05-09 07:57:00,23.49276689853404
2026-05-09 07:58:00,23.49276689853404
2026-05-09 07:59:00,23.49276689853404
2026-05-09 08:00:00,23.49276689853404
2026-05-09 08:01:00,23.49276689853404
2026-05-09 08:02:00,23.49276689853404
2026-05-09 08:03:00,23.49276689853404
2026-05-09 08:04:00,23.49276689853404
2026-05-09 08:05:00,23.49276689853404
2026-05-09 08:06:00,23.49276689853404
2026-05-09 08:07:00,23.49276689853404
2026-05-09 08:08:00,23.49276689853404
2026-05-09 08:09:00,23.49276689853404
2026-05-09 08:10:00,23.49276689853404
2026-05-09 08:11:00,23.49276689853404
2026-05-09 08:12:00,23.49276689853404
2026-05-09 08:13:00,23.49276689853404
2026-05-09 08:14:00,23.49276689853404
2026-05-09 08:15:00,23.49276689853404
2026-05-09 08:16:00,23.49276689853404
2026-05-09 08:17:00,23.49276689853404
2026-05-09 08:18:00,23.49276689853404
2026-05-09 08:19:00,23.49276689853404
2026-05-09 08:20:00,23.49276689853404
2026-05-09 08:21:00,23.49276689853404
2026-05-09 08:22:00,23.49276689853404
2026-05-09 08:23:00,23.49276689853404
2026-05-09 08:24:00,23.49276689853404
2026-05-09 08:25:00,23.49276689853404
2026-05-09 08:26:00,23.49276689853404
2026-05-09 08:27:00,23.49276689853404
2026-05-09 08:28:00,23.49276689853404
2026-05-09 08:29:00,23.49276689853404
2026-05-09 08:30:00,23.49276689853404
2026-05-09 08:31:00,23.49276689853404
2026-05-09 08:32:00,23.49276689853404
2026-05-09 08:33:00,23.49276689853404
2026-05-09 08:34:00,23.49276689853404
2026-05-09 08:35:00,23.49276689853404
2026-05-09 08:36:00,23.49276689853404
2026-05-09 08:37:00,23.49276689853404
2026-05-09 08:38:00,23.49276689853404
2026-05-09 08:39:00,23.49276689853404
2026-05-09 08:40:00,23.49276689853404
2026-05-09 08:41:00,23.49276689853404
2026-05-09 08:42:00,23.49276689853404
2026-05-09 08:43:00,23.49276689853404
2026-05-09 08:44:00,23.49276689853404
2026-05-09 08:45:00,23.49276689853404
2026-05-09 08:46:00,23.49276689853404
2026-05-09 08:47:00,23.49276689853404
2026-05-09 08:48:00,23.49276689853404
2026-05-09 08:49:00,23.49276689853404
2026-05-09 08:50:00,23.49276689853404
2026-05-09 08:51:00,23.49276689853404
2026-05-09 08:52:00,23.49276689853404
2026-05-09 08:53:00,23.49276689853404
2026-05-09 08:54:00,23.49276689853404
2026-05-09 08:55:00,23.49276689853404
2026-05-09 08:56:00,23.49276689853404
2026-05-09 08:57:00,23.49276689853404
2026-05-09 08:58:00,23.49276689853404
2026-05-09 08:59:00,23.49276689853404
2026-05-09 09:00:00,23.49276689853404
2026-05-09 09:01:00,23.49276689853404
2026-05-09 09:02:00,23.49276689853404
2026-05-09 09:03:00,23.49276689853404
2026-05-09 09:04:00,23.49276689853404
2026-05-09 09:05:00,23.49276689853404
2026-05-09 09:06:00,23.49276689853404
2026-05-09 09:07:00,23.49276689853404
2026-05-09 09:08:00,23.49276689853404
2026-05-09 09:09:00,23.49276689853404
2026-05-09 09:10:00,23.49276689853404
2026-05-09 09:11:00,23.49276689853404
2026-05-09 09:12:00,23.49276689853404
2026-05-09 09:13:00,23.49276689853404
2026-05-09 09:14:00,23.49276689853404
2026-05-09 09:15:00,23.49276689853404
2026-05-09 09:16:00,23.49276689853404
2026-05-09 09:17:00,23.49276689853404
2026-05-09 09:18:00,23.49276689853404
2026-05-09 09:19:00,23.49276689853404
2026-05-09 09:20:00,23.49276689853404
2026-05-09 09:21:00,23.49276689853404
2026-05-09 09:22:00,23.49276689853404
2026-05-09 09:23:00,23.49276689853404
2026-05-09 09:24:00,23.49276689853404
2026-05-09 09:25:00,23.49276689853404
2026-05-09 09:26:00,23.49276689853404
2026-05-09 09:27:00,23.49276689853404
2026-05-09 09:28:00,23.49276689853404
2026-05-09 09:29:00,23.49276689853404
2026-05-09 09:30:00,23.49276689853404
2026-05-09 09:31:00,23.49276689853404
2026-05-09 09:32:00,23.49276689853404
2026-05-09 09:33:00,23.49276689853404
2026-05-09 09:34:00,23.49276689853404
2026-05-09 09:35:00,23.49276689853404
2026-05-09 09:36:00,23.49276689853404
2026-05-09 09:37:00,23.49276689853404
2026-05-09 09:38:00,23.49276689853404
2026-05-09 09:39:00,23.49276689853404
2026-05-09 09:40:00,23.49276689853404
2026-05-09 09:41:00,23.49276689853404
2026-05-09 09:42:00,23.49276689853404
2026-05-09 09:43:00,23.49276689853404
2026-05-09 09:44:00,23.49276689853404
2026-05-09 09:45:00,23.49276689853404
2026-05-09 09:46:00,23.49276689853404
2026-05-09 09:47:00,23.49276689853404
2026-05-09 09:48:00,23.49276689853404
2026-05-09 09:49:00,23.49276689853404
2026-05-09 09:50:00,23.49276689853404
2026-05-09 09:51:00,23.49276689853404
2026-05-09 09:52:00,23.49276689853404
2026-05-09 09:53:00,23.49276689853404
2026-05-09 09:54:00,23.49276689853404
2026-05-09 09:55:00,23.49276689853404
2026-05-09 09:56:00,23.49276689853404
2026-05-09 09:57:00,23.49276689853404
2026-05-09 09:58:00,23.49276689853404
2026-05-09 09:59:00,23.49276689853404
2026-05-09 10:00:00,23.49276689853404
2026-05-09 10:01:00,23.49276689853404
2026-05-09 10:02:00,23.49276689853404
2026-05-09 10:03:00,23.49276689853404
2026-05-09 10:04:00,23.49276689853404
2026-05-09 10:05:00,23.49276689853404
2026-05-09 10:06:00,23.49276689853404
2026-05-09 10:07:00,23.49276689853404
2026-05-09 10:08:00,23.49276689853404
2026-05-09 10:09:00,23.49276689853404
2026-05-09 10:10:00,23.49276689853404
2026-05-09 10:11:00,23.49276689853404
2026-05-09 10:12:00,23.49276689853404
2026-05-09 10:13:00,23.49276689853404
2026-05-09 10:14:00,23.49276689853404
2026-05-09 10:15:00,23.49276689853404
2026-05-09 10:16:00,23.49276689853404
2026-05-09 10:17:00,23.49276689853404
2026-05-09 10:18:00,23.49276689853404
2026-05-09 10:19:00,23.49276689853404
2026-05-09 10:20:00,23.49276689853404
2026-05-09 10:21:00,23.49276689853404
2026-05-09 10:22:00,23.49276689853404
2026-05-09 10:23:00,23.49276689853404
2026-05-09 10:24:00,23.49276689853404
2026-05-09 10:25:00,23.49276689853404
2026-05-09 10:26:00,23.49276689853404
2026-05-09 10:27:00,23.49276689853404
2026-05-09 10:28:00,23.49276689853404
2026-05-09 10:29:00,23.49276689853404
2026-05-09 10:30:00,23.49276689853404
2026-05-09 10:31:00,23.49276689853404
2026-05-09 10:32:00,23.49276689853404
2026-05-09 10:33:00,23.49276689853404
2026-05-09 10:34:00,23.49276689853404
2026-05-09 10:35:00,23.49276689853404
2026-05-09 10:36:00,23.49276689853404
2026-05-09 10:37:00,23.49276689853404
2026-05-09 10:38:00,23.49276689853404
2026-05-09 10:39:00,23.49276689853404
2026-05-09 10:40:00,23.49276689853404
2026-05-09 10:41:00,23.49276689853404
2026-05-09 10:42:00,23.49276689853404
2026-05-09 10:43:00,23.49276689853404
2026-05-09 10:44:00,23.49276689853404
2026-05-09 10:45:00,23.49276689853404
2026-05-09 10:46:00,23.49276689853404
2026-05-09 10:47:00,23.49276689853404
2026-05-09 10:48:00,23.49276689853404
2026-05-09 10:49:00,23.49276689853404
2026-05-09 10:50:00,23.49276689853404
2026-05-09 10:51:00,23.49276689853404
2026-05-09 10:52:00,23.49276689853404
2026-05-09 10:53:00,23.49276689853404
2026-05-09 10:54:00,23.49276689853404
2026-05-09 10:55:00,23.49276689853404
2026-05-09 10:56:00,23.49276689853404
2026-05-09 10:57:00,23.49276689853404
2026-05-09 10:58:00,23.49276689853404
2026-05-09 10:59:00,23.49276689853404
2026-05-09 11:00:00,23.49276689853404
2026-05-09 11:01:00,23.49276689853404
2026-05-09 11:02:00,23.49276689853404
2026-05-09 11:03:00,23.49276689853404
2026-05-09 11:04:00,23.49276689853404
2026-05-09 11:05:00,23.49276689853404
2026-05-09 11:06:00,23.49276689853404
2026-05-09 11:07:00,23.49276689853404
2026-05-09 11:08:00,23.49276689853404
2026-05-09 11:09:00,23.49276689853404
2026-05-09 11:10:00,23.49276689853404
2026-05-09 11:11:00,23.49276689853404
2026-05-09 11:12:00,23.49276689853404
2026-05-09 11:13:00,23.49276689853404
2026-05-09 11:14:00,23.49276689853404
2026-05-09 11:15:00,23.49276689853404
2026-05-09 11:16:00,23.49276689853404
2026-05-09 11:17:00,23.49276689853404
2026-05-09 11:18:00,23.49276689853404
2026-05-09 11:19:00,23.49276689853404
2026-05-09 11:20:00,23.49276689853404
2026-05-09 11:21:00,23.49276689853404
2026-05-09 11:22:00,23.49276689853404
2026-05-09 11:23:00,23.49276689853404
2026-05-09 11:24:00,23.49276689853404
2026-05-09 11:25:00,23.49276689853404
2026-05-09 11:26:00,23.49276689853404
2026-05-09 11:27:00,23.49276689853404
2026-05-09 11:28:00,23.49276689853404
2026-05-09 11:29:00,23.49276689853404
2026-05-09 11:30:00,23.49276689853404
2026-05-09 11:31:00,23.49276689853404
2026-05-09 11:32:00,23.49276689853404
2026-05-09 11:33:00,23.49276689853404
2026-05-09 11:34:00,23.49276689853404
2026-05-09 11:35:00,23.49276689853404
2026-05-09 11:36:00,23.49276689853404
2026-05-09 11:37:00,23.49276689853404
2026-05-09 11:38:00,23.49276689853404
2026-05-09 11:39:00,23.49276689853404
2026-05-09 11:40:00,23.49276689853404
2026-05-09 11:41:00,23.49276689853404
2026-05-09 11:42:00,23.49276689853404
2026-05-09 11:43:00,23.49276689853404
2026-05-09 11:44:00,23.49276689853404
2026-05-09 11:45:00,23.49276689853404
2026-05-09 11:46:00,23.49276689853404
2026-05-09 11:47:00,23.49276689853404
2026-05-09 11:48:00,23.49276689853404
2026-05-09 11:49:00,23.49276689853404
2026-05-09 11:50:00,23.49276689853404
2026-05-09 11:51:00,23.49276689853404
2026-05-09 11:52:00,23.49276689853404
2026-05-09 11:53:00,23.49276689853404
2026-05-09 11:54:00,23.49276689853404
2026-05-09 11:55:00,23.49276689853404
2026-05-09 11:56:00,23.49276689853404
2026-05-09 11:57:00,23.49276689853404
2026-05-09 11:58:00,23.49276689853404
2026-05-09 11:59:00,23.49276689853404
2026-05-09 12:00:00,23.49276689853404
2026-05-09 12:01:00,23.49276689853404
2026-05-09 12:02:00,23.49276689853404
2026-05-09 12:03:00,23.49276689853404
2026-05-09 12:04:00,23.49276689853404
2026-05-09 12:05:00,23.49276689853404
2026-05-09 12:06:00,23.49276689853404
2026-05-09 12:07:00,23.49276689853404
2026-05-09 12:08:00,23.49276689853404
2026-05-09 12:09:00,23.49276689853404
2026-05-09 12:10:00,23.49276689853404
2026-05-09 12:11:00,23.49276689853404
2026-05-09 12:12:00,23.49276689853404
2026-05-09 12:13:00,23.49276689853404
2026-05-09 12:14:00,23.49276689853404
2026-05-09 12:15:00,23.49276689853404
2026-05-09 12:16:00,23.49276689853404
2026-05-09 12:17:00,23.49276689853404
2026-05-09 12:18:00,23.49276689853404
2026-05-09 12:19:00,23.49276689853404
2026-05-09 12:20:00,23.49276689853404
2026-05-09 12:21:00,23.49276689853404
2026-05-09 12:22:00,23.49276689853404
2026-05-09 12:23:00,23.49276689853404
2026-05-09 12:24:00,23.49276689853404
2026-05-09 12:25:00,23.49276689853404
2026-05-09 12:26:00,23.49276689853404
2026-05-09 12:27:00,23.49276689853404
2026-05-09 12:28:00,23.49276689853404
2026-05-09 12:29:00,23.49276689853404
2026-05-09 12:30:00,23.49276689853404
2026-05-09 12:31:00,23.49276689853404
2026-05-09 12:32:00,23.49276689853404
2026-05-09 12:33:00,23.49276689853404
2026-05-09 12:34:00,23.49276689853404
2026-05-09 12:35:00,23.49276689853404
2026-05-09 12:36:00,23.49276689853404
2026-05-09 12:37:00,23.49276689853404
2026-05-09 12:38:00,23.49276689853404
2026-05-09 12:39:00,23.49276689853404
2026-05-09 12:40:00,23.49276689853404
2026-05-09 12:41:00,23.49276689853404
2026-05-09 12:42:00,23.49276689853404
2026-05-09 12:43:00,23.49276689853404
2026-05-09 12:44:00,23.49276689853404
2026-05-09 12:45:00,23.49276689853404
2026-05-09 12:46:00,23.49276689853404
2026-05-09 12:47:00,23.49276689853404
2026-05-09 12:48:00,23.49276689853404
2026-05-09 12:49:00,23.49276689853404
2026-05-09 12:50:00,23.49276689853404
2026-05-09 12:51:00,23.49276689853404
2026-05-09 12:52:00,23.49276689853404
2026-05-09 12:53:00,23.49276689853404
2026-05-09 12:54:00,23.49276689853404
2026-05-09 12:55:00,23.49276689853404
2026-05-09 12:56:00,23.49276689853404
2026-05-09 12:57:00,23.49276689853404
2026-05-09 12:58:00,23.49276689853404
2026-05-09 12:59:00,23.49276689853404
2026-05-09 13:00:00,23.49276689853404
2026-05-09 13:01:00,23.49276689853404
2026-05-09 13:02:00,23.49276689853404
2026-05-09 13:03:00,23.49276689853404
2026-05-09 13:04:00,23.49276689853404
2026-05-09 13:05:00,23.49276689853404
2026-05-09 13:06:00,23.49276689853404
2026-05-09 13:07:00,23.49276689853404
2026-05-09 13:08:00,23.49276689853404
2026-05-09 13:09:00,23.49276689853404
2026-05-09 13:10:00,23.49276689853404
2026-05-09 13:11:00,23.49276689853404
2026-05-09 13:12:00,23.49276689853404
2026-05-09 13:13:00,23.49276689853404
2026-05-09 13:14:00,23.49276689853404
2026-05-09 13:15:00,23.49276689853404
2026-05-09 13:16:00,23.49276689853404
2026-05-09 13:17:00,23.49276689853404
2026-05-09 13:18:00,23.49276689853404
2026-05-09 13:19:00,23.49276689853404
2026-05-09 13:20:00,23.49276689853404
2026-05-09 13:21:00,23.49276689853404
2026-05-09 13:22:00,23.49276689853404
2026-05-09 13:23:00,23.49276689853404
2026-05-09 13:24:00,23.49276689853404
2026-05-09 13:25:00,23.49276689853404
2026-05-09 13:26:00,23.49276689853404
2026-05-09 13:27:00,23.49276689853404
2026-05-09 13:28:00,23.49276689853404
2026-05-09 13:29:00,23.49276689853404
2026-05-09 13:30:00,23.49276689853404
2026-05-09 13:31:00,23.49276689853404
2026-05-09 13:32:00,23.49276689853404
2026-05-09 13:33:00,23.49276689853404
2026-05-09 13:34:00,23.49276689853404
2026-05-09 13:35:00,23.49276689853404
2026-05-09 13:36:00,23.49276689853404
2026-05-09 13:37:00,23.49276689853404
2026-05-09 13:38:00,23.49276689853404
2026-05-09 13:39:00,23.49276689853404
2026-05-09 13:40:00,23.49276689853404
2026-05-09 13:41:00,23.49276689853404
2026-05-09 13:42:00,23.49276689853404
2026-05-09 13:43:00,23.49276689853404
2026-05-09 13:44:00,23.49276689853404
2026-05-09 13:45:00,23.49276689853404
2026-05-09 13:46:00,23.49276689853404
2026-05-09 13:47:00,23.49276689853404
2026-05-09 13:48:00,23.49276689853404
2026-05-09 13:49:00,23.49276689853404
2026-05-09 13:50:00,23.49276689853404
2026-05-09 13:51:00,23.49276689853404
2026-05-09 13:52:00,23.49276689853404
2026-05-09 13:53:00,23.49276689853404
2026-05-09 13:54:00,23.49276689853404
2026-05-09 13:55:00,23.49276689853404
2026-05-09 13:56:00,23.49276689853404
2026-05-09 13:57:00,23.49276689853404
2026-05-09 13:58:00,23.49276689853404
2026-05-09 13:59:00,23.49276689853404
2026-05-09 14:00:00,23.49276689853404
2026-05-09 14:01:00,23.49276689853404
2026-05-09 14:02:00,23.49276689853404
2026-05-09 14:03:00,23.49276689853404
2026-05-09 14:04:00,23.49276689853404
2026-05-09 14:05:00,23.49276689853404
2026-05-09 14:06:00,23.49276689853404
2026-05-09 14:07:00,23.49276689853404
2026-05-09 14:08:00,23.49276689853404
2026-05-09 14:09:00,23.49276689853404
2026-05-09 14:10:00,23.49276689853404
2026-05-09 14:11:00,23.49276689853404
2026-05-09 14:12:00,23.49276689853404
2026-05-09 14:13:00,23.49276689853404
2026-05-09 14:14:00,23.49276689853404
2026-05-09 14:15:00,23.49276689853404
2026-05-09 14:16:00,23.49276689853404
2026-05-09 14:17:00,23.49276689853404
2026-05-09 14:18:00,23.49276689853404
2026-05-09 14:19:00,23.49276689853404
2026-05-09 14:20:00,23.49276689853404
2026-05-09 14:21:00,23.49276689853404
2026-05-09 14:22:00,23.49276689853404
2026-05-09 14:23:00,23.49276689853404
2026-05-09 14:24:00,23.49276689853404
2026-05-09 14:25:00,23.49276689853404
2026-05-09 14:26:00,23.49276689853404
2026-05-09 14:27:00,23.49276689853404
2026-05-09 14:28:00,23.49276689853404
2026-05-09 14:29:00,23.49276689853404
2026-05-09 14:30:00,23.49276689853404
2026-05-09 14:31:00,23.49276689853404
2026-05-09 14:32:00,23.49276689853404
2026-05-09 14:33:00,23.49276689853404
2026-05-09 14:34:00,23.49276689853404
2026-05-09 14:35:00,23.49276689853404
2026-05-09 14:36:00,23.49276689853404
2026-05-09 14:37:00,23.49276689853404
2026-05-09 14:38:00,23.49276689853404
2026-05-09 14:39:00,23.49276689853404
2026-05-09 14:40:00,23.49276689853404
2026-05-09 14:41:00,23.49276689853404
2026-05-09 14:42:00,23.49276689853404
2026-05-09 14:43:00,23.49276689853404
2026-05-09 14:44:00,23.49276689853404
2026-05-09 14:45:00,23.49276689853404
2026-05-09 14:46:00,23.49276689853404
2026-05-09 14:47:00,23.49276689853404
2026-05-09 14:48:00,23.49276689853404
2026-05-09 14:49:00,23.49276689853404
2026-05-09 14:50:00,23.49276689853404
2026-05-09 14:51:00,23.49276689853404
2026-05-09 14:52:00,23.49276689853404
2026-05-09 14:53:00,23.49276689853404
2026-05-09 14:54:00,23.49276689853404
2026-05-09 14:55:00,23.49276689853404
2026-05-09 14:56:00,23.49276689853404
2026-05-09 14:57:00,23.49276689853404
2026-05-09 14:58:00,23.49276689853404
2026-05-09 14:59:00,23.49276689853404
2026-05-09 15:00:00,23.49276689853404
2026-05-09 15:01:00,23.49276689853404
2026-05-09 15:02:00,23.49276689853404
2026-05-09 15:03:00,23.49276689853404
2026-05-09 15:04:00,23.49276689853404
2026-05-09 15:05:00,23.49276689853404
2026-05-09 15:06:00,23.49276689853404
2026-05-09 15:07:00,23.49276689853404
2026-05-09 15:08:00,23.49276689853404
2026-05-09 15:09:00,23.49276689853404
2026-05-09 15:10:00,23.49276689853404
2026-05-09 15:11:00,23.49276689853404
2026-05-09 15:12:00,23.49276689853404
2026-05-09 15:13:00,23.49276689853404
2026-05-09 15:14:00,23.49276689853404
2026-05-09 15:15:00,23.49276689853404
2026-05-09 15:16:00,23.49276689853404
2026-05-09 15:17:00,23.49276689853404
2026-05-09 15:18:00,23.49276689853404
2026-05-09 15:19:00,23.49276689853404
2026-05-09 15:20:00,23.49276689853404
2026-05-09 15:21:00,23.49276689853404
2026-05-09 15:22:00,23.49276689853404
2026-05-09 15:23:00,23.49276689853404
2026-05-09 15:24:00,23.49276689853404
2026-05-09 15:25:00,23.49276689853404
2026-05-09 15:26:00,23.49276689853404
2026-05-09 15:27:00,23.49276689853404
2026-05-09 15:28:00,23.49276689853404
2026-05-09 15:29:00,23.49276689853404
2026-05-09 15:30:00,23.49276689853404
2026-05-09 15:31:00,23.49276689853404
2026-05-09 15:32:00,23.49276689853404
2026-05-09 15:33:00,23.49276689853404
2026-05-09 15:34:00,23.49276689853404
2026-05-09 15:35:00,23.49276689853404
2026-05-09 15:36:00,23.49276689853404
2026-05-09 15:37:00,23.49276689853404
2026-05-09 15:38:00,23.49276689853404
2026-05-09 15:39:00,23.49276689853404
2026-05-09 15:40:00,23.49276689853404
2026-05-09 15:41:00,23.49276689853404
2026-05-09 15:42:00,23.49276689853404
2026-05-09 15:43:00,23.49276689853404
2026-05-09 15:44:00,23.49276689853404
2026-05-09 15:45:00,23.49276689853404
2026-05-09 15:46:00,23.49276689853404
2026-05-09 15:47:00,23.49276689853404
2026-05-09 15:48:00,23.49276689853404
2026-05-09 15:49:00,23.49276689853404
2026-05-09 15:50:00,23.49276689853404
2026-05-09 15:51:00,23.49276689853404
2026-05-09 15:52:00,23.49276689853404
2026-05-09 15:53:00,23.49276689853404
2026-05-09 15:54:00,23.49276689853404
2026-05-09 15:55:00,23.49276689853404
2026-05-09 15:56:00,23.49276689853404
2026-05-09 15:57:00,23.49276689853404
2026-05-09 15:58:00,23.49276689853404
2026-05-09 15:59:00,23.49276689853404
2026-05-09 16:00:00,23.49276689853404
2026-05-09 16:01:00,23.49276689853404
2026-05-09 16:02:00,23.49276689853404
2026-05-09 16:03:00,23.49276689853404
2026-05-09 16:04:00,23.49276689853404
2026-05-09 16:05:00,23.49276689853404
2026-05-09 16:06:00,23.49276689853404
2026-05-09 16:07:00,23.49276689853404
2026-05-09 16:08:00,23.49276689853404
2026-05-09 16:09:00,23.49276689853404
2026-05-09 16:10:00,23.49276689853404
2026-05-09 16:11:00,23.49276689853404
2026-05-09 16:12:00,23.49276689853404
2026-05-09 16:13:00,23.49276689853404
2026-05-09 16:14:00,23.49276689853404
2026-05-09 16:15:00,23.49276689853404
2026-05-09 16:16:00,23.49276689853404
2026-05-09 16:17:00,23.49276689853404
2026-05-09 16:18:00,23.49276689853404
2026-05-09 16:19:00,23.49276689853404
2026-05-09 16:20:00,23.49276689853404
2026-05-09 16:21:00,23.49276689853404
2026-05-09 16:22:00,23.49276689853404
2026-05-09 16:23:00,23.49276689853404
2026-05-09 16:24:00,23.49276689853404
2026-05-09 16:25:00,23.49276689853404
2026-05-09 16:26:00,23.49276689853404
2026-05-09 16:27:00,23.49276689853404
2026-05-09 16:28:00,23.49276689853404
2026-05-09 16:29:00,23.49276689853404
2026-05-09 16:30:00,23.49276689853404
2026-05-09 16:31:00,23.49276689853404
2026-05-09 16:32:00,23.49276689853404
2026-05-09 16:33:00,23.49276689853404
2026-05-09 16:34:00,23.49276689853404
2026-05-09 16:35:00,23.49276689853404
2026-05-09 16:36:00,23.49276689853404
2026-05-09 16:37:00,23.49276689853404
2026-05-09 16:38:00,23.49276689853404
2026-05-09 16:39:00,23.49276689853404
2026-05-09 16:40:00,23.49276689853404
2026-05-09 16:41:00,23.49276689853404
2026-05-09 16:42:00,23.49276689853404
2026-05-09 16:43:00,23.49276689853404
2026-05-09 16:44:00,23.49276689853404
2026-05-09 16:45:00,23.49276689853404
2026-05-09 16:46:00,23.49276689853404
2026-05-09 16:47:00,23.49276689853404
2026-05-09 16:48:00,23.49276689853404
2026-05-09 16:49:00,23.49276689853404
2026-05-09 16:50:00,23.49276689853404
2026-05-09 16:51:00,23.49276689853404
2026-05-09 16:52:00,23.49276689853404
2026-05-09 16:53:00,23.49276689853404
2026-05-09 16:54:00,23.49276689853404
2026-05-09 16:55:00,23.49276689853404
2026-05-09 16:56:00,23.49276689853404
2026-05-09 16:57:00,23.49276689853404
2026-05-09 16:58:00,23.49276689853404
2026-05-09 16:59:00,23.49276689853404
2026-05-09 17:00:00,23.49276689853404
2026-05-09 17:01:00,23.49276689853404
2026-05-09 17:02:00,23.49276689853404
2026-05-09 17:03:00,23.49276689853404
2026-05-09 17:04:00,23.49276689853404
2026-05-09 17:05:00,23.49276689853404
2026-05-09 17:06:00,23.49276689853404
2026-05-09 17:07:00,23.49276689853404
2026-05-09 17:08:00,23.49276689853404
2026-05-09 17:09:00,23.49276689853404
2026-05-09 17:10:00,23.49276689853404
2026-05-09 17:11:00,23.49276689853404
2026-05-09 17:12:00,23.49276689853404
2026-05-09 17:13:00,23.49276689853404
2026-05-09 17:14:00,23.49276689853404
2026-05-09 17:15:00,23.49276689853404
2026-05-09 17:16:00,23.49276689853404
2026-05-09 17:17:00,23.49276689853404
2026-05-09 17:18:00,23.49276689853404
2026-05-09 17:19:00,23.49276689853404
2026-05-09 17:20:00,23.49276689853404
2026-05-09 17:21:00,23.49276689853404
2026-05-09 17:22:00,23.49276689853404
2026-05-09 17:23:00,23.49276689853404
2026-05-09 17:24:00,23.49276689853404
2026-05-09 17:25:00,23.49276689853404
2026-05-09 17:26:00,23.49276689853404
2026-05-09 17:27:00,23.49276689853404
2026-05-09 17:28:00,23.49276689853404
2026-05-09 17:29:00,23.49276689853404
2026-05-09 17:30:00,23.49276689853404
2026-05-09 17:31:00,23.49276689853404
2026-05-09 17:32:00,23.49276689853404
2026-05-09 17:33:00,23.49276689853404
2026-05-09 17:34:00,23.49276689853404
2026-05-09 17:35:00,23.49276689853404
2026-05-09 17:36:00,23.49276689853404
2026-05-09 17:37:00,23.49276689853404
2026-05-09 17:38:00,23.49276689853404
2026-05-09 17:39:00,23.49276689853404
2026-05-09 17:40:00,23.49276689853404
2026-05-09 17:41:00,23.49276689853404
2026-05-09 17:42:00,23.49276689853404
2026-05-09 17:43:00,23.49276689853404
2026-05-09 17:44:00,23.49276689853404
2026-05-09 17:45:00,23.49276689853404
2026-05-09 17:46:00,23.49276689853404
2026-05-09 17:47:00,23.49276689853404
2026-05-09 17:48:00,23.49276689853404
2026-05-09 17:49:00,23.49276689853404
2026-05-09 17:50:00,23.49276689853404
2026-05-09 17:51:00,23.49276689853404
2026-05-09 17:52:00,23.49276689853404
2026-05-09 17:53:00,23.49276689853404
2026-05-09 17:54:00,23.49276689853404
2026-05-09 17:55:00,23.49276689853404
2026-05-09 17:56:00,23.49276689853404
2026-05-09 17:57:00,23.49276689853404
2026-05-09 17:58:00,23.49276689853404
2026-05-09 17:59:00,23.49276689853404
2026-05-09 18:00:00,23.49276689853404
2026-05-09 18:01:00,23.49276689853404
2026-05-09 18:02:00,23.49276689853404
2026-05-09 18:03:00,23.49276689853404
2026-05-09 18:04:00,23.49276689853404
2026-05-09 18:05:00,23.49276689853404
2026-05-09 18:06:00,23.49276689853404
2026-05-09 18:07:00,23.49276689853404
2026-05-09 18:08:00,23.49276689853404
2026-05-09 18:09:00,23.49276689853404
2026-05-09 18:10:00,23.49276689853404
2026-05-09 18:11:00,23.49276689853404
2026-05-09 18:12:00,23.49276689853404
2026-05-09 18:13:00,23.49276689853404
2026-05-09 18:14:00,23.49276689853404
2026-05-09 18:15:00,23.49276689853404
2026-05-09 18:16:00,23.49276689853404
2026-05-09 18:17:00,23.49276689853404
2026-05-09 18:18:00,23.49276689853404
2026-05-09 18:19:00,23.49276689853404
2026-05-09 18:20:00,23.49276689853404
2026-05-09 18:21:00,23.49276689853404
2026-05-09 18:22:00,23.49276689853404
2026-05-09 18:23:00,23.49276689853404
2026-05-09 18:24:00,23.49276689853404
2026-05-09 18:25:00,23.49276689853404
2026-05-09 18:26:00,23.49276689853404
2026-05-09 18:27:00,23.49276689853404
2026-05-09 18:28:00,23.49276689853404
2026-05-09 18:29:00,23.49276689853404
2026-05-09 18:30:00,23.49276689853404
2026-05-09 18:31:00,23.49276689853404
2026-05-09 18:32:00,23.49276689853404
2026-05-09 18:33:00,23.49276689853404
2026-05-09 18:34:00,23.49276689853404
2026-05-09 18:35:00,23.49276689853404
2026-05-09 18:36:00,23.49276689853404
2026-05-09 18:37:00,23.49276689853404
2026-05-09 18:38:00,23.49276689853404
2026-05-09 18:39:00,23.49276689853404
2026-05-09 18:40:00,23.49276689853404
2026-05-09 18:41:00,23.49276689853404
2026-05-09 18:42:00,23.49276689853404
2026-05-09 18:43:00,23.49276689853404
2026-05-09 18:44:00,23.49276689853404
2026-05-09 18:45:00,23.49276689853404
2026-05-09 18:46:00,23.49276689853404
2026-05-09 18:47:00,23.49276689853404
2026-05-09 18:48:00,23.49276689853404
2026-05-09 18:49:00,23.49276689853404
2026-05-09 18:50:00,23.49276689853404
2026-05-09 18:51:00,23.49276689853404
2026-05-09 18:52:00,23.49276689853404
2026-05-09 18:53:00,23.49276689853404
2026-05-09 18:54:00,23.49276689853404
2026-05-09 18:55:00,23.49276689853404
2026-05-09 18:56:00,23.49276689853404
2026-05-09 18:57:00,23.49276689853404
2026-05-09 18:58:00,23.49276689853404
2026-05-09 18:59:00,23.49276689853404
2026-05-09 19:00:00,23.49276689853404
2026-05-09 19:01:00,23.49276689853404
2026-05-09 19:02:00,23.49276689853404
2026-05-09 19:03:00,23.49276689853404
2026-05-09 19:04:00,23.49276689853404
2026-05-09 19:05:00,23.49276689853404
2026-05-09 19:06:00,23.49276689853404
2026-05-09 19:07:00,23.49276689853404
2026-05-09 19:08:00,23.49276689853404
2026-05-09 19:09:00,23.49276689853404
2026-05-09 19:10:00,23.49276689853404
2026-05-09 19:11:00,23.49276689853404
2026-05-09 19:12:00,23.49276689853404
2026-05-09 19:13:00,23.49276689853404
2026-05-09 19:14:00,23.49276689853404
2026-05-09 19:15:00,23.49276689853404
2026-05-09 19:16:00,23.49276689853404
2026-05-09 19:17:00,23.49276689853404
2026-05-09 19:18:00,23.49276689853404
2026-05-09 19:19:00,23.49276689853404
2026-05-09 19:20:00,23.49276689853404
2026-05-09 19:21:00,23.49276689853404
2026-05-09 19:22:00,23.49276689853404
2026-05-09 19:23:00,23.49276689853404
2026-05-09 19:24:00,23.49276689853404
2026-05-09 19:25:00,23.49276689853404
2026-05-09 19:26:00,23.49276689853404
2026-05-09 19:27:00,23.49276689853404
2026-05-09 19:28:00,23.49276689853404
2026-05-09 19:29:00,23.49276689853404
2026-05-09 19:30:00,23.49276689853404
2026-05-09 19:31:00,23.49276689853404
2026-05-09 19:32:00,23.49276689853404
2026-05-09 19:33:00,23.49276689853404
2026-05-09 19:34:00,23.49276689853404
2026-05-09 19:35:00,23.49276689853404
2026-05-09 19:36:00,23.49276689853404
2026-05-09 19:37:00,23.49276689853404
2026-05-09 19:38:00,23.49276689853404
2026-05-09 19:39:00,23.49276689853404
2026-05-09 19:40:00,23.49276689853404
2026-05-09 19:41:00,23.49276689853404
2026-05-09 19:42:00,23.49276689853404
2026-05-09 19:43:00,23.49276689853404
2026-05-09 19:44:00,23.49276689853404
2026-05-09 19:45:00,23.49276689853404
2026-05-09 19:46:00,23.49276689853404
2026-05-09 19:47:00,23.49276689853404
2026-05-09 19:48:00,23.49276689853404
2026-05-09 19:49:00,23.49276689853404
2026-05-09 19:50:00,23.49276689853404
2026-05-09 19:51:00,23.49276689853404
2026-05-09 19:52:00,23.49276689853404
2026-05-09 19:53:00,23.49276689853404
2026-05-09 19:54:00,23.49276689853404
2026-05-09 19:55:00,23.49276689853404
2026-05-09 19:56:00,23.49276689853404
2026-05-09 19:57:00,23.49276689853404
2026-05-09 19:58:00,23.49276689853404
2026-05-09 19:59:00,23.49276689853404
2026-05-09 20:00:00,23.49276689853404
2026-05-09 20:01:00,23.49276689853404
2026-05-09 20:02:00,23.49276689853404
2026-05-09 20:03:00,23.49276689853404
2026-05-09 20:04:00,23.49276689853404
2026-05-09 20:05:00,23.49276689853404
2026-05-09 20:06:00,23.49276689853404
2026-05-09 20:07:00,23.49276689853404
2026-05-09 20:08:00,23.49276689853404
2026-05-09 20:09:00,23.49276689853404
2026-05-09 20:10:00,23.49276689853404
2026-05-09 20:11:00,23.49276689853404
2026-05-09 20:12:00,23.49276689853404
2026-05-09 20:13:00,23.49276689853404
2026-05-09 20:14:00,23.49276689853404
2026-05-09 20:15:00,23.49276689853404
2026-05-09 20:16:00,23.49276689853404
2026-05-09 20:17:00,23.49276689853404
2026-05-09 20:18:00,23.49276689853404
2026-05-09 20:19:00,23.49276689853404
2026-05-09 20:20:00,23.49276689853404
2026-05-09 20:21:00,23.49276689853404
2026-05-09 20:22:00,23.49276689853404
2026-05-09 20:23:00,23.49276689853404
2026-05-09 20:24:00,23.49276689853404
2026-05-09 20:25:00,23.49276689853404
2026-05-09 20:26:00,23.49276689853404
2026-05-09 20:27:00,23.49276689853404
2026-05-09 20:28:00,23.49276689853404
2026-05-09 20:29:00,23.49276689853404
2026-05-09 20:30:00,23.49276689853404
2026-05-09 20:31:00,23.49276689853404
2026-05-09 20:32:00,23.49276689853404
2026-05-09 20:33:00,23.49276689853404
2026-05-09 20:34:00,23.49276689853404
2026-05-09 20:35:00,23.49276689853404
2026-05-09 20:36:00,23.49276689853404
2026-05-09 20:37:00,23.49276689853404
2026-05-09 20:38:00,23.49276689853404
2026-05-09 20:39:00,23.49276689853404
2026-05-09 20:40:00,23.49276689853404
2026-05-09 20:41:00,23.49276689853404
2026-05-09 20:42:00,23.49276689853404
2026-05-09 20:43:00,23.49276689853404
2026-05-09 20:44:00,23.49276689853404
2026-05-09 20:45:00,23.49276689853404
2026-05-09 20:46:00,23.49276689853404
2026-05-09 20:47:00,23.49276689853404
2026-05-09 20:48:00,23.49276689853404
2026-05-09 20:49:00,23.49276689853404
2026-05-09 20:50:00,23.49276689853404
2026-05-09 20:51:00,23.49276689853404
2026-05-09 20:52:00,23.49276689853404
2026-05-09 20:53:00,23.49276689853404
2026-05-09 20:54:00,23.49276689853404
2026-05-09 20:55:00,23.49276689853404
2026-05-09 20:56:00,23.49276689853404
2026-05-09 20:57:00,23.49276689853404
2026-05-09 20:58:00,23.49276689853404
2026-05-09 20:59:00,23.49276689853404
2026-05-09 21:00:00,23.49276689853404
2026-05-09 21:01:00,23.49276689853404
2026-05-09 21:02:00,23.49276689853404
2026-05-09 21:03:00,23.49276689853404
2026-05-09 21:04:00,23.49276689853404
2026-05-09 21:05:00,23.49276689853404
2026-05-09 21:06:00,23.49276689853404
2026-05-09 21:07:00,23.49276689853404
2026-05-09 21:08:00,23.49276689853404
2026-05-09 21:09:00,23.49276689853404
2026-05-09 21:10:00,23.49276689853404
2026-05-09 21:11:00,23.49276689853404
2026-05-09 21:12:00,23.49276689853404
2026-05-09 21:13:00,23.49276689853404
2026-05-09 21:14:00,23.49276689853404
2026-05-09 21:15:00,23.49276689853404
2026-05-09 21:16:00,23.49276689853404
2026-05-09 21:17:00,23.49276689853404
2026-05-09 21:18:00,23.49276689853404
2026-05-09 21:19:00,23.49276689853404
2026-05-09 21:20:00,23.49276689853404
2026-05-09 21:21:00,23.49276689853404
2026-05-09 21:22:00,23.49276689853404
2026-05-09 21:23:00,23.49276689853404
2026-05-09 21:24:00,23.49276689853404
2026-05-09 21:25:00,23.49276689853404
2026-05-09 21:26:00,23.49276689853404
2026-05-09 21:27:00,23.49276689853404
2026-05-09 21:28:00,23.49276689853404
2026-05-09 21:29:00,23.49276689853404
2026-05-09 21:30:00,23.49276689853404
2026-05-09 21:31:00,23.49276689853404
2026-05-09 21:32:00,23.49276689853404
2026-05-09 21:33:00,23.49276689853404
2026-05-09 21:34:00,23.49276689853404
2026-05-09 21:35:00,23.49276689853404
2026-05-09 21:36:00,23.49276689853404
2026-05-09 21:37:00,23.49276689853404
2026-05-09 21:38:00,23.49276689853404
2026-05-09 21:39:00,23.49276689853404
2026-05-09 21:40:00,23.49276689853404
2026-05-09 21:41:00,23.49276689853404
2026-05-09 21:42:00,23.49276689853404
2026-05-09 21:43:00,23.49276689853404
2026-05-09 21:44:00,23.49276689853404
2026-05-09 21:45:00,23.49276689853404
2026-05-09 21:46:00,23.49276689853404
2026-05-09 21:47:00,23.49276689853404
2026-05-09 21:48:00,23.49276689853404
2026-05-09 21:49:00,23.49276689853404
2026-05-09 21:50:00,23.49276689853404
2026-05-09 21:51:00,23.49276689853404
2026-05-09 21:52:00,23.49276689853404
2026-05-09 21:53:00,23.49276689853404
2026-05-09 21:54:00,23.49276689853404
2026-05-09 21:55:00,23.49276689853404
2026-05-09 21:56:00,23.49276689853404
2026-05-09 21:57:00,23.49276689853404
2026-05-09 21:58:00,23.49276689853404
2026-05-09 21:59:00,23.49276689853404
2026-05-09 22:00:00,23.49276689853404
2026-05-09 22:01:00,23.49276689853404
2026-05-09 22:02:00,23.49276689853404
2026-05-09 22:03:00,23.49276689853404
2026-05-09 22:04:00,23.49276689853404
2026-05-09 22:05:00,23.49276689853404
2026-05-09 22:06:00,23.49276689853404
2026-05-09 22:07:00,23.49276689853404
2026-05-09 22:08:00,23.49276689853404
2026-05-09 22:09:00,23.49276689853404
2026-05-09 22:10:00,23.49276689853404
2026-05-09 22:11:00,23.49276689853404
2026-05-09 22:12:00,23.49276689853404
2026-05-09 22:13:00,23.49276689853404
2026-05-09 22:14:00,23.49276689853404
2026-05-09 22:15:00,23.49276689853404
2026-05-09 22:16:00,23.49276689853404
2026-05-09 22:17:00,23.49276689853404
2026-05-09 22:18:00,23.49276689853404
2026-05-09 22:19:00,23.49276689853404
2026-05-09 22:20:00,23.49276689853404
2026-05-09 22:21:00,23.49276689853404
2026-05-09 22:22:00,23.49276689853404
2026-05-09 22:23:00,23.49276689853404
2026-05-09 22:24:00,23.49276689853404
2026-05-09 22:25:00,23.49276689853404
2026-05-09 22:26:00,23.49276689853404
2026-05-09 22:27:00,23.49276689853404
2026-05-09 22:28:00,23.49276689853404
2026-05-09 22:29:00,23.49276689853404
2026-05-09 22:30:00,23.49276689853404
2026-05-09 22:31:00,23.49276689853404
2026-05-09 22:32:00,23.49276689853404
2026-05-09 22:33:00,23.49276689853404
2026-05-09 22:34:00,23.49276689853404
2026-05-09 22:35:00,23.49276689853404
2026-05-09 22:36:00,23.49276689853404
2026-05-09 22:37:00,23.49276689853404
2026-05-09 22:38:00,23.49276689853404
2026-05-09 22:39:00,23.49276689853404
2026-05-09 22:40:00,23.49276689853404
2026-05-09 22:41:00,23.49276689853404
2026-05-09 22:42:00,23.49276689853404
2026-05-09 22:43:00,23.49276689853404
2026-05-09 22:44:00,23.49276689853404
2026-05-09 22:45:00,23.49276689853404
2026-05-09 22:46:00,23.49276689853404
2026-05-09 22:47:00,23.49276689853404
2026-05-09 22:48:00,23.49276689853404
2026-05-09 22:49:00,23.49276689853404
2026-05-09 22:50:00,23.49276689853404
2026-05-09 22:51:00,23.49276689853404
2026-05-09 22:52:00,23.49276689853404
2026-05-09 22:53:00,23.49276689853404
2026-05-09 22:54:00,23.49276689853404
2026-05-09 22:55:00,23.49276689853404
2026-05-09 22:56:00,23.49276689853404
2026-05-09 22:57:00,23.49276689853404
2026-05-09 22:58:00,23.49276689853404
2026-05-09 22:59:00,23.49276689853404
2026-05-09 23:00:00,23.49276689853404
2026-05-09 23:01:00,23.49276689853404
2026-05-09 23:02:00,23.49276689853404
2026-05-09 23:03:00,23.49276689853404
2026-05-09 23:04:00,23.49276689853404
2026-05-09 23:05:00,23.49276689853404
2026-05-09 23:06:00,23.49276689853404
2026-05-09 23:07:00,23.49276689853404
2026-05-09 23:08:00,23.49276689853404
2026-05-09 23:09:00,23.49276689853404
2026-05-09 23:10:00,23.49276689853404
2026-05-09 23:11:00,23.49276689853404
2026-05-09 23:12:00,23.49276689853404
2026-05-09 23:13:00,23.49276689853404
2026-05-09 23:14:00,23.49276689853404
2026-05-09 23:15:00,23.49276689853404
2026-05-09 23:16:00,23.49276689853404
2026-05-09 23:17:00,23.49276689853404
2026-05-09 23:18:00,23.49276689853404
2026-05-09 23:19:00,23.49276689853404
2026-05-09 23:20:00,23.49276689853404
2026-05-09 23:21:00,23.49276689853404
2026-05-09 23:22:00,23.49276689853404
2026-05-09 23:23:00,23.49276689853404
2026-05-09 23:24:00,23.49276689853404
2026-05-09 23:25:00,23.49276689853404
2026-05-09 23:26:00,23.49276689853404
2026-05-09 23:27:00,23.49276689853404
2026-05-09 23:28:00,23.49276689853404
2026-05-09 23:29:00,23.49276689853404
2026-05-09 23:30:00,23.49276689853404
2026-05-09 23:31:00,23.49276689853404
2026-05-09 23:32:00,23.49276689853404
2026-05-09 23:33:00,23.49276689853404
2026-05-09 23:34:00,23.49276689853404
2026-05-09 23:35:00,23.49276689853404
2026-05-09 23:36:00,23.49276689853404
2026-05-09 23:37:00,23.49276689853404
2026-05-09 23:38:00,23.49276689853404
2026-05-09 23:39:00,23.49276689853404
2026-05-09 23:40:00,23.49276689853404
2026-05-09 23:41:00,23.49276689853404
2026-05-09 23:42:00,23.49276689853404
2026-05-09 23:43:00,23.49276689853404
2026-05-09 23:44:00,23.49276689853404
2026-05-09 23:45:00,23.49276689853404
2026-05-09 23:46:00,23.49276689853404
2026-05-09 23:47:00,23.49276689853404
2026-05-09 23:48:00,23.49276689853404
2026-05-09 23:49:00,23.49276689853404
2026-05-09 23:50:00,23.49276689853404
2026-05-09 23:51:00,23.49276689853404
2026-05-09 23:52:00,23.49276689853404
2026-05-09 23:53:00,23.49276689853404
2026-05-09 23:54:00,23.49276689853404
2026-05-09 23:55:00,23.49276689853404
2026-05-09 23:56:00,23.49276689853404
2026-05-09 23:57:00,23.49276689853404
2026-05-09 23:58:00,23.49276689853404
2026-05-09 23:59:00,23.49276689853404
2026-05-10 00:00:00,23.49276689853404
2026-05-10 00:01:00,23.49276689853404
2026-05-10 00:02:00,23.49276689853404
2026-05-10 00:03:00,23.49276689853404
2026-05-10 00:04:00,23.49276689853404
2026-05-10 00:05:00,23.49276689853404
2026-05-10 00:06:00,23.49276689853404
2026-05-10 00:07:00,23.49276689853404
2026-05-10 00:08:00,23.49276689853404
2026-05-10 00:09:00,23.49276689853404
2026-05-10 00:10:00,23.49276689853404
2026-05-10 00:11:00,23.49276689853404
2026-05-10 00:12:00,23.49276689853404
2026-05-10 00:13:00,23.49276689853404
2026-05-10 00:14:00,23.49276689853404
2026-05-10 00:15:00,23.49276689853404
2026-05-10 00:16:00,23.49276689853404
2026-05-10 00:17:00,23.49276689853404
2026-05-10 00:18:00,23.49276689853404
2026-05-10 00:19:00,23.49276689853404
2026-05-10 00:20:00,23.49276689853404
2026-05-10 00:21:00,23.49276689853404
2026-05-10 00:22:00,23.49276689853404
2026-05-10 00:23:00,23.49276689853404
2026-05-10 00:24:00,23.49276689853404
2026-05-10 00:25:00,23.49276689853404
2026-05-10 00:26:00,23.49276689853404
2026-05-10 00:27:00,23.49276689853404
2026-05-10 00:28:00,23.49276689853404
2026-05-10 00:29:00,23.49276689853404
2026-05-10 00:30:00,23.49276689853404
2026-05-10 00:31:00,23.49276689853404
2026-05-10 00:32:00,23.49276689853404
2026-05-10 00:33:00,23.49276689853404
2026-05-10 00:34:00,23.49276689853404
2026-05-10 00:35:00,23.49276689853404
2026-05-10 00:36:00,23.49276689853404
2026-05-10 00:37:00,23.49276689853404
2026-05-10 00:38:00,23.49276689853404
2026-05-10 00:39:00,23.49276689853404
2026-05-10 00:40:00,23.49276689853404
2026-05-10 00:41:00,23.49276689853404
2026-05-10 00:42:00,23.49276689853404
2026-05-10 00:43:00,23.49276689853404
2026-05-10 00:44:00,23.49276689853404
2026-05-10 00:45:00,23.49276689853404
2026-05-10 00:46:00,23.49276689853404
2026-05-10 00:47:00,23.49276689853404
2026-05-10 00:48:00,23.49276689853404
2026-05-10 00:49:00,23.49276689853404
2026-05-10 00:50:00,23.49276689853404
2026-05-10 00:51:00,23.49276689853404
2026-05-10 00:52:00,23.49276689853404
2026-05-10 00:53:00,23.49276689853404
2026-05-10 00:54:00,23.49276689853404
2026-05-10 00:55:00,23.49276689853404
2026-05-10 00:56:00,23.49276689853404
2026-05-10 00:57:00,23.49276689853404
2026-05-10 00:58:00,23.49276689853404
2026-05-10 00:59:00,23.49276689853404
2026-05-10 01:00:00,23.49276689853404
2026-05-10 01:01:00,23.49276689853404
2026-05-10 01:02:00,23.49276689853404
2026-05-10 01:03:00,23.49276689853404
2026-05-10 01:04:00,23.49276689853404
2026-05-10 01:05:00,23.49276689853404
2026-05-10 01:06:00,23.49276689853404
2026-05-10 01:07:00,23.49276689853404
2026-05-10 01:08:00,23.49276689853404
2026-05-10 01:09:00,23.49276689853404
2026-05-10 01:10:00,23.49276689853404
2026-05-10 01:11:00,23.49276689853404
2026-05-10 01:12:00,23.49276689853404
2026-05-10 01:13:00,23.49276689853404
2026-05-10 01:14:00,23.49276689853404
2026-05-10 01:15:00,23.49276689853404
2026-05-10 01:16:00,23.49276689853404
2026-05-10 01:17:00,23.49276689853404
2026-05-10 01:18:00,23.49276689853404
2026-05-10 01:19:00,23.49276689853404
2026-05-10 01:20:00,23.49276689853404
2026-05-10 01:21:00,23.49276689853404
2026-05-10 01:22:00,23.49276689853404
2026-05-10 01:23:00,23.49276689853404
2026-05-10 01:24:00,23.49276689853404
2026-05-10 01:25:00,23.49276689853404
2026-05-10 01:26:00,23.49276689853404
2026-05-10 01:27:00,23.49276689853404
2026-05-10 01:28:00,23.49276689853404
2026-05-10 01:29:00,23.49276689853404
2026-05-10 01:30:00,23.49276689853404
2026-05-10 01:31:00,23.49276689853404
2026-05-10 01:32:00,23.49276689853404
2026-05-10 01:33:00,23.49276689853404
2026-05-10 01:34:00,23.49276689853404
2026-05-10 01:35:00,23.49276689853404
2026-05-10 01:36:00,23.49276689853404
2026-05-10 01:37:00,23.49276689853404
2026-05-10 01:38:00,23.49276689853404
2026-05-10 01:39:00,23.49276689853404
2026-05-10 01:40:00,23.49276689853404
2026-05-10 01:41:00,23.49276689853404
2026-05-10 01:42:00,23.49276689853404
2026-05-10 01:43:00,23.49276689853404
2026-05-10 01:44:00,23.49276689853404
2026-05-10 01:45:00,23.49276689853404
2026-05-10 01:46:00,23.49276689853404
2026-05-10 01:47:00,23.49276689853404
2026-05-10 01:48:00,23.49276689853404
2026-05-10 01:49:00,23.49276689853404
2026-05-10 01:50:00,23.49276689853404
2026-05-10 01:51:00,23.49276689853404
2026-05-10 01:52:00,23.49276689853404
2026-05-10 01:53:00,23.49276689853404
2026-05-10 01:54:00,23.49276689853404
2026-05-10 01:55:00,23.49276689853404
2026-05-10 01:56:00,23.49276689853404
2026-05-10 01:57:00,23.49276689853404
2026-05-10 01:58:00,23.49276689853404
2026-05-10 01:59:00,23.49276689853404
2026-05-10 02:00:00,23.49276689853404
2026-05-10 02:01:00,23.49276689853404
2026-05-10 02:02:00,23.49276689853404
2026-05-10 02:03:00,23.49276689853404
2026-05-10 02:04:00,23.49276689853404
2026-05-10 02:05:00,23.49276689853404
2026-05-10 02:06:00,23.49276689853404
2026-05-10 02:07:00,23.49276689853404
2026-05-10 02:08:00,23.49276689853404
2026-05-10 02:09:00,23.49276689853404
2026-05-10 02:10:00,23.49276689853404
2026-05-10 02:11:00,23.49276689853404
2026-05-10 02:12:00,23.49276689853404
2026-05-10 02:13:00,23.49276689853404
2026-05-10 02:14:00,23.49276689853404
2026-05-10 02:15:00,23.49276689853404
2026-05-10 02:16:00,23.49276689853404
2026-05-10 02:17:00,23.49276689853404
2026-05-10 02:18:00,23.49276689853404
2026-05-10 02:19:00,23.49276689853404
2026-05-10 02:20:00,23.49276689853404
2026-05-10 02:21:00,23.49276689853404
2026-05-10 02:22:00,23.49276689853404
2026-05-10 02:23:00,23.49276689853404
2026-05-10 02:24:00,23.49276689853404
2026-05-10 02:25:00,23.49276689853404
2026-05-10 02:26:00,23.49276689853404
2026-05-10 02:27:00,23.49276689853404
2026-05-10 02:28:00,23.49276689853404
2026-05-10 02:29:00,23.49276689853404
2026-05-10 02:30:00,23.49276689853404
2026-05-10 02:31:00,23.49276689853404
2026-05-10 02:32:00,23.49276689853404
2026-05-10 02:33:00,23.49276689853404
2026-05-10 02:34:00,23.49276689853404
2026-05-10 02:35:00,23.49276689853404
2026-05-10 02:36:00,23.49276689853404
2026-05-10 02:37:00,23.49276689853404
2026-05-10 02:38:00,23.49276689853404
2026-05-10 02:39:00,23.49276689853404
2026-05-10 02:40:00,23.49276689853404
2026-05-10 02:41:00,23.49276689853404
2026-05-10 02:42:00,23.49276689853404
2026-05-10 02:43:00,23.49276689853404
2026-05-10 02:44:00,23.49276689853404
2026-05-10 02:45:00,23.49276689853404
2026-05-10 02:46:00,23.49276689853404
2026-05-10 02:47:00,23.49276689853404
2026-05-10 02:48:00,23.49276689853404
2026-05-10 02:49:00,23.49276689853404
2026-05-10 02:50:00,23.49276689853404
2026-05-10 02:51:00,23.49276689853404
2026-05-10 02:52:00,23.49276689853404
2026-05-10 02:53:00,23.49276689853404
2026-05-10 02:54:00,23.49276689853404
2026-05-10 02:55:00,23.49276689853404
2026-05-10 02:56:00,23.49276689853404
2026-05-10 02:57:00,23.49276689853404
2026-05-10 02:58:00,23.49276689853404
2026-05-10 02:59:00,23.49276689853404
2026-05-10 03:00:00,23.49276689853404
2026-05-10 03:01:00,23.49276689853404
2026-05-10 03:02:00,23.49276689853404
2026-05-10 03:03:00,23.49276689853404
2026-05-10 03:04:00,23.49276689853404
2026-05-10 03:05:00,23.49276689853404
2026-05-10 03:06:00,23.49276689853404
2026-05-10 03:07:00,23.49276689853404
2026-05-10 03:08:00,23.49276689853404
2026-05-10 03:09:00,23.49276689853404
2026-05-10 03:10:00,23.49276689853404
2026-05-10 03:11:00,23.49276689853404
2026-05-10 03:12:00,23.49276689853404
2026-05-10 03:13:00,23.49276689853404
2026-05-10 03:14:00,23.49276689853404
2026-05-10 03:15:00,23.49276689853404
2026-05-10 03:16:00,23.49276689853404
2026-05-10 03:17:00,23.49276689853404
2026-05-10 03:18:00,23.49276689853404
2026-05-10 03:19:00,23.49276689853404
2026-05-10 03:20:00,23.49276689853404
2026-05-10 03:21:00,23.49276689853404
2026-05-10 03:22:00,23.49276689853404
2026-05-10 03:23:00,23.49276689853404
2026-05-10 03:24:00,23.49276689853404
2026-05-10 03:25:00,23.49276689853404
2026-05-10 03:26:00,23.49276689853404
2026-05-10 03:27:00,23.49276689853404
2026-05-10 03:28:00,23.49276689853404
2026-05-10 03:29:00,23.49276689853404
2026-05-10 03:30:00,23.49276689853404
2026-05-10 03:31:00,23.49276689853404
2026-05-10 03:32:00,23.49276689853404
2026-05-10 03:33:00,23.49276689853404
2026-05-10 03:34:00,23.49276689853404
2026-05-10 03:35:00,23.49276689853404
2026-05-10 03:36:00,23.49276689853404
2026-05-10 03:37:00,23.49276689853404
2026-05-10 03:38:00,23.49276689853404
2026-05-10 03:39:00,23.49276689853404
2026-05-10 03:40:00,23.49276689853404
2026-05-10 03:41:00,23.49276689853404
2026-05-10 03:42:00,23.49276689853404
2026-05-10 03:43:00,23.49276689853404
2026-05-10 03:44:00,23.49276689853404
2026-05-10 03:45:00,23.49276689853404
2026-05-10 03:46:00,23.49276689853404
2026-05-10 03:47:00,23.49276689853404
2026-05-10 03:48:00,23.49276689853404
2026-05-10 03:49:00,23.49276689853404
2026-05-10 03:50:00,23.49276689853404
2026-05-10 03:51:00,23.49276689853404
2026-05-10 03:52:00,23.49276689853404
2026-05-10 03:53:00,23.49276689853404
2026-05-10 03:54:00,23.49276689853404
2026-05-10 03:55:00,23.49276689853404
2026-05-10 03:56:00,23.49276689853404
2026-05-10 03:57:00,23.49276689853404
2026-05-10 03:58:00,23.49276689853404
2026-05-10 03:59:00,23.49276689853404
2026-05-10 04:00:00,23.49276689853404
2026-05-10 04:01:00,23.49276689853404
2026-05-10 04:02:00,23.49276689853404
2026-05-10 04:03:00,23.49276689853404
2026-05-10 04:04:00,23.49276689853404
2026-05-10 04:05:00,23.49276689853404
2026-05-10 04:06:00,23.49276689853404
2026-05-10 04:07:00,23.49276689853404
2026-05-10 04:08:00,23.49276689853404
2026-05-10 04:09:00,23.49276689853404
2026-05-10 04:10:00,23.49276689853404
2026-05-10 04:11:00,23.49276689853404
2026-05-10 04:12:00,23.49276689853404
2026-05-10 04:13:00,23.49276689853404
2026-05-10 04:14:00,23.49276689853404
2026-05-10 04:15:00,23.49276689853404
2026-05-10 04:16:00,23.49276689853404
2026-05-10 04:17:00,23.49276689853404
2026-05-10 04:18:00,23.49276689853404
2026-05-10 04:19:00,23.49276689853404
2026-05-10 04:20:00,23.49276689853404
2026-05-10 04:21:00,23.49276689853404
2026-05-10 04:22:00,23.49276689853404
2026-05-10 04:23:00,23.49276689853404
2026-05-10 04:24:00,23.49276689853404
2026-05-10 04:25:00,23.49276689853404
2026-05-10 04:26:00,23.49276689853404
2026-05-10 04:27:00,23.49276689853404
2026-05-10 04:28:00,23.49276689853404
2026-05-10 04:29:00,23.49276689853404
2026-05-10 04:30:00,23.49276689853404
2026-05-10 04:31:00,23.49276689853404
2026-05-10 04:32:00,23.49276689853404
2026-05-10 04:33:00,23.49276689853404
2026-05-10 04:34:00,23.49276689853404
2026-05-10 04:35:00,23.49276689853404
2026-05-10 04:36:00,23.49276689853404
2026-05-10 04:37:00,23.49276689853404
2026-05-10 04:38:00,23.49276689853404
2026-05-10 04:39:00,23.49276689853404
2026-05-10 04:40:00,23.49276689853404
2026-05-10 04:41:00,23.49276689853404
2026-05-10 04:42:00,23.49276689853404
2026-05-10 04:43:00,23.49276689853404
2026-05-10 04:44:00,23.49276689853404
2026-05-10 04:45:00,23.49276689853404
2026-05-10 04:46:00,23.49276689853404
2026-05-10 04:47:00,23.49276689853404
2026-05-10 04:48:00,23.49276689853404
2026-05-10 04:49:00,23.49276689853404
2026-05-10 04:50:00,23.49276689853404
2026-05-10 04:51:00,23.49276689853404
2026-05-10 04:52:00,23.49276689853404
2026-05-10 04:53:00,23.49276689853404
2026-05-10 04:54:00,23.49276689853404
2026-05-10 04:55:00,23.49276689853404
2026-05-10 04:56:00,23.49276689853404
2026-05-10 04:57:00,23.49276689853404
2026-05-10 04:58:00,23.49276689853404
2026-05-10 04:59:00,23.49276689853404
2026-05-10 05:00:00,23.49276689853404
2026-05-10 05:01:00,23.49276689853404
2026-05-10 05:02:00,23.49276689853404
2026-05-10 05:03:00,23.49276689853404
2026-05-10 05:04:00,23.49276689853404
2026-05-10 05:05:00,23.49276689853404
2026-05-10 05:06:00,23.49276689853404
2026-05-10 05:07:00,23.49276689853404
2026-05-10 05:08:00,23.49276689853404
2026-05-10 05:09:00,23.49276689853404
2026-05-10 05:10:00,23.49276689853404
2026-05-10 05:11:00,23.49276689853404
2026-05-10 05:12:00,23.49276689853404
2026-05-10 05:13:00,23.49276689853404
2026-05-10 05:14:00,23.49276689853404
2026-05-10 05:15:00,23.49276689853404
2026-05-10 05:16:00,23.49276689853404
2026-05-10 05:17:00,23.49276689853404
2026-05-10 05:18:00,23.49276689853404
2026-05-10 05:19:00,23.49276689853404
2026-05-10 05:20:00,23.49276689853404
2026-05-10 05:21:00,23.49276689853404
2026-05-10 05:22:00,23.49276689853404
2026-05-10 05:23:00,23.49276689853404
2026-05-10 05:24:00,23.49276689853404
2026-05-10 05:25:00,23.49276689853404
2026-05-10 05:26:00,23.49276689853404
2026-05-10 05:27:00,23.49276689853404
2026-05-10 05:28:00,23.49276689853404
2026-05-10 05:29:00,23.49276689853404
2026-05-10 05:30:00,23.49276689853404
2026-05-10 05:31:00,23.49276689853404
2026-05-10 05:32:00,23.49276689853404
2026-05-10 05:33:00,23.49276689853404
2026-05-10 05:34:00,23.49276689853404
2026-05-10 05:35:00,23.49276689853404
2026-05-10 05:36:00,23.49276689853404
2026-05-10 05:37:00,23.49276689853404
2026-05-10 05:38:00,23.49276689853404
2026-05-10 05:39:00,23.49276689853404
2026-05-10 05:40:00,23.49276689853404
2026-05-10 05:41:00,23.49276689853404
2026-05-10 05:42:00,23.49276689853404
2026-05-10 05:43:00,23.49276689853404
2026-05-10 05:44:00,23.49276689853404
2026-05-10 05:45:00,23.49276689853404
2026-05-10 05:46:00,23.49276689853404
2026-05-10 05:47:00,23.49276689853404
2026-05-10 05:48:00,23.49276689853404
2026-05-10 05:49:00,23.49276689853404
2026-05-10 05:50:00,23.49276689853404
2026-05-10 05:51:00,23.49276689853404
2026-05-10 05:52:00,23.49276689853404
2026-05-10 05:53:00,23.49276689853404
2026-05-10 05:54:00,23.49276689853404
2026-05-10 05:55:00,23.49276689853404
2026-05-10 05:56:00,23.49276689853404
2026-05-10 05:57:00,23.49276689853404
2026-05-10 05:58:00,23.49276689853404
2026-05-10 05:59:00,23.49276689853404
2026-05-10 06:00:00,23.49276689853404
2026-05-10 06:01:00,23.49276689853404
2026-05-10 06:02:00,23.49276689853404
2026-05-10 06:03:00,23.49276689853404
2026-05-10 06:04:00,23.49276689853404
2026-05-10 06:05:00,23.49276689853404
2026-05-10 06:06:00,23.49276689853404
2026-05-10 06:07:00,23.49276689853404
2026-05-10 06:08:00,23.49276689853404
2026-05-10 06:09:00,23.49276689853404
2026-05-10 06:10:00,23.49276689853404
2026-05-10 06:11:00,23.49276689853404
2026-05-10 06:12:00,23.49276689853404
2026-05-10 06:13:00,23.49276689853404
2026-05-10 06:14:00,23.49276689853404
2026-05-10 06:15:00,23.49276689853404
2026-05-10 06:16:00,23.49276689853404
2026-05-10 06:17:00,23.49276689853404
2026-05-10 06:18:00,23.49276689853404
2026-05-10 06:19:00,23.49276689853404
2026-05-10 06:20:00,23.49276689853404
2026-05-10 06:21:00,23.49276689853404
2026-05-10 06:22:00,23.49276689853404
2026-05-10 06:23:00,23.49276689853404
2026-05-10 06:24:00,23.49276689853404
2026-05-10 06:25:00,23.49276689853404
2026-05-10 06:26:00,23.49276689853404
2026-05-10 06:27:00,23.49276689853404
2026-05-10 06:28:00,23.49276689853404
2026-05-10 06:29:00,23.49276689853404
2026-05-10 06:30:00,23.49276689853404
2026-05-10 06:31:00,23.49276689853404
2026-05-10 06:32:00,23.49276689853404
2026-05-10 06:33:00,23.49276689853404
2026-05-10 06:34:00,23.49276689853404
2026-05-10 06:35:00,23.49276689853404
2026-05-10 06:36:00,23.49276689853404
2026-05-10 06:37:00,23.49276689853404
2026-05-10 06:38:00,23.49276689853404
2026-05-10 06:39:00,23.49276689853404
2026-05-10 06:40:00,23.49276689853404
2026-05-10 06:41:00,23.49276689853404
2026-05-10 06:42:00,23.49276689853404
2026-05-10 06:43:00,23.49276689853404
2026-05-10 06:44:00,23.49276689853404
2026-05-10 06:45:00,23.49276689853404
2026-05-10 06:46:00,23.49276689853404
2026-05-10 06:47:00,23.49276689853404
2026-05-10 06:48:00,23.49276689853404
2026-05-10 06:49:00,23.49276689853404
2026-05-10 06:50:00,23.49276689853404
2026-05-10 06:51:00,23.49276689853404
2026-05-10 06:52:00,23.49276689853404
2026-05-10 06:53:00,23.49276689853404
2026-05-10 06:54:00,23.49276689853404
2026-05-10 06:55:00,23.49276689853404
2026-05-10 06:56:00,23.49276689853404
2026-05-10 06:57:00,23.49276689853404
2026-05-10 06:58:00,23.49276689853404
2026-05-10 06:59:00,23.49276689853404
2026-05-10 07:00:00,23.49276689853404
2026-05-10 07:01:00,23.49276689853404
2026-05-10 07:02:00,23.49276689853404
2026-05-10 07:03:00,23.49276689853404
2026-05-10 07:04:00,23.49276689853404
2026-05-10 07:05:00,23.49276689853404
2026-05-10 07:06:00,23.49276689853404
2026-05-10 07:07:00,23.49276689853404
2026-05-10 07:08:00,23.49276689853404
2026-05-10 07:09:00,23.49276689853404
2026-05-10 07:10:00,23.49276689853404
2026-05-10 07:11:00,23.49276689853404
2026-05-10 07:12:00,23.49276689853404
2026-05-10 07:13:00,23.49276689853404
2026-05-10 07:14:00,23.49276689853404
2026-05-10 07:15:00,23.49276689853404
2026-05-10 07:16:00,23.49276689853404
2026-05-10 07:17:00,23.49276689853404
2026-05-10 07:18:00,23.49276689853404
2026-05-10 07:19:00,23.49276689853404
2026-05-10 07:20:00,23.49276689853404
2026-05-10 07:21:00,23.49276689853404
2026-05-10 07:22:00,23.49276689853404
2026-05-10 07:23:00,23.49276689853404
2026-05-10 07:24:00,23.49276689853404
2026-05-10 07:25:00,23.49276689853404
2026-05-10 07:26:00,23.49276689853404
2026-05-10 07:27:00,23.49276689853404
2026-05-10 07:28:00,23.49276689853404
2026-05-10 07:29:00,23.49276689853404
2026-05-10 07:30:00,23.49276689853404
2026-05-10 07:31:00,23.49276689853404
2026-05-10 07:32:00,23.49276689853404
2026-05-10 07:33:00,23.49276689853404
2026-05-10 07:34:00,23.49276689853404
2026-05-10 07:35:00,23.49276689853404
2026-05-10 07:36:00,23.49276689853404
2026-05-10 07:37:00,23.49276689853404
2026-05-10 07:38:00,23.49276689853404
2026-05-10 07:39:00,23.49276689853404
2026-05-10 07:40:00,23.49276689853404
2026-05-10 07:41:00,23.49276689853404
2026-05-10 07:42:00,23.49276689853404
2026-05-10 07:43:00,23.49276689853404
2026-05-10 07:44:00,23.49276689853404
2026-05-10 07:45:00,23.49276689853404
2026-05-10 07:46:00,23.49276689853404
2026-05-10 07:47:00,23.49276689853404
2026-05-10 07:48:00,23.49276689853404
2026-05-10 07:49:00,23.49276689853404
2026-05-10 07:50:00,23.49276689853404
2026-05-10 07:51:00,23.49276689853404
2026-05-10 07:52:00,23.49276689853404
2026-05-10 07:53:00,23.49276689853404
2026-05-10 07:54:00,23.49276689853404
2026-05-10 07:55:00,23.49276689853404
2026-05-10 07:56:00,23.49276689853404
2026-05-10 07:57:00,23.49276689853404
2026-05-10 07:58:00,23.49276689853404
2026-05-10 07:59:00,23.49276689853404
2026-05-10 08:00:00,23.49276689853404
2026-05-10 08:01:00,23.49276689853404
2026-05-10 08:02:00,23.49276689853404
2026-05-10 08:03:00,23.49276689853404
2026-05-10 08:04:00,23.49276689853404
2026-05-10 08:05:00,23.49276689853404
2026-05-10 08:06:00,23.49276689853404
2026-05-10 08:07:00,23.49276689853404
2026-05-10 08:08:00,23.49276689853404
2026-05-10 08:09:00,23.49276689853404
2026-05-10 08:10:00,23.49276689853404
2026-05-10 08:11:00,23.49276689853404
2026-05-10 08:12:00,23.49276689853404
2026-05-10 08:13:00,23.49276689853404
2026-05-10 08:14:00,23.49276689853404
2026-05-10 08:15:00,23.49276689853404
2026-05-10 08:16:00,23.49276689853404
2026-05-10 08:17:00,23.49276689853404
2026-05-10 08:18:00,23.49276689853404
2026-05-10 08:19:00,23.49276689853404
2026-05-10 08:20:00,23.49276689853404
2026-05-10 08:21:00,23.49276689853404
2026-05-10 08:22:00,23.49276689853404
2026-05-10 08:23:00,23.49276689853404
2026-05-10 08:24:00,23.49276689853404
2026-05-10 08:25:00,23.49276689853404
2026-05-10 08:26:00,23.49276689853404
2026-05-10 08:27:00,23.49276689853404
2026-05-10 08:28:00,23.49276689853404
2026-05-10 08:29:00,23.49276689853404
2026-05-10 08:30:00,23.49276689853404
2026-05-10 08:31:00,23.49276689853404
2026-05-10 08:32:00,23.49276689853404
2026-05-10 08:33:00,23.49276689853404
2026-05-10 08:34:00,23.49276689853404
2026-05-10 08:35:00,23.49276689853404
2026-05-10 08:36:00,23.49276689853404
2026-05-10 08:37:00,23.49276689853404
2026-05-10 08:38:00,23.49276689853404
2026-05-10 08:39:00,23.49276689853404
2026-05-10 08:40:00,23.49276689853404
2026-05-10 08:41:00,23.49276689853404
2026-05-10 08:42:00,23.49276689853404
2026-05-10 08:43:00,23.49276689853404
2026-05-10 08:44:00,23.49276689853404
2026-05-10 08:45:00,23.49276689853404
2026-05-10 08:46:00,23.49276689853404
2026-05-10 08:47:00,23.49276689853404
2026-05-10 08:48:00,23.49276689853404
2026-05-10 08:49:00,23.49276689853404
2026-05-10 08:50:00,23.49276689853404
2026-05-10 08:51:00,23.49276689853404
2026-05-10 08:52:00,23.49276689853404
2026-05-10 08:53:00,23.49276689853404
2026-05-10 08:54:00,23.49276689853404
2026-05-10 08:55:00,23.49276689853404
2026-05-10 08:56:00,23.49276689853404
2026-05-10 08:57:00,23.49276689853404
2026-05-10 08:58:00,23.49276689853404
2026-05-10 08:59:00,23.49276689853404
2026-05-10 09:00:00,23.49276689853404
2026-05-10 09:01:00,23.49276689853404
2026-05-10 09:02:00,23.49276689853404
2026-05-10 09:03:00,23.49276689853404
2026-05-10 09:04:00,23.49276689853404
2026-05-10 09:05:00,23.49276689853404
2026-05-10 09:06:00,23.49276689853404
2026-05-10 09:07:00,23.49276689853404
2026-05-10 09:08:00,23.49276689853404
2026-05-10 09:09:00,23.49276689853404
2026-05-10 09:10:00,23.49276689853404
2026-05-10 09:11:00,23.49276689853404
2026-05-10 09:12:00,23.49276689853404
2026-05-10 09:13:00,23.49276689853404
2026-05-10 09:14:00,23.49276689853404
2026-05-10 09:15:00,23.49276689853404
2026-05-10 09:16:00,23.49276689853404
2026-05-10 09:17:00,23.49276689853404
2026-05-10 09:18:00,23.49276689853404
2026-05-10 09:19:00,23.49276689853404
2026-05-10 09:20:00,23.49276689853404
2026-05-10 09:21:00,23.49276689853404
2026-05-10 09:22:00,23.49276689853404
2026-05-10 09:23:00,23.49276689853404
2026-05-10 09:24:00,23.49276689853404
2026-05-10 09:25:00,23.49276689853404
2026-05-10 09:26:00,23.49276689853404
2026-05-10 09:27:00,23.49276689853404
2026-05-10 09:28:00,23.49276689853404
2026-05-10 09:29:00,23.49276689853404
2026-05-10 09:30:00,23.49276689853404
2026-05-10 09:31:00,23.49276689853404
2026-05-10 09:32:00,23.49276689853404
2026-05-10 09:33:00,23.49276689853404
2026-05-10 09:34:00,23.49276689853404
2026-05-10 09:35:00,23.49276689853404
2026-05-10 09:36:00,23.49276689853404
2026-05-10 09:37:00,23.49276689853404
2026-05-10 09:38:00,23.49276689853404
2026-05-10 09:39:00,23.49276689853404
2026-05-10 09:40:00,23.49276689853404
2026-05-10 09:41:00,23.49276689853404
2026-05-10 09:42:00,23.49276689853404
2026-05-10 09:43:00,23.49276689853404
2026-05-10 09:44:00,23.49276689853404
2026-05-10 09:45:00,23.49276689853404
2026-05-10 09:46:00,23.49276689853404
2026-05-10 09:47:00,23.49276689853404
2026-05-10 09:48:00,23.49276689853404
2026-05-10 09:49:00,23.49276689853404
2026-05-10 09:50:00,23.49276689853404
2026-05-10 09:51:00,23.49276689853404
2026-05-10 09:52:00,23.49276689853404
2026-05-10 09:53:00,23.49276689853404
2026-05-10 09:54:00,23.49276689853404
2026-05-10 09:55:00,23.49276689853404
2026-05-10 09:56:00,23.49276689853404
2026-05-10 09:57:00,23.49276689853404
2026-05-10 09:58:00,23.49276689853404
2026-05-10 09:59:00,23.49276689853404
2026-05-10 10:00:00,23.49276689853404
2026-05-10 10:01:00,23.49276689853404
2026-05-10 10:02:00,23.49276689853404
2026-05-10 10:03:00,23.49276689853404
2026-05-10 10:04:00,23.49276689853404
2026-05-10 10:05:00,23.49276689853404
2026-05-10 10:06:00,23.49276689853404
2026-05-10 10:07:00,23.49276689853404
2026-05-10 10:08:00,23.49276689853404
2026-05-10 10:09:00,23.49276689853404
2026-05-10 10:10:00,23.49276689853404
2026-05-10 10:11:00,23.49276689853404
2026-05-10 10:12:00,23.49276689853404
2026-05-10 10:13:00,23.49276689853404
2026-05-10 10:14:00,23.49276689853404
2026-05-10 10:15:00,23.49276689853404
2026-05-10 10:16:00,23.49276689853404
2026-05-10 10:17:00,23.49276689853404
2026-05-10 10:18:00,23.49276689853404
2026-05-10 10:19:00,23.49276689853404
2026-05-10 10:20:00,23.49276689853404
2026-05-10 10:21:00,23.49276689853404
2026-05-10 10:22:00,23.49276689853404
2026-05-10 10:23:00,23.49276689853404
2026-05-10 10:24:00,23.49276689853404
2026-05-10 10:25:00,23.49276689853404
2026-05-10 10:26:00,23.49276689853404
2026-05-10 10:27:00,23.49276689853404
2026-05-10 10:28:00,23.49276689853404
2026-05-10 10:29:00,23.49276689853404
2026-05-10 10:30:00,23.49276689853404
2026-05-10 10:31:00,23.49276689853404
2026-05-10 10:32:00,23.49276689853404
2026-05-10 10:33:00,23.49276689853404
2026-05-10 10:34:00,23.49276689853404
2026-05-10 10:35:00,23.49276689853404
2026-05-10 10:36:00,23.49276689853404
2026-05-10 10:37:00,23.49276689853404
2026-05-10 10:38:00,23.49276689853404
2026-05-10 10:39:00,23.49276689853404
2026-05-10 10:40:00,23.49276689853404
2026-05-10 10:41:00,23.49276689853404
2026-05-10 10:42:00,23.49276689853404
2026-05-10 10:43:00,23.49276689853404
2026-05-10 10:44:00,23.49276689853404
2026-05-10 10:45:00,23.49276689853404
2026-05-10 10:46:00,23.49276689853404
2026-05-10 10:47:00,23.49276689853404
2026-05-10 10:48:00,23.49276689853404
2026-05-10 10:49:00,23.49276689853404
2026-05-10 10:50:00,23.49276689853404
2026-05-10 10:51:00,23.49276689853404
2026-05-10 10:52:00,23.49276689853404
2026-05-10 10:53:00,23.49276689853404
2026-05-10 10:54:00,23.49276689853404
2026-05-10 10:55:00,23.49276689853404
2026-05-10 10:56:00,23.49276689853404
2026-05-10 10:57:00,23.49276689853404
2026-05-10 10:58:00,23.49276689853404
2026-05-10 10:59:00,23.49276689853404
2026-05-10 11:00:00,23.49276689853404
2026-05-10 11:01:00,23.49276689853404
2026-05-10 11:02:00,23.49276689853404
2026-05-10 11:03:00,23.49276689853404
2026-05-10 11:04:00,23.49276689853404
2026-05-10 11:05:00,23.49276689853404
2026-05-10 11:06:00,23.49276689853404
2026-05-10 11:07:00,23.49276689853404
2026-05-10 11:08:00,23.49276689853404
2026-05-10 11:09:00,23.49276689853404
2026-05-10 11:10:00,23.49276689853404
2026-05-10 11:11:00,23.49276689853404
2026-05-10 11:12:00,23.49276689853404
2026-05-10 11:13:00,23.49276689853404
2026-05-10 11:14:00,23.49276689853404
2026-05-10 11:15:00,23.49276689853404
2026-05-10 11:16:00,23.49276689853404
2026-05-10 11:17:00,23.49276689853404
2026-05-10 11:18:00,23.49276689853404
2026-05-10 11:19:00,23.49276689853404
2026-05-10 11:20:00,23.49276689853404
2026-05-10 11:21:00,23.49276689853404
2026-05-10 11:22:00,23.49276689853404
2026-05-10 11:23:00,23.49276689853404
2026-05-10 11:24:00,23.49276689853404
2026-05-10 11:25:00,23.49276689853404
2026-05-10 11:26:00,23.49276689853404
2026-05-10 11:27:00,23.49276689853404
2026-05-10 11:28:00,23.49276689853404
2026-05-10 11:29:00,23.49276689853404
2026-05-10 11:30:00,23.49276689853404
2026-05-10 11:31:00,23.49276689853404
2026-05-10 11:32:00,23.49276689853404
2026-05-10 11:33:00,23.49276689853404
2026-05-10 11:34:00,23.49276689853404
2026-05-10 11:35:00,23.49276689853404
2026-05-10 11:36:00,23.49276689853404
2026-05-10 11:37:00,23.49276689853404
2026-05-10 11:38:00,23.49276689853404
2026-05-10 11:39:00,23.49276689853404
2026-05-10 11:40:00,23.49276689853404
2026-05-10 11:41:00,23.49276689853404
2026-05-10 11:42:00,23.49276689853404
2026-05-10 11:43:00,23.49276689853404
2026-05-10 11:44:00,23.49276689853404
2026-05-10 11:45:00,23.49276689853404
2026-05-10 11:46:00,23.49276689853404
2026-05-10 11:47:00,23.49276689853404
2026-05-10 11:48:00,23.49276689853404
2026-05-10 11:49:00,23.49276689853404
2026-05-10 11:50:00,23.49276689853404
2026-05-10 11:51:00,23.49276689853404
2026-05-10 11:52:00,23.49276689853404
2026-05-10 11:53:00,23.49276689853404
2026-05-10 11:54:00,23.49276689853404
2026-05-10 11:55:00,23.49276689853404
2026-05-10 11:56:00,23.49276689853404
2026-05-10 11:57:00,23.49276689853404
2026-05-10 11:58:00,23.49276689853404
2026-05-10 11:59:00,23.49276689853404
2026-05-10 12:00:00,23.49276689853404
2026-05-10 12:01:00,23.49276689853404
2026-05-10 12:02:00,23.49276689853404
2026-05-10 12:03:00,23.49276689853404
2026-05-10 12:04:00,23.49276689853404
2026-05-10 12:05:00,23.49276689853404
2026-05-10 12:06:00,23.49276689853404
2026-05-10 12:07:00,23.49276689853404
2026-05-10 12:08:00,23.49276689853404
2026-05-10 12:09:00,23.49276689853404
2026-05-10 12:10:00,23.49276689853404
2026-05-10 12:11:00,23.49276689853404
2026-05-10 12:12:00,23.49276689853404
2026-05-10 12:13:00,23.49276689853404
2026-05-10 12:14:00,23.49276689853404
2026-05-10 12:15:00,23.49276689853404
2026-05-10 12:16:00,23.49276689853404
2026-05-10 12:17:00,23.49276689853404
2026-05-10 12:18:00,23.49276689853404
2026-05-10 12:19:00,23.49276689853404
2026-05-10 12:20:00,23.49276689853404
2026-05-10 12:21:00,23.49276689853404
2026-05-10 12:22:00,23.49276689853404
2026-05-10 12:23:00,23.49276689853404
2026-05-10 12:24:00,23.49276689853404
2026-05-10 12:25:00,23.49276689853404
2026-05-10 12:26:00,23.49276689853404
2026-05-10 12:27:00,23.49276689853404
2026-05-10 12:28:00,23.49276689853404
2026-05-10 12:29:00,23.49276689853404
2026-05-10 12:30:00,23.49276689853404
2026-05-10 12:31:00,23.49276689853404
2026-05-10 12:32:00,23.49276689853404
2026-05-10 12:33:00,23.49276689853404
2026-05-10 12:34:00,23.49276689853404
2026-05-10 12:35:00,23.49276689853404
2026-05-10 12:36:00,23.49276689853404
2026-05-10 12:37:00,23.49276689853404
2026-05-10 12:38:00,23.49276689853404
2026-05-10 12:39:00,23.49276689853404
2026-05-10 12:40:00,23.49276689853404
2026-05-10 12:41:00,23.49276689853404
2026-05-10 12:42:00,23.49276689853404
2026-05-10 12:43:00,23.49276689853404
2026-05-10 12:44:00,23.49276689853404
2026-05-10 12:45:00,23.49276689853404
2026-05-10 12:46:00,23.49276689853404
2026-05-10 12:47:00,23.49276689853404
2026-05-10 12:48:00,23.49276689853404
2026-05-10 12:49:00,23.49276689853404
2026-05-10 12:50:00,23.49276689853404
2026-05-10 12:51:00,23.49276689853404
2026-05-10 12:52:00,23.49276689853404
2026-05-10 12:53:00,23.49276689853404
2026-05-10 12:54:00,23.49276689853404
2026-05-10 12:55:00,23.49276689853404
2026-05-10 12:56:00,23.49276689853404
2026-05-10 12:57:00,23.49276689853404
2026-05-10 12:58:00,23.49276689853404
2026-05-10 12:59:00,23.49276689853404
2026-05-10 13:00:00,23.49276689853404
2026-05-10 13:01:00,23.49276689853404
2026-05-10 13:02:00,23.49276689853404
2026-05-10 13:03:00,23.49276689853404
2026-05-10 13:04:00,23.49276689853404
2026-05-10 13:05:00,23.49276689853404
2026-05-10 13:06:00,23.49276689853404
2026-05-10 13:07:00,23.49276689853404
2026-05-10 13:08:00,23.49276689853404
2026-05-10 13:09:00,23.49276689853404
2026-05-10 13:10:00,23.49276689853404
2026-05-10 13:11:00,23.49276689853404
2026-05-10 13:12:00,23.49276689853404
2026-05-10 13:13:00,23.49276689853404
2026-05-10 13:14:00,23.49276689853404
2026-05-10 13:15:00,23.49276689853404
2026-05-10 13:16:00,23.49276689853404
2026-05-10 13:17:00,23.49276689853404
2026-05-10 13:18:00,23.49276689853404
2026-05-10 13:19:00,23.49276689853404
2026-05-10 13:20:00,23.49276689853404
2026-05-10 13:21:00,23.49276689853404
2026-05-10 13:22:00,23.49276689853404
2026-05-10 13:23:00,23.49276689853404
2026-05-10 13:24:00,23.49276689853404
2026-05-10 13:25:00,23.49276689853404
2026-05-10 13:26:00,23.49276689853404
2026-05-10 13:27:00,23.49276689853404
2026-05-10 13:28:00,23.49276689853404
2026-05-10 13:29:00,23.49276689853404
2026-05-10 13:30:00,23.49276689853404
2026-05-10 13:31:00,23.49276689853404
2026-05-10 13:32:00,23.49276689853404
2026-05-10 13:33:00,23.49276689853404
2026-05-10 13:34:00,23.49276689853404
2026-05-10 13:35:00,23.49276689853404
2026-05-10 13:36:00,23.49276689853404
2026-05-10 13:37:00,23.49276689853404
2026-05-10 13:38:00,23.49276689853404
2026-05-10 13:39:00,23.49276689853404
2026-05-10 13:40:00,23.49276689853404
2026-05-10 13:41:00,23.49276689853404
2026-05-10 13:42:00,23.49276689853404
2026-05-10 13:43:00,23.49276689853404
2026-05-10 13:44:00,23.49276689853404
2026-05-10 13:45:00,23.49276689853404
2026-05-10 13:46:00,23.49276689853404
2026-05-10 13:47:00,23.49276689853404
2026-05-10 13:48:00,23.49276689853404
2026-05-10 13:49:00,23.49276689853404
2026-05-10 13:50:00,23.49276689853404
2026-05-10 13:51:00,23.49276689853404
2026-05-10 13:52:00,23.49276689853404
2026-05-10 13:53:00,23.49276689853404
2026-05-10 13:54:00,23.49276689853404
2026-05-10 13:55:00,23.49276689853404
2026-05-10 13:56:00,23.49276689853404
2026-05-10 13:57:00,23.49276689853404
2026-05-10 13:58:00,23.49276689853404
2026-05-10 13:59:00,23.49276689853404
2026-05-10 14:00:00,23.49276689853404
2026-05-10 14:01:00,23.49276689853404
2026-05-10 14:02:00,23.49276689853404
2026-05-10 14:03:00,23.49276689853404
2026-05-10 14:04:00,23.49276689853404
2026-05-10 14:05:00,23.49276689853404
2026-05-10 14:06:00,23.49276689853404
2026-05-10 14:07:00,23.49276689853404
2026-05-10 14:08:00,23.49276689853404
2026-05-10 14:09:00,23.49276689853404
2026-05-10 14:10:00,23.49276689853404
2026-05-10 14:11:00,23.49276689853404
2026-05-10 14:12:00,23.49276689853404
2026-05-10 14:13:00,23.49276689853404
2026-05-10 14:14:00,23.49276689853404
2026-05-10 14:15:00,23.49276689853404
2026-05-10 14:16:00,23.49276689853404
2026-05-10 14:17:00,23.49276689853404
2026-05-10 14:18:00,23.49276689853404
2026-05-10 14:19:00,23.49276689853404
2026-05-10 14:20:00,23.49276689853404
2026-05-10 14:21:00,23.49276689853404
2026-05-10 14:22:00,23.49276689853404
2026-05-10 14:23:00,23.49276689853404
2026-05-10 14:24:00,23.49276689853404
2026-05-10 14:25:00,23.49276689853404
2026-05-10 14:26:00,23.49276689853404
2026-05-10 14:27:00,23.49276689853404
2026-05-10 14:28:00,23.49276689853404
2026-05-10 14:29:00,23.49276689853404
2026-05-10 14:30:00,23.49276689853404
2026-05-10 14:31:00,23.49276689853404
2026-05-10 14:32:00,23.49276689853404
2026-05-10 14:33:00,23.49276689853404
2026-05-10 14:34:00,23.49276689853404
2026-05-10 14:35:00,23.49276689853404
2026-05-10 14:36:00,23.49276689853404
2026-05-10 14:37:00,23.49276689853404
2026-05-10 14:38:00,23.49276689853404
2026-05-10 14:39:00,23.49276689853404
2026-05-10 14:40:00,23.49276689853404
2026-05-10 14:41:00,23.49276689853404
2026-05-10 14:42:00,23.49276689853404
2026-05-10 14:43:00,23.49276689853404
2026-05-10 14:44:00,23.49276689853404
2026-05-10 14:45:00,23.49276689853404
2026-05-10 14:46:00,23.49276689853404
2026-05-10 14:47:00,23.49276689853404
2026-05-10 14:48:00,23.49276689853404
2026-05-10 14:49:00,23.49276689853404
2026-05-10 14:50:00,23.49276689853404
2026-05-10 14:51:00,23.49276689853404
2026-05-10 14:52:00,23.49276689853404
2026-05-10 14:53:00,23.49276689853404
2026-05-10 14:54:00,23.49276689853404
2026-05-10 14:55:00,23.49276689853404
2026-05-10 14:56:00,23.49276689853404
2026-05-10 14:57:00,23.49276689853404
2026-05-10 14:58:00,23.49276689853404
2026-05-10 14:59:00,23.49276689853404
2026-05-10 15:00:00,23.49276689853404
2026-05-10 15:01:00,23.49276689853404
2026-05-10 15:02:00,23.49276689853404
2026-05-10 15:03:00,23.49276689853404
2026-05-10 15:04:00,23.49276689853404
2026-05-10 15:05:00,23.49276689853404
2026-05-10 15:06:00,23.49276689853404
2026-05-10 15:07:00,23.49276689853404
2026-05-10 15:08:00,23.49276689853404
2026-05-10 15:09:00,23.49276689853404
2026-05-10 15:10:00,23.49276689853404
2026-05-10 15:11:00,23.49276689853404
2026-05-10 15:12:00,23.49276689853404
2026-05-10 15:13:00,23.49276689853404
2026-05-10 15:14:00,23.49276689853404
2026-05-10 15:15:00,23.49276689853404
2026-05-10 15:16:00,23.49276689853404
2026-05-10 15:17:00,23.49276689853404
2026-05-10 15:18:00,23.49276689853404
2026-05-10 15:19:00,23.49276689853404
2026-05-10 15:20:00,23.49276689853404
2026-05-10 15:21:00,23.49276689853404
2026-05-10 15:22:00,23.49276689853404
2026-05-10 15:23:00,23.49276689853404
2026-05-10 15:24:00,23.49276689853404
2026-05-10 15:25:00,23.49276689853404
2026-05-10 15:26:00,23.49276689853404
2026-05-10 15:27:00,23.49276689853404
2026-05-10 15:28:00,23.49276689853404
2026-05-10 15:29:00,23.49276689853404
2026-05-10 15:30:00,23.49276689853404
2026-05-10 15:31:00,23.49276689853404
2026-05-10 15:32:00,23.49276689853404
2026-05-10 15:33:00,23.49276689853404
2026-05-10 15:34:00,23.49276689853404
2026-05-10 15:35:00,23.49276689853404
2026-05-10 15:36:00,23.49276689853404
2026-05-10 15:37:00,23.49276689853404
2026-05-10 15:38:00,23.49276689853404
2026-05-10 15:39:00,23.49276689853404
2026-05-10 15:40:00,23.49276689853404
2026-05-10 15:41:00,23.49276689853404
2026-05-10 15:42:00,23.49276689853404
2026-05-10 15:43:00,23.49276689853404
2026-05-10 15:44:00,23.49276689853404
2026-05-10 15:45:00,23.49276689853404
2026-05-10 15:46:00,23.49276689853404
2026-05-10 15:47:00,23.49276689853404
2026-05-10 15:48:00,23.49276689853404
2026-05-10 15:49:00,23.49276689853404
2026-05-10 15:50:00,23.49276689853404
2026-05-10 15:51:00,23.49276689853404
2026-05-10 15:52:00,23.49276689853404
2026-05-10 15:53:00,23.49276689853404
2026-05-10 15:54:00,23.49276689853404
2026-05-10 15:55:00,23.49276689853404
2026-05-10 15:56:00,23.49276689853404
2026-05-10 15:57:00,23.49276689853404
2026-05-10 15:58:00,23.49276689853404
2026-05-10 15:59:00,23.49276689853404
2026-05-10 16:00:00,23.49276689853404
2026-05-10 16:01:00,23.49276689853404
2026-05-10 16:02:00,23.49276689853404
2026-05-10 16:03:00,23.49276689853404
2026-05-10 16:04:00,23.49276689853404
2026-05-10 16:05:00,23.49276689853404
2026-05-10 16:06:00,23.49276689853404
2026-05-10 16:07:00,23.49276689853404
2026-05-10 16:08:00,23.49276689853404
2026-05-10 16:09:00,23.49276689853404
2026-05-10 16:10:00,23.49276689853404
2026-05-10 16:11:00,23.49276689853404
2026-05-10 16:12:00,23.49276689853404
2026-05-10 16:13:00,23.49276689853404
2026-05-10 16:14:00,23.49276689853404
2026-05-10 16:15:00,23.49276689853404
2026-05-10 16:16:00,23.49276689853404
2026-05-10 16:17:00,23.49276689853404
2026-05-10 16:18:00,23.49276689853404
2026-05-10 16:19:00,23.49276689853404
2026-05-10 16:20:00,23.49276689853404
2026-05-10 16:21:00,23.49276689853404
2026-05-10 16:22:00,23.49276689853404
2026-05-10 16:23:00,23.49276689853404
2026-05-10 16:24:00,23.49276689853404
2026-05-10 16:25:00,23.49276689853404
2026-05-10 16:26:00,23.49276689853404
2026-05-10 16:27:00,23.49276689853404
2026-05-10 16:28:00,23.49276689853404
2026-05-10 16:29:00,23.49276689853404
2026-05-10 16:30:00,23.49276689853404
2026-05-10 16:31:00,23.49276689853404
2026-05-10 16:32:00,23.49276689853404
2026-05-10 16:33:00,23.49276689853404
2026-05-10 16:34:00,23.49276689853404
2026-05-10 16:35:00,23.49276689853404
2026-05-10 16:36:00,23.49276689853404
2026-05-10 16:37:00,23.49276689853404
2026-05-10 16:38:00,23.49276689853404
2026-05-10 16:39:00,23.49276689853404
2026-05-10 16:40:00,23.49276689853404
2026-05-10 16:41:00,23.49276689853404
2026-05-10 16:42:00,23.49276689853404
2026-05-10 16:43:00,23.49276689853404
2026-05-10 16:44:00,23.49276689853404
2026-05-10 16:45:00,23.49276689853404
2026-05-10 16:46:00,23.49276689853404
2026-05-10 16:47:00,23.49276689853404
2026-05-10 16:48:00,23.49276689853404
2026-05-10 16:49:00,23.49276689853404
2026-05-10 16:50:00,23.49276689853404
2026-05-10 16:51:00,23.49276689853404
2026-05-10 16:52:00,23.49276689853404
2026-05-10 16:53:00,23.49276689853404
2026-05-10 16:54:00,23.49276689853404
2026-05-10 16:55:00,23.49276689853404
2026-05-10 16:56:00,23.49276689853404
2026-05-10 16:57:00,23.49276689853404
2026-05-10 16:58:00,23.49276689853404
2026-05-10 16:59:00,23.49276689853404
2026-05-10 17:00:00,23.49276689853404
2026-05-10 17:01:00,23.49276689853404
2026-05-10 17:02:00,23.49276689853404
2026-05-10 17:03:00,23.49276689853404
2026-05-10 17:04:00,23.49276689853404
2026-05-10 17:05:00,23.49276689853404
2026-05-10 17:06:00,23.49276689853404
2026-05-10 17:07:00,23.49276689853404
2026-05-10 17:08:00,23.49276689853404
2026-05-10 17:09:00,23.49276689853404
2026-05-10 17:10:00,23.49276689853404
2026-05-10 17:11:00,23.49276689853404
2026-05-10 17:12:00,23.49276689853404
2026-05-10 17:13:00,23.49276689853404
2026-05-10 17:14:00,23.49276689853404
2026-05-10 17:15:00,23.49276689853404
2026-05-10 17:16:00,23.49276689853404
2026-05-10 17:17:00,23.49276689853404
2026-05-10 17:18:00,23.49276689853404
2026-05-10 17:19:00,23.49276689853404
2026-05-10 17:20:00,23.49276689853404
2026-05-10 17:21:00,23.49276689853404
2026-05-10 17:22:00,23.49276689853404
2026-05-10 17:23:00,23.49276689853404
2026-05-10 17:24:00,23.49276689853404
2026-05-10 17:25:00,23.49276689853404
2026-05-10 17:26:00,23.49276689853404
2026-05-10 17:27:00,23.49276689853404
2026-05-10 17:28:00,23.49276689853404
2026-05-10 17:29:00,23.49276689853404
2026-05-10 17:30:00,23.49276689853404
2026-05-10 17:31:00,23.49276689853404
2026-05-10 17:32:00,23.49276689853404
2026-05-10 17:33:00,23.49276689853404
2026-05-10 17:34:00,23.49276689853404
2026-05-10 17:35:00,23.49276689853404
2026-05-10 17:36:00,23.49276689853404
2026-05-10 17:37:00,23.49276689853404
2026-05-10 17:38:00,23.49276689853404
2026-05-10 17:39:00,23.49276689853404
2026-05-10 17:40:00,23.49276689853404
2026-05-10 17:41:00,23.49276689853404
2026-05-10 17:42:00,23.49276689853404
2026-05-10 17:43:00,23.49276689853404
2026-05-10 17:44:00,23.49276689853404
2026-05-10 17:45:00,23.49276689853404
2026-05-10 17:46:00,23.49276689853404
2026-05-10 17:47:00,23.49276689853404
2026-05-10 17:48:00,23.49276689853404
2026-05-10 17:49:00,23.49276689853404
2026-05-10 17:50:00,23.49276689853404
2026-05-10 17:51:00,23.49276689853404
2026-05-10 17:52:00,23.49276689853404
2026-05-10 17:53:00,23.49276689853404
2026-05-10 17:54:00,23.49276689853404
2026-05-10 17:55:00,23.49276689853404
2026-05-10 17:56:00,23.49276689853404
2026-05-10 17:57:00,23.49276689853404
2026-05-10 17:58:00,23.49276689853404
2026-05-10 17:59:00,23.49276689853404
2026-05-10 18:00:00,23.49276689853404
2026-05-10 18:01:00,23.49276689853404
2026-05-10 18:02:00,23.49276689853404
2026-05-10 18:03:00,23.49276689853404
2026-05-10 18:04:00,23.49276689853404
2026-05-10 18:05:00,23.49276689853404
2026-05-10 18:06:00,23.49276689853404
2026-05-10 18:07:00,23.49276689853404
2026-05-10 18:08:00,23.49276689853404
2026-05-10 18:09:00,23.49276689853404
2026-05-10 18:10:00,23.49276689853404
2026-05-10 18:11:00,23.49276689853404
2026-05-10 18:12:00,23.49276689853404
2026-05-10 18:13:00,23.49276689853404
2026-05-10 18:14:00,23.49276689853404
2026-05-10 18:15:00,23.49276689853404
2026-05-10 18:16:00,23.49276689853404
2026-05-10 18:17:00,23.49276689853404
2026-05-10 18:18:00,23.49276689853404
2026-05-10 18:19:00,23.49276689853404
2026-05-10 18:20:00,23.49276689853404
2026-05-10 18:21:00,23.49276689853404
2026-05-10 18:22:00,23.49276689853404
2026-05-10 18:23:00,23.49276689853404
2026-05-10 18:24:00,23.49276689853404
2026-05-10 18:25:00,23.49276689853404
2026-05-10 18:26:00,23.49276689853404
2026-05-10 18:27:00,23.49276689853404
2026-05-10 18:28:00,23.49276689853404
2026-05-10 18:29:00,23.49276689853404
2026-05-10 18:30:00,23.49276689853404
2026-05-10 18:31:00,23.49276689853404
2026-05-10 18:32:00,23.49276689853404
2026-05-10 18:33:00,23.49276689853404
2026-05-10 18:34:00,23.49276689853404
2026-05-10 18:35:00,23.49276689853404
2026-05-10 18:36:00,23.49276689853404
2026-05-10 18:37:00,23.49276689853404
2026-05-10 18:38:00,23.49276689853404
2026-05-10 18:39:00,23.49276689853404
2026-05-10 18:40:00,23.49276689853404
2026-05-10 18:41:00,23.49276689853404
2026-05-10 18:42:00,23.49276689853404
2026-05-10 18:43:00,23.49276689853404
2026-05-10 18:44:00,23.49276689853404
2026-05-10 18:45:00,23.49276689853404
2026-05-10 18:46:00,23.49276689853404
2026-05-10 18:47:00,23.49276689853404
2026-05-10 18:48:00,23.49276689853404
2026-05-10 18:49:00,23.49276689853404
2026-05-10 18:50:00,23.49276689853404
2026-05-10 18:51:00,23.49276689853404
2026-05-10 18:52:00,23.49276689853404
2026-05-10 18:53:00,23.49276689853404
2026-05-10 18:54:00,23.49276689853404
2026-05-10 18:55:00,23.49276689853404
2026-05-10 18:56:00,23.49276689853404
2026-05-10 18:57:00,23.49276689853404
2026-05-10 18:58:00,23.49276689853404
2026-05-10 18:59:00,23.49276689853404
2026-05-10 19:00:00,23.49276689853404
2026-05-10 19:01:00,23.49276689853404
2026-05-10 19:02:00,23.49276689853404
2026-05-10 19:03:00,23.49276689853404
2026-05-10 19:04:00,23.49276689853404
2026-05-10 19:05:00,23.49276689853404
2026-05-10 19:06:00,23.49276689853404
2026-05-10 19:07:00,23.49276689853404
2026-05-10 19:08:00,23.49276689853404
2026-05-10 19:09:00,23.49276689853404
2026-05-10 19:10:00,23.49276689853404
2026-05-10 19:11:00,23.49276689853404
2026-05-10 19:12:00,23.49276689853404
2026-05-10 19:13:00,23.49276689853404
2026-05-10 19:14:00,23.49276689853404
2026-05-10 19:15:00,23.49276689853404
2026-05-10 19:16:00,23.49276689853404
2026-05-10 19:17:00,23.49276689853404
2026-05-10 19:18:00,23.49276689853404
2026-05-10 19:19:00,23.49276689853404
2026-05-10 19:20:00,23.49276689853404
2026-05-10 19:21:00,23.49276689853404
2026-05-10 19:22:00,23.49276689853404
2026-05-10 19:23:00,23.49276689853404
2026-05-10 19:24:00,23.49276689853404
2026-05-10 19:25:00,23.49276689853404
2026-05-10 19:26:00,23.49276689853404
2026-05-10 19:27:00,23.49276689853404
2026-05-10 19:28:00,23.49276689853404
2026-05-10 19:29:00,23.49276689853404
2026-05-10 19:30:00,23.49276689853404
2026-05-10 19:31:00,23.49276689853404
2026-05-10 19:32:00,23.49276689853404
2026-05-10 19:33:00,23.49276689853404
2026-05-10 19:34:00,23.49276689853404
2026-05-10 19:35:00,23.49276689853404
2026-05-10 19:36:00,23.49276689853404
2026-05-10 19:37:00,23.49276689853404
2026-05-10 19:38:00,23.49276689853404
2026-05-10 19:39:00,23.49276689853404
2026-05-10 19:40:00,23.49276689853404
2026-05-10 19:41:00,23.49276689853404
2026-05-10 19:42:00,23.49276689853404
2026-05-10 19:43:00,23.49276689853404
2026-05-10 19:44:00,23.49276689853404
2026-05-10 19:45:00,23.49276689853404
2026-05-10 19:46:00,23.49276689853404
2026-05-10 19:47:00,23.49276689853404
2026-05-10 19:48:00,23.49276689853404
2026-05-10 19:49:00,23.49276689853404
2026-05-10 19:50:00,23.49276689853404
2026-05-10 19:51:00,23.49276689853404
2026-05-10 19:52:00,23.49276689853404
2026-05-10 19:53:00,23.49276689853404
2026-05-10 19:54:00,23.49276689853404
2026-05-10 19:55:00,23.49276689853404
2026-05-10 19:56:00,23.49276689853404
2026-05-10 19:57:00,23.49276689853404
2026-05-10 19:58:00,23.49276689853404
2026-05-10 19:59:00,23.49276689853404
2026-05-10 20:00:00,23.49276689853404
2026-05-10 20:01:00,23.49276689853404
2026-05-10 20:02:00,23.49276689853404
2026-05-10 20:03:00,23.49276689853404
2026-05-10 20:04:00,23.49276689853404
2026-05-10 20:05:00,23.49276689853404
2026-05-10 20:06:00,23.49276689853404
2026-05-10 20:07:00,23.49276689853404
2026-05-10 20:08:00,23.49276689853404
2026-05-10 20:09:00,23.49276689853404
2026-05-10 20:10:00,23.49276689853404
2026-05-10 20:11:00,23.49276689853404
2026-05-10 20:12:00,23.49276689853404
2026-05-10 20:13:00,23.49276689853404
2026-05-10 20:14:00,23.49276689853404
2026-05-10 20:15:00,23.49276689853404
2026-05-10 20:16:00,23.49276689853404
2026-05-10 20:17:00,23.49276689853404
2026-05-10 20:18:00,23.49276689853404
2026-05-10 20:19:00,23.49276689853404
2026-05-10 20:20:00,23.49276689853404
2026-05-10 20:21:00,23.49276689853404
2026-05-10 20:22:00,23.49276689853404
2026-05-10 20:23:00,23.49276689853404
2026-05-10 20:24:00,23.49276689853404
2026-05-10 20:25:00,23.49276689853404
2026-05-10 20:26:00,23.49276689853404
2026-05-10 20:27:00,23.49276689853404
2026-05-10 20:28:00,23.49276689853404
2026-05-10 20:29:00,23.49276689853404
2026-05-10 20:30:00,23.49276689853404
2026-05-10 20:31:00,23.49276689853404
2026-05-10 20:32:00,23.49276689853404
2026-05-10 20:33:00,23.49276689853404
2026-05-10 20:34:00,23.49276689853404
2026-05-10 20:35:00,23.49276689853404
2026-05-10 20:36:00,23.49276689853404
2026-05-10 20:37:00,23.49276689853404
2026-05-10 20:38:00,23.49276689853404
2026-05-10 20:39:00,23.49276689853404
2026-05-10 20:40:00,23.49276689853404
2026-05-10 20:41:00,23.49276689853404
2026-05-10 20:42:00,23.49276689853404
2026-05-10 20:43:00,23.49276689853404
2026-05-10 20:44:00,23.49276689853404
2026-05-10 20:45:00,23.49276689853404
2026-05-10 20:46:00,23.49276689853404
2026-05-10 20:47:00,23.49276689853404
2026-05-10 20:48:00,23.49276689853404
2026-05-10 20:49:00,23.49276689853404
2026-05-10 20:50:00,23.49276689853404
2026-05-10 20:51:00,23.49276689853404
2026-05-10 20:52:00,23.49276689853404
2026-05-10 20:53:00,23.49276689853404
2026-05-10 20:54:00,23.49276689853404
2026-05-10 20:55:00,23.49276689853404
2026-05-10 20:56:00,23.49276689853404
2026-05-10 20:57:00,23.49276689853404
2026-05-10 20:58:00,23.49276689853404
2026-05-10 20:59:00,23.49276689853404
2026-05-10 21:00:00,23.49276689853404
2026-05-10 21:01:00,23.49276689853404
2026-05-10 21:02:00,23.49276689853404
2026-05-10 21:03:00,23.49276689853404
2026-05-10 21:04:00,23.49276689853404
2026-05-10 21:05:00,23.49276689853404
2026-05-10 21:06:00,23.49276689853404
2026-05-10 21:07:00,23.49276689853404
2026-05-10 21:08:00,23.49276689853404
2026-05-10 21:09:00,23.49276689853404
2026-05-10 21:10:00,23.49276689853404
2026-05-10 21:11:00,23.49276689853404
2026-05-10 21:12:00,23.49276689853404
2026-05-10 21:13:00,23.49276689853404
2026-05-10 21:14:00,23.49276689853404
2026-05-10 21:15:00,23.49276689853404
2026-05-10 21:16:00,23.49276689853404
2026-05-10 21:17:00,23.49276689853404
2026-05-10 21:18:00,23.49276689853404
2026-05-10 21:19:00,23.49276689853404
2026-05-10 21:20:00,23.49276689853404
2026-05-10 21:21:00,23.49276689853404
2026-05-10 21:22:00,23.49276689853404
2026-05-10 21:23:00,23.49276689853404
2026-05-10 21:24:00,23.49276689853404
2026-05-10 21:25:00,23.49276689853404
2026-05-10 21:26:00,23.49276689853404
2026-05-10 21:27:00,23.49276689853404
2026-05-10 21:28:00,23.49276689853404
2026-05-10 21:29:00,23.49276689853404
2026-05-10 21:30:00,23.49276689853404
2026-05-10 21:31:00,23.49276689853404
2026-05-10 21:32:00,23.49276689853404
2026-05-10 21:33:00,23.49276689853404
2026-05-10 21:34:00,23.49276689853404
2026-05-10 21:35:00,23.49276689853404
2026-05-10 21:36:00,23.49276689853404
2026-05-10 21:37:00,23.49276689853404
2026-05-10 21:38:00,23.49276689853404
2026-05-10 21:39:00,23.49276689853404
2026-05-10 21:40:00,23.49276689853404
2026-05-10 21:41:00,23.49276689853404
2026-05-10 21:42:00,23.49276689853404
2026-05-10 21:43:00,23.49276689853404
2026-05-10 21:44:00,23.49276689853404
2026-05-10 21:45:00,23.49276689853404
2026-05-10 21:46:00,23.49276689853404
2026-05-10 21:47:00,23.49276689853404
2026-05-10 21:48:00,23.49276689853404
2026-05-10 21:49:00,23.49276689853404
2026-05-10 21:50:00,23.49276689853404
2026-05-10 21:51:00,23.49276689853404
2026-05-10 21:52:00,23.49276689853404
2026-05-10 21:53:00,23.49276689853404
2026-05-10 21:54:00,23.49276689853404
2026-05-10 21:55:00,23.49276689853404
2026-05-10 21:56:00,23.49276689853404
2026-05-10 21:57:00,23.49276689853404
2026-05-10 21:58:00,23.49276689853404
2026-05-10 21:59:00,23.49276689853404
2026-05-10 22:00:00,23.49276689853404
2026-05-10 22:01:00,23.49276689853404
2026-05-10 22:02:00,23.49276689853404
2026-05-10 22:03:00,23.49276689853404
2026-05-10 22:04:00,23.49276689853404
2026-05-10 22:05:00,23.49276689853404
2026-05-10 22:06:00,23.49276689853404
2026-05-10 22:07:00,23.49276689853404
2026-05-10 22:08:00,23.49276689853404
2026-05-10 22:09:00,23.49276689853404
2026-05-10 22:10:00,23.49276689853404
2026-05-10 22:11:00,23.49276689853404
2026-05-10 22:12:00,23.49276689853404
2026-05-10 22:13:00,23.49276689853404
2026-05-10 22:14:00,23.49276689853404
2026-05-10 22:15:00,23.49276689853404
2026-05-10 22:16:00,23.49276689853404
2026-05-10 22:17:00,23.49276689853404
2026-05-10 22:18:00,23.49276689853404
2026-05-10 22:19:00,23.49276689853404
2026-05-10 22:20:00,23.49276689853404
2026-05-10 22:21:00,23.49276689853404
2026-05-10 22:22:00,23.49276689853404
2026-05-10 22:23:00,23.49276689853404
2026-05-10 22:24:00,23.49276689853404
2026-05-10 22:25:00,23.49276689853404
2026-05-10 22:26:00,23.49276689853404
2026-05-10 22:27:00,23.49276689853404
2026-05-10 22:28:00,23.49276689853404
2026-05-10 22:29:00,23.49276689853404
2026-05-10 22:30:00,23.49276689853404
2026-05-10 22:31:00,23.49276689853404
2026-05-10 22:32:00,23.49276689853404
2026-05-10 22:33:00,23.49276689853404
2026-05-10 22:34:00,23.49276689853404
2026-05-10 22:35:00,23.49276689853404
2026-05-10 22:36:00,23.49276689853404
2026-05-10 22:37:00,23.49276689853404
2026-05-10 22:38:00,23.49276689853404
2026-05-10 22:39:00,23.49276689853404
2026-05-10 22:40:00,23.49276689853404
2026-05-10 22:41:00,23.49276689853404
2026-05-10 22:42:00,23.49276689853404
2026-05-10 22:43:00,23.49276689853404
2026-05-10 22:44:00,23.49276689853404
2026-05-10 22:45:00,23.49276689853404
2026-05-10 22:46:00,23.49276689853404
2026-05-10 22:47:00,23.49276689853404
2026-05-10 22:48:00,23.49276689853404
2026-05-10 22:49:00,23.49276689853404
2026-05-10 22:50:00,23.49276689853404
2026-05-10 22:51:00,23.49276689853404
2026-05-10 22:52:00,23.49276689853404
2026-05-10 22:53:00,23.49276689853404
2026-05-10 22:54:00,23.49276689853404
2026-05-10 22:55:00,23.49276689853404
2026-05-10 22:56:00,23.49276689853404
2026-05-10 22:57:00,23.49276689853404
2026-05-10 22:58:00,23.49276689853404
2026-05-10 22:59:00,23.49276689853404
2026-05-10 23:00:00,23.49276689853404
2026-05-10 23:01:00,23.49276689853404
2026-05-10 23:02:00,23.49276689853404
2026-05-10 23:03:00,23.49276689853404
2026-05-10 23:04:00,23.49276689853404
2026-05-10 23:05:00,23.49276689853404
2026-05-10 23:06:00,23.49276689853404
2026-05-10 23:07:00,23.49276689853404
2026-05-10 23:08:00,23.49276689853404
2026-05-10 23:09:00,23.49276689853404
2026-05-10 23:10:00,23.49276689853404
2026-05-10 23:11:00,23.49276689853404
2026-05-10 23:12:00,23.49276689853404
2026-05-10 23:13:00,23.49276689853404
2026-05-10 23:14:00,23.49276689853404
2026-05-10 23:15:00,23.49276689853404
2026-05-10 23:16:00,23.49276689853404
2026-05-10 23:17:00,23.49276689853404
2026-05-10 23:18:00,23.49276689853404
2026-05-10 23:19:00,23.49276689853404
2026-05-10 23:20:00,23.49276689853404
2026-05-10 23:21:00,23.49276689853404
2026-05-10 23:22:00,23.49276689853404
2026-05-10 23:23:00,23.49276689853404
2026-05-10 23:24:00,23.49276689853404
2026-05-10 23:25:00,23.49276689853404
2026-05-10 23:26:00,23.49276689853404
2026-05-10 23:27:00,23.49276689853404
2026-05-10 23:28:00,23.49276689853404
2026-05-10 23:29:00,23.49276689853404
2026-05-10 23:30:00,23.49276689853404
2026-05-10 23:31:00,23.49276689853404
2026-05-10 23:32:00,23.49276689853404
2026-05-10 23:33:00,23.49276689853404
2026-05-10 23:34:00,23.49276689853404
2026-05-10 23:35:00,23.49276689853404
2026-05-10 23:36:00,23.49276689853404
2026-05-10 23:37:00,23.49276689853404
2026-05-10 23:38:00,23.49276689853404
2026-05-10 23:39:00,23.49276689853404
2026-05-10 23:40:00,23.49276689853404
2026-05-10 23:41:00,23.49276689853404
2026-05-10 23:42:00,23.49276689853404
2026-05-10 23:43:00,23.49276689853404
2026-05-10 23:44:00,23.49276689853404
2026-05-10 23:45:00,23.49276689853404
2026-05-10 23:46:00,23.49276689853404
2026-05-10 23:47:00,23.49276689853404
2026-05-10 23:48:00,23.49276689853404
2026-05-10 23:49:00,23.49276689853404
2026-05-10 23:50:00,23.49276689853404
2026-05-10 23:51:00,23.49276689853404
2026-05-10 23:52:00,23.49276689853404
2026-05-10 23:53:00,23.49276689853404
2026-05-10 23:54:00,23.49276689853404
2026-05-10 23:55:00,23.49276689853404
2026-05-10 23:56:00,23.49276689853404
2026-05-10 23:57:00,23.49276689853404
2026-05-10 23:58:00,23.49276689853404
2026-05-10 23:59:00,23.49276689853404
2026-05-11 00:00:00,23.49276689853404
2026-05-11 00:01:00,23.49276689853404
2026-05-11 00:02:00,23.49276689853404
2026-05-11 00:03:00,23.49276689853404
2026-05-11 00:04:00,23.49276689853404
2026-05-11 00:05:00,23.49276689853404
2026-05-11 00:06:00,23.49276689853404
2026-05-11 00:07:00,23.49276689853404
2026-05-11 00:08:00,23.49276689853404
2026-05-11 00:09:00,23.49276689853404
2026-05-11 00:10:00,23.49276689853404
2026-05-11 00:11:00,23.49276689853404
2026-05-11 00:12:00,23.49276689853404
2026-05-11 00:13:00,23.49276689853404
2026-05-11 00:14:00,23.49276689853404
2026-05-11 00:15:00,23.49276689853404
2026-05-11 00:16:00,23.49276689853404
2026-05-11 00:17:00,23.49276689853404
2026-05-11 00:18:00,23.49276689853404
2026-05-11 00:19:00,23.49276689853404
2026-05-11 00:20:00,23.49276689853404
2026-05-11 00:21:00,23.49276689853404
2026-05-11 00:22:00,23.49276689853404
2026-05-11 00:23:00,23.49276689853404
2026-05-11 00:24:00,23.49276689853404
2026-05-11 00:25:00,23.49276689853404
2026-05-11 00:26:00,23.49276689853404
2026-05-11 00:27:00,23.49276689853404
2026-05-11 00:28:00,23.49276689853404
2026-05-11 00:29:00,23.49276689853404
2026-05-11 00:30:00,23.49276689853404
2026-05-11 00:31:00,23.49276689853404
2026-05-11 00:32:00,23.49276689853404
2026-05-11 00:33:00,23.49276689853404
2026-05-11 00:34:00,23.49276689853404
2026-05-11 00:35:00,23.49276689853404
2026-05-11 00:36:00,23.49276689853404
2026-05-11 00:37:00,23.49276689853404
2026-05-11 00:38:00,23.49276689853404
2026-05-11 00:39:00,23.49276689853404
2026-05-11 00:40:00,23.49276689853404
2026-05-11 00:41:00,23.49276689853404
2026-05-11 00:42:00,23.49276689853404
2026-05-11 00:43:00,23.49276689853404
2026-05-11 00:44:00,23.49276689853404
2026-05-11 00:45:00,23.49276689853404
2026-05-11 00:46:00,23.49276689853404
2026-05-11 00:47:00,23.49276689853404
2026-05-11 00:48:00,23.49276689853404
2026-05-11 00:49:00,23.49276689853404
2026-05-11 00:50:00,23.49276689853404
2026-05-11 00:51:00,23.49276689853404
2026-05-11 00:52:00,23.49276689853404
2026-05-11 00:53:00,23.49276689853404
2026-05-11 00:54:00,23.49276689853404
2026-05-11 00:55:00,23.49276689853404
2026-05-11 00:56:00,23.49276689853404
2026-05-11 00:57:00,23.49276689853404
2026-05-11 00:58:00,23.49276689853404
2026-05-11 00:59:00,23.49276689853404
2026-05-11 01:00:00,23.49276689853404
2026-05-11 01:01:00,23.49276689853404
2026-05-11 01:02:00,23.49276689853404
2026-05-11 01:03:00,23.49276689853404
2026-05-11 01:04:00,23.49276689853404
2026-05-11 01:05:00,23.49276689853404
2026-05-11 01:06:00,23.49276689853404
2026-05-11 01:07:00,23.49276689853404
2026-05-11 01:08:00,23.49276689853404
2026-05-11 01:09:00,23.49276689853404
2026-05-11 01:10:00,23.49276689853404
2026-05-11 01:11:00,23.49276689853404
2026-05-11 01:12:00,23.49276689853404
2026-05-11 01:13:00,23.49276689853404
2026-05-11 01:14:00,23.49276689853404
2026-05-11 01:15:00,23.49276689853404
2026-05-11 01:16:00,23.49276689853404
2026-05-11 01:17:00,23.49276689853404
2026-05-11 01:18:00,23.49276689853404
2026-05-11 01:19:00,23.49276689853404
2026-05-11 01:20:00,23.49276689853404
2026-05-11 01:21:00,23.49276689853404
2026-05-11 01:22:00,23.49276689853404
2026-05-11 01:23:00,23.49276689853404
2026-05-11 01:24:00,23.49276689853404
2026-05-11 01:25:00,23.49276689853404
2026-05-11 01:26:00,23.49276689853404
2026-05-11 01:27:00,23.49276689853404
2026-05-11 01:28:00,23.49276689853404
2026-05-11 01:29:00,23.49276689853404
2026-05-11 01:30:00,23.49276689853404
2026-05-11 01:31:00,23.49276689853404
2026-05-11 01:32:00,23.49276689853404
2026-05-11 01:33:00,23.49276689853404
2026-05-11 01:34:00,23.49276689853404
2026-05-11 01:35:00,23.49276689853404
2026-05-11 01:36:00,23.49276689853404
2026-05-11 01:37:00,23.49276689853404
2026-05-11 01:38:00,23.49276689853404
2026-05-11 01:39:00,23.49276689853404
2026-05-11 01:40:00,23.49276689853404
2026-05-11 01:41:00,23.49276689853404
2026-05-11 01:42:00,23.49276689853404
2026-05-11 01:43:00,23.49276689853404
2026-05-11 01:44:00,23.49276689853404
2026-05-11 01:45:00,23.49276689853404
2026-05-11 01:46:00,23.49276689853404
2026-05-11 01:47:00,23.49276689853404
2026-05-11 01:48:00,23.49276689853404
2026-05-11 01:49:00,23.49276689853404
2026-05-11 01:50:00,23.49276689853404
2026-05-11 01:51:00,23.49276689853404
2026-05-11 01:52:00,23.49276689853404
2026-05-11 01:53:00,23.49276689853404
2026-05-11 01:54:00,23.49276689853404
2026-05-11 01:55:00,23.49276689853404
2026-05-11 01:56:00,23.49276689853404
2026-05-11 01:57:00,23.49276689853404
2026-05-11 01:58:00,23.49276689853404
2026-05-11 01:59:00,23.49276689853404
2026-05-11 02:00:00,23.49276689853404
2026-05-11 02:01:00,23.49276689853404
2026-05-11 02:02:00,23.49276689853404
2026-05-11 02:03:00,23.49276689853404
2026-05-11 02:04:00,23.49276689853404
2026-05-11 02:05:00,23.49276689853404
2026-05-11 02:06:00,23.49276689853404
2026-05-11 02:07:00,23.49276689853404
2026-05-11 02:08:00,23.49276689853404
2026-05-11 02:09:00,23.49276689853404
2026-05-11 02:10:00,23.49276689853404
2026-05-11 02:11:00,23.49276689853404
2026-05-11 02:12:00,23.49276689853404
2026-05-11 02:13:00,23.49276689853404
2026-05-11 02:14:00,23.49276689853404
2026-05-11 02:15:00,23.49276689853404
2026-05-11 02:16:00,23.49276689853404
2026-05-11 02:17:00,23.49276689853404
2026-05-11 02:18:00,23.49276689853404
2026-05-11 02:19:00,23.49276689853404
2026-05-11 02:20:00,23.49276689853404
2026-05-11 02:21:00,23.49276689853404
2026-05-11 02:22:00,23.49276689853404
2026-05-11 02:23:00,23.49276689853404
2026-05-11 02:24:00,23.49276689853404
2026-05-11 02:25:00,23.49276689853404
2026-05-11 02:26:00,23.49276689853404
2026-05-11 02:27:00,23.49276689853404
2026-05-11 02:28:00,23.49276689853404
2026-05-11 02:29:00,23.49276689853404
2026-05-11 02:30:00,23.49276689853404
2026-05-11 02:31:00,23.49276689853404
2026-05-11 02:32:00,23.49276689853404
2026-05-11 02:33:00,23.49276689853404
2026-05-11 02:34:00,23.49276689853404
2026-05-11 02:35:00,23.49276689853404
2026-05-11 02:36:00,23.49276689853404
2026-05-11 02:37:00,23.49276689853404
2026-05-11 02:38:00,23.49276689853404
2026-05-11 02:39:00,23.49276689853404
2026-05-11 02:40:00,23.49276689853404
2026-05-11 02:41:00,23.49276689853404
2026-05-11 02:42:00,23.49276689853404
2026-05-11 02:43:00,23.49276689853404
2026-05-11 02:44:00,23.49276689853404
2026-05-11 02:45:00,23.49276689853404
2026-05-11 02:46:00,23.49276689853404
2026-05-11 02:47:00,23.49276689853404
2026-05-11 02:48:00,23.49276689853404
2026-05-11 02:49:00,23.49276689853404
2026-05-11 02:50:00,23.49276689853404
2026-05-11 02:51:00,23.49276689853404
2026-05-11 02:52:00,23.49276689853404
2026-05-11 02:53:00,23.49276689853404
2026-05-11 02:54:00,23.49276689853404
2026-05-11 02:55:00,23.49276689853404
2026-05-11 02:56:00,23.49276689853404
2026-05-11 02:57:00,23.49276689853404
2026-05-11 02:58:00,23.49276689853404
2026-05-11 02:59:00,23.49276689853404
2026-05-11 03:00:00,23.49276689853404
2026-05-11 03:01:00,23.49276689853404
2026-05-11 03:02:00,23.49276689853404
2026-05-11 03:03:00,23.49276689853404
2026-05-11 03:04:00,23.49276689853404
2026-05-11 03:05:00,23.49276689853404
2026-05-11 03:06:00,23.49276689853404
2026-05-11 03:07:00,23.49276689853404
2026-05-11 03:08:00,23.49276689853404
2026-05-11 03:09:00,23.49276689853404
2026-05-11 03:10:00,23.49276689853404
2026-05-11 03:11:00,23.49276689853404
2026-05-11 03:12:00,23.49276689853404
2026-05-11 03:13:00,23.49276689853404
2026-05-11 03:14:00,23.49276689853404
2026-05-11 03:15:00,23.49276689853404
2026-05-11 03:16:00,23.49276689853404
2026-05-11 03:17:00,23.49276689853404
2026-05-11 03:18:00,23.49276689853404
2026-05-11 03:19:00,23.49276689853404
2026-05-11 03:20:00,23.49276689853404
2026-05-11 03:21:00,23.49276689853404
2026-05-11 03:22:00,23.49276689853404
2026-05-11 03:23:00,23.49276689853404
2026-05-11 03:24:00,23.49276689853404
2026-05-11 03:25:00,23.49276689853404
2026-05-11 03:26:00,23.49276689853404
2026-05-11 03:27:00,23.49276689853404
2026-05-11 03:28:00,23.49276689853404
2026-05-11 03:29:00,23.49276689853404
2026-05-11 03:30:00,23.49276689853404
2026-05-11 03:31:00,23.49276689853404
2026-05-11 03:32:00,23.49276689853404
2026-05-11 03:33:00,23.49276689853404
2026-05-11 03:34:00,23.49276689853404
2026-05-11 03:35:00,23.49276689853404
2026-05-11 03:36:00,23.49276689853404
2026-05-11 03:37:00,23.49276689853404
2026-05-11 03:38:00,23.49276689853404
2026-05-11 03:39:00,23.49276689853404
2026-05-11 03:40:00,23.49276689853404
2026-05-11 03:41:00,23.49276689853404
2026-05-11 03:42:00,23.49276689853404
2026-05-11 03:43:00,23.49276689853404
2026-05-11 03:44:00,23.49276689853404
2026-05-11 03:45:00,23.49276689853404
2026-05-11 03:46:00,23.49276689853404
2026-05-11 03:47:00,23.49276689853404
2026-05-11 03:48:00,23.49276689853404
2026-05-11 03:49:00,23.49276689853404
2026-05-11 03:50:00,23.49276689853404
2026-05-11 03:51:00,23.49276689853404
2026-05-11 03:52:00,23.49276689853404
2026-05-11 03:53:00,23.49276689853404
2026-05-11 03:54:00,23.49276689853404
2026-05-11 03:55:00,23.49276689853404
2026-05-11 03:56:00,23.49276689853404
2026-05-11 03:57:00,23.49276689853404
2026-05-11 03:58:00,23.49276689853404
2026-05-11 03:59:00,23.49276689853404
2026-05-11 04:00:00,23.49276689853404
2026-05-11 04:01:00,23.49276689853404
2026-05-11 04:02:00,23.49276689853404
2026-05-11 04:03:00,23.49276689853404
2026-05-11 04:04:00,23.49276689853404
2026-05-11 04:05:00,23.49276689853404
2026-05-11 04:06:00,23.49276689853404
2026-05-11 04:07:00,23.49276689853404
2026-05-11 04:08:00,23.49276689853404
2026-05-11 04:09:00,23.49276689853404
2026-05-11 04:10:00,23.49276689853404
2026-05-11 04:11:00,23.49276689853404
2026-05-11 04:12:00,23.49276689853404
2026-05-11 04:13:00,23.49276689853404
2026-05-11 04:14:00,23.49276689853404
2026-05-11 04:15:00,23.49276689853404
2026-05-11 04:16:00,23.49276689853404
2026-05-11 04:17:00,23.49276689853404
2026-05-11 04:18:00,23.49276689853404
2026-05-11 04:19:00,23.49276689853404
2026-05-11 04:20:00,23.49276689853404
2026-05-11 04:21:00,23.49276689853404
2026-05-11 04:22:00,23.49276689853404
2026-05-11 04:23:00,23.49276689853404
2026-05-11 04:24:00,23.49276689853404
2026-05-11 04:25:00,23.49276689853404
2026-05-11 04:26:00,23.49276689853404
2026-05-11 04:27:00,23.49276689853404
2026-05-11 04:28:00,23.49276689853404
2026-05-11 04:29:00,23.49276689853404
2026-05-11 04:30:00,23.49276689853404
2026-05-11 04:31:00,23.49276689853404
2026-05-11 04:32:00,23.49276689853404
2026-05-11 04:33:00,23.49276689853404
2026-05-11 04:34:00,23.49276689853404
2026-05-11 04:35:00,23.49276689853404
2026-05-11 04:36:00,23.49276689853404
2026-05-11 04:37:00,23.49276689853404
2026-05-11 04:38:00,23.49276689853404
2026-05-11 04:39:00,23.49276689853404
2026-05-11 04:40:00,23.49276689853404
2026-05-11 04:41:00,23.49276689853404
2026-05-11 04:42:00,23.49276689853404
2026-05-11 04:43:00,23.49276689853404
2026-05-11 04:44:00,23.49276689853404
2026-05-11 04:45:00,23.49276689853404
2026-05-11 04:46:00,23.49276689853404
2026-05-11 04:47:00,23.49276689853404
2026-05-11 04:48:00,23.49276689853404
2026-05-11 04:49:00,23.49276689853404
2026-05-11 04:50:00,23.49276689853404
2026-05-11 04:51:00,23.49276689853404
2026-05-11 04:52:00,23.49276689853404
2026-05-11 04:53:00,23.49276689853404
2026-05-11 04:54:00,23.49276689853404
2026-05-11 04:55:00,23.49276689853404
2026-05-11 04:56:00,23.49276689853404
2026-05-11 04:57:00,23.49276689853404
2026-05-11 04:58:00,23.49276689853404
2026-05-11 04:59:00,23.49276689853404
2026-05-11 05:00:00,23.49276689853404
2026-05-11 05:01:00,23.49276689853404
2026-05-11 05:02:00,23.49276689853404
2026-05-11 05:03:00,23.49276689853404
2026-05-11 05:04:00,23.49276689853404
2026-05-11 05:05:00,23.49276689853404
2026-05-11 05:06:00,23.49276689853404
2026-05-11 05:07:00,23.49276689853404
2026-05-11 05:08:00,23.49276689853404
2026-05-11 05:09:00,23.49276689853404
2026-05-11 05:10:00,23.49276689853404
2026-05-11 05:11:00,23.49276689853404
2026-05-11 05:12:00,23.49276689853404
2026-05-11 05:13:00,23.49276689853404
2026-05-11 05:14:00,23.49276689853404
2026-05-11 05:15:00,23.49276689853404
2026-05-11 05:16:00,23.49276689853404
2026-05-11 05:17:00,23.49276689853404
2026-05-11 05:18:00,23.49276689853404
2026-05-11 05:19:00,23.49276689853404
2026-05-11 05:20:00,23.49276689853404
2026-05-11 05:21:00,23.49276689853404
2026-05-11 05:22:00,23.49276689853404
2026-05-11 05:23:00,23.49276689853404
2026-05-11 05:24:00,23.49276689853404
2026-05-11 05:25:00,23.49276689853404
2026-05-11 05:26:00,23.49276689853404
2026-05-11 05:27:00,23.49276689853404
2026-05-11 05:28:00,23.49276689853404
2026-05-11 05:29:00,23.49276689853404
2026-05-11 05:30:00,23.49276689853404
2026-05-11 05:31:00,23.49276689853404
2026-05-11 05:32:00,23.49276689853404
2026-05-11 05:33:00,23.49276689853404
2026-05-11 05:34:00,23.49276689853404
2026-05-11 05:35:00,23.49276689853404
2026-05-11 05:36:00,23.49276689853404
2026-05-11 05:37:00,23.49276689853404
2026-05-11 05:38:00,23.49276689853404
2026-05-11 05:39:00,23.49276689853404
2026-05-11 05:40:00,23.49276689853404
2026-05-11 05:41:00,23.49276689853404
2026-05-11 05:42:00,23.49276689853404
2026-05-11 05:43:00,23.49276689853404
2026-05-11 05:44:00,23.49276689853404
2026-05-11 05:45:00,23.49276689853404
2026-05-11 05:46:00,23.49276689853404
2026-05-11 05:47:00,23.49276689853404
2026-05-11 05:48:00,23.49276689853404
2026-05-11 05:49:00,23.49276689853404
2026-05-11 05:50:00,23.49276689853404
2026-05-11 05:51:00,23.49276689853404
2026-05-11 05:52:00,23.49276689853404
2026-05-11 05:53:00,23.49276689853404
2026-05-11 05:54:00,23.49276689853404
2026-05-11 05:55:00,23.49276689853404
2026-05-11 05:56:00,23.49276689853404
2026-05-11 05:57:00,23.49276689853404
2026-05-11 05:58:00,23.49276689853404
2026-05-11 05:59:00,23.49276689853404
2026-05-11 06:00:00,23.49276689853404
2026-05-11 06:01:00,23.49276689853404
2026-05-11 06:02:00,23.49276689853404
2026-05-11 06:03:00,23.49276689853404
2026-05-11 06:04:00,23.49276689853404
2026-05-11 06:05:00,23.49276689853404
2026-05-11 06:06:00,23.49276689853404
2026-05-11 06:07:00,23.49276689853404
2026-05-11 06:08:00,23.49276689853404
2026-05-11 06:09:00,23.49276689853404
2026-05-11 06:10:00,23.49276689853404
2026-05-11 06:11:00,23.49276689853404
2026-05-11 06:12:00,23.49276689853404
2026-05-11 06:13:00,23.49276689853404
2026-05-11 06:14:00,23.49276689853404
2026-05-11 06:15:00,23.49276689853404
2026-05-11 06:16:00,23.49276689853404
2026-05-11 06:17:00,23.49276689853404
2026-05-11 06:18:00,23.49276689853404
2026-05-11 06:19:00,23.49276689853404
2026-05-11 06:20:00,23.49276689853404
2026-05-11 06:21:00,23.49276689853404
2026-05-11 06:22:00,23.49276689853404
2026-05-11 06:23:00,23.49276689853404
2026-05-11 06:24:00,23.49276689853404
2026-05-11 06:25:00,23.49276689853404
2026-05-11 06:26:00,23.49276689853404
2026-05-11 06:27:00,23.49276689853404
2026-05-11 06:28:00,23.49276689853404
2026-05-11 06:29:00,23.49276689853404
2026-05-11 06:30:00,23.49276689853404
2026-05-11 06:31:00,23.49276689853404
2026-05-11 06:32:00,23.49276689853404
2026-05-11 06:33:00,23.49276689853404
2026-05-11 06:34:00,23.49276689853404
2026-05-11 06:35:00,23.49276689853404
2026-05-11 06:36:00,23.49276689853404
2026-05-11 06:37:00,23.49276689853404
2026-05-11 06:38:00,23.49276689853404
2026-05-11 06:39:00,23.49276689853404
2026-05-11 06:40:00,23.49276689853404
2026-05-11 06:41:00,23.49276689853404
2026-05-11 06:42:00,23.49276689853404
2026-05-11 06:43:00,23.49276689853404
2026-05-11 06:44:00,23.49276689853404
2026-05-11 06:45:00,23.49276689853404
2026-05-11 06:46:00,23.49276689853404
2026-05-11 06:47:00,23.49276689853404
2026-05-11 06:48:00,23.49276689853404
2026-05-11 06:49:00,23.49276689853404
2026-05-11 06:50:00,23.49276689853404
2026-05-11 06:51:00,23.49276689853404
2026-05-11 06:52:00,23.49276689853404
2026-05-11 06:53:00,23.49276689853404
2026-05-11 06:54:00,23.49276689853404
2026-05-11 06:55:00,23.49276689853404
2026-05-11 06:56:00,23.49276689853404
2026-05-11 06:57:00,23.49276689853404
2026-05-11 06:58:00,23.49276689853404
2026-05-11 06:59:00,23.49276689853404
2026-05-11 07:00:00,23.49276689853404
2026-05-11 07:01:00,23.49276689853404
2026-05-11 07:02:00,23.49276689853404
2026-05-11 07:03:00,23.49276689853404
2026-05-11 07:04:00,23.49276689853404
2026-05-11 07:05:00,23.49276689853404
2026-05-11 07:06:00,23.49276689853404
2026-05-11 07:07:00,23.49276689853404
2026-05-11 07:08:00,23.49276689853404
2026-05-11 07:09:00,23.49276689853404
2026-05-11 07:10:00,23.49276689853404
2026-05-11 07:11:00,23.49276689853404
2026-05-11 07:12:00,23.49276689853404
2026-05-11 07:13:00,23.49276689853404
2026-05-11 07:14:00,23.49276689853404
2026-05-11 07:15:00,23.49276689853404
2026-05-11 07:16:00,23.49276689853404
2026-05-11 07:17:00,23.49276689853404
2026-05-11 07:18:00,23.49276689853404
2026-05-11 07:19:00,23.49276689853404
2026-05-11 07:20:00,23.49276689853404
2026-05-11 07:21:00,23.49276689853404
2026-05-11 07:22:00,23.49276689853404
2026-05-11 07:23:00,23.49276689853404
2026-05-11 07:24:00,23.49276689853404
2026-05-11 07:25:00,23.49276689853404
2026-05-11 07:26:00,23.49276689853404
2026-05-11 07:27:00,23.49276689853404
2026-05-11 07:28:00,23.49276689853404
2026-05-11 07:29:00,23.49276689853404
2026-05-11 07:30:00,23.49276689853404
2026-05-11 07:31:00,23.49276689853404
2026-05-11 07:32:00,23.49276689853404
2026-05-11 07:33:00,23.49276689853404
2026-05-11 07:34:00,23.49276689853404
2026-05-11 07:35:00,23.49276689853404
2026-05-11 07:36:00,23.49276689853404
2026-05-11 07:37:00,23.49276689853404
2026-05-11 07:38:00,23.49276689853404
2026-05-11 07:39:00,23.49276689853404
2026-05-11 07:40:00,23.49276689853404
2026-05-11 07:41:00,23.49276689853404
2026-05-11 07:42:00,23.49276689853404
2026-05-11 07:43:00,23.49276689853404
2026-05-11 07:44:00,23.49276689853404
2026-05-11 07:45:00,23.49276689853404
2026-05-11 07:46:00,23.49276689853404
2026-05-11 07:47:00,23.49276689853404
2026-05-11 07:48:00,23.49276689853404
2026-05-11 07:49:00,23.49276689853404
2026-05-11 07:50:00,23.49276689853404
2026-05-11 07:51:00,23.49276689853404
2026-05-11 07:52:00,23.49276689853404
2026-05-11 07:53:00,23.49276689853404
2026-05-11 07:54:00,23.49276689853404
2026-05-11 07:55:00,23.49276689853404
2026-05-11 07:56:00,23.49276689853404
2026-05-11 07:57:00,23.49276689853404
2026-05-11 07:58:00,23.49276689853404
2026-05-11 07:59:00,23.49276689853404
2026-05-11 08:00:00,23.49276689853404
2026-05-11 08:01:00,23.49276689853404
2026-05-11 08:02:00,23.49276689853404
2026-05-11 08:03:00,23.49276689853404
2026-05-11 08:04:00,23.49276689853404
2026-05-11 08:05:00,23.49276689853404
2026-05-11 08:06:00,23.49276689853404
2026-05-11 08:07:00,23.49276689853404
2026-05-11 08:08:00,23.49276689853404
2026-05-11 08:09:00,23.49276689853404
2026-05-11 08:10:00,23.49276689853404
2026-05-11 08:11:00,23.49276689853404
2026-05-11 08:12:00,23.49276689853404
2026-05-11 08:13:00,23.49276689853404
2026-05-11 08:14:00,23.49276689853404
2026-05-11 08:15:00,23.49276689853404
2026-05-11 08:16:00,23.49276689853404
2026-05-11 08:17:00,23.49276689853404
2026-05-11 08:18:00,23.49276689853404
2026-05-11 08:19:00,23.49276689853404
2026-05-11 08:20:00,23.49276689853404
2026-05-11 08:21:00,23.49276689853404
2026-05-11 08:22:00,23.49276689853404
2026-05-11 08:23:00,23.49276689853404
2026-05-11 08:24:00,23.49276689853404
2026-05-11 08:25:00,23.49276689853404
2026-05-11 08:26:00,23.49276689853404
2026-05-11 08:27:00,23.49276689853404
2026-05-11 08:28:00,23.49276689853404
2026-05-11 08:29:00,23.49276689853404
2026-05-11 08:30:00,23.49276689853404
2026-05-11 08:31:00,23.49276689853404
2026-05-11 08:32:00,23.49276689853404
2026-05-11 08:33:00,23.49276689853404
2026-05-11 08:34:00,23.49276689853404
2026-05-11 08:35:00,23.49276689853404
2026-05-11 08:36:00,23.49276689853404
2026-05-11 08:37:00,23.49276689853404
2026-05-11 08:38:00,23.49276689853404
2026-05-11 08:39:00,23.49276689853404
2026-05-11 08:40:00,23.49276689853404
2026-05-11 08:41:00,23.49276689853404
2026-05-11 08:42:00,23.49276689853404
2026-05-11 08:43:00,23.49276689853404
2026-05-11 08:44:00,23.49276689853404
2026-05-11 08:45:00,23.49276689853404
2026-05-11 08:46:00,23.49276689853404
2026-05-11 08:47:00,23.49276689853404
2026-05-11 08:48:00,23.49276689853404
2026-05-11 08:49:00,23.49276689853404
2026-05-11 08:50:00,23.49276689853404
2026-05-11 08:51:00,23.49276689853404
2026-05-11 08:52:00,23.49276689853404
2026-05-11 08:53:00,23.49276689853404
2026-05-11 08:54:00,23.49276689853404
2026-05-11 08:55:00,23.49276689853404
2026-05-11 08:56:00,23.49276689853404
2026-05-11 08:57:00,23.49276689853404
2026-05-11 08:58:00,23.49276689853404
2026-05-11 08:59:00,23.49276689853404
2026-05-11 09:00:00,23.49276689853404
2026-05-11 09:01:00,23.49276689853404
2026-05-11 09:02:00,23.49276689853404
2026-05-11 09:03:00,23.49276689853404
2026-05-11 09:04:00,23.49276689853404
2026-05-11 09:05:00,23.49276689853404
2026-05-11 09:06:00,23.49276689853404
2026-05-11 09:07:00,23.49276689853404
2026-05-11 09:08:00,23.49276689853404
2026-05-11 09:09:00,23.49276689853404
2026-05-11 09:10:00,23.49276689853404
2026-05-11 09:11:00,23.49276689853404
2026-05-11 09:12:00,23.49276689853404
2026-05-11 09:13:00,23.49276689853404
2026-05-11 09:14:00,23.49276689853404
2026-05-11 09:15:00,23.49276689853404
2026-05-11 09:16:00,23.49276689853404
2026-05-11 09:17:00,23.49276689853404
2026-05-11 09:18:00,23.49276689853404
2026-05-11 09:19:00,23.49276689853404
2026-05-11 09:20:00,23.49276689853404
2026-05-11 09:21:00,23.49276689853404
2026-05-11 09:22:00,23.49276689853404
2026-05-11 09:23:00,23.49276689853404
2026-05-11 09:24:00,23.49276689853404
2026-05-11 09:25:00,23.49276689853404
2026-05-11 09:26:00,23.49276689853404
2026-05-11 09:27:00,23.49276689853404
2026-05-11 09:28:00,23.49276689853404
2026-05-11 09:29:00,23.49276689853404
2026-05-11 09:30:00,23.49276689853404
2026-05-11 09:31:00,23.49276689853404
2026-05-11 09:32:00,23.49276689853404
2026-05-11 09:33:00,23.49276689853404
2026-05-11 09:34:00,23.49276689853404
2026-05-11 09:35:00,23.49276689853404
2026-05-11 09:36:00,23.49276689853404
2026-05-11 09:37:00,23.49276689853404
2026-05-11 09:38:00,23.49276689853404
2026-05-11 09:39:00,23.49276689853404
2026-05-11 09:40:00,23.49276689853404
2026-05-11 09:41:00,23.49276689853404
2026-05-11 09:42:00,23.49276689853404
2026-05-11 09:43:00,23.49276689853404
2026-05-11 09:44:00,23.49276689853404
2026-05-11 09:45:00,23.49276689853404
2026-05-11 09:46:00,23.49276689853404
2026-05-11 09:47:00,23.49276689853404
2026-05-11 09:48:00,23.49276689853404
2026-05-11 09:49:00,23.49276689853404
2026-05-11 09:50:00,23.49276689853404
2026-05-11 09:51:00,23.49276689853404
2026-05-11 09:52:00,23.49276689853404
2026-05-11 09:53:00,23.49276689853404
2026-05-11 09:54:00,23.49276689853404
2026-05-11 09:55:00,23.49276689853404
2026-05-11 09:56:00,23.49276689853404
2026-05-11 09:57:00,23.49276689853404
2026-05-11 09:58:00,23.49276689853404
2026-05-11 09:59:00,23.49276689853404
2026-05-11 10:00:00,23.49276689853404
2026-05-11 10:01:00,23.49276689853404
2026-05-11 10:02:00,23.49276689853404
2026-05-11 10:03:00,23.49276689853404
2026-05-11 10:04:00,23.49276689853404
2026-05-11 10:05:00,23.49276689853404
2026-05-11 10:06:00,23.49276689853404
2026-05-11 10:07:00,23.49276689853404
2026-05-11 10:08:00,23.49276689853404
2026-05-11 10:09:00,23.49276689853404
2026-05-11 10:10:00,23.49276689853404
2026-05-11 10:11:00,23.49276689853404
2026-05-11 10:12:00,23.49276689853404
2026-05-11 10:13:00,23.49276689853404
2026-05-11 10:14:00,23.49276689853404
2026-05-11 10:15:00,23.49276689853404
2026-05-11 10:16:00,23.49276689853404
2026-05-11 10:17:00,23.49276689853404
2026-05-11 10:18:00,23.49276689853404
2026-05-11 10:19:00,23.49276689853404
2026-05-11 10:20:00,23.49276689853404
2026-05-11 10:21:00,23.49276689853404
2026-05-11 10:22:00,23.49276689853404
2026-05-11 10:23:00,23.49276689853404
2026-05-11 10:24:00,23.49276689853404
2026-05-11 10:25:00,23.49276689853404
2026-05-11 10:26:00,23.49276689853404
2026-05-11 10:27:00,23.49276689853404
2026-05-11 10:28:00,23.49276689853404
2026-05-11 10:29:00,23.49276689853404
2026-05-11 10:30:00,23.49276689853404
2026-05-11 10:31:00,23.49276689853404
2026-05-11 10:32:00,23.49276689853404
2026-05-11 10:33:00,23.49276689853404
2026-05-11 10:34:00,23.49276689853404
2026-05-11 10:35:00,23.49276689853404
2026-05-11 10:36:00,23.49276689853404
2026-05-11 10:37:00,23.49276689853404
2026-05-11 10:38:00,23.49276689853404
2026-05-11 10:39:00,23.49276689853404
2026-05-11 10:40:00,23.49276689853404
2026-05-11 10:41:00,23.49276689853404
2026-05-11 10:42:00,23.49276689853404
2026-05-11 10:43:00,23.49276689853404
2026-05-11 10:44:00,23.49276689853404
2026-05-11 10:45:00,23.49276689853404
2026-05-11 10:46:00,23.49276689853404
2026-05-11 10:47:00,23.49276689853404
2026-05-11 10:48:00,23.49276689853404
2026-05-11 10:49:00,23.49276689853404
2026-05-11 10:50:00,23.49276689853404
2026-05-11 10:51:00,23.49276689853404
2026-05-11 10:52:00,23.49276689853404
2026-05-11 10:53:00,23.49276689853404
2026-05-11 10:54:00,23.49276689853404
2026-05-11 10:55:00,23.49276689853404
2026-05-11 10:56:00,23.49276689853404
2026-05-11 10:57:00,23.49276689853404
2026-05-11 10:58:00,23.49276689853404
2026-05-11 10:59:00,23.49276689853404
2026-05-11 11:00:00,23.49276689853404
2026-05-11 11:01:00,23.49276689853404
2026-05-11 11:02:00,23.49276689853404
2026-05-11 11:03:00,23.49276689853404
2026-05-11 11:04:00,23.49276689853404
2026-05-11 11:05:00,23.49276689853404
2026-05-11 11:06:00,23.49276689853404
2026-05-11 11:07:00,23.49276689853404
2026-05-11 11:08:00,23.49276689853404
2026-05-11 11:09:00,23.49276689853404
2026-05-11 11:10:00,23.49276689853404
2026-05-11 11:11:00,23.49276689853404
2026-05-11 11:12:00,23.49276689853404
2026-05-11 11:13:00,23.49276689853404
2026-05-11 11:14:00,23.49276689853404
2026-05-11 11:15:00,23.49276689853404
2026-05-11 11:16:00,23.49276689853404
2026-05-11 11:17:00,23.49276689853404
2026-05-11 11:18:00,23.49276689853404
2026-05-11 11:19:00,23.49276689853404
2026-05-11 11:20:00,23.49276689853404
2026-05-11 11:21:00,23.49276689853404
2026-05-11 11:22:00,23.49276689853404
2026-05-11 11:23:00,23.49276689853404
2026-05-11 11:24:00,23.49276689853404
2026-05-11 11:25:00,23.49276689853404
2026-05-11 11:26:00,23.49276689853404
2026-05-11 11:27:00,23.49276689853404
2026-05-11 11:28:00,23.49276689853404
2026-05-11 11:29:00,23.49276689853404
2026-05-11 11:30:00,23.49276689853404
2026-05-11 11:31:00,23.49276689853404
2026-05-11 11:32:00,23.49276689853404
2026-05-11 11:33:00,23.49276689853404
2026-05-11 11:34:00,23.49276689853404
2026-05-11 11:35:00,23.49276689853404
2026-05-11 11:36:00,23.49276689853404
2026-05-11 11:37:00,23.49276689853404
2026-05-11 11:38:00,23.49276689853404
2026-05-11 11:39:00,23.49276689853404
2026-05-11 11:40:00,23.49276689853404
2026-05-11 11:41:00,23.49276689853404
2026-05-11 11:42:00,23.49276689853404
2026-05-11 11:43:00,23.49276689853404
2026-05-11 11:44:00,23.49276689853404
2026-05-11 11:45:00,23.49276689853404
2026-05-11 11:46:00,23.49276689853404
2026-05-11 11:47:00,23.49276689853404
2026-05-11 11:48:00,23.49276689853404
2026-05-11 11:49:00,23.49276689853404
2026-05-11 11:50:00,23.49276689853404
2026-05-11 11:51:00,23.49276689853404
2026-05-11 11:52:00,23.49276689853404
2026-05-11 11:53:00,23.49276689853404
2026-05-11 11:54:00,23.49276689853404
2026-05-11 11:55:00,23.49276689853404
2026-05-11 11:56:00,23.49276689853404
2026-05-11 11:57:00,23.49276689853404
2026-05-11 11:58:00,23.49276689853404
2026-05-11 11:59:00,23.49276689853404
2026-05-11 12:00:00,23.49276689853404
2026-05-11 12:01:00,23.49276689853404
2026-05-11 12:02:00,23.49276689853404
2026-05-11 12:03:00,23.49276689853404
2026-05-11 12:04:00,23.49276689853404
2026-05-11 12:05:00,23.49276689853404
2026-05-11 12:06:00,23.49276689853404
2026-05-11 12:07:00,23.49276689853404
2026-05-11 12:08:00,23.49276689853404
2026-05-11 12:09:00,23.49276689853404
2026-05-11 12:10:00,23.49276689853404
2026-05-11 12:11:00,23.49276689853404
2026-05-11 12:12:00,23.49276689853404
2026-05-11 12:13:00,23.49276689853404
2026-05-11 12:14:00,23.49276689853404
2026-05-11 12:15:00,23.49276689853404
2026-05-11 12:16:00,23.49276689853404
2026-05-11 12:17:00,23.49276689853404
2026-05-11 12:18:00,23.49276689853404
2026-05-11 12:19:00,23.49276689853404
2026-05-11 12:20:00,23.49276689853404
2026-05-11 12:21:00,23.49276689853404
2026-05-11 12:22:00,23.49276689853404
2026-05-11 12:23:00,23.49276689853404
2026-05-11 12:24:00,23.49276689853404
2026-05-11 12:25:00,23.49276689853404
2026-05-11 12:26:00,23.49276689853404
2026-05-11 12:27:00,23.49276689853404
2026-05-11 12:28:00,23.49276689853404
2026-05-11 12:29:00,23.49276689853404
2026-05-11 12:30:00,23.49276689853404
2026-05-11 12:31:00,23.49276689853404
2026-05-11 12:32:00,23.49276689853404
2026-05-11 12:33:00,23.49276689853404
2026-05-11 12:34:00,23.49276689853404
2026-05-11 12:35:00,23.49276689853404
2026-05-11 12:36:00,23.49276689853404
2026-05-11 12:37:00,23.49276689853404
2026-05-11 12:38:00,23.49276689853404
2026-05-11 12:39:00,23.49276689853404
2026-05-11 12:40:00,23.49276689853404
2026-05-11 12:41:00,23.49276689853404
2026-05-11 12:42:00,23.49276689853404
2026-05-11 12:43:00,23.49276689853404
2026-05-11 12:44:00,23.49276689853404
2026-05-11 12:45:00,23.49276689853404
2026-05-11 12:46:00,23.49276689853404
2026-05-11 12:47:00,23.49276689853404
2026-05-11 12:48:00,23.49276689853404
2026-05-11 12:49:00,23.49276689853404
2026-05-11 12:50:00,23.49276689853404
2026-05-11 12:51:00,23.49276689853404
2026-05-11 12:52:00,23.49276689853404
2026-05-11 12:53:00,23.49276689853404
2026-05-11 12:54:00,23.49276689853404
2026-05-11 12:55:00,23.49276689853404
2026-05-11 12:56:00,23.49276689853404
2026-05-11 12:57:00,23.49276689853404
2026-05-11 12:58:00,23.49276689853404
2026-05-11 12:59:00,23.49276689853404
2026-05-11 13:00:00,23.49276689853404
2026-05-11 13:01:00,23.49276689853404
2026-05-11 13:02:00,23.49276689853404
2026-05-11 13:03:00,23.49276689853404
2026-05-11 13:04:00,23.49276689853404
2026-05-11 13:05:00,23.49276689853404
2026-05-11 13:06:00,23.49276689853404
2026-05-11 13:07:00,23.49276689853404
2026-05-11 13:08:00,23.49276689853404
2026-05-11 13:09:00,23.49276689853404
2026-05-11 13:10:00,23.49276689853404
2026-05-11 13:11:00,23.49276689853404
2026-05-11 13:12:00,23.49276689853404
2026-05-11 13:13:00,23.49276689853404
2026-05-11 13:14:00,23.49276689853404
2026-05-11 13:15:00,23.49276689853404
2026-05-11 13:16:00,23.49276689853404
2026-05-11 13:17:00,23.49276689853404
2026-05-11 13:18:00,23.49276689853404
2026-05-11 13:19:00,23.49276689853404
2026-05-11 13:20:00,23.49276689853404
2026-05-11 13:21:00,23.49276689853404
2026-05-11 13:22:00,23.49276689853404
2026-05-11 13:23:00,23.49276689853404
2026-05-11 13:24:00,23.49276689853404
2026-05-11 13:25:00,23.49276689853404
2026-05-11 13:26:00,23.49276689853404
2026-05-11 13:27:00,23.49276689853404
2026-05-11 13:28:00,23.49276689853404
2026-05-11 13:29:00,23.49276689853404
2026-05-11 13:30:00,23.49276689853404
2026-05-11 13:31:00,23.49276689853404
2026-05-11 13:32:00,23.49276689853404
2026-05-11 13:33:00,23.49276689853404
2026-05-11 13:34:00,23.49276689853404
2026-05-11 13:35:00,23.49276689853404
2026-05-11 13:36:00,23.49276689853404
2026-05-11 13:37:00,23.49276689853404
2026-05-11 13:38:00,23.49276689853404
2026-05-11 13:39:00,23.49276689853404
2026-05-11 13:40:00,23.49276689853404
2026-05-11 13:41:00,23.49276689853404
2026-05-11 13:42:00,23.49276689853404
2026-05-11 13:43:00,23.49276689853404
2026-05-11 13:44:00,23.49276689853404
2026-05-11 13:45:00,23.49276689853404
2026-05-11 13:46:00,23.49276689853404
2026-05-11 13:47:00,23.49276689853404
2026-05-11 13:48:00,23.49276689853404
2026-05-11 13:49:00,23.49276689853404
2026-05-11 13:50:00,23.49276689853404
2026-05-11 13:51:00,23.49276689853404
2026-05-11 13:52:00,23.49276689853404
2026-05-11 13:53:00,23.49276689853404
2026-05-11 13:54:00,23.49276689853404
2026-05-11 13:55:00,23.49276689853404
2026-05-11 13:56:00,23.49276689853404
2026-05-11 13:57:00,23.49276689853404
2026-05-11 13:58:00,23.49276689853404
2026-05-11 13:59:00,23.49276689853404
2026-05-11 14:00:00,23.49276689853404
2026-05-11 14:01:00,23.49276689853404
2026-05-11 14:02:00,23.49276689853404
2026-05-11 14:03:00,23.49276689853404
2026-05-11 14:04:00,23.49276689853404
2026-05-11 14:05:00,23.49276689853404
2026-05-11 14:06:00,23.49276689853404
2026-05-11 14:07:00,23.49276689853404
2026-05-11 14:08:00,23.49276689853404
2026-05-11 14:09:00,23.49276689853404
2026-05-11 14:10:00,23.49276689853404
2026-05-11 14:11:00,23.49276689853404
2026-05-11 14:12:00,23.49276689853404
2026-05-11 14:13:00,23.49276689853404
2026-05-11 14:14:00,23.49276689853404
2026-05-11 14:15:00,23.49276689853404
2026-05-11 14:16:00,23.49276689853404
2026-05-11 14:17:00,23.49276689853404
2026-05-11 14:18:00,23.49276689853404
2026-05-11 14:19:00,23.49276689853404
2026-05-11 14:20:00,23.49276689853404
2026-05-11 14:21:00,23.49276689853404
2026-05-11 14:22:00,23.49276689853404
2026-05-11 14:23:00,23.49276689853404
2026-05-11 14:24:00,23.49276689853404
2026-05-11 14:25:00,23.49276689853404
2026-05-11 14:26:00,23.49276689853404
2026-05-11 14:27:00,23.49276689853404
2026-05-11 14:28:00,23.49276689853404
2026-05-11 14:29:00,23.49276689853404
2026-05-11 14:30:00,23.49276689853404
2026-05-11 14:31:00,23.49276689853404
2026-05-11 14:32:00,23.49276689853404
2026-05-11 14:33:00,23.49276689853404
2026-05-11 14:34:00,23.49276689853404
2026-05-11 14:35:00,23.49276689853404
2026-05-11 14:36:00,23.49276689853404
2026-05-11 14:37:00,23.49276689853404
2026-05-11 14:38:00,23.49276689853404
2026-05-11 14:39:00,23.49276689853404
2026-05-11 14:40:00,23.49276689853404
2026-05-11 14:41:00,23.49276689853404
2026-05-11 14:42:00,23.49276689853404
2026-05-11 14:43:00,23.49276689853404
2026-05-11 14:44:00,23.49276689853404
2026-05-11 14:45:00,23.49276689853404
2026-05-11 14:46:00,23.49276689853404
2026-05-11 14:47:00,23.49276689853404
2026-05-11 14:48:00,23.49276689853404
2026-05-11 14:49:00,23.49276689853404
2026-05-11 14:50:00,23.49276689853404
2026-05-11 14:51:00,23.49276689853404
2026-05-11 14:52:00,23.49276689853404
2026-05-11 14:53:00,23.49276689853404
2026-05-11 14:54:00,23.49276689853404
2026-05-11 14:55:00,23.49276689853404
2026-05-11 14:56:00,23.49276689853404
2026-05-11 14:57:00,23.49276689853404
2026-05-11 14:58:00,23.49276689853404
2026-05-11 14:59:00,23.49276689853404
2026-05-11 15:00:00,23.49276689853404
2026-05-11 15:01:00,23.49276689853404
2026-05-11 15:02:00,23.49276689853404
2026-05-11 15:03:00,23.49276689853404
2026-05-11 15:04:00,23.49276689853404
2026-05-11 15:05:00,23.49276689853404
2026-05-11 15:06:00,23.49276689853404
2026-05-11 15:07:00,23.49276689853404
2026-05-11 15:08:00,23.49276689853404
2026-05-11 15:09:00,23.49276689853404
2026-05-11 15:10:00,23.49276689853404
2026-05-11 15:11:00,23.49276689853404
2026-05-11 15:12:00,23.49276689853404
2026-05-11 15:13:00,23.49276689853404
2026-05-11 15:14:00,23.49276689853404
2026-05-11 15:15:00,23.49276689853404
2026-05-11 15:16:00,23.49276689853404
2026-05-11 15:17:00,23.49276689853404
2026-05-11 15:18:00,23.49276689853404
2026-05-11 15:19:00,23.49276689853404
2026-05-11 15:20:00,23.49276689853404
2026-05-11 15:21:00,23.49276689853404
2026-05-11 15:22:00,23.49276689853404
2026-05-11 15:23:00,23.49276689853404
2026-05-11 15:24:00,23.49276689853404
2026-05-11 15:25:00,23.49276689853404
2026-05-11 15:26:00,23.49276689853404
2026-05-11 15:27:00,23.49276689853404
2026-05-11 15:28:00,23.49276689853404
2026-05-11 15:29:00,23.49276689853404
2026-05-11 15:30:00,23.49276689853404
2026-05-11 15:31:00,23.49276689853404
2026-05-11 15:32:00,23.49276689853404
2026-05-11 15:33:00,23.49276689853404
2026-05-11 15:34:00,23.49276689853404
2026-05-11 15:35:00,23.49276689853404
2026-05-11 15:36:00,23.49276689853404
2026-05-11 15:37:00,23.49276689853404
2026-05-11 15:38:00,23.49276689853404
2026-05-11 15:39:00,23.49276689853404
2026-05-11 15:40:00,23.49276689853404
2026-05-11 15:41:00,23.49276689853404
2026-05-11 15:42:00,23.49276689853404
2026-05-11 15:43:00,23.49276689853404
2026-05-11 15:44:00,23.49276689853404
2026-05-11 15:45:00,23.49276689853404
2026-05-11 15:46:00,23.49276689853404
2026-05-11 15:47:00,23.49276689853404
2026-05-11 15:48:00,23.49276689853404
2026-05-11 15:49:00,23.49276689853404
2026-05-11 15:50:00,23.49276689853404
2026-05-11 15:51:00,23.49276689853404
2026-05-11 15:52:00,23.49276689853404
2026-05-11 15:53:00,23.49276689853404
2026-05-11 15:54:00,23.49276689853404
2026-05-11 15:55:00,23.49276689853404
2026-05-11 15:56:00,23.49276689853404
2026-05-11 15:57:00,23.49276689853404
2026-05-11 15:58:00,23.49276689853404
2026-05-11 15:59:00,23.49276689853404
2026-05-11 16:00:00,23.49276689853404
2026-05-11 16:01:00,23.49276689853404
2026-05-11 16:02:00,23.49276689853404
2026-05-11 16:03:00,23.49276689853404
2026-05-11 16:04:00,23.49276689853404
2026-05-11 16:05:00,23.49276689853404
2026-05-11 16:06:00,23.49276689853404
2026-05-11 16:07:00,23.49276689853404
2026-05-11 16:08:00,23.49276689853404
2026-05-11 16:09:00,23.49276689853404
2026-05-11 16:10:00,23.49276689853404
2026-05-11 16:11:00,23.49276689853404
2026-05-11 16:12:00,23.49276689853404
2026-05-11 16:13:00,23.49276689853404
2026-05-11 16:14:00,23.49276689853404
2026-05-11 16:15:00,23.49276689853404
2026-05-11 16:16:00,23.49276689853404
2026-05-11 16:17:00,23.49276689853404
2026-05-11 16:18:00,23.49276689853404
2026-05-11 16:19:00,23.49276689853404
2026-05-11 16:20:00,23.49276689853404
2026-05-11 16:21:00,23.49276689853404
2026-05-11 16:22:00,23.49276689853404
2026-05-11 16:23:00,23.49276689853404
2026-05-11 16:24:00,23.49276689853404
2026-05-11 16:25:00,23.49276689853404
2026-05-11 16:26:00,23.49276689853404
2026-05-11 16:27:00,23.49276689853404
2026-05-11 16:28:00,23.49276689853404
2026-05-11 16:29:00,23.49276689853404
2026-05-11 16:30:00,23.49276689853404
2026-05-11 16:31:00,23.49276689853404
2026-05-11 16:32:00,23.49276689853404
2026-05-11 16:33:00,23.49276689853404
2026-05-11 16:34:00,23.49276689853404
2026-05-11 16:35:00,23.49276689853404
2026-05-11 16:36:00,23.49276689853404
2026-05-11 16:37:00,23.49276689853404
2026-05-11 16:38:00,23.49276689853404
2026-05-11 16:39:00,23.49276689853404
2026-05-11 16:40:00,23.49276689853404
2026-05-11 16:41:00,23.49276689853404
2026-05-11 16:42:00,23.49276689853404
2026-05-11 16:43:00,23.49276689853404
2026-05-11 16:44:00,23.49276689853404
2026-05-11 16:45:00,23.49276689853404
2026-05-11 16:46:00,23.49276689853404
2026-05-11 16:47:00,23.49276689853404
2026-05-11 16:48:00,23.49276689853404
2026-05-11 16:49:00,23.49276689853404
2026-05-11 16:50:00,23.49276689853404
2026-05-11 16:51:00,23.49276689853404
2026-05-11 16:52:00,23.49276689853404
2026-05-11 16:53:00,23.49276689853404
2026-05-11 16:54:00,23.49276689853404
2026-05-11 16:55:00,23.49276689853404
2026-05-11 16:56:00,23.49276689853404
2026-05-11 16:57:00,23.49276689853404
2026-05-11 16:58:00,23.49276689853404
2026-05-11 16:59:00,23.49276689853404
2026-05-11 17:00:00,23.49276689853404
2026-05-11 17:01:00,23.49276689853404
2026-05-11 17:02:00,23.49276689853404
2026-05-11 17:03:00,23.49276689853404
2026-05-11 17:04:00,23.49276689853404
2026-05-11 17:05:00,23.49276689853404
2026-05-11 17:06:00,23.49276689853404
2026-05-11 17:07:00,23.49276689853404
2026-05-11 17:08:00,23.49276689853404
2026-05-11 17:09:00,23.49276689853404
2026-05-11 17:10:00,23.49276689853404
2026-05-11 17:11:00,23.49276689853404
2026-05-11 17:12:00,23.49276689853404
2026-05-11 17:13:00,23.49276689853404
2026-05-11 17:14:00,23.49276689853404
2026-05-11 17:15:00,23.49276689853404
2026-05-11 17:16:00,23.49276689853404
2026-05-11 17:17:00,23.49276689853404
2026-05-11 17:18:00,23.49276689853404
2026-05-11 17:19:00,23.49276689853404
2026-05-11 17:20:00,23.49276689853404
2026-05-11 17:21:00,23.49276689853404
2026-05-11 17:22:00,23.49276689853404
2026-05-11 17:23:00,23.49276689853404
2026-05-11 17:24:00,23.49276689853404
2026-05-11 17:25:00,23.49276689853404
2026-05-11 17:26:00,23.49276689853404
2026-05-11 17:27:00,23.49276689853404
2026-05-11 17:28:00,23.49276689853404
2026-05-11 17:29:00,23.49276689853404
2026-05-11 17:30:00,23.49276689853404
2026-05-11 17:31:00,23.49276689853404
2026-05-11 17:32:00,23.49276689853404
2026-05-11 17:33:00,23.49276689853404
2026-05-11 17:34:00,23.49276689853404
2026-05-11 17:35:00,23.49276689853404
2026-05-11 17:36:00,23.49276689853404
2026-05-11 17:37:00,23.49276689853404
2026-05-11 17:38:00,23.49276689853404
2026-05-11 17:39:00,23.49276689853404
2026-05-11 17:40:00,23.49276689853404
2026-05-11 17:41:00,23.49276689853404
2026-05-11 17:42:00,23.49276689853404
2026-05-11 17:43:00,23.49276689853404
2026-05-11 17:44:00,23.49276689853404
2026-05-11 17:45:00,23.49276689853404
2026-05-11 17:46:00,23.49276689853404
2026-05-11 17:47:00,23.49276689853404
2026-05-11 17:48:00,23.49276689853404
2026-05-11 17:49:00,23.49276689853404
2026-05-11 17:50:00,23.49276689853404
2026-05-11 17:51:00,23.49276689853404
2026-05-11 17:52:00,23.49276689853404
2026-05-11 17:53:00,23.49276689853404
2026-05-11 17:54:00,23.49276689853404
2026-05-11 17:55:00,23.49276689853404
2026-05-11 17:56:00,23.49276689853404
2026-05-11 17:57:00,23.49276689853404
2026-05-11 17:58:00,23.49276689853404
2026-05-11 17:59:00,23.49276689853404
2026-05-11 18:00:00,23.49276689853404
2026-05-11 18:01:00,23.49276689853404
2026-05-11 18:02:00,23.49276689853404
2026-05-11 18:03:00,23.49276689853404
2026-05-11 18:04:00,23.49276689853404
2026-05-11 18:05:00,23.49276689853404
2026-05-11 18:06:00,23.49276689853404
2026-05-11 18:07:00,23.49276689853404
2026-05-11 18:08:00,23.49276689853404
2026-05-11 18:09:00,23.49276689853404
2026-05-11 18:10:00,23.49276689853404
2026-05-11 18:11:00,23.49276689853404
2026-05-11 18:12:00,23.49276689853404
2026-05-11 18:13:00,23.49276689853404
2026-05-11 18:14:00,23.49276689853404
2026-05-11 18:15:00,23.49276689853404
2026-05-11 18:16:00,23.49276689853404
2026-05-11 18:17:00,23.49276689853404
2026-05-11 18:18:00,23.49276689853404
2026-05-11 18:19:00,23.49276689853404
2026-05-11 18:20:00,23.49276689853404
2026-05-11 18:21:00,23.49276689853404
2026-05-11 18:22:00,23.49276689853404
2026-05-11 18:23:00,23.49276689853404
2026-05-11 18:24:00,23.49276689853404
2026-05-11 18:25:00,23.49276689853404
2026-05-11 18:26:00,23.49276689853404
2026-05-11 18:27:00,23.49276689853404
2026-05-11 18:28:00,23.49276689853404
2026-05-11 18:29:00,23.49276689853404
2026-05-11 18:30:00,23.49276689853404
2026-05-11 18:31:00,23.49276689853404
2026-05-11 18:32:00,23.49276689853404
2026-05-11 18:33:00,23.49276689853404
2026-05-11 18:34:00,23.49276689853404
2026-05-11 18:35:00,23.49276689853404
2026-05-11 18:36:00,23.49276689853404
2026-05-11 18:37:00,23.49276689853404
2026-05-11 18:38:00,23.49276689853404
2026-05-11 18:39:00,23.49276689853404
2026-05-11 18:40:00,23.49276689853404
2026-05-11 18:41:00,23.49276689853404
2026-05-11 18:42:00,23.49276689853404
2026-05-11 18:43:00,23.49276689853404
2026-05-11 18:44:00,23.49276689853404
2026-05-11 18:45:00,23.49276689853404
2026-05-11 18:46:00,23.49276689853404
2026-05-11 18:47:00,23.49276689853404
2026-05-11 18:48:00,23.49276689853404
2026-05-11 18:49:00,23.49276689853404
2026-05-11 18:50:00,23.49276689853404
2026-05-11 18:51:00,23.49276689853404
2026-05-11 18:52:00,23.49276689853404
2026-05-11 18:53:00,23.49276689853404
2026-05-11 18:54:00,23.49276689853404
2026-05-11 18:55:00,23.49276689853404
2026-05-11 18:56:00,23.49276689853404
2026-05-11 18:57:00,23.49276689853404
2026-05-11 18:58:00,23.49276689853404
2026-05-11 18:59:00,23.49276689853404
2026-05-11 19:00:00,23.49276689853404
2026-05-11 19:01:00,23.49276689853404
2026-05-11 19:02:00,23.49276689853404
2026-05-11 19:03:00,23.49276689853404
2026-05-11 19:04:00,23.49276689853404
2026-05-11 19:05:00,23.49276689853404
2026-05-11 19:06:00,23.49276689853404
2026-05-11 19:07:00,23.49276689853404
2026-05-11 19:08:00,23.49276689853404
2026-05-11 19:09:00,23.49276689853404
2026-05-11 19:10:00,23.49276689853404
2026-05-11 19:11:00,23.49276689853404
2026-05-11 19:12:00,23.49276689853404
2026-05-11 19:13:00,23.49276689853404
2026-05-11 19:14:00,23.49276689853404
2026-05-11 19:15:00,23.49276689853404
2026-05-11 19:16:00,23.49276689853404
2026-05-11 19:17:00,23.49276689853404
2026-05-11 19:18:00,23.49276689853404
2026-05-11 19:19:00,23.49276689853404
2026-05-11 19:20:00,23.49276689853404
2026-05-11 19:21:00,23.49276689853404
2026-05-11 19:22:00,23.49276689853404
2026-05-11 19:23:00,23.49276689853404
2026-05-11 19:24:00,23.49276689853404
2026-05-11 19:25:00,23.49276689853404
2026-05-11 19:26:00,23.49276689853404
2026-05-11 19:27:00,23.49276689853404
2026-05-11 19:28:00,23.49276689853404
2026-05-11 19:29:00,23.49276689853404
2026-05-11 19:30:00,23.49276689853404
2026-05-11 19:31:00,23.49276689853404
2026-05-11 19:32:00,23.49276689853404
2026-05-11 19:33:00,23.49276689853404
2026-05-11 19:34:00,23.49276689853404
2026-05-11 19:35:00,23.49276689853404
2026-05-11 19:36:00,23.49276689853404
2026-05-11 19:37:00,23.49276689853404
2026-05-11 19:38:00,23.49276689853404
2026-05-11 19:39:00,23.49276689853404
2026-05-11 19:40:00,23.49276689853404
2026-05-11 19:41:00,23.49276689853404
2026-05-11 19:42:00,23.49276689853404
2026-05-11 19:43:00,23.49276689853404
2026-05-11 19:44:00,23.49276689853404
2026-05-11 19:45:00,23.49276689853404
2026-05-11 19:46:00,23.49276689853404
2026-05-11 19:47:00,23.49276689853404
2026-05-11 19:48:00,23.49276689853404
2026-05-11 19:49:00,23.49276689853404
2026-05-11 19:50:00,23.49276689853404
2026-05-11 19:51:00,23.49276689853404
2026-05-11 19:52:00,23.49276689853404
2026-05-11 19:53:00,23.49276689853404
2026-05-11 19:54:00,23.49276689853404
2026-05-11 19:55:00,23.49276689853404
2026-05-11 19:56:00,23.49276689853404
2026-05-11 19:57:00,23.49276689853404
2026-05-11 19:58:00,23.49276689853404
2026-05-11 19:59:00,23.49276689853404
2026-05-11 20:00:00,23.49276689853404
2026-05-11 20:01:00,23.49276689853404
2026-05-11 20:02:00,23.49276689853404
2026-05-11 20:03:00,23.49276689853404
2026-05-11 20:04:00,23.49276689853404
2026-05-11 20:05:00,23.49276689853404
2026-05-11 20:06:00,23.49276689853404
2026-05-11 20:07:00,23.49276689853404
2026-05-11 20:08:00,23.49276689853404
2026-05-11 20:09:00,23.49276689853404
2026-05-11 20:10:00,23.49276689853404
2026-05-11 20:11:00,23.49276689853404
2026-05-11 20:12:00,23.49276689853404
2026-05-11 20:13:00,23.49276689853404
2026-05-11 20:14:00,23.49276689853404
2026-05-11 20:15:00,23.49276689853404
2026-05-11 20:16:00,23.49276689853404
2026-05-11 20:17:00,23.49276689853404
2026-05-11 20:18:00,23.49276689853404
2026-05-11 20:19:00,23.49276689853404
2026-05-11 20:20:00,23.49276689853404
2026-05-11 20:21:00,23.49276689853404
2026-05-11 20:22:00,23.49276689853404
2026-05-11 20:23:00,23.49276689853404
2026-05-11 20:24:00,23.49276689853404
2026-05-11 20:25:00,23.49276689853404
2026-05-11 20:26:00,23.49276689853404
2026-05-11 20:27:00,23.49276689853404
2026-05-11 20:28:00,23.49276689853404
2026-05-11 20:29:00,23.49276689853404
2026-05-11 20:30:00,23.49276689853404
2026-05-11 20:31:00,23.49276689853404
2026-05-11 20:32:00,23.49276689853404
2026-05-11 20:33:00,23.49276689853404
2026-05-11 20:34:00,23.49276689853404
2026-05-11 20:35:00,23.49276689853404
2026-05-11 20:36:00,23.49276689853404
2026-05-11 20:37:00,23.49276689853404
2026-05-11 20:38:00,23.49276689853404
2026-05-11 20:39:00,23.49276689853404
2026-05-11 20:40:00,23.49276689853404
2026-05-11 20:41:00,23.49276689853404
2026-05-11 20:42:00,23.49276689853404
2026-05-11 20:43:00,23.49276689853404
2026-05-11 20:44:00,23.49276689853404
2026-05-11 20:45:00,23.49276689853404
2026-05-11 20:46:00,23.49276689853404
2026-05-11 20:47:00,23.49276689853404
2026-05-11 20:48:00,23.49276689853404
2026-05-11 20:49:00,23.49276689853404
2026-05-11 20:50:00,23.49276689853404
2026-05-11 20:51:00,23.49276689853404
2026-05-11 20:52:00,23.49276689853404
2026-05-11 20:53:00,23.49276689853404
2026-05-11 20:54:00,23.49276689853404
2026-05-11 20:55:00,23.49276689853404
2026-05-11 20:56:00,23.49276689853404
2026-05-11 20:57:00,23.49276689853404
2026-05-11 20:58:00,23.49276689853404
2026-05-11 20:59:00,23.49276689853404
2026-05-11 21:00:00,23.49276689853404
2026-05-11 21:01:00,23.49276689853404
2026-05-11 21:02:00,23.49276689853404
2026-05-11 21:03:00,23.49276689853404
2026-05-11 21:04:00,23.49276689853404
2026-05-11 21:05:00,23.49276689853404
2026-05-11 21:06:00,23.49276689853404
2026-05-11 21:07:00,23.49276689853404
2026-05-11 21:08:00,23.49276689853404
2026-05-11 21:09:00,23.49276689853404
2026-05-11 21:10:00,23.49276689853404
2026-05-11 21:11:00,23.49276689853404
2026-05-11 21:12:00,23.49276689853404
2026-05-11 21:13:00,23.49276689853404
2026-05-11 21:14:00,23.49276689853404
2026-05-11 21:15:00,23.49276689853404
2026-05-11 21:16:00,23.49276689853404
2026-05-11 21:17:00,23.49276689853404
2026-05-11 21:18:00,23.49276689853404
2026-05-11 21:19:00,23.49276689853404
2026-05-11 21:20:00,23.49276689853404
2026-05-11 21:21:00,23.49276689853404
2026-05-11 21:22:00,23.49276689853404
2026-05-11 21:23:00,23.49276689853404
2026-05-11 21:24:00,23.49276689853404
2026-05-11 21:25:00,23.49276689853404
2026-05-11 21:26:00,23.49276689853404
2026-05-11 21:27:00,23.49276689853404
2026-05-11 21:28:00,23.49276689853404
2026-05-11 21:29:00,23.49276689853404
2026-05-11 21:30:00,23.49276689853404
2026-05-11 21:31:00,23.49276689853404
2026-05-11 21:32:00,23.49276689853404
2026-05-11 21:33:00,23.49276689853404
2026-05-11 21:34:00,23.49276689853404
2026-05-11 21:35:00,23.49276689853404
2026-05-11 21:36:00,23.49276689853404
2026-05-11 21:37:00,23.49276689853404
2026-05-11 21:38:00,23.49276689853404
2026-05-11 21:39:00,23.49276689853404
2026-05-11 21:40:00,23.49276689853404
2026-05-11 21:41:00,23.49276689853404
2026-05-11 21:42:00,23.49276689853404
2026-05-11 21:43:00,23.49276689853404
2026-05-11 21:44:00,23.49276689853404
2026-05-11 21:45:00,23.49276689853404
2026-05-11 21:46:00,23.49276689853404
2026-05-11 21:47:00,23.49276689853404
2026-05-11 21:48:00,23.49276689853404
2026-05-11 21:49:00,23.49276689853404
2026-05-11 21:50:00,23.49276689853404
2026-05-11 21:51:00,23.49276689853404
2026-05-11 21:52:00,23.49276689853404
2026-05-11 21:53:00,23.49276689853404
2026-05-11 21:54:00,23.49276689853404
2026-05-11 21:55:00,23.49276689853404
2026-05-11 21:56:00,23.49276689853404
2026-05-11 21:57:00,23.49276689853404
2026-05-11 21:58:00,23.49276689853404
2026-05-11 21:59:00,23.49276689853404
2026-05-11 22:00:00,23.49276689853404
2026-05-11 22:01:00,23.49276689853404
2026-05-11 22:02:00,23.49276689853404
2026-05-11 22:03:00,23.49276689853404
2026-05-11 22:04:00,23.49276689853404
2026-05-11 22:05:00,23.49276689853404
2026-05-11 22:06:00,23.49276689853404
2026-05-11 22:07:00,23.49276689853404
2026-05-11 22:08:00,23.49276689853404
2026-05-11 22:09:00,23.49276689853404
2026-05-11 22:10:00,23.49276689853404
2026-05-11 22:11:00,23.49276689853404
2026-05-11 22:12:00,23.49276689853404
2026-05-11 22:13:00,23.49276689853404
2026-05-11 22:14:00,23.49276689853404
2026-05-11 22:15:00,23.49276689853404
2026-05-11 22:16:00,23.49276689853404
2026-05-11 22:17:00,23.49276689853404
2026-05-11 22:18:00,23.49276689853404
2026-05-11 22:19:00,23.49276689853404
2026-05-11 22:20:00,23.49276689853404
2026-05-11 22:21:00,23.49276689853404
2026-05-11 22:22:00,23.49276689853404
2026-05-11 22:23:00,23.49276689853404
2026-05-11 22:24:00,23.49276689853404
2026-05-11 22:25:00,23.49276689853404
2026-05-11 22:26:00,23.49276689853404
2026-05-11 22:27:00,23.49276689853404
2026-05-11 22:28:00,23.49276689853404
2026-05-11 22:29:00,23.49276689853404
2026-05-11 22:30:00,23.49276689853404
2026-05-11 22:31:00,23.49276689853404
2026-05-11 22:32:00,23.49276689853404
2026-05-11 22:33:00,23.49276689853404
2026-05-11 22:34:00,23.49276689853404
2026-05-11 22:35:00,23.49276689853404
2026-05-11 22:36:00,23.49276689853404
2026-05-11 22:37:00,23.49276689853404
2026-05-11 22:38:00,23.49276689853404
2026-05-11 22:39:00,23.49276689853404
2026-05-11 22:40:00,23.49276689853404
2026-05-11 22:41:00,23.49276689853404
2026-05-11 22:42:00,23.49276689853404
2026-05-11 22:43:00,23.49276689853404
2026-05-11 22:44:00,23.49276689853404
2026-05-11 22:45:00,23.49276689853404
2026-05-11 22:46:00,23.49276689853404
2026-05-11 22:47:00,23.49276689853404
2026-05-11 22:48:00,23.49276689853404
2026-05-11 22:49:00,23.49276689853404
2026-05-11 22:50:00,23.49276689853404
2026-05-11 22:51:00,23.49276689853404
2026-05-11 22:52:00,23.49276689853404
2026-05-11 22:53:00,23.49276689853404
2026-05-11 22:54:00,23.49276689853404
2026-05-11 22:55:00,23.49276689853404
2026-05-11 22:56:00,23.49276689853404
2026-05-11 22:57:00,23.49276689853404
2026-05-11 22:58:00,23.49276689853404
2026-05-11 22:59:00,23.49276689853404
2026-05-11 23:00:00,23.49276689853404
2026-05-11 23:01:00,23.49276689853404
2026-05-11 23:02:00,23.49276689853404
2026-05-11 23:03:00,23.49276689853404
2026-05-11 23:04:00,23.49276689853404
2026-05-11 23:05:00,23.49276689853404
2026-05-11 23:06:00,23.49276689853404
2026-05-11 23:07:00,23.49276689853404
2026-05-11 23:08:00,23.49276689853404
2026-05-11 23:09:00,23.49276689853404
2026-05-11 23:10:00,23.49276689853404
2026-05-11 23:11:00,23.49276689853404
2026-05-11 23:12:00,23.49276689853404
2026-05-11 23:13:00,23.49276689853404
2026-05-11 23:14:00,23.49276689853404
2026-05-11 23:15:00,23.49276689853404
2026-05-11 23:16:00,23.49276689853404
2026-05-11 23:17:00,23.49276689853404
2026-05-11 23:18:00,23.49276689853404
2026-05-11 23:19:00,23.49276689853404
2026-05-11 23:20:00,23.49276689853404
2026-05-11 23:21:00,23.49276689853404
2026-05-11 23:22:00,23.49276689853404
2026-05-11 23:23:00,23.49276689853404
2026-05-11 23:24:00,23.49276689853404
2026-05-11 23:25:00,23.49276689853404
2026-05-11 23:26:00,23.49276689853404
2026-05-11 23:27:00,23.49276689853404
2026-05-11 23:28:00,23.49276689853404
2026-05-11 23:29:00,23.49276689853404
2026-05-11 23:30:00,23.49276689853404
2026-05-11 23:31:00,23.49276689853404
2026-05-11 23:32:00,23.49276689853404
2026-05-11 23:33:00,23.49276689853404
2026-05-11 23:34:00,23.49276689853404
2026-05-11 23:35:00,23.49276689853404
2026-05-11 23:36:00,23.49276689853404
2026-05-11 23:37:00,23.49276689853404
2026-05-11 23:38:00,23.49276689853404
2026-05-11 23:39:00,23.49276689853404
2026-05-11 23:40:00,23.49276689853404
2026-05-11 23:41:00,23.49276689853404
2026-05-11 23:42:00,23.49276689853404
2026-05-11 23:43:00,23.49276689853404
2026-05-11 23:44:00,23.49276689853404
2026-05-11 23:45:00,23.49276689853404
2026-05-11 23:46:00,23.49276689853404
2026-05-11 23:47:00,23.49276689853404
2026-05-11 23:48:00,23.49276689853404
2026-05-11 23:49:00,23.49276689853404
2026-05-11 23:50:00,23.49276689853404
2026-05-11 23:51:00,23.49276689853404
2026-05-11 23:52:00,23.49276689853404
2026-05-11 23:53:00,23.49276689853404
2026-05-11 23:54:00,23.49276689853404
2026-05-11 23:55:00,23.49276689853404
2026-05-11 23:56:00,23.49276689853404
2026-05-11 23:57:00,23.49276689853404
2026-05-11 23:58:00,23.49276689853404
2026-05-11 23:59:00,23.49276689853404
2026-05-12 00:00:00,23.49276689853404
2026-05-12 00:01:00,23.49276689853404
2026-05-12 00:02:00,23.49276689853404
2026-05-12 00:03:00,23.49276689853404
2026-05-12 00:04:00,23.49276689853404
2026-05-12 00:05:00,23.49276689853404
2026-05-12 00:06:00,23.49276689853404
2026-05-12 00:07:00,23.49276689853404
2026-05-12 00:08:00,23.49276689853404
2026-05-12 00:09:00,23.49276689853404
2026-05-12 00:10:00,23.49276689853404
2026-05-12 00:11:00,23.49276689853404
2026-05-12 00:12:00,23.49276689853404
2026-05-12 00:13:00,23.49276689853404
2026-05-12 00:14:00,23.49276689853404
2026-05-12 00:15:00,23.49276689853404
2026-05-12 00:16:00,23.49276689853404
2026-05-12 00:17:00,23.49276689853404
2026-05-12 00:18:00,23.49276689853404
2026-05-12 00:19:00,23.49276689853404
2026-05-12 00:20:00,23.49276689853404
2026-05-12 00:21:00,23.49276689853404
2026-05-12 00:22:00,23.49276689853404
2026-05-12 00:23:00,23.49276689853404
2026-05-12 00:24:00,23.49276689853404
2026-05-12 00:25:00,23.49276689853404
2026-05-12 00:26:00,23.49276689853404
2026-05-12 00:27:00,23.49276689853404
2026-05-12 00:28:00,23.49276689853404
2026-05-12 00:29:00,23.49276689853404
2026-05-12 00:30:00,23.49276689853404
2026-05-12 00:31:00,23.49276689853404
2026-05-12 00:32:00,23.49276689853404
2026-05-12 00:33:00,23.49276689853404
2026-05-12 00:34:00,23.49276689853404
2026-05-12 00:35:00,23.49276689853404
2026-05-12 00:36:00,23.49276689853404
2026-05-12 00:37:00,23.49276689853404
2026-05-12 00:38:00,23.49276689853404
2026-05-12 00:39:00,23.49276689853404
2026-05-12 00:40:00,23.49276689853404
2026-05-12 00:41:00,23.49276689853404
2026-05-12 00:42:00,23.49276689853404
2026-05-12 00:43:00,23.49276689853404
2026-05-12 00:44:00,23.49276689853404
2026-05-12 00:45:00,23.49276689853404
2026-05-12 00:46:00,23.49276689853404
2026-05-12 00:47:00,23.49276689853404
2026-05-12 00:48:00,23.49276689853404
2026-05-12 00:49:00,23.49276689853404
2026-05-12 00:50:00,23.49276689853404
2026-05-12 00:51:00,23.49276689853404
2026-05-12 00:52:00,23.49276689853404
2026-05-12 00:53:00,23.49276689853404
2026-05-12 00:54:00,23.49276689853404
2026-05-12 00:55:00,23.49276689853404
2026-05-12 00:56:00,23.49276689853404
2026-05-12 00:57:00,23.49276689853404
2026-05-12 00:58:00,23.49276689853404
2026-05-12 00:59:00,23.49276689853404
2026-05-12 01:00:00,23.49276689853404
2026-05-12 01:01:00,23.49276689853404
2026-05-12 01:02:00,23.49276689853404
2026-05-12 01:03:00,23.49276689853404
2026-05-12 01:04:00,23.49276689853404
2026-05-12 01:05:00,23.49276689853404
2026-05-12 01:06:00,23.49276689853404
2026-05-12 01:07:00,23.49276689853404
2026-05-12 01:08:00,23.49276689853404
2026-05-12 01:09:00,23.49276689853404
2026-05-12 01:10:00,23.49276689853404
2026-05-12 01:11:00,23.49276689853404
2026-05-12 01:12:00,23.49276689853404
2026-05-12 01:13:00,23.49276689853404
2026-05-12 01:14:00,23.49276689853404
2026-05-12 01:15:00,23.49276689853404
2026-05-12 01:16:00,23.49276689853404
2026-05-12 01:17:00,23.49276689853404
2026-05-12 01:18:00,23.49276689853404
2026-05-12 01:19:00,23.49276689853404
2026-05-12 01:20:00,23.49276689853404
2026-05-12 01:21:00,23.49276689853404
2026-05-12 01:22:00,23.49276689853404
2026-05-12 01:23:00,23.49276689853404
2026-05-12 01:24:00,23.49276689853404
2026-05-12 01:25:00,23.49276689853404
2026-05-12 01:26:00,23.49276689853404
2026-05-12 01:27:00,23.49276689853404
2026-05-12 01:28:00,23.49276689853404
2026-05-12 01:29:00,23.49276689853404
2026-05-12 01:30:00,23.49276689853404
2026-05-12 01:31:00,23.49276689853404
2026-05-12 01:32:00,23.49276689853404
2026-05-12 01:33:00,23.49276689853404
2026-05-12 01:34:00,23.49276689853404
2026-05-12 01:35:00,23.49276689853404
2026-05-12 01:36:00,23.49276689853404
2026-05-12 01:37:00,23.49276689853404
2026-05-12 01:38:00,23.49276689853404
2026-05-12 01:39:00,23.49276689853404
2026-05-12 01:40:00,23.49276689853404
2026-05-12 01:41:00,23.49276689853404
2026-05-12 01:42:00,23.49276689853404
2026-05-12 01:43:00,23.49276689853404
2026-05-12 01:44:00,23.49276689853404
2026-05-12 01:45:00,23.49276689853404
2026-05-12 01:46:00,23.49276689853404
2026-05-12 01:47:00,23.49276689853404
2026-05-12 01:48:00,23.49276689853404
2026-05-12 01:49:00,23.49276689853404
2026-05-12 01:50:00,23.49276689853404
2026-05-12 01:51:00,23.49276689853404
2026-05-12 01:52:00,23.49276689853404
2026-05-12 01:53:00,23.49276689853404
2026-05-12 01:54:00,23.49276689853404
2026-05-12 01:55:00,23.49276689853404
2026-05-12 01:56:00,23.49276689853404
2026-05-12 01:57:00,23.49276689853404
2026-05-12 01:58:00,23.49276689853404
2026-05-12 01:59:00,23.49276689853404
2026-05-12 02:00:00,23.49276689853404
2026-05-12 02:01:00,23.49276689853404
2026-05-12 02:02:00,23.49276689853404
2026-05-12 02:03:00,23.49276689853404
2026-05-12 02:04:00,23.49276689853404
2026-05-12 02:05:00,23.49276689853404
2026-05-12 02:06:00,23.49276689853404
2026-05-12 02:07:00,23.49276689853404
2026-05-12 02:08:00,23.49276689853404
2026-05-12 02:09:00,23.49276689853404
2026-05-12 02:10:00,23.49276689853404
2026-05-12 02:11:00,23.49276689853404
2026-05-12 02:12:00,23.49276689853404
2026-05-12 02:13:00,23.49276689853404
2026-05-12 02:14:00,23.49276689853404
2026-05-12 02:15:00,23.49276689853404
2026-05-12 02:16:00,23.49276689853404
2026-05-12 02:17:00,23.49276689853404
2026-05-12 02:18:00,23.49276689853404
2026-05-12 02:19:00,23.49276689853404
2026-05-12 02:20:00,23.49276689853404
2026-05-12 02:21:00,23.49276689853404
2026-05-12 02:22:00,23.49276689853404
2026-05-12 02:23:00,23.49276689853404
2026-05-12 02:24:00,23.49276689853404
2026-05-12 02:25:00,23.49276689853404
2026-05-12 02:26:00,23.49276689853404
2026-05-12 02:27:00,23.49276689853404
2026-05-12 02:28:00,23.49276689853404
2026-05-12 02:29:00,23.49276689853404
2026-05-12 02:30:00,23.49276689853404
2026-05-12 02:31:00,23.49276689853404
2026-05-12 02:32:00,23.49276689853404
2026-05-12 02:33:00,23.49276689853404
2026-05-12 02:34:00,23.49276689853404
2026-05-12 02:35:00,23.49276689853404
2026-05-12 02:36:00,23.49276689853404
2026-05-12 02:37:00,23.49276689853404
2026-05-12 02:38:00,23.49276689853404
2026-05-12 02:39:00,23.49276689853404
2026-05-12 02:40:00,23.49276689853404
2026-05-12 02:41:00,23.49276689853404
2026-05-12 02:42:00,23.49276689853404
2026-05-12 02:43:00,23.49276689853404
2026-05-12 02:44:00,23.49276689853404
2026-05-12 02:45:00,23.49276689853404
2026-05-12 02:46:00,23.49276689853404
2026-05-12 02:47:00,23.49276689853404
2026-05-12 02:48:00,23.49276689853404
2026-05-12 02:49:00,23.49276689853404
2026-05-12 02:50:00,23.49276689853404
2026-05-12 02:51:00,23.49276689853404
2026-05-12 02:52:00,23.49276689853404
2026-05-12 02:53:00,23.49276689853404
2026-05-12 02:54:00,23.49276689853404
2026-05-12 02:55:00,23.49276689853404
2026-05-12 02:56:00,23.49276689853404
2026-05-12 02:57:00,23.49276689853404
2026-05-12 02:58:00,23.49276689853404
2026-05-12 02:59:00,23.49276689853404
2026-05-12 03:00:00,23.49276689853404
2026-05-12 03:01:00,23.49276689853404
2026-05-12 03:02:00,23.49276689853404
2026-05-12 03:03:00,23.49276689853404
2026-05-12 03:04:00,23.49276689853404
2026-05-12 03:05:00,23.49276689853404
2026-05-12 03:06:00,23.49276689853404
2026-05-12 03:07:00,23.49276689853404
2026-05-12 03:08:00,23.49276689853404
2026-05-12 03:09:00,23.49276689853404
2026-05-12 03:10:00,23.49276689853404
2026-05-12 03:11:00,23.49276689853404
2026-05-12 03:12:00,23.49276689853404
2026-05-12 03:13:00,23.49276689853404
2026-05-12 03:14:00,23.49276689853404
2026-05-12 03:15:00,23.49276689853404
2026-05-12 03:16:00,23.49276689853404
2026-05-12 03:17:00,23.49276689853404
2026-05-12 03:18:00,23.49276689853404
2026-05-12 03:19:00,23.49276689853404
2026-05-12 03:20:00,23.49276689853404
2026-05-12 03:21:00,23.49276689853404
2026-05-12 03:22:00,23.49276689853404
2026-05-12 03:23:00,23.49276689853404
2026-05-12 03:24:00,23.49276689853404
2026-05-12 03:25:00,23.49276689853404
2026-05-12 03:26:00,23.49276689853404
2026-05-12 03:27:00,23.49276689853404
2026-05-12 03:28:00,23.49276689853404
2026-05-12 03:29:00,23.49276689853404
2026-05-12 03:30:00,23.49276689853404
2026-05-12 03:31:00,23.49276689853404
2026-05-12 03:32:00,23.49276689853404
2026-05-12 03:33:00,23.49276689853404
2026-05-12 03:34:00,23.49276689853404
2026-05-12 03:35:00,23.49276689853404
2026-05-12 03:36:00,23.49276689853404
2026-05-12 03:37:00,23.49276689853404
2026-05-12 03:38:00,23.49276689853404
2026-05-12 03:39:00,23.49276689853404
2026-05-12 03:40:00,23.49276689853404
2026-05-12 03:41:00,23.49276689853404
2026-05-12 03:42:00,23.49276689853404
2026-05-12 03:43:00,23.49276689853404
2026-05-12 03:44:00,23.49276689853404
2026-05-12 03:45:00,23.49276689853404
2026-05-12 03:46:00,23.49276689853404
2026-05-12 03:47:00,23.49276689853404
2026-05-12 03:48:00,23.49276689853404
2026-05-12 03:49:00,23.49276689853404
2026-05-12 03:50:00,23.49276689853404
2026-05-12 03:51:00,23.49276689853404
2026-05-12 03:52:00,23.49276689853404
2026-05-12 03:53:00,23.49276689853404
2026-05-12 03:54:00,23.49276689853404
2026-05-12 03:55:00,23.49276689853404
2026-05-12 03:56:00,23.49276689853404
2026-05-12 03:57:00,23.49276689853404
2026-05-12 03:58:00,23.49276689853404
2026-05-12 03:59:00,23.49276689853404
2026-05-12 04:00:00,23.49276689853404
2026-05-12 04:01:00,23.49276689853404
2026-05-12 04:02:00,23.49276689853404
2026-05-12 04:03:00,23.49276689853404
2026-05-12 04:04:00,23.49276689853404
2026-05-12 04:05:00,23.49276689853404
2026-05-12 04:06:00,23.49276689853404
2026-05-12 04:07:00,23.49276689853404
2026-05-12 04:08:00,23.49276689853404
2026-05-12 04:09:00,23.49276689853404
2026-05-12 04:10:00,23.49276689853404
2026-05-12 04:11:00,23.49276689853404
2026-05-12 04:12:00,23.49276689853404
2026-05-12 04:13:00,23.49276689853404
2026-05-12 04:14:00,23.49276689853404
2026-05-12 04:15:00,23.49276689853404
2026-05-12 04:16:00,23.49276689853404
2026-05-12 04:17:00,23.49276689853404
2026-05-12 04:18:00,23.49276689853404
2026-05-12 04:19:00,23.49276689853404
2026-05-12 04:20:00,23.49276689853404
2026-05-12 04:21:00,23.49276689853404
2026-05-12 04:22:00,23.49276689853404
2026-05-12 04:23:00,23.49276689853404
2026-05-12 04:24:00,23.49276689853404
2026-05-12 04:25:00,23.49276689853404
2026-05-12 04:26:00,23.49276689853404
2026-05-12 04:27:00,23.49276689853404
2026-05-12 04:28:00,23.49276689853404
2026-05-12 04:29:00,23.49276689853404
2026-05-12 04:30:00,23.49276689853404
2026-05-12 04:31:00,23.49276689853404
2026-05-12 04:32:00,23.49276689853404
2026-05-12 04:33:00,23.49276689853404
2026-05-12 04:34:00,23.49276689853404
2026-05-12 04:35:00,23.49276689853404
2026-05-12 04:36:00,23.49276689853404
2026-05-12 04:37:00,23.49276689853404
2026-05-12 04:38:00,23.49276689853404
2026-05-12 04:39:00,23.49276689853404
2026-05-12 04:40:00,23.49276689853404
2026-05-12 04:41:00,23.49276689853404
2026-05-12 04:42:00,23.49276689853404
2026-05-12 04:43:00,23.49276689853404
2026-05-12 04:44:00,23.49276689853404
2026-05-12 04:45:00,23.49276689853404
2026-05-12 04:46:00,23.49276689853404
2026-05-12 04:47:00,23.49276689853404
2026-05-12 04:48:00,23.49276689853404
2026-05-12 04:49:00,23.49276689853404
2026-05-12 04:50:00,23.49276689853404
2026-05-12 04:51:00,23.49276689853404
2026-05-12 04:52:00,23.49276689853404
2026-05-12 04:53:00,23.49276689853404
2026-05-12 04:54:00,23.49276689853404
2026-05-12 04:55:00,23.49276689853404
2026-05-12 04:56:00,23.49276689853404
2026-05-12 04:57:00,23.49276689853404
2026-05-12 04:58:00,23.49276689853404
2026-05-12 04:59:00,23.49276689853404
2026-05-12 05:00:00,23.49276689853404
2026-05-12 05:01:00,23.49276689853404
2026-05-12 05:02:00,23.49276689853404
2026-05-12 05:03:00,23.49276689853404
2026-05-12 05:04:00,23.49276689853404
2026-05-12 05:05:00,23.49276689853404
2026-05-12 05:06:00,23.49276689853404
2026-05-12 05:07:00,23.49276689853404
2026-05-12 05:08:00,23.49276689853404
2026-05-12 05:09:00,23.49276689853404
2026-05-12 05:10:00,23.49276689853404
2026-05-12 05:11:00,23.49276689853404
2026-05-12 05:12:00,23.49276689853404
2026-05-12 05:13:00,23.49276689853404
2026-05-12 05:14:00,23.49276689853404
2026-05-12 05:15:00,23.49276689853404
2026-05-12 05:16:00,23.49276689853404
2026-05-12 05:17:00,23.49276689853404
2026-05-12 05:18:00,23.49276689853404
2026-05-12 05:19:00,23.49276689853404
2026-05-12 05:20:00,23.49276689853404
2026-05-12 05:21:00,23.49276689853404
2026-05-12 05:22:00,23.49276689853404
2026-05-12 05:23:00,23.49276689853404
2026-05-12 05:24:00,23.49276689853404
2026-05-12 05:25:00,23.49276689853404
2026-05-12 05:26:00,23.49276689853404
2026-05-12 05:27:00,23.49276689853404
2026-05-12 05:28:00,23.49276689853404
2026-05-12 05:29:00,23.49276689853404
2026-05-12 05:30:00,23.49276689853404
2026-05-12 05:31:00,23.49276689853404
2026-05-12 05:32:00,23.49276689853404
2026-05-12 05:33:00,23.49276689853404
2026-05-12 05:34:00,23.49276689853404
2026-05-12 05:35:00,23.49276689853404
2026-05-12 05:36:00,23.49276689853404
2026-05-12 05:37:00,23.49276689853404
2026-05-12 05:38:00,23.49276689853404
2026-05-12 05:39:00,23.49276689853404
2026-05-12 05:40:00,23.49276689853404
2026-05-12 05:41:00,23.49276689853404
2026-05-12 05:42:00,23.49276689853404
2026-05-12 05:43:00,23.49276689853404
2026-05-12 05:44:00,23.49276689853404
2026-05-12 05:45:00,23.49276689853404
2026-05-12 05:46:00,23.49276689853404
2026-05-12 05:47:00,23.49276689853404
2026-05-12 05:48:00,23.49276689853404
2026-05-12 05:49:00,23.49276689853404
2026-05-12 05:50:00,23.49276689853404
2026-05-12 05:51:00,23.49276689853404
2026-05-12 05:52:00,23.49276689853404
2026-05-12 05:53:00,23.49276689853404
2026-05-12 05:54:00,23.49276689853404
2026-05-12 05:55:00,23.49276689853404
2026-05-12 05:56:00,23.49276689853404
2026-05-12 05:57:00,23.49276689853404
2026-05-12 05:58:00,23.49276689853404
2026-05-12 05:59:00,23.49276689853404
2026-05-12 06:00:00,23.49276689853404
2026-05-12 06:01:00,23.49276689853404
2026-05-12 06:02:00,23.49276689853404
2026-05-12 06:03:00,23.49276689853404
2026-05-12 06:04:00,23.49276689853404
2026-05-12 06:05:00,23.49276689853404
2026-05-12 06:06:00,23.49276689853404
2026-05-12 06:07:00,23.49276689853404
2026-05-12 06:08:00,23.49276689853404
2026-05-12 06:09:00,23.49276689853404
2026-05-12 06:10:00,23.49276689853404
2026-05-12 06:11:00,23.49276689853404
2026-05-12 06:12:00,23.49276689853404
2026-05-12 06:13:00,23.49276689853404
2026-05-12 06:14:00,23.49276689853404
2026-05-12 06:15:00,23.49276689853404
2026-05-12 06:16:00,23.49276689853404
2026-05-12 06:17:00,23.49276689853404
2026-05-12 06:18:00,23.49276689853404
2026-05-12 06:19:00,23.49276689853404
2026-05-12 06:20:00,23.49276689853404
2026-05-12 06:21:00,23.49276689853404
2026-05-12 06:22:00,23.49276689853404
2026-05-12 06:23:00,23.49276689853404
2026-05-12 06:24:00,23.49276689853404
2026-05-12 06:25:00,23.49276689853404
2026-05-12 06:26:00,23.49276689853404
2026-05-12 06:27:00,23.49276689853404
2026-05-12 06:28:00,23.49276689853404
2026-05-12 06:29:00,23.49276689853404
2026-05-12 06:30:00,23.49276689853404
2026-05-12 06:31:00,23.49276689853404
2026-05-12 06:32:00,23.49276689853404
2026-05-12 06:33:00,23.49276689853404
2026-05-12 06:34:00,23.49276689853404
2026-05-12 06:35:00,23.49276689853404
2026-05-12 06:36:00,23.49276689853404
2026-05-12 06:37:00,23.49276689853404
2026-05-12 06:38:00,23.49276689853404
2026-05-12 06:39:00,23.49276689853404
2026-05-12 06:40:00,23.49276689853404
2026-05-12 06:41:00,23.49276689853404
2026-05-12 06:42:00,23.49276689853404
2026-05-12 06:43:00,23.49276689853404
2026-05-12 06:44:00,23.49276689853404
2026-05-12 06:45:00,23.49276689853404
2026-05-12 06:46:00,23.49276689853404
2026-05-12 06:47:00,23.49276689853404
2026-05-12 06:48:00,23.49276689853404
2026-05-12 06:49:00,23.49276689853404
2026-05-12 06:50:00,23.49276689853404
2026-05-12 06:51:00,23.49276689853404
2026-05-12 06:52:00,23.49276689853404
2026-05-12 06:53:00,23.49276689853404
2026-05-12 06:54:00,23.49276689853404
2026-05-12 06:55:00,23.49276689853404
2026-05-12 06:56:00,23.49276689853404
2026-05-12 06:57:00,23.49276689853404
2026-05-12 06:58:00,23.49276689853404
2026-05-12 06:59:00,23.49276689853404
2026-05-12 07:00:00,23.49276689853404
2026-05-12 07:01:00,23.49276689853404
2026-05-12 07:02:00,23.49276689853404
2026-05-12 07:03:00,23.49276689853404
2026-05-12 07:04:00,23.49276689853404
2026-05-12 07:05:00,23.49276689853404
2026-05-12 07:06:00,23.49276689853404
2026-05-12 07:07:00,23.49276689853404
2026-05-12 07:08:00,23.49276689853404
2026-05-12 07:09:00,23.49276689853404
2026-05-12 07:10:00,23.49276689853404
2026-05-12 07:11:00,23.49276689853404
2026-05-12 07:12:00,23.49276689853404
2026-05-12 07:13:00,23.49276689853404
2026-05-12 07:14:00,23.49276689853404
2026-05-12 07:15:00,23.49276689853404
2026-05-12 07:16:00,23.49276689853404
2026-05-12 07:17:00,23.49276689853404
2026-05-12 07:18:00,23.49276689853404
2026-05-12 07:19:00,23.49276689853404
2026-05-12 07:20:00,23.49276689853404
2026-05-12 07:21:00,23.49276689853404
2026-05-12 07:22:00,23.49276689853404
2026-05-12 07:23:00,23.49276689853404
2026-05-12 07:24:00,23.49276689853404
2026-05-12 07:25:00,23.49276689853404
2026-05-12 07:26:00,23.49276689853404
2026-05-12 07:27:00,23.49276689853404
2026-05-12 07:28:00,23.49276689853404
2026-05-12 07:29:00,23.49276689853404
2026-05-12 07:30:00,23.49276689853404
2026-05-12 07:31:00,23.49276689853404
2026-05-12 07:32:00,23.49276689853404
2026-05-12 07:33:00,23.49276689853404
2026-05-12 07:34:00,23.49276689853404
2026-05-12 07:35:00,23.49276689853404
2026-05-12 07:36:00,23.49276689853404
2026-05-12 07:37:00,23.49276689853404
2026-05-12 07:38:00,23.49276689853404
2026-05-12 07:39:00,23.49276689853404
2026-05-12 07:40:00,23.49276689853404
2026-05-12 07:41:00,23.49276689853404
2026-05-12 07:42:00,23.49276689853404
2026-05-12 07:43:00,23.49276689853404
2026-05-12 07:44:00,23.49276689853404
2026-05-12 07:45:00,23.49276689853404
2026-05-12 07:46:00,23.49276689853404
2026-05-12 07:47:00,23.49276689853404
2026-05-12 07:48:00,23.49276689853404
2026-05-12 07:49:00,23.49276689853404
2026-05-12 07:50:00,23.49276689853404
2026-05-12 07:51:00,23.49276689853404
2026-05-12 07:52:00,23.49276689853404
2026-05-12 07:53:00,23.49276689853404
2026-05-12 07:54:00,23.49276689853404
2026-05-12 07:55:00,23.49276689853404
2026-05-12 07:56:00,23.49276689853404
2026-05-12 07:57:00,23.49276689853404
2026-05-12 07:58:00,23.49276689853404
2026-05-12 07:59:00,23.49276689853404
2026-05-12 08:00:00,23.49276689853404
2026-05-12 08:01:00,23.49276689853404
2026-05-12 08:02:00,23.49276689853404
2026-05-12 08:03:00,23.49276689853404
2026-05-12 08:04:00,23.49276689853404
2026-05-12 08:05:00,23.49276689853404
2026-05-12 08:06:00,23.49276689853404
2026-05-12 08:07:00,23.49276689853404
2026-05-12 08:08:00,23.49276689853404
2026-05-12 08:09:00,23.49276689853404
2026-05-12 08:10:00,23.49276689853404
2026-05-12 08:11:00,23.49276689853404
2026-05-12 08:12:00,23.49276689853404
2026-05-12 08:13:00,23.49276689853404
2026-05-12 08:14:00,23.49276689853404
2026-05-12 08:15:00,23.49276689853404
2026-05-12 08:16:00,23.49276689853404
2026-05-12 08:17:00,23.49276689853404
2026-05-12 08:18:00,23.49276689853404
2026-05-12 08:19:00,23.49276689853404
2026-05-12 08:20:00,23.49276689853404
2026-05-12 08:21:00,23.49276689853404
2026-05-12 08:22:00,23.49276689853404
2026-05-12 08:23:00,23.49276689853404
2026-05-12 08:24:00,23.49276689853404
2026-05-12 08:25:00,23.49276689853404
2026-05-12 08:26:00,23.49276689853404
2026-05-12 08:27:00,23.49276689853404
2026-05-12 08:28:00,23.49276689853404
2026-05-12 08:29:00,23.49276689853404
2026-05-12 08:30:00,23.49276689853404
2026-05-12 08:31:00,23.49276689853404
2026-05-12 08:32:00,23.49276689853404
2026-05-12 08:33:00,23.49276689853404
2026-05-12 08:34:00,23.49276689853404
2026-05-12 08:35:00,23.49276689853404
2026-05-12 08:36:00,23.49276689853404
2026-05-12 08:37:00,23.49276689853404
2026-05-12 08:38:00,23.49276689853404
2026-05-12 08:39:00,23.49276689853404
2026-05-12 08:40:00,23.49276689853404
2026-05-12 08:41:00,23.49276689853404
2026-05-12 08:42:00,23.49276689853404
2026-05-12 08:43:00,23.49276689853404
2026-05-12 08:44:00,23.49276689853404
2026-05-12 08:45:00,23.49276689853404
2026-05-12 08:46:00,23.49276689853404
2026-05-12 08:47:00,23.49276689853404
2026-05-12 08:48:00,23.49276689853404
2026-05-12 08:49:00,23.49276689853404
2026-05-12 08:50:00,23.49276689853404
2026-05-12 08:51:00,23.49276689853404
2026-05-12 08:52:00,23.49276689853404
2026-05-12 08:53:00,23.49276689853404
2026-05-12 08:54:00,23.49276689853404
2026-05-12 08:55:00,23.49276689853404
2026-05-12 08:56:00,23.49276689853404
2026-05-12 08:57:00,23.49276689853404
2026-05-12 08:58:00,23.49276689853404
2026-05-12 08:59:00,23.49276689853404
2026-05-12 09:00:00,23.49276689853404
2026-05-12 09:01:00,23.49276689853404
2026-05-12 09:02:00,23.49276689853404
2026-05-12 09:03:00,23.49276689853404
2026-05-12 09:04:00,23.49276689853404
2026-05-12 09:05:00,23.49276689853404
2026-05-12 09:06:00,23.49276689853404
2026-05-12 09:07:00,23.49276689853404
2026-05-12 09:08:00,23.49276689853404
2026-05-12 09:09:00,23.49276689853404
2026-05-12 09:10:00,23.49276689853404
2026-05-12 09:11:00,23.49276689853404
2026-05-12 09:12:00,23.49276689853404
2026-05-12 09:13:00,23.49276689853404
2026-05-12 09:14:00,23.49276689853404
2026-05-12 09:15:00,23.49276689853404
2026-05-12 09:16:00,23.49276689853404
2026-05-12 09:17:00,23.49276689853404
2026-05-12 09:18:00,23.49276689853404
2026-05-12 09:19:00,23.49276689853404
2026-05-12 09:20:00,23.49276689853404
2026-05-12 09:21:00,23.49276689853404
2026-05-12 09:22:00,23.49276689853404
2026-05-12 09:23:00,23.49276689853404
2026-05-12 09:24:00,23.49276689853404
2026-05-12 09:25:00,23.49276689853404
2026-05-12 09:26:00,23.49276689853404
2026-05-12 09:27:00,23.49276689853404
2026-05-12 09:28:00,23.49276689853404
2026-05-12 09:29:00,23.49276689853404
2026-05-12 09:30:00,23.49276689853404
2026-05-12 09:31:00,23.49276689853404
2026-05-12 09:32:00,23.49276689853404
2026-05-12 09:33:00,23.49276689853404
2026-05-12 09:34:00,23.49276689853404
2026-05-12 09:35:00,23.49276689853404
2026-05-12 09:36:00,23.49276689853404
2026-05-12 09:37:00,23.49276689853404
2026-05-12 09:38:00,23.49276689853404
2026-05-12 09:39:00,23.49276689853404
2026-05-12 09:40:00,23.49276689853404
2026-05-12 09:41:00,23.49276689853404
2026-05-12 09:42:00,23.49276689853404
2026-05-12 09:43:00,23.49276689853404
2026-05-12 09:44:00,23.49276689853404
2026-05-12 09:45:00,23.49276689853404
2026-05-12 09:46:00,23.49276689853404
2026-05-12 09:47:00,23.49276689853404
2026-05-12 09:48:00,23.49276689853404
2026-05-12 09:49:00,23.49276689853404
2026-05-12 09:50:00,23.49276689853404
2026-05-12 09:51:00,23.49276689853404
2026-05-12 09:52:00,23.49276689853404
2026-05-12 09:53:00,23.49276689853404
2026-05-12 09:54:00,23.49276689853404
2026-05-12 09:55:00,23.49276689853404
2026-05-12 09:56:00,23.49276689853404
2026-05-12 09:57:00,23.49276689853404
2026-05-12 09:58:00,23.49276689853404
2026-05-12 09:59:00,23.49276689853404
2026-05-12 10:00:00,23.49276689853404
2026-05-12 10:01:00,23.49276689853404
2026-05-12 10:02:00,23.49276689853404
2026-05-12 10:03:00,23.49276689853404
2026-05-12 10:04:00,23.49276689853404
2026-05-12 10:05:00,23.49276689853404
2026-05-12 10:06:00,23.49276689853404
2026-05-12 10:07:00,23.49276689853404
2026-05-12 10:08:00,23.49276689853404
2026-05-12 10:09:00,23.49276689853404
2026-05-12 10:10:00,23.49276689853404
2026-05-12 10:11:00,23.49276689853404
2026-05-12 10:12:00,23.49276689853404
2026-05-12 10:13:00,23.49276689853404
2026-05-12 10:14:00,23.49276689853404
2026-05-12 10:15:00,23.49276689853404
2026-05-12 10:16:00,23.49276689853404
2026-05-12 10:17:00,23.49276689853404
2026-05-12 10:18:00,23.49276689853404
2026-05-12 10:19:00,23.49276689853404
2026-05-12 10:20:00,23.49276689853404
2026-05-12 10:21:00,23.49276689853404
2026-05-12 10:22:00,23.49276689853404
2026-05-12 10:23:00,23.49276689853404
2026-05-12 10:24:00,23.49276689853404
2026-05-12 10:25:00,23.49276689853404
2026-05-12 10:26:00,23.49276689853404
2026-05-12 10:27:00,23.49276689853404
2026-05-12 10:28:00,23.49276689853404
2026-05-12 10:29:00,23.49276689853404
2026-05-12 10:30:00,23.49276689853404
2026-05-12 10:31:00,23.49276689853404
2026-05-12 10:32:00,23.49276689853404
2026-05-12 10:33:00,23.49276689853404
2026-05-12 10:34:00,23.49276689853404
2026-05-12 10:35:00,23.49276689853404
2026-05-12 10:36:00,23.49276689853404
2026-05-12 10:37:00,23.49276689853404
2026-05-12 10:38:00,23.49276689853404
2026-05-12 10:39:00,23.49276689853404
2026-05-12 10:40:00,23.49276689853404
2026-05-12 10:41:00,23.49276689853404
2026-05-12 10:42:00,23.49276689853404
2026-05-12 10:43:00,23.49276689853404
2026-05-12 10:44:00,23.49276689853404
2026-05-12 10:45:00,23.49276689853404
2026-05-12 10:46:00,23.49276689853404
2026-05-12 10:47:00,23.49276689853404
2026-05-12 10:48:00,23.49276689853404
2026-05-12 10:49:00,23.49276689853404
2026-05-12 10:50:00,23.49276689853404
2026-05-12 10:51:00,23.49276689853404
2026-05-12 10:52:00,23.49276689853404
2026-05-12 10:53:00,23.49276689853404
2026-05-12 10:54:00,23.49276689853404
2026-05-12 10:55:00,23.49276689853404
2026-05-12 10:56:00,23.49276689853404
2026-05-12 10:57:00,23.49276689853404
2026-05-12 10:58:00,23.49276689853404
2026-05-12 10:59:00,23.49276689853404
2026-05-12 11:00:00,23.49276689853404
2026-05-12 11:01:00,23.49276689853404
2026-05-12 11:02:00,23.49276689853404
2026-05-12 11:03:00,23.49276689853404
2026-05-12 11:04:00,23.49276689853404
2026-05-12 11:05:00,23.49276689853404
2026-05-12 11:06:00,23.49276689853404
2026-05-12 11:07:00,23.49276689853404
2026-05-12 11:08:00,23.49276689853404
2026-05-12 11:09:00,23.49276689853404
2026-05-12 11:10:00,23.49276689853404
2026-05-12 11:11:00,23.49276689853404
2026-05-12 11:12:00,23.49276689853404
2026-05-12 11:13:00,23.49276689853404
2026-05-12 11:14:00,23.49276689853404
2026-05-12 11:15:00,23.49276689853404
2026-05-12 11:16:00,23.49276689853404
2026-05-12 11:17:00,23.49276689853404
2026-05-12 11:18:00,23.49276689853404
2026-05-12 11:19:00,23.49276689853404
2026-05-12 11:20:00,23.49276689853404
2026-05-12 11:21:00,23.49276689853404
2026-05-12 11:22:00,23.49276689853404
2026-05-12 11:23:00,23.49276689853404
2026-05-12 11:24:00,23.49276689853404
2026-05-12 11:25:00,23.49276689853404
2026-05-12 11:26:00,23.49276689853404
2026-05-12 11:27:00,23.49276689853404
2026-05-12 11:28:00,23.49276689853404
2026-05-12 11:29:00,23.49276689853404
2026-05-12 11:30:00,23.49276689853404
2026-05-12 11:31:00,23.49276689853404
2026-05-12 11:32:00,23.49276689853404
2026-05-12 11:33:00,23.49276689853404
2026-05-12 11:34:00,23.49276689853404
2026-05-12 11:35:00,23.49276689853404
2026-05-12 11:36:00,23.49276689853404
2026-05-12 11:37:00,23.49276689853404
2026-05-12 11:38:00,23.49276689853404
2026-05-12 11:39:00,23.49276689853404
2026-05-12 11:40:00,23.49276689853404
2026-05-12 11:41:00,23.49276689853404
2026-05-12 11:42:00,23.49276689853404
2026-05-12 11:43:00,23.49276689853404
2026-05-12 11:44:00,23.49276689853404
2026-05-12 11:45:00,23.49276689853404
2026-05-12 11:46:00,23.49276689853404
2026-05-12 11:47:00,23.49276689853404
2026-05-12 11:48:00,23.49276689853404
2026-05-12 11:49:00,23.49276689853404
2026-05-12 11:50:00,23.49276689853404
2026-05-12 11:51:00,23.49276689853404
2026-05-12 11:52:00,23.49276689853404
2026-05-12 11:53:00,23.49276689853404
2026-05-12 11:54:00,23.49276689853404
2026-05-12 11:55:00,23.49276689853404
2026-05-12 11:56:00,23.49276689853404
2026-05-12 11:57:00,23.49276689853404
2026-05-12 11:58:00,23.49276689853404
2026-05-12 11:59:00,23.49276689853404
2026-05-12 12:00:00,23.49276689853404
2026-05-12 12:01:00,23.49276689853404
2026-05-12 12:02:00,23.49276689853404
2026-05-12 12:03:00,23.49276689853404
2026-05-12 12:04:00,23.49276689853404
2026-05-12 12:05:00,23.49276689853404
2026-05-12 12:06:00,23.49276689853404
2026-05-12 12:07:00,23.49276689853404
2026-05-12 12:08:00,23.49276689853404
2026-05-12 12:09:00,23.49276689853404
2026-05-12 12:10:00,23.49276689853404
2026-05-12 12:11:00,23.49276689853404
2026-05-12 12:12:00,23.49276689853404
2026-05-12 12:13:00,23.49276689853404
2026-05-12 12:14:00,23.49276689853404
2026-05-12 12:15:00,23.49276689853404
2026-05-12 12:16:00,23.49276689853404
2026-05-12 12:17:00,23.49276689853404
2026-05-12 12:18:00,23.49276689853404
2026-05-12 12:19:00,23.49276689853404
2026-05-12 12:20:00,23.49276689853404
2026-05-12 12:21:00,23.49276689853404
2026-05-12 12:22:00,23.49276689853404
2026-05-12 12:23:00,23.49276689853404
2026-05-12 12:24:00,23.49276689853404
2026-05-12 12:25:00,23.49276689853404
2026-05-12 12:26:00,23.49276689853404
2026-05-12 12:27:00,23.49276689853404
2026-05-12 12:28:00,23.49276689853404
2026-05-12 12:29:00,23.49276689853404
2026-05-12 12:30:00,23.49276689853404
2026-05-12 12:31:00,23.49276689853404
2026-05-12 12:32:00,23.49276689853404
2026-05-12 12:33:00,23.49276689853404
2026-05-12 12:34:00,23.49276689853404
2026-05-12 12:35:00,23.49276689853404
2026-05-12 12:36:00,23.49276689853404
2026-05-12 12:37:00,23.49276689853404
2026-05-12 12:38:00,23.49276689853404
2026-05-12 12:39:00,23.49276689853404
2026-05-12 12:40:00,23.49276689853404
2026-05-12 12:41:00,23.49276689853404
2026-05-12 12:42:00,23.49276689853404
2026-05-12 12:43:00,23.49276689853404
2026-05-12 12:44:00,23.49276689853404
2026-05-12 12:45:00,23.49276689853404
2026-05-12 12:46:00,23.49276689853404
2026-05-12 12:47:00,23.49276689853404
2026-05-12 12:48:00,23.49276689853404
2026-05-12 12:49:00,23.49276689853404
2026-05-12 12:50:00,23.49276689853404
2026-05-12 12:51:00,23.49276689853404
2026-05-12 12:52:00,23.49276689853404
2026-05-12 12:53:00,23.49276689853404
2026-05-12 12:54:00,23.49276689853404
2026-05-12 12:55:00,23.49276689853404
2026-05-12 12:56:00,23.49276689853404
2026-05-12 12:57:00,23.49276689853404
2026-05-12 12:58:00,23.49276689853404
2026-05-12 12:59:00,23.49276689853404
2026-05-12 13:00:00,23.49276689853404
2026-05-12 13:01:00,23.49276689853404
2026-05-12 13:02:00,23.49276689853404
2026-05-12 13:03:00,23.49276689853404
2026-05-12 13:04:00,23.49276689853404
2026-05-12 13:05:00,23.49276689853404
2026-05-12 13:06:00,23.49276689853404
2026-05-12 13:07:00,23.49276689853404
2026-05-12 13:08:00,23.49276689853404
2026-05-12 13:09:00,23.49276689853404
2026-05-12 13:10:00,23.49276689853404
2026-05-12 13:11:00,23.49276689853404
2026-05-12 13:12:00,23.49276689853404
2026-05-12 13:13:00,23.49276689853404
2026-05-12 13:14:00,23.49276689853404
2026-05-12 13:15:00,23.49276689853404
2026-05-12 13:16:00,23.49276689853404
2026-05-12 13:17:00,23.49276689853404
2026-05-12 13:18:00,23.49276689853404
2026-05-12 13:19:00,23.49276689853404
2026-05-12 13:20:00,23.49276689853404
2026-05-12 13:21:00,23.49276689853404
2026-05-12 13:22:00,23.49276689853404
2026-05-12 13:23:00,23.49276689853404
2026-05-12 13:24:00,23.49276689853404
2026-05-12 13:25:00,23.49276689853404
2026-05-12 13:26:00,23.49276689853404
2026-05-12 13:27:00,23.49276689853404
2026-05-12 13:28:00,23.49276689853404
2026-05-12 13:29:00,23.49276689853404
2026-05-12 13:30:00,23.49276689853404
2026-05-12 13:31:00,23.49276689853404
2026-05-12 13:32:00,23.49276689853404
2026-05-12 13:33:00,23.49276689853404
2026-05-12 13:34:00,23.49276689853404
2026-05-12 13:35:00,23.49276689853404
2026-05-12 13:36:00,23.49276689853404
2026-05-12 13:37:00,23.49276689853404
2026-05-12 13:38:00,23.49276689853404
2026-05-12 13:39:00,23.49276689853404
2026-05-12 13:40:00,23.49276689853404
2026-05-12 13:41:00,23.49276689853404
2026-05-12 13:42:00,23.49276689853404
2026-05-12 13:43:00,23.49276689853404
2026-05-12 13:44:00,23.49276689853404
2026-05-12 13:45:00,23.49276689853404
2026-05-12 13:46:00,23.49276689853404
2026-05-12 13:47:00,23.49276689853404
2026-05-12 13:48:00,23.49276689853404
2026-05-12 13:49:00,23.49276689853404
2026-05-12 13:50:00,23.49276689853404
2026-05-12 13:51:00,23.49276689853404
2026-05-12 13:52:00,23.49276689853404
2026-05-12 13:53:00,23.49276689853404
2026-05-12 13:54:00,23.49276689853404
2026-05-12 13:55:00,23.49276689853404
2026-05-12 13:56:00,23.49276689853404
2026-05-12 13:57:00,23.49276689853404
2026-05-12 13:58:00,23.49276689853404
2026-05-12 13:59:00,23.49276689853404
2026-05-12 14:00:00,23.49276689853404
2026-05-12 14:01:00,23.49276689853404
2026-05-12 14:02:00,23.49276689853404
2026-05-12 14:03:00,23.49276689853404
2026-05-12 14:04:00,23.49276689853404
2026-05-12 14:05:00,23.49276689853404
2026-05-12 14:06:00,23.49276689853404
2026-05-12 14:07:00,23.49276689853404
2026-05-12 14:08:00,23.49276689853404
2026-05-12 14:09:00,23.49276689853404
2026-05-12 14:10:00,23.49276689853404
2026-05-12 14:11:00,23.49276689853404
2026-05-12 14:12:00,23.49276689853404
2026-05-12 14:13:00,23.49276689853404
2026-05-12 14:14:00,23.49276689853404
2026-05-12 14:15:00,23.49276689853404
2026-05-12 14:16:00,23.49276689853404
2026-05-12 14:17:00,23.49276689853404
2026-05-12 14:18:00,23.49276689853404
2026-05-12 14:19:00,23.49276689853404
2026-05-12 14:20:00,23.49276689853404
2026-05-12 14:21:00,23.49276689853404
2026-05-12 14:22:00,23.49276689853404
2026-05-12 14:23:00,23.49276689853404
2026-05-12 14:24:00,23.49276689853404
2026-05-12 14:25:00,23.49276689853404
2026-05-12 14:26:00,23.49276689853404
2026-05-12 14:27:00,23.49276689853404
2026-05-12 14:28:00,23.49276689853404
2026-05-12 14:29:00,23.49276689853404
2026-05-12 14:30:00,23.49276689853404
2026-05-12 14:31:00,23.49276689853404
2026-05-12 14:32:00,23.49276689853404
2026-05-12 14:33:00,23.49276689853404
2026-05-12 14:34:00,23.49276689853404
2026-05-12 14:35:00,23.49276689853404
2026-05-12 14:36:00,23.49276689853404
2026-05-12 14:37:00,23.49276689853404
2026-05-12 14:38:00,23.49276689853404
2026-05-12 14:39:00,23.49276689853404
2026-05-12 14:40:00,23.49276689853404
2026-05-12 14:41:00,23.49276689853404
2026-05-12 14:42:00,23.49276689853404
2026-05-12 14:43:00,23.49276689853404
2026-05-12 14:44:00,23.49276689853404
2026-05-12 14:45:00,23.49276689853404
2026-05-12 14:46:00,23.49276689853404
2026-05-12 14:47:00,23.49276689853404
2026-05-12 14:48:00,23.49276689853404
2026-05-12 14:49:00,23.49276689853404
2026-05-12 14:50:00,23.49276689853404
2026-05-12 14:51:00,23.49276689853404
2026-05-12 14:52:00,23.49276689853404
2026-05-12 14:53:00,23.49276689853404
2026-05-12 14:54:00,23.49276689853404
2026-05-12 14:55:00,23.49276689853404
2026-05-12 14:56:00,23.49276689853404
2026-05-12 14:57:00,23.49276689853404
2026-05-12 14:58:00,23.49276689853404
2026-05-12 14:59:00,23.49276689853404
2026-05-12 15:00:00,23.49276689853404
2026-05-12 15:01:00,23.49276689853404
2026-05-12 15:02:00,23.49276689853404
2026-05-12 15:03:00,23.49276689853404
2026-05-12 15:04:00,23.49276689853404
2026-05-12 15:05:00,23.49276689853404
2026-05-12 15:06:00,23.49276689853404
2026-05-12 15:07:00,23.49276689853404
2026-05-12 15:08:00,23.49276689853404
2026-05-12 15:09:00,23.49276689853404
2026-05-12 15:10:00,23.49276689853404
2026-05-12 15:11:00,23.49276689853404
2026-05-12 15:12:00,23.49276689853404
2026-05-12 15:13:00,23.49276689853404
2026-05-12 15:14:00,23.49276689853404
2026-05-12 15:15:00,23.49276689853404
2026-05-12 15:16:00,23.49276689853404
2026-05-12 15:17:00,23.49276689853404
2026-05-12 15:18:00,23.49276689853404
2026-05-12 15:19:00,23.49276689853404
2026-05-12 15:20:00,23.49276689853404
2026-05-12 15:21:00,23.49276689853404
2026-05-12 15:22:00,23.49276689853404
2026-05-12 15:23:00,23.49276689853404
2026-05-12 15:24:00,23.49276689853404
2026-05-12 15:25:00,23.49276689853404
2026-05-12 15:26:00,23.49276689853404
2026-05-12 15:27:00,23.49276689853404
2026-05-12 15:28:00,23.49276689853404
2026-05-12 15:29:00,23.49276689853404
2026-05-12 15:30:00,23.49276689853404
2026-05-12 15:31:00,23.49276689853404
2026-05-12 15:32:00,23.49276689853404
2026-05-12 15:33:00,23.49276689853404
2026-05-12 15:34:00,23.49276689853404
2026-05-12 15:35:00,23.49276689853404
2026-05-12 15:36:00,23.49276689853404
2026-05-12 15:37:00,23.49276689853404
2026-05-12 15:38:00,23.49276689853404
2026-05-12 15:39:00,23.49276689853404
2026-05-12 15:40:00,23.49276689853404
2026-05-12 15:41:00,23.49276689853404
2026-05-12 15:42:00,23.49276689853404
2026-05-12 15:43:00,23.49276689853404
2026-05-12 15:44:00,23.49276689853404
2026-05-12 15:45:00,23.49276689853404
2026-05-12 15:46:00,23.49276689853404
2026-05-12 15:47:00,23.49276689853404
2026-05-12 15:48:00,23.49276689853404
2026-05-12 15:49:00,23.49276689853404
2026-05-12 15:50:00,23.49276689853404
2026-05-12 15:51:00,23.49276689853404
2026-05-12 15:52:00,23.49276689853404
2026-05-12 15:53:00,23.49276689853404
2026-05-12 15:54:00,23.49276689853404
2026-05-12 15:55:00,23.49276689853404
2026-05-12 15:56:00,23.49276689853404
2026-05-12 15:57:00,23.49276689853404
2026-05-12 15:58:00,23.49276689853404
2026-05-12 15:59:00,23.49276689853404
2026-05-12 16:00:00,23.49276689853404
2026-05-12 16:01:00,23.49276689853404
2026-05-12 16:02:00,23.49276689853404
2026-05-12 16:03:00,23.49276689853404
2026-05-12 16:04:00,23.49276689853404
2026-05-12 16:05:00,23.49276689853404
2026-05-12 16:06:00,23.49276689853404
2026-05-12 16:07:00,23.49276689853404
2026-05-12 16:08:00,23.49276689853404
2026-05-12 16:09:00,23.49276689853404
2026-05-12 16:10:00,23.49276689853404
2026-05-12 16:11:00,23.49276689853404
2026-05-12 16:12:00,23.49276689853404
2026-05-12 16:13:00,23.49276689853404
2026-05-12 16:14:00,23.49276689853404
2026-05-12 16:15:00,23.49276689853404
2026-05-12 16:16:00,23.49276689853404
2026-05-12 16:17:00,23.49276689853404
2026-05-12 16:18:00,23.49276689853404
2026-05-12 16:19:00,23.49276689853404
2026-05-12 16:20:00,23.49276689853404
2026-05-12 16:21:00,23.49276689853404
2026-05-12 16:22:00,23.49276689853404
2026-05-12 16:23:00,23.49276689853404
2026-05-12 16:24:00,23.49276689853404
2026-05-12 16:25:00,23.49276689853404
2026-05-12 16:26:00,23.49276689853404
2026-05-12 16:27:00,23.49276689853404
2026-05-12 16:28:00,23.49276689853404
2026-05-12 16:29:00,23.49276689853404
2026-05-12 16:30:00,23.49276689853404
2026-05-12 16:31:00,23.49276689853404
2026-05-12 16:32:00,23.49276689853404
2026-05-12 16:33:00,23.49276689853404
2026-05-12 16:34:00,23.49276689853404
2026-05-12 16:35:00,23.49276689853404
2026-05-12 16:36:00,23.49276689853404
2026-05-12 16:37:00,23.49276689853404
2026-05-12 16:38:00,23.49276689853404
2026-05-12 16:39:00,23.49276689853404
2026-05-12 16:40:00,23.49276689853404
2026-05-12 16:41:00,23.49276689853404
2026-05-12 16:42:00,23.49276689853404
2026-05-12 16:43:00,23.49276689853404
2026-05-12 16:44:00,23.49276689853404
2026-05-12 16:45:00,23.49276689853404
2026-05-12 16:46:00,23.49276689853404
2026-05-12 16:47:00,23.49276689853404
2026-05-12 16:48:00,23.49276689853404
2026-05-12 16:49:00,23.49276689853404
2026-05-12 16:50:00,23.49276689853404
2026-05-12 16:51:00,23.49276689853404
2026-05-12 16:52:00,23.49276689853404
2026-05-12 16:53:00,23.49276689853404
2026-05-12 16:54:00,23.49276689853404
2026-05-12 16:55:00,23.49276689853404
2026-05-12 16:56:00,23.49276689853404
2026-05-12 16:57:00,23.49276689853404
2026-05-12 16:58:00,23.49276689853404
2026-05-12 16:59:00,23.49276689853404
2026-05-12 17:00:00,23.49276689853404
2026-05-12 17:01:00,23.49276689853404
2026-05-12 17:02:00,23.49276689853404
2026-05-12 17:03:00,23.49276689853404
2026-05-12 17:04:00,23.49276689853404
2026-05-12 17:05:00,23.49276689853404
2026-05-12 17:06:00,23.49276689853404
2026-05-12 17:07:00,23.49276689853404
2026-05-12 17:08:00,23.49276689853404
2026-05-12 17:09:00,23.49276689853404
2026-05-12 17:10:00,23.49276689853404
2026-05-12 17:11:00,23.49276689853404
2026-05-12 17:12:00,23.49276689853404
2026-05-12 17:13:00,23.49276689853404
2026-05-12 17:14:00,23.49276689853404
2026-05-12 17:15:00,23.49276689853404
2026-05-12 17:16:00,23.49276689853404
2026-05-12 17:17:00,23.49276689853404
2026-05-12 17:18:00,23.49276689853404
2026-05-12 17:19:00,23.49276689853404
2026-05-12 17:20:00,23.49276689853404
2026-05-12 17:21:00,23.49276689853404
2026-05-12 17:22:00,23.49276689853404
2026-05-12 17:23:00,23.49276689853404
2026-05-12 17:24:00,23.49276689853404
2026-05-12 17:25:00,23.49276689853404
2026-05-12 17:26:00,23.49276689853404
2026-05-12 17:27:00,23.49276689853404
2026-05-12 17:28:00,23.49276689853404
2026-05-12 17:29:00,23.49276689853404
2026-05-12 17:30:00,23.49276689853404
2026-05-12 17:31:00,23.49276689853404
2026-05-12 17:32:00,23.49276689853404
2026-05-12 17:33:00,23.49276689853404
2026-05-12 17:34:00,23.49276689853404
2026-05-12 17:35:00,23.49276689853404
2026-05-12 17:36:00,23.49276689853404
2026-05-12 17:37:00,23.49276689853404
2026-05-12 17:38:00,23.49276689853404
2026-05-12 17:39:00,23.49276689853404
2026-05-12 17:40:00,23.49276689853404
2026-05-12 17:41:00,23.49276689853404
2026-05-12 17:42:00,23.49276689853404
2026-05-12 17:43:00,23.49276689853404
2026-05-12 17:44:00,23.49276689853404
2026-05-12 17:45:00,23.49276689853404
2026-05-12 17:46:00,23.49276689853404
2026-05-12 17:47:00,23.49276689853404
2026-05-12 17:48:00,23.49276689853404
2026-05-12 17:49:00,23.49276689853404
2026-05-12 17:50:00,23.49276689853404
2026-05-12 17:51:00,23.49276689853404
2026-05-12 17:52:00,23.49276689853404
2026-05-12 17:53:00,23.49276689853404
2026-05-12 17:54:00,23.49276689853404
2026-05-12 17:55:00,23.49276689853404
2026-05-12 17:56:00,23.49276689853404
2026-05-12 17:57:00,23.49276689853404
2026-05-12 17:58:00,23.49276689853404
2026-05-12 17:59:00,23.49276689853404
2026-05-12 18:00:00,23.49276689853404
2026-05-12 18:01:00,23.49276689853404
2026-05-12 18:02:00,23.49276689853404
2026-05-12 18:03:00,23.49276689853404
2026-05-12 18:04:00,23.49276689853404
2026-05-12 18:05:00,23.49276689853404
2026-05-12 18:06:00,23.49276689853404
2026-05-12 18:07:00,23.49276689853404
2026-05-12 18:08:00,23.49276689853404
2026-05-12 18:09:00,23.49276689853404
2026-05-12 18:10:00,23.49276689853404
2026-05-12 18:11:00,23.49276689853404
2026-05-12 18:12:00,23.49276689853404
2026-05-12 18:13:00,23.49276689853404
2026-05-12 18:14:00,23.49276689853404
2026-05-12 18:15:00,23.49276689853404
2026-05-12 18:16:00,23.49276689853404
2026-05-12 18:17:00,23.49276689853404
2026-05-12 18:18:00,23.49276689853404
2026-05-12 18:19:00,23.49276689853404
2026-05-12 18:20:00,23.49276689853404
2026-05-12 18:21:00,23.49276689853404
2026-05-12 18:22:00,23.49276689853404
2026-05-12 18:23:00,23.49276689853404
2026-05-12 18:24:00,23.49276689853404
2026-05-12 18:25:00,23.49276689853404
2026-05-12 18:26:00,23.49276689853404
2026-05-12 18:27:00,23.49276689853404
2026-05-12 18:28:00,23.49276689853404
2026-05-12 18:29:00,23.49276689853404
2026-05-12 18:30:00,23.49276689853404
2026-05-12 18:31:00,23.49276689853404
2026-05-12 18:32:00,23.49276689853404
2026-05-12 18:33:00,23.49276689853404
2026-05-12 18:34:00,23.49276689853404
2026-05-12 18:35:00,23.49276689853404
2026-05-12 18:36:00,23.49276689853404
2026-05-12 18:37:00,23.49276689853404
2026-05-12 18:38:00,23.49276689853404
2026-05-12 18:39:00,23.49276689853404
2026-05-12 18:40:00,23.49276689853404
2026-05-12 18:41:00,23.49276689853404
2026-05-12 18:42:00,23.49276689853404
2026-05-12 18:43:00,23.49276689853404
2026-05-12 18:44:00,23.49276689853404
2026-05-12 18:45:00,23.49276689853404
2026-05-12 18:46:00,23.49276689853404
2026-05-12 18:47:00,23.49276689853404
2026-05-12 18:48:00,23.49276689853404
2026-05-12 18:49:00,23.49276689853404
2026-05-12 18:50:00,23.49276689853404
2026-05-12 18:51:00,23.49276689853404
2026-05-12 18:52:00,23.49276689853404
2026-05-12 18:53:00,23.49276689853404
2026-05-12 18:54:00,23.49276689853404
2026-05-12 18:55:00,23.49276689853404
2026-05-12 18:56:00,23.49276689853404
2026-05-12 18:57:00,23.49276689853404
2026-05-12 18:58:00,23.49276689853404
2026-05-12 18:59:00,23.49276689853404
2026-05-12 19:00:00,23.49276689853404
2026-05-12 19:01:00,23.49276689853404
2026-05-12 19:02:00,23.49276689853404
2026-05-12 19:03:00,23.49276689853404
2026-05-12 19:04:00,23.49276689853404
2026-05-12 19:05:00,23.49276689853404
2026-05-12 19:06:00,23.49276689853404
2026-05-12 19:07:00,23.49276689853404
2026-05-12 19:08:00,23.49276689853404
2026-05-12 19:09:00,23.49276689853404
2026-05-12 19:10:00,23.49276689853404
2026-05-12 19:11:00,23.49276689853404
2026-05-12 19:12:00,23.49276689853404
2026-05-12 19:13:00,23.49276689853404
2026-05-12 19:14:00,23.49276689853404
2026-05-12 19:15:00,23.49276689853404
2026-05-12 19:16:00,23.49276689853404
2026-05-12 19:17:00,23.49276689853404
2026-05-12 19:18:00,23.49276689853404
2026-05-12 19:19:00,23.49276689853404
2026-05-12 19:20:00,23.49276689853404
2026-05-12 19:21:00,23.49276689853404
2026-05-12 19:22:00,23.49276689853404
2026-05-12 19:23:00,23.49276689853404
2026-05-12 19:24:00,23.49276689853404
2026-05-12 19:25:00,23.49276689853404
2026-05-12 19:26:00,23.49276689853404
2026-05-12 19:27:00,23.49276689853404
2026-05-12 19:28:00,23.49276689853404
2026-05-12 19:29:00,23.49276689853404
2026-05-12 19:30:00,23.49276689853404
2026-05-12 19:31:00,23.49276689853404
2026-05-12 19:32:00,23.49276689853404
2026-05-12 19:33:00,23.49276689853404
2026-05-12 19:34:00,23.49276689853404
2026-05-12 19:35:00,23.49276689853404
2026-05-12 19:36:00,23.49276689853404
2026-05-12 19:37:00,23.49276689853404
2026-05-12 19:38:00,23.49276689853404
2026-05-12 19:39:00,23.49276689853404
2026-05-12 19:40:00,23.49276689853404
2026-05-12 19:41:00,23.49276689853404
2026-05-12 19:42:00,23.49276689853404
2026-05-12 19:43:00,23.49276689853404
2026-05-12 19:44:00,23.49276689853404
2026-05-12 19:45:00,23.49276689853404
2026-05-12 19:46:00,23.49276689853404
2026-05-12 19:47:00,23.49276689853404
2026-05-12 19:48:00,23.49276689853404
2026-05-12 19:49:00,23.49276689853404
2026-05-12 19:50:00,23.49276689853404
2026-05-12 19:51:00,23.49276689853404
2026-05-12 19:52:00,23.49276689853404
2026-05-12 19:53:00,23.49276689853404
2026-05-12 19:54:00,23.49276689853404
2026-05-12 19:55:00,23.49276689853404
2026-05-12 19:56:00,23.49276689853404
2026-05-12 19:57:00,23.49276689853404
2026-05-12 19:58:00,23.49276689853404
2026-05-12 19:59:00,23.49276689853404
2026-05-12 20:00:00,23.49276689853404
2026-05-12 20:01:00,23.49276689853404
2026-05-12 20:02:00,23.49276689853404
2026-05-12 20:03:00,23.49276689853404
2026-05-12 20:04:00,23.49276689853404
2026-05-12 20:05:00,23.49276689853404
2026-05-12 20:06:00,23.49276689853404
2026-05-12 20:07:00,23.49276689853404
2026-05-12 20:08:00,23.49276689853404
2026-05-12 20:09:00,23.49276689853404
2026-05-12 20:10:00,23.49276689853404
2026-05-12 20:11:00,23.49276689853404
2026-05-12 20:12:00,23.49276689853404
2026-05-12 20:13:00,23.49276689853404
2026-05-12 20:14:00,23.49276689853404
2026-05-12 20:15:00,23.49276689853404
2026-05-12 20:16:00,23.49276689853404
2026-05-12 20:17:00,23.49276689853404
2026-05-12 20:18:00,23.49276689853404
2026-05-12 20:19:00,23.49276689853404
2026-05-12 20:20:00,23.49276689853404
2026-05-12 20:21:00,23.49276689853404
2026-05-12 20:22:00,23.49276689853404
2026-05-12 20:23:00,23.49276689853404
2026-05-12 20:24:00,23.49276689853404
2026-05-12 20:25:00,23.49276689853404
2026-05-12 20:26:00,23.49276689853404
2026-05-12 20:27:00,23.49276689853404
2026-05-12 20:28:00,23.49276689853404
2026-05-12 20:29:00,23.49276689853404
2026-05-12 20:30:00,23.49276689853404
2026-05-12 20:31:00,23.49276689853404
2026-05-12 20:32:00,23.49276689853404
2026-05-12 20:33:00,23.49276689853404
2026-05-12 20:34:00,23.49276689853404
2026-05-12 20:35:00,23.49276689853404
2026-05-12 20:36:00,23.49276689853404
2026-05-12 20:37:00,23.49276689853404
2026-05-12 20:38:00,23.49276689853404
2026-05-12 20:39:00,23.49276689853404
2026-05-12 20:40:00,23.49276689853404
2026-05-12 20:41:00,23.49276689853404
2026-05-12 20:42:00,23.49276689853404
2026-05-12 20:43:00,23.49276689853404
2026-05-12 20:44:00,23.49276689853404
2026-05-12 20:45:00,23.49276689853404
2026-05-12 20:46:00,23.49276689853404
2026-05-12 20:47:00,23.49276689853404
2026-05-12 20:48:00,23.49276689853404
2026-05-12 20:49:00,23.49276689853404
2026-05-12 20:50:00,23.49276689853404
2026-05-12 20:51:00,23.49276689853404
2026-05-12 20:52:00,23.49276689853404
2026-05-12 20:53:00,23.49276689853404
2026-05-12 20:54:00,23.49276689853404
2026-05-12 20:55:00,23.49276689853404
2026-05-12 20:56:00,23.49276689853404
2026-05-12 20:57:00,23.49276689853404
2026-05-12 20:58:00,23.49276689853404
2026-05-12 20:59:00,23.49276689853404
2026-05-12 21:00:00,23.49276689853404
2026-05-12 21:01:00,23.49276689853404
2026-05-12 21:02:00,23.49276689853404
2026-05-12 21:03:00,23.49276689853404
2026-05-12 21:04:00,23.49276689853404
2026-05-12 21:05:00,23.49276689853404
2026-05-12 21:06:00,23.49276689853404
2026-05-12 21:07:00,23.49276689853404
2026-05-12 21:08:00,23.49276689853404
2026-05-12 21:09:00,23.49276689853404
2026-05-12 21:10:00,23.49276689853404
2026-05-12 21:11:00,23.49276689853404
2026-05-12 21:12:00,23.49276689853404
2026-05-12 21:13:00,23.49276689853404
2026-05-12 21:14:00,23.49276689853404
2026-05-12 21:15:00,23.49276689853404
2026-05-12 21:16:00,23.49276689853404
2026-05-12 21:17:00,23.49276689853404
2026-05-12 21:18:00,23.49276689853404
2026-05-12 21:19:00,23.49276689853404
2026-05-12 21:20:00,23.49276689853404
2026-05-12 21:21:00,23.49276689853404
2026-05-12 21:22:00,23.49276689853404
2026-05-12 21:23:00,23.49276689853404
2026-05-12 21:24:00,23.49276689853404
2026-05-12 21:25:00,23.49276689853404
2026-05-12 21:26:00,23.49276689853404
2026-05-12 21:27:00,23.49276689853404
2026-05-12 21:28:00,23.49276689853404
2026-05-12 21:29:00,23.49276689853404
2026-05-12 21:30:00,23.49276689853404
2026-05-12 21:31:00,23.49276689853404
2026-05-12 21:32:00,23.49276689853404
2026-05-12 21:33:00,23.49276689853404
2026-05-12 21:34:00,23.49276689853404
2026-05-12 21:35:00,23.49276689853404
2026-05-12 21:36:00,23.49276689853404
2026-05-12 21:37:00,23.49276689853404
2026-05-12 21:38:00,23.49276689853404
2026-05-12 21:39:00,23.49276689853404
2026-05-12 21:40:00,23.49276689853404
2026-05-12 21:41:00,23.49276689853404
2026-05-12 21:42:00,23.49276689853404
2026-05-12 21:43:00,23.49276689853404
2026-05-12 21:44:00,23.49276689853404
2026-05-12 21:45:00,23.49276689853404
2026-05-12 21:46:00,23.49276689853404
2026-05-12 21:47:00,23.49276689853404
2026-05-12 21:48:00,23.49276689853404
2026-05-12 21:49:00,23.49276689853404
2026-05-12 21:50:00,23.49276689853404
2026-05-12 21:51:00,23.49276689853404
2026-05-12 21:52:00,23.49276689853404
2026-05-12 21:53:00,23.49276689853404
2026-05-12 21:54:00,23.49276689853404
2026-05-12 21:55:00,23.49276689853404
2026-05-12 21:56:00,23.49276689853404
2026-05-12 21:57:00,23.49276689853404
2026-05-12 21:58:00,23.49276689853404
2026-05-12 21:59:00,23.49276689853404
2026-05-12 22:00:00,23.49276689853404
2026-05-12 22:01:00,23.49276689853404
2026-05-12 22:02:00,23.49276689853404
2026-05-12 22:03:00,23.49276689853404
2026-05-12 22:04:00,23.49276689853404
2026-05-12 22:05:00,23.49276689853404
2026-05-12 22:06:00,23.49276689853404
2026-05-12 22:07:00,23.49276689853404
2026-05-12 22:08:00,23.49276689853404
2026-05-12 22:09:00,23.49276689853404
2026-05-12 22:10:00,23.49276689853404
2026-05-12 22:11:00,23.49276689853404
2026-05-12 22:12:00,23.49276689853404
2026-05-12 22:13:00,23.49276689853404
2026-05-12 22:14:00,23.49276689853404
2026-05-12 22:15:00,23.49276689853404
2026-05-12 22:16:00,23.49276689853404
2026-05-12 22:17:00,23.49276689853404
2026-05-12 22:18:00,23.49276689853404
2026-05-12 22:19:00,23.49276689853404
2026-05-12 22:20:00,23.49276689853404
2026-05-12 22:21:00,23.49276689853404
2026-05-12 22:22:00,23.49276689853404
2026-05-12 22:23:00,23.49276689853404
2026-05-12 22:24:00,23.49276689853404
2026-05-12 22:25:00,23.49276689853404
2026-05-12 22:26:00,23.49276689853404
2026-05-12 22:27:00,23.49276689853404
2026-05-12 22:28:00,23.49276689853404
2026-05-12 22:29:00,23.49276689853404
2026-05-12 22:30:00,23.49276689853404
2026-05-12 22:31:00,23.49276689853404
2026-05-12 22:32:00,23.49276689853404
2026-05-12 22:33:00,23.49276689853404
2026-05-12 22:34:00,23.49276689853404
2026-05-12 22:35:00,23.49276689853404
2026-05-12 22:36:00,23.49276689853404
2026-05-12 22:37:00,23.49276689853404
2026-05-12 22:38:00,23.49276689853404
2026-05-12 22:39:00,23.49276689853404
2026-05-12 22:40:00,23.49276689853404
2026-05-12 22:41:00,23.49276689853404
2026-05-12 22:42:00,23.49276689853404
2026-05-12 22:43:00,23.49276689853404
2026-05-12 22:44:00,23.49276689853404
2026-05-12 22:45:00,23.49276689853404
2026-05-12 22:46:00,23.49276689853404
2026-05-12 22:47:00,23.49276689853404
2026-05-12 22:48:00,23.49276689853404
2026-05-12 22:49:00,23.49276689853404
2026-05-12 22:50:00,23.49276689853404
2026-05-12 22:51:00,23.49276689853404
2026-05-12 22:52:00,23.49276689853404
2026-05-12 22:53:00,23.49276689853404
2026-05-12 22:54:00,23.49276689853404
2026-05-12 22:55:00,23.49276689853404
2026-05-12 22:56:00,23.49276689853404
2026-05-12 22:57:00,23.49276689853404
2026-05-12 22:58:00,23.49276689853404
2026-05-12 22:59:00,23.49276689853404
2026-05-12 23:00:00,23.49276689853404
2026-05-12 23:01:00,23.49276689853404
2026-05-12 23:02:00,23.49276689853404
2026-05-12 23:03:00,23.49276689853404
2026-05-12 23:04:00,23.49276689853404
2026-05-12 23:05:00,23.49276689853404
2026-05-12 23:06:00,23.49276689853404
2026-05-12 23:07:00,23.49276689853404
2026-05-12 23:08:00,23.49276689853404
2026-05-12 23:09:00,23.49276689853404
2026-05-12 23:10:00,23.49276689853404
2026-05-12 23:11:00,23.49276689853404
2026-05-12 23:12:00,23.49276689853404
2026-05-12 23:13:00,23.49276689853404
2026-05-12 23:14:00,23.49276689853404
2026-05-12 23:15:00,23.49276689853404
2026-05-12 23:16:00,23.49276689853404
2026-05-12 23:17:00,23.49276689853404
2026-05-12 23:18:00,23.49276689853404
2026-05-12 23:19:00,23.49276689853404
2026-05-12 23:20:00,23.49276689853404
2026-05-12 23:21:00,23.49276689853404
2026-05-12 23:22:00,23.49276689853404
2026-05-12 23:23:00,23.49276689853404
2026-05-12 23:24:00,23.49276689853404
2026-05-12 23:25:00,23.49276689853404
2026-05-12 23:26:00,23.49276689853404
2026-05-12 23:27:00,23.49276689853404
2026-05-12 23:28:00,23.49276689853404
2026-05-12 23:29:00,23.49276689853404
2026-05-12 23:30:00,23.49276689853404
2026-05-12 23:31:00,23.49276689853404
2026-05-12 23:32:00,23.49276689853404
2026-05-12 23:33:00,23.49276689853404
2026-05-12 23:34:00,23.49276689853404
2026-05-12 23:35:00,23.49276689853404
2026-05-12 23:36:00,23.49276689853404
2026-05-12 23:37:00,23.49276689853404
2026-05-12 23:38:00,23.49276689853404
2026-05-12 23:39:00,23.49276689853404
2026-05-12 23:40:00,23.49276689853404
2026-05-12 23:41:00,23.49276689853404
2026-05-12 23:42:00,23.49276689853404
2026-05-12 23:43:00,23.49276689853404
2026-05-12 23:44:00,23.49276689853404
2026-05-12 23:45:00,23.49276689853404
2026-05-12 23:46:00,23.49276689853404
2026-05-12 23:47:00,23.49276689853404
2026-05-12 23:48:00,23.49276689853404
2026-05-12 23:49:00,23.49276689853404
2026-05-12 23:50:00,23.49276689853404
2026-05-12 23:51:00,23.49276689853404
2026-05-12 23:52:00,23.49276689853404
2026-05-12 23:53:00,23.49276689853404
2026-05-12 23:54:00,23.49276689853404
2026-05-12 23:55:00,23.49276689853404
2026-05-12 23:56:00,23.49276689853404
2026-05-12 23:57:00,23.49276689853404
2026-05-12 23:58:00,23.49276689853404
2026-05-12 23:59:00,23.49276689853404
2026-05-13 00:00:00,23.49276689853404
2026-05-13 00:01:00,23.49276689853404
2026-05-13 00:02:00,23.49276689853404
2026-05-13 00:03:00,23.49276689853404
2026-05-13 00:04:00,23.49276689853404
2026-05-13 00:05:00,23.49276689853404
2026-05-13 00:06:00,23.49276689853404
2026-05-13 00:07:00,23.49276689853404
2026-05-13 00:08:00,23.49276689853404
2026-05-13 00:09:00,23.49276689853404
2026-05-13 00:10:00,23.49276689853404
2026-05-13 00:11:00,23.49276689853404
2026-05-13 00:12:00,23.49276689853404
2026-05-13 00:13:00,23.49276689853404
2026-05-13 00:14:00,23.49276689853404
2026-05-13 00:15:00,23.49276689853404
2026-05-13 00:16:00,23.49276689853404
2026-05-13 00:17:00,23.49276689853404
2026-05-13 00:18:00,23.49276689853404
2026-05-13 00:19:00,23.49276689853404
2026-05-13 00:20:00,23.49276689853404
2026-05-13 00:21:00,23.49276689853404
2026-05-13 00:22:00,23.49276689853404
2026-05-13 00:23:00,23.49276689853404
2026-05-13 00:24:00,23.49276689853404
2026-05-13 00:25:00,23.49276689853404
2026-05-13 00:26:00,23.49276689853404
2026-05-13 00:27:00,23.49276689853404
2026-05-13 00:28:00,23.49276689853404
2026-05-13 00:29:00,23.49276689853404
2026-05-13 00:30:00,23.49276689853404
2026-05-13 00:31:00,23.49276689853404
2026-05-13 00:32:00,23.49276689853404
2026-05-13 00:33:00,23.49276689853404
2026-05-13 00:34:00,23.49276689853404
2026-05-13 00:35:00,23.49276689853404
2026-05-13 00:36:00,23.49276689853404
2026-05-13 00:37:00,23.49276689853404
2026-05-13 00:38:00,23.49276689853404
2026-05-13 00:39:00,23.49276689853404
2026-05-13 00:40:00,23.49276689853404
2026-05-13 00:41:00,23.49276689853404
2026-05-13 00:42:00,23.49276689853404
2026-05-13 00:43:00,23.49276689853404
2026-05-13 00:44:00,23.49276689853404
2026-05-13 00:45:00,23.49276689853404
2026-05-13 00:46:00,23.49276689853404
2026-05-13 00:47:00,23.49276689853404
2026-05-13 00:48:00,23.49276689853404
2026-05-13 00:49:00,23.49276689853404
2026-05-13 00:50:00,23.49276689853404
2026-05-13 00:51:00,23.49276689853404
2026-05-13 00:52:00,23.49276689853404
2026-05-13 00:53:00,23.49276689853404
2026-05-13 00:54:00,23.49276689853404
2026-05-13 00:55:00,23.49276689853404
2026-05-13 00:56:00,23.49276689853404
2026-05-13 00:57:00,23.49276689853404
2026-05-13 00:58:00,23.49276689853404
2026-05-13 00:59:00,23.49276689853404
2026-05-13 01:00:00,23.49276689853404
2026-05-13 01:01:00,23.49276689853404
2026-05-13 01:02:00,23.49276689853404
2026-05-13 01:03:00,23.49276689853404
2026-05-13 01:04:00,23.49276689853404
2026-05-13 01:05:00,23.49276689853404
2026-05-13 01:06:00,23.49276689853404
2026-05-13 01:07:00,23.49276689853404
2026-05-13 01:08:00,23.49276689853404
2026-05-13 01:09:00,23.49276689853404
2026-05-13 01:10:00,23.49276689853404
2026-05-13 01:11:00,23.49276689853404
2026-05-13 01:12:00,23.49276689853404
2026-05-13 01:13:00,23.49276689853404
2026-05-13 01:14:00,23.49276689853404
2026-05-13 01:15:00,23.49276689853404
2026-05-13 01:16:00,23.49276689853404
2026-05-13 01:17:00,23.49276689853404
2026-05-13 01:18:00,23.49276689853404
2026-05-13 01:19:00,23.49276689853404
2026-05-13 01:20:00,23.49276689853404
2026-05-13 01:21:00,23.49276689853404
2026-05-13 01:22:00,23.49276689853404
2026-05-13 01:23:00,23.49276689853404
2026-05-13 01:24:00,23.49276689853404
2026-05-13 01:25:00,23.49276689853404
2026-05-13 01:26:00,23.49276689853404
2026-05-13 01:27:00,23.49276689853404
2026-05-13 01:28:00,23.49276689853404
2026-05-13 01:29:00,23.49276689853404
2026-05-13 01:30:00,23.49276689853404
2026-05-13 01:31:00,23.49276689853404
2026-05-13 01:32:00,23.49276689853404
2026-05-13 01:33:00,23.49276689853404
2026-05-13 01:34:00,23.49276689853404
2026-05-13 01:35:00,23.49276689853404
2026-05-13 01:36:00,23.49276689853404
2026-05-13 01:37:00,23.49276689853404
2026-05-13 01:38:00,23.49276689853404
2026-05-13 01:39:00,23.49276689853404
2026-05-13 01:40:00,23.49276689853404
2026-05-13 01:41:00,23.49276689853404
2026-05-13 01:42:00,23.49276689853404
2026-05-13 01:43:00,23.49276689853404
2026-05-13 01:44:00,23.49276689853404
2026-05-13 01:45:00,23.49276689853404
2026-05-13 01:46:00,23.49276689853404
2026-05-13 01:47:00,23.49276689853404
2026-05-13 01:48:00,23.49276689853404
2026-05-13 01:49:00,23.49276689853404
2026-05-13 01:50:00,23.49276689853404
2026-05-13 01:51:00,23.49276689853404
2026-05-13 01:52:00,23.49276689853404
2026-05-13 01:53:00,23.49276689853404
2026-05-13 01:54:00,23.49276689853404
2026-05-13 01:55:00,23.49276689853404
2026-05-13 01:56:00,23.49276689853404
2026-05-13 01:57:00,23.49276689853404
2026-05-13 01:58:00,23.49276689853404
2026-05-13 01:59:00,23.49276689853404
2026-05-13 02:00:00,23.49276689853404
2026-05-13 02:01:00,23.49276689853404
2026-05-13 02:02:00,23.49276689853404
2026-05-13 02:03:00,23.49276689853404
2026-05-13 02:04:00,23.49276689853404
2026-05-13 02:05:00,23.49276689853404
2026-05-13 02:06:00,23.49276689853404
2026-05-13 02:07:00,23.49276689853404
2026-05-13 02:08:00,23.49276689853404
2026-05-13 02:09:00,23.49276689853404
2026-05-13 02:10:00,23.49276689853404
2026-05-13 02:11:00,23.49276689853404
2026-05-13 02:12:00,23.49276689853404
2026-05-13 02:13:00,23.49276689853404
2026-05-13 02:14:00,23.49276689853404
2026-05-13 02:15:00,23.49276689853404
2026-05-13 02:16:00,23.49276689853404
2026-05-13 02:17:00,23.49276689853404
2026-05-13 02:18:00,23.49276689853404
2026-05-13 02:19:00,23.49276689853404
2026-05-13 02:20:00,23.49276689853404
2026-05-13 02:21:00,23.49276689853404
2026-05-13 02:22:00,23.49276689853404
2026-05-13 02:23:00,23.49276689853404
2026-05-13 02:24:00,23.49276689853404
2026-05-13 02:25:00,23.49276689853404
2026-05-13 02:26:00,23.49276689853404
2026-05-13 02:27:00,23.49276689853404
2026-05-13 02:28:00,23.49276689853404
2026-05-13 02:29:00,23.49276689853404
2026-05-13 02:30:00,23.49276689853404
2026-05-13 02:31:00,23.49276689853404
2026-05-13 02:32:00,23.49276689853404
2026-05-13 02:33:00,23.49276689853404
2026-05-13 02:34:00,23.49276689853404
2026-05-13 02:35:00,23.49276689853404
2026-05-13 02:36:00,23.49276689853404
2026-05-13 02:37:00,23.49276689853404
2026-05-13 02:38:00,23.49276689853404
2026-05-13 02:39:00,23.49276689853404
2026-05-13 02:40:00,23.49276689853404
2026-05-13 02:41:00,23.49276689853404
2026-05-13 02:42:00,23.49276689853404
2026-05-13 02:43:00,23.49276689853404
2026-05-13 02:44:00,23.49276689853404
2026-05-13 02:45:00,23.49276689853404
2026-05-13 02:46:00,23.49276689853404
2026-05-13 02:47:00,23.49276689853404
2026-05-13 02:48:00,23.49276689853404
2026-05-13 02:49:00,23.49276689853404
2026-05-13 02:50:00,23.49276689853404
2026-05-13 02:51:00,23.49276689853404
2026-05-13 02:52:00,23.49276689853404
2026-05-13 02:53:00,23.49276689853404
2026-05-13 02:54:00,23.49276689853404
2026-05-13 02:55:00,23.49276689853404
2026-05-13 02:56:00,23.49276689853404
2026-05-13 02:57:00,23.49276689853404
2026-05-13 02:58:00,23.49276689853404
2026-05-13 02:59:00,23.49276689853404
2026-05-13 03:00:00,23.49276689853404
2026-05-13 03:01:00,23.49276689853404
2026-05-13 03:02:00,23.49276689853404
2026-05-13 03:03:00,23.49276689853404
2026-05-13 03:04:00,23.49276689853404
2026-05-13 03:05:00,23.49276689853404
2026-05-13 03:06:00,23.49276689853404
2026-05-13 03:07:00,23.49276689853404
2026-05-13 03:08:00,23.49276689853404
2026-05-13 03:09:00,23.49276689853404
2026-05-13 03:10:00,23.49276689853404
2026-05-13 03:11:00,23.49276689853404
2026-05-13 03:12:00,23.49276689853404
2026-05-13 03:13:00,23.49276689853404
2026-05-13 03:14:00,23.49276689853404
2026-05-13 03:15:00,23.49276689853404
2026-05-13 03:16:00,23.49276689853404
2026-05-13 03:17:00,23.49276689853404
2026-05-13 03:18:00,23.49276689853404
2026-05-13 03:19:00,23.49276689853404
2026-05-13 03:20:00,23.49276689853404
2026-05-13 03:21:00,23.49276689853404
2026-05-13 03:22:00,23.49276689853404
2026-05-13 03:23:00,23.49276689853404
2026-05-13 03:24:00,23.49276689853404
2026-05-13 03:25:00,23.49276689853404
2026-05-13 03:26:00,23.49276689853404
2026-05-13 03:27:00,23.49276689853404
2026-05-13 03:28:00,23.49276689853404
2026-05-13 03:29:00,23.49276689853404
2026-05-13 03:30:00,23.49276689853404
2026-05-13 03:31:00,23.49276689853404
2026-05-13 03:32:00,23.49276689853404
2026-05-13 03:33:00,23.49276689853404
2026-05-13 03:34:00,23.49276689853404
2026-05-13 03:35:00,23.49276689853404
2026-05-13 03:36:00,23.49276689853404
2026-05-13 03:37:00,23.49276689853404
2026-05-13 03:38:00,23.49276689853404
2026-05-13 03:39:00,23.49276689853404
2026-05-13 03:40:00,23.49276689853404
2026-05-13 03:41:00,23.49276689853404
2026-05-13 03:42:00,23.49276689853404
2026-05-13 03:43:00,23.49276689853404
2026-05-13 03:44:00,23.49276689853404
2026-05-13 03:45:00,23.49276689853404
2026-05-13 03:46:00,23.49276689853404
2026-05-13 03:47:00,23.49276689853404
2026-05-13 03:48:00,23.49276689853404
2026-05-13 03:49:00,23.49276689853404
2026-05-13 03:50:00,23.49276689853404
2026-05-13 03:51:00,23.49276689853404
2026-05-13 03:52:00,23.49276689853404
2026-05-13 03:53:00,23.49276689853404
2026-05-13 03:54:00,23.49276689853404
2026-05-13 03:55:00,23.49276689853404
2026-05-13 03:56:00,23.49276689853404
2026-05-13 03:57:00,23.49276689853404
2026-05-13 03:58:00,23.49276689853404
2026-05-13 03:59:00,23.49276689853404
2026-05-13 04:00:00,23.49276689853404
2026-05-13 04:01:00,23.49276689853404
2026-05-13 04:02:00,23.49276689853404
2026-05-13 04:03:00,23.49276689853404
2026-05-13 04:04:00,23.49276689853404
2026-05-13 04:05:00,23.49276689853404
2026-05-13 04:06:00,23.49276689853404
2026-05-13 04:07:00,23.49276689853404
2026-05-13 04:08:00,23.49276689853404
2026-05-13 04:09:00,23.49276689853404
2026-05-13 04:10:00,23.49276689853404
2026-05-13 04:11:00,23.49276689853404
2026-05-13 04:12:00,23.49276689853404
2026-05-13 04:13:00,23.49276689853404
2026-05-13 04:14:00,23.49276689853404
2026-05-13 04:15:00,23.49276689853404
2026-05-13 04:16:00,23.49276689853404
2026-05-13 04:17:00,23.49276689853404
2026-05-13 04:18:00,23.49276689853404
2026-05-13 04:19:00,23.49276689853404
2026-05-13 04:20:00,23.49276689853404
2026-05-13 04:21:00,23.49276689853404
2026-05-13 04:22:00,23.49276689853404
2026-05-13 04:23:00,23.49276689853404
2026-05-13 04:24:00,23.49276689853404
2026-05-13 04:25:00,23.49276689853404
2026-05-13 04:26:00,23.49276689853404
2026-05-13 04:27:00,23.49276689853404
2026-05-13 04:28:00,23.49276689853404
2026-05-13 04:29:00,23.49276689853404
2026-05-13 04:30:00,23.49276689853404
2026-05-13 04:31:00,23.49276689853404
2026-05-13 04:32:00,23.49276689853404
2026-05-13 04:33:00,23.49276689853404
2026-05-13 04:34:00,23.49276689853404
2026-05-13 04:35:00,23.49276689853404
2026-05-13 04:36:00,23.49276689853404
2026-05-13 04:37:00,23.49276689853404
2026-05-13 04:38:00,23.49276689853404
2026-05-13 04:39:00,23.49276689853404
2026-05-13 04:40:00,23.49276689853404
2026-05-13 04:41:00,23.49276689853404
2026-05-13 04:42:00,23.49276689853404
2026-05-13 04:43:00,23.49276689853404
2026-05-13 04:44:00,23.49276689853404
2026-05-13 04:45:00,23.49276689853404
2026-05-13 04:46:00,23.49276689853404
2026-05-13 04:47:00,23.49276689853404
2026-05-13 04:48:00,23.49276689853404
2026-05-13 04:49:00,23.49276689853404
2026-05-13 04:50:00,23.49276689853404
2026-05-13 04:51:00,23.49276689853404
2026-05-13 04:52:00,23.49276689853404
2026-05-13 04:53:00,23.49276689853404
2026-05-13 04:54:00,23.49276689853404
2026-05-13 04:55:00,23.49276689853404
2026-05-13 04:56:00,23.49276689853404
2026-05-13 04:57:00,23.49276689853404
2026-05-13 04:58:00,23.49276689853404
2026-05-13 04:59:00,23.49276689853404
2026-05-13 05:00:00,23.49276689853404
2026-05-13 05:01:00,23.49276689853404
2026-05-13 05:02:00,23.49276689853404
2026-05-13 05:03:00,23.49276689853404
2026-05-13 05:04:00,23.49276689853404
2026-05-13 05:05:00,23.49276689853404
2026-05-13 05:06:00,23.49276689853404
2026-05-13 05:07:00,23.49276689853404
2026-05-13 05:08:00,23.49276689853404
2026-05-13 05:09:00,23.49276689853404
2026-05-13 05:10:00,23.49276689853404
2026-05-13 05:11:00,23.49276689853404
2026-05-13 05:12:00,23.49276689853404
2026-05-13 05:13:00,23.49276689853404
2026-05-13 05:14:00,23.49276689853404
2026-05-13 05:15:00,23.49276689853404
2026-05-13 05:16:00,23.49276689853404
2026-05-13 05:17:00,23.49276689853404
2026-05-13 05:18:00,23.49276689853404
2026-05-13 05:19:00,23.49276689853404
2026-05-13 05:20:00,23.49276689853404
2026-05-13 05:21:00,23.49276689853404
2026-05-13 05:22:00,23.49276689853404
2026-05-13 05:23:00,23.49276689853404
2026-05-13 05:24:00,23.49276689853404
2026-05-13 05:25:00,23.49276689853404
2026-05-13 05:26:00,23.49276689853404
2026-05-13 05:27:00,23.49276689853404
2026-05-13 05:28:00,23.49276689853404
2026-05-13 05:29:00,23.49276689853404
2026-05-13 05:30:00,23.49276689853404
2026-05-13 05:31:00,23.49276689853404
2026-05-13 05:32:00,23.49276689853404
2026-05-13 05:33:00,23.49276689853404
2026-05-13 05:34:00,23.49276689853404
2026-05-13 05:35:00,23.49276689853404
2026-05-13 05:36:00,23.49276689853404
2026-05-13 05:37:00,23.49276689853404
2026-05-13 05:38:00,23.49276689853404
2026-05-13 05:39:00,23.49276689853404
2026-05-13 05:40:00,23.49276689853404
2026-05-13 05:41:00,23.49276689853404
2026-05-13 05:42:00,23.49276689853404
2026-05-13 05:43:00,23.49276689853404
2026-05-13 05:44:00,23.49276689853404
2026-05-13 05:45:00,23.49276689853404
2026-05-13 05:46:00,23.49276689853404
2026-05-13 05:47:00,23.49276689853404
2026-05-13 05:48:00,23.49276689853404
2026-05-13 05:49:00,23.49276689853404
2026-05-13 05:50:00,23.49276689853404
2026-05-13 05:51:00,23.49276689853404
2026-05-13 05:52:00,23.49276689853404
2026-05-13 05:53:00,23.49276689853404
2026-05-13 05:54:00,23.49276689853404
2026-05-13 05:55:00,23.49276689853404
2026-05-13 05:56:00,23.49276689853404
2026-05-13 05:57:00,23.49276689853404
2026-05-13 05:58:00,23.49276689853404
2026-05-13 05:59:00,23.49276689853404
2026-05-13 06:00:00,23.49276689853404
2026-05-13 06:01:00,23.49276689853404
2026-05-13 06:02:00,23.49276689853404
2026-05-13 06:03:00,23.49276689853404
2026-05-13 06:04:00,23.49276689853404
2026-05-13 06:05:00,23.49276689853404
2026-05-13 06:06:00,23.49276689853404
2026-05-13 06:07:00,23.49276689853404
2026-05-13 06:08:00,23.49276689853404
2026-05-13 06:09:00,23.49276689853404
2026-05-13 06:10:00,23.49276689853404
2026-05-13 06:11:00,23.49276689853404
2026-05-13 06:12:00,23.49276689853404
2026-05-13 06:13:00,23.49276689853404
2026-05-13 06:14:00,23.49276689853404
2026-05-13 06:15:00,23.49276689853404
2026-05-13 06:16:00,23.49276689853404
2026-05-13 06:17:00,23.49276689853404
2026-05-13 06:18:00,23.49276689853404
2026-05-13 06:19:00,23.49276689853404
2026-05-13 06:20:00,23.49276689853404
2026-05-13 06:21:00,23.49276689853404
2026-05-13 06:22:00,23.49276689853404
2026-05-13 06:23:00,23.49276689853404
2026-05-13 06:24:00,23.49276689853404
2026-05-13 06:25:00,23.49276689853404
2026-05-13 06:26:00,23.49276689853404
2026-05-13 06:27:00,23.49276689853404
2026-05-13 06:28:00,23.49276689853404
2026-05-13 06:29:00,23.49276689853404
2026-05-13 06:30:00,23.49276689853404
2026-05-13 06:31:00,23.49276689853404
2026-05-13 06:32:00,23.49276689853404
2026-05-13 06:33:00,23.49276689853404
2026-05-13 06:34:00,23.49276689853404
2026-05-13 06:35:00,23.49276689853404
2026-05-13 06:36:00,23.49276689853404
2026-05-13 06:37:00,23.49276689853404
2026-05-13 06:38:00,23.49276689853404
2026-05-13 06:39:00,23.49276689853404
2026-05-13 06:40:00,23.49276689853404
2026-05-13 06:41:00,23.49276689853404
2026-05-13 06:42:00,23.49276689853404
2026-05-13 06:43:00,23.49276689853404
2026-05-13 06:44:00,23.49276689853404
2026-05-13 06:45:00,23.49276689853404
2026-05-13 06:46:00,23.49276689853404
2026-05-13 06:47:00,23.49276689853404
2026-05-13 06:48:00,23.49276689853404
2026-05-13 06:49:00,23.49276689853404
2026-05-13 06:50:00,23.49276689853404
2026-05-13 06:51:00,23.49276689853404
2026-05-13 06:52:00,23.49276689853404
2026-05-13 06:53:00,23.49276689853404
2026-05-13 06:54:00,23.49276689853404
2026-05-13 06:55:00,23.49276689853404
2026-05-13 06:56:00,23.49276689853404
2026-05-13 06:57:00,23.49276689853404
2026-05-13 06:58:00,23.49276689853404
2026-05-13 06:59:00,23.49276689853404
2026-05-13 07:00:00,23.49276689853404
2026-05-13 07:01:00,23.49276689853404
2026-05-13 07:02:00,23.49276689853404
2026-05-13 07:03:00,23.49276689853404
2026-05-13 07:04:00,23.49276689853404
2026-05-13 07:05:00,23.49276689853404
2026-05-13 07:06:00,23.49276689853404
2026-05-13 07:07:00,23.49276689853404
2026-05-13 07:08:00,23.49276689853404
2026-05-13 07:09:00,23.49276689853404
2026-05-13 07:10:00,23.49276689853404
2026-05-13 07:11:00,23.49276689853404
2026-05-13 07:12:00,23.49276689853404
2026-05-13 07:13:00,23.49276689853404
2026-05-13 07:14:00,23.49276689853404
2026-05-13 07:15:00,23.49276689853404
2026-05-13 07:16:00,23.49276689853404
2026-05-13 07:17:00,23.49276689853404
2026-05-13 07:18:00,23.49276689853404
2026-05-13 07:19:00,23.49276689853404
2026-05-13 07:20:00,23.49276689853404
2026-05-13 07:21:00,23.49276689853404
2026-05-13 07:22:00,23.49276689853404
2026-05-13 07:23:00,23.49276689853404
2026-05-13 07:24:00,23.49276689853404
2026-05-13 07:25:00,23.49276689853404
2026-05-13 07:26:00,23.49276689853404
2026-05-13 07:27:00,23.49276689853404
2026-05-13 07:28:00,23.49276689853404
2026-05-13 07:29:00,23.49276689853404
2026-05-13 07:30:00,23.49276689853404
2026-05-13 07:31:00,23.49276689853404
2026-05-13 07:32:00,23.49276689853404
2026-05-13 07:33:00,23.49276689853404
2026-05-13 07:34:00,23.49276689853404
2026-05-13 07:35:00,23.49276689853404
2026-05-13 07:36:00,23.49276689853404
2026-05-13 07:37:00,23.49276689853404
2026-05-13 07:38:00,23.49276689853404
2026-05-13 07:39:00,23.49276689853404
2026-05-13 07:40:00,23.49276689853404
2026-05-13 07:41:00,23.49276689853404
2026-05-13 07:42:00,23.49276689853404
2026-05-13 07:43:00,23.49276689853404
2026-05-13 07:44:00,23.49276689853404
2026-05-13 07:45:00,23.49276689853404
2026-05-13 07:46:00,23.49276689853404
2026-05-13 07:47:00,23.49276689853404
2026-05-13 07:48:00,23.49276689853404
2026-05-13 07:49:00,23.49276689853404
2026-05-13 07:50:00,23.49276689853404
2026-05-13 07:51:00,23.49276689853404
2026-05-13 07:52:00,23.49276689853404
2026-05-13 07:53:00,23.49276689853404
2026-05-13 07:54:00,23.49276689853404
2026-05-13 07:55:00,23.49276689853404
2026-05-13 07:56:00,23.49276689853404
2026-05-13 07:57:00,23.49276689853404
2026-05-13 07:58:00,23.49276689853404
2026-05-13 07:59:00,23.49276689853404
2026-05-13 08:00:00,23.49276689853404
2026-05-13 08:01:00,23.49276689853404
2026-05-13 08:02:00,23.49276689853404
2026-05-13 08:03:00,23.49276689853404
2026-05-13 08:04:00,23.49276689853404
2026-05-13 08:05:00,23.49276689853404
2026-05-13 08:06:00,23.49276689853404
2026-05-13 08:07:00,23.49276689853404
2026-05-13 08:08:00,23.49276689853404
2026-05-13 08:09:00,23.49276689853404
2026-05-13 08:10:00,23.49276689853404
2026-05-13 08:11:00,23.49276689853404
2026-05-13 08:12:00,23.49276689853404
2026-05-13 08:13:00,23.49276689853404
2026-05-13 08:14:00,23.49276689853404
2026-05-13 08:15:00,23.49276689853404
2026-05-13 08:16:00,23.49276689853404
2026-05-13 08:17:00,23.49276689853404
2026-05-13 08:18:00,23.49276689853404
2026-05-13 08:19:00,23.49276689853404
2026-05-13 08:20:00,23.49276689853404
2026-05-13 08:21:00,23.49276689853404
2026-05-13 08:22:00,23.49276689853404
2026-05-13 08:23:00,23.49276689853404
2026-05-13 08:24:00,23.49276689853404
2026-05-13 08:25:00,23.49276689853404
2026-05-13 08:26:00,23.49276689853404
2026-05-13 08:27:00,23.49276689853404
2026-05-13 08:28:00,23.49276689853404
2026-05-13 08:29:00,23.49276689853404
2026-05-13 08:30:00,23.49276689853404
2026-05-13 08:31:00,23.49276689853404
2026-05-13 08:32:00,23.49276689853404
2026-05-13 08:33:00,23.49276689853404
2026-05-13 08:34:00,23.49276689853404
2026-05-13 08:35:00,23.49276689853404
2026-05-13 08:36:00,23.49276689853404
2026-05-13 08:37:00,23.49276689853404
2026-05-13 08:38:00,23.49276689853404
2026-05-13 08:39:00,23.49276689853404
2026-05-13 08:40:00,23.49276689853404
2026-05-13 08:41:00,23.49276689853404
2026-05-13 08:42:00,23.49276689853404
2026-05-13 08:43:00,23.49276689853404
2026-05-13 08:44:00,23.49276689853404
2026-05-13 08:45:00,23.49276689853404
2026-05-13 08:46:00,23.49276689853404
2026-05-13 08:47:00,23.49276689853404
2026-05-13 08:48:00,23.49276689853404
2026-05-13 08:49:00,23.49276689853404
2026-05-13 08:50:00,23.49276689853404
2026-05-13 08:51:00,23.49276689853404
2026-05-13 08:52:00,23.49276689853404
2026-05-13 08:53:00,23.49276689853404
2026-05-13 08:54:00,23.49276689853404
2026-05-13 08:55:00,23.49276689853404
2026-05-13 08:56:00,23.49276689853404
2026-05-13 08:57:00,23.49276689853404
2026-05-13 08:58:00,23.49276689853404
2026-05-13 08:59:00,23.49276689853404
2026-05-13 09:00:00,23.49276689853404
2026-05-13 09:01:00,23.49276689853404
2026-05-13 09:02:00,23.49276689853404
2026-05-13 09:03:00,23.49276689853404
2026-05-13 09:04:00,23.49276689853404
2026-05-13 09:05:00,23.49276689853404
2026-05-13 09:06:00,23.49276689853404
2026-05-13 09:07:00,23.49276689853404
2026-05-13 09:08:00,23.49276689853404
2026-05-13 09:09:00,23.49276689853404
2026-05-13 09:10:00,23.49276689853404
2026-05-13 09:11:00,23.49276689853404
2026-05-13 09:12:00,23.49276689853404
2026-05-13 09:13:00,23.49276689853404
2026-05-13 09:14:00,23.49276689853404
2026-05-13 09:15:00,23.49276689853404
2026-05-13 09:16:00,23.49276689853404
2026-05-13 09:17:00,23.49276689853404
2026-05-13 09:18:00,23.49276689853404
2026-05-13 09:19:00,23.49276689853404
2026-05-13 09:20:00,23.49276689853404
2026-05-13 09:21:00,23.49276689853404
2026-05-13 09:22:00,23.49276689853404
2026-05-13 09:23:00,23.49276689853404
2026-05-13 09:24:00,23.49276689853404
2026-05-13 09:25:00,23.49276689853404
2026-05-13 09:26:00,23.49276689853404
2026-05-13 09:27:00,23.49276689853404
2026-05-13 09:28:00,23.49276689853404
2026-05-13 09:29:00,23.49276689853404
2026-05-13 09:30:00,23.49276689853404
2026-05-13 09:31:00,23.49276689853404
2026-05-13 09:32:00,23.49276689853404
2026-05-13 09:33:00,23.49276689853404
2026-05-13 09:34:00,23.49276689853404
2026-05-13 09:35:00,23.49276689853404
2026-05-13 09:36:00,23.49276689853404
2026-05-13 09:37:00,23.49276689853404
2026-05-13 09:38:00,23.49276689853404
2026-05-13 09:39:00,23.49276689853404
2026-05-13 09:40:00,23.49276689853404
2026-05-13 09:41:00,23.49276689853404
2026-05-13 09:42:00,23.49276689853404
2026-05-13 09:43:00,23.49276689853404
2026-05-13 09:44:00,23.49276689853404
2026-05-13 09:45:00,23.49276689853404
2026-05-13 09:46:00,23.49276689853404
2026-05-13 09:47:00,23.49276689853404
2026-05-13 09:48:00,23.49276689853404
2026-05-13 09:49:00,23.49276689853404
2026-05-13 09:50:00,23.49276689853404
2026-05-13 09:51:00,23.49276689853404
2026-05-13 09:52:00,23.49276689853404
2026-05-13 09:53:00,23.49276689853404
2026-05-13 09:54:00,23.49276689853404
2026-05-13 09:55:00,23.49276689853404
2026-05-13 09:56:00,23.49276689853404
2026-05-13 09:57:00,23.49276689853404
2026-05-13 09:58:00,23.49276689853404
2026-05-13 09:59:00,23.49276689853404
2026-05-13 10:00:00,23.49276689853404
2026-05-13 10:01:00,23.49276689853404
2026-05-13 10:02:00,23.49276689853404
2026-05-13 10:03:00,23.49276689853404
2026-05-13 10:04:00,23.49276689853404
2026-05-13 10:05:00,23.49276689853404
2026-05-13 10:06:00,23.49276689853404
2026-05-13 10:07:00,23.49276689853404
2026-05-13 10:08:00,23.49276689853404
2026-05-13 10:09:00,23.49276689853404
2026-05-13 10:10:00,23.49276689853404
2026-05-13 10:11:00,23.49276689853404
2026-05-13 10:12:00,23.49276689853404
2026-05-13 10:13:00,23.49276689853404
2026-05-13 10:14:00,23.49276689853404
2026-05-13 10:15:00,23.49276689853404
2026-05-13 10:16:00,23.49276689853404
2026-05-13 10:17:00,23.49276689853404
2026-05-13 10:18:00,23.49276689853404
2026-05-13 10:19:00,23.49276689853404
2026-05-13 10:20:00,23.49276689853404
2026-05-13 10:21:00,23.49276689853404
2026-05-13 10:22:00,23.49276689853404
2026-05-13 10:23:00,23.49276689853404
2026-05-13 10:24:00,23.49276689853404
2026-05-13 10:25:00,23.49276689853404
2026-05-13 10:26:00,23.49276689853404
2026-05-13 10:27:00,23.49276689853404
2026-05-13 10:28:00,23.49276689853404
2026-05-13 10:29:00,23.49276689853404
2026-05-13 10:30:00,23.49276689853404
2026-05-13 10:31:00,23.49276689853404
2026-05-13 10:32:00,23.49276689853404
2026-05-13 10:33:00,23.49276689853404
2026-05-13 10:34:00,23.49276689853404
2026-05-13 10:35:00,23.49276689853404
2026-05-13 10:36:00,23.49276689853404
2026-05-13 10:37:00,23.49276689853404
2026-05-13 10:38:00,23.49276689853404
2026-05-13 10:39:00,23.49276689853404
2026-05-13 10:40:00,23.49276689853404
2026-05-13 10:41:00,23.49276689853404
2026-05-13 10:42:00,23.49276689853404
2026-05-13 10:43:00,23.49276689853404
2026-05-13 10:44:00,23.49276689853404
2026-05-13 10:45:00,23.49276689853404
2026-05-13 10:46:00,23.49276689853404
2026-05-13 10:47:00,23.49276689853404
2026-05-13 10:48:00,23.49276689853404
2026-05-13 10:49:00,23.49276689853404
2026-05-13 10:50:00,23.49276689853404
2026-05-13 10:51:00,23.49276689853404
2026-05-13 10:52:00,23.49276689853404
2026-05-13 10:53:00,23.49276689853404
2026-05-13 10:54:00,23.49276689853404
2026-05-13 10:55:00,23.49276689853404
2026-05-13 10:56:00,23.49276689853404
2026-05-13 10:57:00,23.49276689853404
2026-05-13 10:58:00,23.49276689853404
2026-05-13 10:59:00,23.49276689853404
2026-05-13 11:00:00,23.49276689853404
2026-05-13 11:01:00,23.49276689853404
2026-05-13 11:02:00,23.49276689853404
2026-05-13 11:03:00,23.49276689853404
2026-05-13 11:04:00,23.49276689853404
2026-05-13 11:05:00,23.49276689853404
2026-05-13 11:06:00,23.49276689853404
2026-05-13 11:07:00,23.49276689853404
2026-05-13 11:08:00,23.49276689853404
2026-05-13 11:09:00,23.49276689853404
2026-05-13 11:10:00,23.49276689853404
2026-05-13 11:11:00,23.49276689853404
2026-05-13 11:12:00,23.49276689853404
2026-05-13 11:13:00,23.49276689853404
2026-05-13 11:14:00,23.49276689853404
2026-05-13 11:15:00,23.49276689853404
2026-05-13 11:16:00,23.49276689853404
2026-05-13 11:17:00,23.49276689853404
2026-05-13 11:18:00,23.49276689853404
2026-05-13 11:19:00,23.49276689853404
2026-05-13 11:20:00,23.49276689853404
2026-05-13 11:21:00,23.49276689853404
2026-05-13 11:22:00,23.49276689853404
2026-05-13 11:23:00,23.49276689853404
2026-05-13 11:24:00,23.49276689853404
2026-05-13 11:25:00,23.49276689853404
2026-05-13 11:26:00,23.49276689853404
2026-05-13 11:27:00,23.49276689853404
2026-05-13 11:28:00,23.49276689853404
2026-05-13 11:29:00,23.49276689853404
2026-05-13 11:30:00,23.49276689853404
2026-05-13 11:31:00,23.49276689853404
2026-05-13 11:32:00,23.49276689853404
2026-05-13 11:33:00,23.49276689853404
2026-05-13 11:34:00,23.49276689853404
2026-05-13 11:35:00,23.49276689853404
2026-05-13 11:36:00,23.49276689853404
2026-05-13 11:37:00,23.49276689853404
2026-05-13 11:38:00,23.49276689853404
2026-05-13 11:39:00,23.49276689853404
2026-05-13 11:40:00,23.49276689853404
2026-05-13 11:41:00,23.49276689853404
2026-05-13 11:42:00,23.49276689853404
2026-05-13 11:43:00,23.49276689853404
2026-05-13 11:44:00,23.49276689853404
2026-05-13 11:45:00,23.49276689853404
2026-05-13 11:46:00,23.49276689853404
2026-05-13 11:47:00,23.49276689853404
2026-05-13 11:48:00,23.49276689853404
2026-05-13 11:49:00,23.49276689853404
2026-05-13 11:50:00,23.49276689853404
2026-05-13 11:51:00,23.49276689853404
2026-05-13 11:52:00,23.49276689853404
2026-05-13 11:53:00,23.49276689853404
2026-05-13 11:54:00,23.49276689853404
2026-05-13 11:55:00,23.49276689853404
2026-05-13 11:56:00,23.49276689853404
2026-05-13 11:57:00,23.49276689853404
2026-05-13 11:58:00,23.49276689853404
2026-05-13 11:59:00,23.49276689853404
2026-05-13 12:00:00,23.49276689853404
2026-05-13 12:01:00,23.49276689853404
2026-05-13 12:02:00,23.49276689853404
2026-05-13 12:03:00,23.49276689853404
2026-05-13 12:04:00,23.49276689853404
2026-05-13 12:05:00,23.49276689853404
2026-05-13 12:06:00,23.49276689853404
2026-05-13 12:07:00,23.49276689853404
2026-05-13 12:08:00,23.49276689853404
2026-05-13 12:09:00,23.49276689853404
2026-05-13 12:10:00,23.49276689853404
2026-05-13 12:11:00,23.49276689853404
2026-05-13 12:12:00,23.49276689853404
2026-05-13 12:13:00,23.49276689853404
2026-05-13 12:14:00,23.49276689853404
2026-05-13 12:15:00,23.49276689853404
2026-05-13 12:16:00,23.49276689853404
2026-05-13 12:17:00,23.49276689853404
2026-05-13 12:18:00,23.49276689853404
2026-05-13 12:19:00,23.49276689853404
2026-05-13 12:20:00,23.49276689853404
2026-05-13 12:21:00,23.49276689853404
2026-05-13 12:22:00,23.49276689853404
2026-05-13 12:23:00,23.49276689853404
2026-05-13 12:24:00,23.49276689853404
2026-05-13 12:25:00,23.49276689853404
2026-05-13 12:26:00,23.49276689853404
2026-05-13 12:27:00,23.49276689853404
2026-05-13 12:28:00,23.49276689853404
2026-05-13 12:29:00,23.49276689853404
2026-05-13 12:30:00,23.49276689853404
2026-05-13 12:31:00,23.49276689853404
2026-05-13 12:32:00,23.49276689853404
2026-05-13 12:33:00,23.49276689853404
2026-05-13 12:34:00,23.49276689853404
2026-05-13 12:35:00,23.49276689853404
2026-05-13 12:36:00,23.49276689853404
2026-05-13 12:37:00,23.49276689853404
2026-05-13 12:38:00,23.49276689853404
2026-05-13 12:39:00,23.49276689853404
2026-05-13 12:40:00,23.49276689853404
2026-05-13 12:41:00,23.49276689853404
2026-05-13 12:42:00,23.49276689853404
2026-05-13 12:43:00,23.49276689853404
2026-05-13 12:44:00,23.49276689853404
2026-05-13 12:45:00,23.49276689853404
2026-05-13 12:46:00,23.49276689853404
2026-05-13 12:47:00,23.49276689853404
2026-05-13 12:48:00,23.49276689853404
2026-05-13 12:49:00,23.49276689853404
2026-05-13 12:50:00,23.49276689853404
2026-05-13 12:51:00,23.49276689853404
2026-05-13 12:52:00,23.49276689853404
2026-05-13 12:53:00,23.49276689853404
2026-05-13 12:54:00,23.49276689853404
2026-05-13 12:55:00,23.49276689853404
2026-05-13 12:56:00,23.49276689853404
2026-05-13 12:57:00,23.49276689853404
2026-05-13 12:58:00,23.49276689853404
2026-05-13 12:59:00,23.49276689853404
2026-05-13 13:00:00,23.49276689853404
2026-05-13 13:01:00,23.49276689853404
2026-05-13 13:02:00,23.49276689853404
2026-05-13 13:03:00,23.49276689853404
2026-05-13 13:04:00,23.49276689853404
2026-05-13 13:05:00,23.49276689853404
2026-05-13 13:06:00,23.49276689853404
2026-05-13 13:07:00,23.49276689853404
2026-05-13 13:08:00,23.49276689853404
2026-05-13 13:09:00,23.49276689853404
2026-05-13 13:10:00,23.49276689853404
2026-05-13 13:11:00,23.49276689853404
2026-05-13 13:12:00,23.49276689853404
2026-05-13 13:13:00,23.49276689853404
2026-05-13 13:14:00,23.49276689853404
2026-05-13 13:15:00,23.49276689853404
2026-05-13 13:16:00,23.49276689853404
2026-05-13 13:17:00,23.49276689853404
2026-05-13 13:18:00,23.49276689853404
2026-05-13 13:19:00,23.49276689853404
2026-05-13 13:20:00,23.49276689853404
2026-05-13 13:21:00,23.49276689853404
2026-05-13 13:22:00,23.49276689853404
2026-05-13 13:23:00,23.49276689853404
2026-05-13 13:24:00,23.49276689853404
2026-05-13 13:25:00,23.49276689853404
2026-05-13 13:26:00,23.49276689853404
2026-05-13 13:27:00,23.49276689853404
2026-05-13 13:28:00,23.49276689853404
2026-05-13 13:29:00,23.49276689853404
2026-05-13 13:30:00,23.49276689853404
2026-05-13 13:31:00,23.49276689853404
2026-05-13 13:32:00,23.49276689853404
2026-05-13 13:33:00,23.49276689853404
2026-05-13 13:34:00,23.49276689853404
2026-05-13 13:35:00,23.49276689853404
2026-05-13 13:36:00,23.49276689853404
2026-05-13 13:37:00,23.49276689853404
2026-05-13 13:38:00,23.49276689853404
2026-05-13 13:39:00,23.49276689853404
2026-05-13 13:40:00,23.49276689853404
2026-05-13 13:41:00,23.49276689853404
2026-05-13 13:42:00,23.49276689853404
2026-05-13 13:43:00,23.49276689853404
2026-05-13 13:44:00,23.49276689853404
2026-05-13 13:45:00,23.49276689853404
2026-05-13 13:46:00,23.49276689853404
2026-05-13 13:47:00,23.49276689853404
2026-05-13 13:48:00,23.49276689853404
2026-05-13 13:49:00,23.49276689853404
2026-05-13 13:50:00,23.49276689853404
2026-05-13 13:51:00,23.49276689853404
2026-05-13 13:52:00,23.49276689853404
2026-05-13 13:53:00,23.49276689853404
2026-05-13 13:54:00,23.49276689853404
2026-05-13 13:55:00,23.49276689853404
2026-05-13 13:56:00,23.49276689853404
2026-05-13 13:57:00,23.49276689853404
2026-05-13 13:58:00,23.49276689853404
2026-05-13 13:59:00,23.49276689853404
2026-05-13 14:00:00,23.49276689853404
2026-05-13 14:01:00,23.49276689853404
2026-05-13 14:02:00,23.49276689853404
2026-05-13 14:03:00,23.49276689853404
2026-05-13 14:04:00,23.49276689853404
2026-05-13 14:05:00,23.49276689853404
2026-05-13 14:06:00,23.49276689853404
2026-05-13 14:07:00,23.49276689853404
2026-05-13 14:08:00,23.49276689853404
2026-05-13 14:09:00,23.49276689853404
2026-05-13 14:10:00,23.49276689853404
2026-05-13 14:11:00,23.49276689853404
2026-05-13 14:12:00,23.49276689853404
2026-05-13 14:13:00,23.49276689853404
2026-05-13 14:14:00,23.49276689853404
2026-05-13 14:15:00,23.49276689853404
2026-05-13 14:16:00,23.49276689853404
2026-05-13 14:17:00,23.49276689853404
2026-05-13 14:18:00,23.49276689853404
2026-05-13 14:19:00,23.49276689853404
2026-05-13 14:20:00,23.49276689853404
2026-05-13 14:21:00,23.49276689853404
2026-05-13 14:22:00,23.49276689853404
2026-05-13 14:23:00,23.49276689853404
2026-05-13 14:24:00,23.49276689853404
2026-05-13 14:25:00,23.49276689853404
2026-05-13 14:26:00,23.49276689853404
2026-05-13 14:27:00,23.49276689853404
2026-05-13 14:28:00,23.49276689853404
2026-05-13 14:29:00,23.49276689853404
2026-05-13 14:30:00,23.49276689853404
2026-05-13 14:31:00,23.49276689853404
2026-05-13 14:32:00,23.49276689853404
2026-05-13 14:33:00,23.49276689853404
2026-05-13 14:34:00,23.49276689853404
2026-05-13 14:35:00,23.49276689853404
2026-05-13 14:36:00,23.49276689853404
2026-05-13 14:37:00,23.49276689853404
2026-05-13 14:38:00,23.49276689853404
2026-05-13 14:39:00,23.49276689853404
2026-05-13 14:40:00,23.49276689853404
2026-05-13 14:41:00,23.49276689853404
2026-05-13 14:42:00,23.49276689853404
2026-05-13 14:43:00,23.49276689853404
2026-05-13 14:44:00,23.49276689853404
2026-05-13 14:45:00,23.49276689853404
2026-05-13 14:46:00,23.49276689853404
2026-05-13 14:47:00,23.49276689853404
2026-05-13 14:48:00,23.49276689853404
2026-05-13 14:49:00,23.49276689853404
2026-05-13 14:50:00,23.49276689853404
2026-05-13 14:51:00,23.49276689853404
2026-05-13 14:52:00,23.49276689853404
2026-05-13 14:53:00,23.49276689853404
2026-05-13 14:54:00,23.49276689853404
2026-05-13 14:55:00,23.49276689853404
2026-05-13 14:56:00,23.49276689853404
2026-05-13 14:57:00,23.49276689853404
2026-05-13 14:58:00,23.49276689853404
2026-05-13 14:59:00,23.49276689853404
2026-05-13 15:00:00,23.49276689853404
2026-05-13 15:01:00,23.49276689853404
2026-05-13 15:02:00,23.49276689853404
2026-05-13 15:03:00,23.49276689853404
2026-05-13 15:04:00,23.49276689853404
2026-05-13 15:05:00,23.49276689853404
2026-05-13 15:06:00,23.49276689853404
2026-05-13 15:07:00,23.49276689853404
2026-05-13 15:08:00,23.49276689853404
2026-05-13 15:09:00,23.49276689853404
2026-05-13 15:10:00,23.49276689853404
2026-05-13 15:11:00,23.49276689853404
2026-05-13 15:12:00,23.49276689853404
2026-05-13 15:13:00,23.49276689853404
2026-05-13 15:14:00,23.49276689853404
2026-05-13 15:15:00,23.49276689853404
2026-05-13 15:16:00,23.49276689853404
2026-05-13 15:17:00,23.49276689853404
2026-05-13 15:18:00,23.49276689853404
2026-05-13 15:19:00,23.49276689853404
2026-05-13 15:20:00,23.49276689853404
2026-05-13 15:21:00,23.49276689853404
2026-05-13 15:22:00,23.49276689853404
2026-05-13 15:23:00,23.49276689853404
2026-05-13 15:24:00,23.49276689853404
2026-05-13 15:25:00,23.49276689853404
2026-05-13 15:26:00,23.49276689853404
2026-05-13 15:27:00,23.49276689853404
2026-05-13 15:28:00,23.49276689853404
2026-05-13 15:29:00,23.49276689853404
2026-05-13 15:30:00,23.49276689853404
2026-05-13 15:31:00,23.49276689853404
2026-05-13 15:32:00,23.49276689853404
2026-05-13 15:33:00,23.49276689853404
2026-05-13 15:34:00,23.49276689853404
2026-05-13 15:35:00,23.49276689853404
2026-05-13 15:36:00,23.49276689853404
2026-05-13 15:37:00,23.49276689853404
2026-05-13 15:38:00,23.49276689853404
2026-05-13 15:39:00,23.49276689853404
2026-05-13 15:40:00,23.49276689853404
2026-05-13 15:41:00,23.49276689853404
2026-05-13 15:42:00,23.49276689853404
2026-05-13 15:43:00,23.49276689853404
2026-05-13 15:44:00,23.49276689853404
2026-05-13 15:45:00,23.49276689853404
2026-05-13 15:46:00,23.49276689853404
2026-05-13 15:47:00,23.49276689853404
2026-05-13 15:48:00,23.49276689853404
2026-05-13 15:49:00,23.49276689853404
2026-05-13 15:50:00,23.49276689853404
2026-05-13 15:51:00,23.49276689853404
2026-05-13 15:52:00,23.49276689853404
2026-05-13 15:53:00,23.49276689853404
2026-05-13 15:54:00,23.49276689853404
2026-05-13 15:55:00,23.49276689853404
2026-05-13 15:56:00,23.49276689853404
2026-05-13 15:57:00,23.49276689853404
2026-05-13 15:58:00,23.49276689853404
2026-05-13 15:59:00,23.49276689853404
2026-05-13 16:00:00,23.49276689853404
2026-05-13 16:01:00,23.49276689853404
2026-05-13 16:02:00,23.49276689853404
2026-05-13 16:03:00,23.49276689853404
2026-05-13 16:04:00,23.49276689853404
2026-05-13 16:05:00,23.49276689853404
2026-05-13 16:06:00,23.49276689853404
2026-05-13 16:07:00,23.49276689853404
2026-05-13 16:08:00,23.49276689853404
2026-05-13 16:09:00,23.49276689853404
2026-05-13 16:10:00,23.49276689853404
2026-05-13 16:11:00,23.49276689853404
2026-05-13 16:12:00,23.49276689853404
2026-05-13 16:13:00,23.49276689853404
2026-05-13 16:14:00,23.49276689853404
2026-05-13 16:15:00,23.49276689853404
2026-05-13 16:16:00,23.49276689853404
2026-05-13 16:17:00,23.49276689853404
2026-05-13 16:18:00,23.49276689853404
2026-05-13 16:19:00,23.49276689853404
2026-05-13 16:20:00,23.49276689853404
2026-05-13 16:21:00,23.49276689853404
2026-05-13 16:22:00,23.49276689853404
2026-05-13 16:23:00,23.49276689853404
2026-05-13 16:24:00,23.49276689853404
2026-05-13 16:25:00,23.49276689853404
2026-05-13 16:26:00,23.49276689853404
2026-05-13 16:27:00,23.49276689853404
2026-05-13 16:28:00,23.49276689853404
2026-05-13 16:29:00,23.49276689853404
2026-05-13 16:30:00,23.49276689853404
2026-05-13 16:31:00,23.49276689853404
2026-05-13 16:32:00,23.49276689853404
2026-05-13 16:33:00,23.49276689853404
2026-05-13 16:34:00,23.49276689853404
2026-05-13 16:35:00,23.49276689853404
2026-05-13 16:36:00,23.49276689853404
2026-05-13 16:37:00,23.49276689853404
2026-05-13 16:38:00,23.49276689853404
2026-05-13 16:39:00,23.49276689853404
2026-05-13 16:40:00,23.49276689853404
2026-05-13 16:41:00,23.49276689853404
2026-05-13 16:42:00,23.49276689853404
2026-05-13 16:43:00,23.49276689853404
2026-05-13 16:44:00,23.49276689853404
2026-05-13 16:45:00,23.49276689853404
2026-05-13 16:46:00,23.49276689853404
2026-05-13 16:47:00,23.49276689853404
2026-05-13 16:48:00,23.49276689853404
2026-05-13 16:49:00,23.49276689853404
2026-05-13 16:50:00,23.49276689853404
2026-05-13 16:51:00,23.49276689853404
2026-05-13 16:52:00,23.49276689853404
2026-05-13 16:53:00,23.49276689853404
2026-05-13 16:54:00,23.49276689853404
2026-05-13 16:55:00,23.49276689853404
2026-05-13 16:56:00,23.49276689853404
2026-05-13 16:57:00,23.49276689853404
2026-05-13 16:58:00,23.49276689853404
2026-05-13 16:59:00,23.49276689853404
2026-05-13 17:00:00,23.49276689853404
2026-05-13 17:01:00,23.49276689853404
2026-05-13 17:02:00,23.49276689853404
2026-05-13 17:03:00,23.49276689853404
2026-05-13 17:04:00,23.49276689853404
2026-05-13 17:05:00,23.49276689853404
2026-05-13 17:06:00,23.49276689853404
2026-05-13 17:07:00,23.49276689853404
2026-05-13 17:08:00,23.49276689853404
2026-05-13 17:09:00,23.49276689853404
2026-05-13 17:10:00,23.49276689853404
2026-05-13 17:11:00,23.49276689853404
2026-05-13 17:12:00,23.49276689853404
2026-05-13 17:13:00,23.49276689853404
2026-05-13 17:14:00,23.49276689853404
2026-05-13 17:15:00,23.49276689853404
2026-05-13 17:16:00,23.49276689853404
2026-05-13 17:17:00,23.49276689853404
2026-05-13 17:18:00,23.49276689853404
2026-05-13 17:19:00,23.49276689853404
2026-05-13 17:20:00,23.49276689853404
2026-05-13 17:21:00,23.49276689853404
2026-05-13 17:22:00,23.49276689853404
2026-05-13 17:23:00,23.49276689853404
2026-05-13 17:24:00,23.49276689853404
2026-05-13 17:25:00,23.49276689853404
2026-05-13 17:26:00,23.49276689853404
2026-05-13 17:27:00,23.49276689853404
2026-05-13 17:28:00,23.49276689853404
2026-05-13 17:29:00,23.49276689853404
2026-05-13 17:30:00,23.49276689853404
2026-05-13 17:31:00,23.49276689853404
2026-05-13 17:32:00,23.49276689853404
2026-05-13 17:33:00,23.49276689853404
2026-05-13 17:34:00,23.49276689853404
2026-05-13 17:35:00,23.49276689853404
2026-05-13 17:36:00,23.49276689853404
2026-05-13 17:37:00,23.49276689853404
2026-05-13 17:38:00,23.49276689853404
2026-05-13 17:39:00,23.49276689853404
2026-05-13 17:40:00,23.49276689853404
2026-05-13 17:41:00,23.49276689853404
2026-05-13 17:42:00,23.49276689853404
2026-05-13 17:43:00,23.49276689853404
2026-05-13 17:44:00,23.49276689853404
2026-05-13 17:45:00,23.49276689853404
2026-05-13 17:46:00,23.49276689853404
2026-05-13 17:47:00,23.49276689853404
2026-05-13 17:48:00,23.49276689853404
2026-05-13 17:49:00,23.49276689853404
2026-05-13 17:50:00,23.49276689853404
2026-05-13 17:51:00,23.49276689853404
2026-05-13 17:52:00,23.49276689853404
2026-05-13 17:53:00,23.49276689853404
2026-05-13 17:54:00,23.49276689853404
2026-05-13 17:55:00,23.49276689853404
2026-05-13 17:56:00,23.49276689853404
2026-05-13 17:57:00,23.49276689853404
2026-05-13 17:58:00,23.49276689853404
2026-05-13 17:59:00,23.49276689853404
2026-05-13 18:00:00,23.49276689853404
2026-05-13 18:01:00,23.49276689853404
2026-05-13 18:02:00,23.49276689853404
2026-05-13 18:03:00,23.49276689853404
2026-05-13 18:04:00,23.49276689853404
2026-05-13 18:05:00,23.49276689853404
2026-05-13 18:06:00,23.49276689853404
2026-05-13 18:07:00,23.49276689853404
2026-05-13 18:08:00,23.49276689853404
2026-05-13 18:09:00,23.49276689853404
2026-05-13 18:10:00,23.49276689853404
2026-05-13 18:11:00,23.49276689853404
2026-05-13 18:12:00,23.49276689853404
2026-05-13 18:13:00,23.49276689853404
2026-05-13 18:14:00,23.49276689853404
2026-05-13 18:15:00,23.49276689853404
2026-05-13 18:16:00,23.49276689853404
2026-05-13 18:17:00,23.49276689853404
2026-05-13 18:18:00,23.49276689853404
2026-05-13 18:19:00,23.49276689853404
2026-05-13 18:20:00,23.49276689853404
2026-05-13 18:21:00,23.49276689853404
2026-05-13 18:22:00,23.49276689853404
2026-05-13 18:23:00,23.49276689853404
2026-05-13 18:24:00,23.49276689853404
2026-05-13 18:25:00,23.49276689853404
2026-05-13 18:26:00,23.49276689853404
2026-05-13 18:27:00,23.49276689853404
2026-05-13 18:28:00,23.49276689853404
2026-05-13 18:29:00,23.49276689853404
2026-05-13 18:30:00,23.49276689853404
2026-05-13 18:31:00,23.49276689853404
2026-05-13 18:32:00,23.49276689853404
2026-05-13 18:33:00,23.49276689853404
2026-05-13 18:34:00,23.49276689853404
2026-05-13 18:35:00,23.49276689853404
2026-05-13 18:36:00,23.49276689853404
2026-05-13 18:37:00,23.49276689853404
2026-05-13 18:38:00,23.49276689853404
2026-05-13 18:39:00,23.49276689853404
2026-05-13 18:40:00,23.49276689853404
2026-05-13 18:41:00,23.49276689853404
2026-05-13 18:42:00,23.49276689853404
2026-05-13 18:43:00,23.49276689853404
2026-05-13 18:44:00,23.49276689853404
2026-05-13 18:45:00,23.49276689853404
2026-05-13 18:46:00,23.49276689853404
2026-05-13 18:47:00,23.49276689853404
2026-05-13 18:48:00,23.49276689853404
2026-05-13 18:49:00,23.49276689853404
2026-05-13 18:50:00,23.49276689853404
2026-05-13 18:51:00,23.49276689853404
2026-05-13 18:52:00,23.49276689853404
2026-05-13 18:53:00,23.49276689853404
2026-05-13 18:54:00,23.49276689853404
2026-05-13 18:55:00,23.49276689853404
2026-05-13 18:56:00,23.49276689853404
2026-05-13 18:57:00,23.49276689853404
2026-05-13 18:58:00,23.49276689853404
2026-05-13 18:59:00,23.49276689853404
2026-05-13 19:00:00,23.49276689853404
2026-05-13 19:01:00,23.49276689853404
2026-05-13 19:02:00,23.49276689853404
2026-05-13 19:03:00,23.49276689853404
2026-05-13 19:04:00,23.49276689853404
2026-05-13 19:05:00,23.49276689853404
2026-05-13 19:06:00,23.49276689853404
2026-05-13 19:07:00,23.49276689853404
2026-05-13 19:08:00,23.49276689853404
2026-05-13 19:09:00,23.49276689853404
2026-05-13 19:10:00,23.49276689853404
2026-05-13 19:11:00,23.49276689853404
2026-05-13 19:12:00,23.49276689853404
2026-05-13 19:13:00,23.49276689853404
2026-05-13 19:14:00,23.49276689853404
2026-05-13 19:15:00,23.49276689853404
2026-05-13 19:16:00,23.49276689853404
2026-05-13 19:17:00,23.49276689853404
2026-05-13 19:18:00,23.49276689853404
2026-05-13 19:19:00,23.49276689853404
2026-05-13 19:20:00,23.49276689853404
2026-05-13 19:21:00,23.49276689853404
2026-05-13 19:22:00,23.49276689853404
2026-05-13 19:23:00,23.49276689853404
2026-05-13 19:24:00,23.49276689853404
2026-05-13 19:25:00,23.49276689853404
2026-05-13 19:26:00,23.49276689853404
2026-05-13 19:27:00,23.49276689853404
2026-05-13 19:28:00,23.49276689853404
2026-05-13 19:29:00,23.49276689853404
2026-05-13 19:30:00,23.49276689853404
2026-05-13 19:31:00,23.49276689853404
2026-05-13 19:32:00,23.49276689853404
2026-05-13 19:33:00,23.49276689853404
2026-05-13 19:34:00,23.49276689853404
2026-05-13 19:35:00,23.49276689853404
2026-05-13 19:36:00,23.49276689853404
2026-05-13 19:37:00,23.49276689853404
2026-05-13 19:38:00,23.49276689853404
2026-05-13 19:39:00,23.49276689853404
2026-05-13 19:40:00,23.49276689853404
2026-05-13 19:41:00,23.49276689853404
2026-05-13 19:42:00,23.49276689853404
2026-05-13 19:43:00,23.49276689853404
2026-05-13 19:44:00,23.49276689853404
2026-05-13 19:45:00,23.49276689853404
2026-05-13 19:46:00,23.49276689853404
2026-05-13 19:47:00,23.49276689853404
2026-05-13 19:48:00,23.49276689853404
2026-05-13 19:49:00,23.49276689853404
2026-05-13 19:50:00,23.49276689853404
2026-05-13 19:51:00,23.49276689853404
2026-05-13 19:52:00,23.49276689853404
2026-05-13 19:53:00,23.49276689853404
2026-05-13 19:54:00,23.49276689853404
2026-05-13 19:55:00,23.49276689853404
2026-05-13 19:56:00,23.49276689853404
2026-05-13 19:57:00,23.49276689853404
2026-05-13 19:58:00,23.49276689853404
2026-05-13 19:59:00,23.49276689853404
2026-05-13 20:00:00,23.49276689853404
2026-05-13 20:01:00,23.49276689853404
2026-05-13 20:02:00,23.49276689853404
2026-05-13 20:03:00,23.49276689853404
2026-05-13 20:04:00,23.49276689853404
2026-05-13 20:05:00,23.49276689853404
2026-05-13 20:06:00,23.49276689853404
2026-05-13 20:07:00,23.49276689853404
2026-05-13 20:08:00,23.49276689853404
2026-05-13 20:09:00,23.49276689853404
2026-05-13 20:10:00,23.49276689853404
2026-05-13 20:11:00,23.49276689853404
2026-05-13 20:12:00,23.49276689853404
2026-05-13 20:13:00,23.49276689853404
2026-05-13 20:14:00,23.49276689853404
2026-05-13 20:15:00,23.49276689853404
2026-05-13 20:16:00,23.49276689853404
2026-05-13 20:17:00,23.49276689853404
2026-05-13 20:18:00,23.49276689853404
2026-05-13 20:19:00,23.49276689853404
2026-05-13 20:20:00,23.49276689853404
2026-05-13 20:21:00,23.49276689853404
2026-05-13 20:22:00,23.49276689853404
2026-05-13 20:23:00,23.49276689853404
2026-05-13 20:24:00,23.49276689853404
2026-05-13 20:25:00,23.49276689853404
2026-05-13 20:26:00,23.49276689853404
2026-05-13 20:27:00,23.49276689853404
2026-05-13 20:28:00,23.49276689853404
2026-05-13 20:29:00,23.49276689853404
2026-05-13 20:30:00,23.49276689853404
2026-05-13 20:31:00,23.49276689853404
2026-05-13 20:32:00,23.49276689853404
2026-05-13 20:33:00,23.49276689853404
2026-05-13 20:34:00,23.49276689853404
2026-05-13 20:35:00,23.49276689853404
2026-05-13 20:36:00,23.49276689853404
2026-05-13 20:37:00,23.49276689853404
2026-05-13 20:38:00,23.49276689853404
2026-05-13 20:39:00,23.49276689853404
2026-05-13 20:40:00,23.49276689853404
2026-05-13 20:41:00,23.49276689853404
2026-05-13 20:42:00,23.49276689853404
2026-05-13 20:43:00,23.49276689853404
2026-05-13 20:44:00,23.49276689853404
2026-05-13 20:45:00,23.49276689853404
2026-05-13 20:46:00,23.49276689853404
2026-05-13 20:47:00,23.49276689853404
2026-05-13 20:48:00,23.49276689853404
2026-05-13 20:49:00,23.49276689853404
2026-05-13 20:50:00,23.49276689853404
2026-05-13 20:51:00,23.49276689853404
2026-05-13 20:52:00,23.49276689853404
2026-05-13 20:53:00,23.49276689853404
2026-05-13 20:54:00,23.49276689853404
2026-05-13 20:55:00,23.49276689853404
2026-05-13 20:56:00,23.49276689853404
2026-05-13 20:57:00,23.49276689853404
2026-05-13 20:58:00,23.49276689853404
2026-05-13 20:59:00,23.49276689853404
2026-05-13 21:00:00,23.49276689853404
2026-05-13 21:01:00,23.49276689853404
2026-05-13 21:02:00,23.49276689853404
2026-05-13 21:03:00,23.49276689853404
2026-05-13 21:04:00,23.49276689853404
2026-05-13 21:05:00,23.49276689853404
2026-05-13 21:06:00,23.49276689853404
2026-05-13 21:07:00,23.49276689853404
2026-05-13 21:08:00,23.49276689853404
2026-05-13 21:09:00,23.49276689853404
2026-05-13 21:10:00,23.49276689853404
2026-05-13 21:11:00,23.49276689853404
2026-05-13 21:12:00,23.49276689853404
2026-05-13 21:13:00,23.49276689853404
2026-05-13 21:14:00,23.49276689853404
2026-05-13 21:15:00,23.49276689853404
2026-05-13 21:16:00,23.49276689853404
2026-05-13 21:17:00,23.49276689853404
2026-05-13 21:18:00,23.49276689853404
2026-05-13 21:19:00,23.49276689853404
2026-05-13 21:20:00,23.49276689853404
2026-05-13 21:21:00,23.49276689853404
2026-05-13 21:22:00,23.49276689853404
2026-05-13 21:23:00,23.49276689853404
2026-05-13 21:24:00,23.49276689853404
2026-05-13 21:25:00,23.49276689853404
2026-05-13 21:26:00,23.49276689853404
2026-05-13 21:27:00,23.49276689853404
2026-05-13 21:28:00,23.49276689853404
2026-05-13 21:29:00,23.49276689853404
2026-05-13 21:30:00,23.49276689853404
2026-05-13 21:31:00,23.49276689853404
2026-05-13 21:32:00,23.49276689853404
2026-05-13 21:33:00,23.49276689853404
2026-05-13 21:34:00,23.49276689853404
2026-05-13 21:35:00,23.49276689853404
2026-05-13 21:36:00,23.49276689853404
2026-05-13 21:37:00,23.49276689853404
2026-05-13 21:38:00,23.49276689853404
2026-05-13 21:39:00,23.49276689853404
2026-05-13 21:40:00,23.49276689853404
2026-05-13 21:41:00,23.49276689853404
2026-05-13 21:42:00,23.49276689853404
2026-05-13 21:43:00,23.49276689853404
2026-05-13 21:44:00,23.49276689853404
2026-05-13 21:45:00,23.49276689853404
2026-05-13 21:46:00,23.49276689853404
2026-05-13 21:47:00,23.49276689853404
2026-05-13 21:48:00,23.49276689853404
2026-05-13 21:49:00,23.49276689853404
2026-05-13 21:50:00,23.49276689853404
2026-05-13 21:51:00,23.49276689853404
2026-05-13 21:52:00,23.49276689853404
2026-05-13 21:53:00,23.49276689853404
2026-05-13 21:54:00,23.49276689853404
2026-05-13 21:55:00,23.49276689853404
2026-05-13 21:56:00,23.49276689853404
2026-05-13 21:57:00,23.49276689853404
2026-05-13 21:58:00,23.49276689853404
2026-05-13 21:59:00,23.49276689853404
2026-05-13 22:00:00,23.49276689853404
2026-05-13 22:01:00,23.49276689853404
2026-05-13 22:02:00,23.49276689853404
2026-05-13 22:03:00,23.49276689853404
2026-05-13 22:04:00,23.49276689853404
2026-05-13 22:05:00,23.49276689853404
2026-05-13 22:06:00,23.49276689853404
2026-05-13 22:07:00,23.49276689853404
2026-05-13 22:08:00,23.49276689853404
2026-05-13 22:09:00,23.49276689853404
2026-05-13 22:10:00,23.49276689853404
2026-05-13 22:11:00,23.49276689853404
2026-05-13 22:12:00,23.49276689853404
2026-05-13 22:13:00,23.49276689853404
2026-05-13 22:14:00,23.49276689853404
2026-05-13 22:15:00,23.49276689853404
2026-05-13 22:16:00,23.49276689853404
2026-05-13 22:17:00,23.49276689853404
2026-05-13 22:18:00,23.49276689853404
2026-05-13 22:19:00,23.49276689853404
2026-05-13 22:20:00,23.49276689853404
2026-05-13 22:21:00,23.49276689853404
2026-05-13 22:22:00,23.49276689853404
2026-05-13 22:23:00,23.49276689853404
2026-05-13 22:24:00,23.49276689853404
2026-05-13 22:25:00,23.49276689853404
2026-05-13 22:26:00,23.49276689853404
2026-05-13 22:27:00,23.49276689853404
2026-05-13 22:28:00,23.49276689853404
2026-05-13 22:29:00,23.49276689853404
2026-05-13 22:30:00,23.49276689853404
2026-05-13 22:31:00,23.49276689853404
2026-05-13 22:32:00,23.49276689853404
2026-05-13 22:33:00,23.49276689853404
2026-05-13 22:34:00,23.49276689853404
2026-05-13 22:35:00,23.49276689853404
2026-05-13 22:36:00,23.49276689853404
2026-05-13 22:37:00,23.49276689853404
2026-05-13 22:38:00,23.49276689853404
2026-05-13 22:39:00,23.49276689853404
2026-05-13 22:40:00,23.49276689853404
2026-05-13 22:41:00,23.49276689853404
2026-05-13 22:42:00,23.49276689853404
2026-05-13 22:43:00,23.49276689853404
2026-05-13 22:44:00,23.49276689853404
2026-05-13 22:45:00,23.49276689853404
2026-05-13 22:46:00,23.49276689853404
2026-05-13 22:47:00,23.49276689853404
2026-05-13 22:48:00,23.49276689853404
2026-05-13 22:49:00,23.49276689853404
2026-05-13 22:50:00,23.49276689853404
2026-05-13 22:51:00,23.49276689853404
2026-05-13 22:52:00,23.49276689853404
2026-05-13 22:53:00,23.49276689853404
2026-05-13 22:54:00,23.49276689853404
2026-05-13 22:55:00,23.49276689853404
2026-05-13 22:56:00,23.49276689853404
2026-05-13 22:57:00,23.49276689853404
2026-05-13 22:58:00,23.49276689853404
2026-05-13 22:59:00,23.49276689853404
2026-05-13 23:00:00,23.49276689853404
2026-05-13 23:01:00,23.49276689853404
2026-05-13 23:02:00,23.49276689853404
2026-05-13 23:03:00,23.49276689853404
2026-05-13 23:04:00,23.49276689853404
2026-05-13 23:05:00,23.49276689853404
2026-05-13 23:06:00,23.49276689853404
2026-05-13 23:07:00,23.49276689853404
2026-05-13 23:08:00,23.49276689853404
2026-05-13 23:09:00,23.49276689853404
2026-05-13 23:10:00,23.49276689853404
2026-05-13 23:11:00,23.49276689853404
2026-05-13 23:12:00,23.49276689853404
2026-05-13 23:13:00,23.49276689853404
2026-05-13 23:14:00,23.49276689853404
2026-05-13 23:15:00,23.49276689853404
2026-05-13 23:16:00,23.49276689853404
2026-05-13 23:17:00,23.49276689853404
2026-05-13 23:18:00,23.49276689853404
2026-05-13 23:19:00,23.49276689853404
2026-05-13 23:20:00,23.49276689853404
2026-05-13 23:21:00,23.49276689853404
2026-05-13 23:22:00,23.49276689853404
2026-05-13 23:23:00,23.49276689853404
2026-05-13 23:24:00,23.49276689853404
2026-05-13 23:25:00,23.49276689853404
2026-05-13 23:26:00,23.49276689853404
2026-05-13 23:27:00,23.49276689853404
2026-05-13 23:28:00,23.49276689853404
2026-05-13 23:29:00,23.49276689853404
2026-05-13 23:30:00,23.49276689853404
2026-05-13 23:31:00,23.49276689853404
2026-05-13 23:32:00,23.49276689853404
2026-05-13 23:33:00,23.49276689853404
2026-05-13 23:34:00,23.49276689853404
2026-05-13 23:35:00,23.49276689853404
2026-05-13 23:36:00,23.49276689853404
2026-05-13 23:37:00,23.49276689853404
2026-05-13 23:38:00,23.49276689853404
2026-05-13 23:39:00,23.49276689853404
2026-05-13 23:40:00,23.49276689853404
2026-05-13 23:41:00,23.49276689853404
2026-05-13 23:42:00,23.49276689853404
2026-05-13 23:43:00,23.49276689853404
2026-05-13 23:44:00,23.49276689853404
2026-05-13 23:45:00,23.49276689853404
2026-05-13 23:46:00,23.49276689853404
2026-05-13 23:47:00,23.49276689853404
2026-05-13 23:48:00,23.49276689853404
2026-05-13 23:49:00,23.49276689853404
2026-05-13 23:50:00,23.49276689853404
2026-05-13 23:51:00,23.49276689853404
2026-05-13 23:52:00,23.49276689853404
2026-05-13 23:53:00,23.49276689853404
2026-05-13 23:54:00,23.49276689853404
2026-05-13 23:55:00,23.49276689853404
2026-05-13 23:56:00,23.49276689853404
2026-05-13 23:57:00,23.49276689853404
2026-05-13 23:58:00,23.49276689853404
2026-05-13 23:59:00,23.49276689853404
2026-05-14 00:00:00,23.49276689853404
2026-05-14 00:01:00,23.49276689853404
2026-05-14 00:02:00,23.49276689853404
2026-05-14 00:03:00,23.49276689853404
2026-05-14 00:04:00,23.49276689853404
2026-05-14 00:05:00,23.49276689853404
2026-05-14 00:06:00,23.49276689853404
2026-05-14 00:07:00,23.49276689853404
2026-05-14 00:08:00,23.49276689853404
2026-05-14 00:09:00,23.49276689853404
2026-05-14 00:10:00,23.49276689853404
2026-05-14 00:11:00,23.49276689853404
2026-05-14 00:12:00,23.49276689853404
2026-05-14 00:13:00,23.49276689853404
2026-05-14 00:14:00,23.49276689853404
2026-05-14 00:15:00,23.49276689853404
2026-05-14 00:16:00,23.49276689853404
2026-05-14 00:17:00,23.49276689853404
2026-05-14 00:18:00,23.49276689853404
2026-05-14 00:19:00,23.49276689853404
2026-05-14 00:20:00,23.49276689853404
2026-05-14 00:21:00,23.49276689853404
2026-05-14 00:22:00,23.49276689853404
2026-05-14 00:23:00,23.49276689853404
2026-05-14 00:24:00,23.49276689853404
2026-05-14 00:25:00,23.49276689853404
2026-05-14 00:26:00,23.49276689853404
2026-05-14 00:27:00,23.49276689853404
2026-05-14 00:28:00,23.49276689853404
2026-05-14 00:29:00,23.49276689853404
2026-05-14 00:30:00,23.49276689853404
2026-05-14 00:31:00,23.49276689853404
2026-05-14 00:32:00,23.49276689853404
2026-05-14 00:33:00,23.49276689853404
2026-05-14 00:34:00,23.49276689853404
2026-05-14 00:35:00,23.49276689853404
2026-05-14 00:36:00,23.49276689853404
2026-05-14 00:37:00,23.49276689853404
2026-05-14 00:38:00,23.49276689853404
2026-05-14 00:39:00,23.49276689853404
2026-05-14 00:40:00,23.49276689853404
2026-05-14 00:41:00,23.49276689853404
2026-05-14 00:42:00,23.49276689853404
2026-05-14 00:43:00,23.49276689853404
2026-05-14 00:44:00,23.49276689853404
2026-05-14 00:45:00,23.49276689853404
2026-05-14 00:46:00,23.49276689853404
2026-05-14 00:47:00,23.49276689853404
2026-05-14 00:48:00,23.49276689853404
2026-05-14 00:49:00,23.49276689853404
2026-05-14 00:50:00,23.49276689853404
2026-05-14 00:51:00,23.49276689853404
2026-05-14 00:52:00,23.49276689853404
2026-05-14 00:53:00,23.49276689853404
2026-05-14 00:54:00,23.49276689853404
2026-05-14 00:55:00,23.49276689853404
2026-05-14 00:56:00,23.49276689853404
2026-05-14 00:57:00,23.49276689853404
2026-05-14 00:58:00,23.49276689853404
2026-05-14 00:59:00,23.49276689853404
2026-05-14 01:00:00,23.49276689853404
2026-05-14 01:01:00,23.49276689853404
2026-05-14 01:02:00,23.49276689853404
2026-05-14 01:03:00,23.49276689853404
2026-05-14 01:04:00,23.49276689853404
2026-05-14 01:05:00,23.49276689853404
2026-05-14 01:06:00,23.49276689853404
2026-05-14 01:07:00,23.49276689853404
2026-05-14 01:08:00,23.49276689853404
2026-05-14 01:09:00,23.49276689853404
2026-05-14 01:10:00,23.49276689853404
2026-05-14 01:11:00,23.49276689853404
2026-05-14 01:12:00,23.49276689853404
2026-05-14 01:13:00,23.49276689853404
2026-05-14 01:14:00,23.49276689853404
2026-05-14 01:15:00,23.49276689853404
2026-05-14 01:16:00,23.49276689853404
2026-05-14 01:17:00,23.49276689853404
2026-05-14 01:18:00,23.49276689853404
2026-05-14 01:19:00,23.49276689853404
2026-05-14 01:20:00,23.49276689853404
2026-05-14 01:21:00,23.49276689853404
2026-05-14 01:22:00,23.49276689853404
2026-05-14 01:23:00,23.49276689853404
2026-05-14 01:24:00,23.49276689853404
2026-05-14 01:25:00,23.49276689853404
2026-05-14 01:26:00,23.49276689853404
2026-05-14 01:27:00,23.49276689853404
2026-05-14 01:28:00,23.49276689853404
2026-05-14 01:29:00,23.49276689853404
2026-05-14 01:30:00,23.49276689853404
2026-05-14 01:31:00,23.49276689853404
2026-05-14 01:32:00,23.49276689853404
2026-05-14 01:33:00,23.49276689853404
2026-05-14 01:34:00,23.49276689853404
2026-05-14 01:35:00,23.49276689853404
2026-05-14 01:36:00,23.49276689853404
2026-05-14 01:37:00,23.49276689853404
2026-05-14 01:38:00,23.49276689853404
2026-05-14 01:39:00,23.49276689853404
2026-05-14 01:40:00,23.49276689853404
2026-05-14 01:41:00,23.49276689853404
2026-05-14 01:42:00,23.49276689853404
2026-05-14 01:43:00,23.49276689853404
2026-05-14 01:44:00,23.49276689853404
2026-05-14 01:45:00,23.49276689853404
2026-05-14 01:46:00,23.49276689853404
2026-05-14 01:47:00,23.49276689853404
2026-05-14 01:48:00,23.49276689853404
2026-05-14 01:49:00,23.49276689853404
2026-05-14 01:50:00,23.49276689853404
2026-05-14 01:51:00,23.49276689853404
2026-05-14 01:52:00,23.49276689853404
2026-05-14 01:53:00,23.49276689853404
2026-05-14 01:54:00,23.49276689853404
2026-05-14 01:55:00,23.49276689853404
2026-05-14 01:56:00,23.49276689853404
2026-05-14 01:57:00,23.49276689853404
2026-05-14 01:58:00,23.49276689853404
2026-05-14 01:59:00,23.49276689853404
2026-05-14 02:00:00,23.49276689853404
2026-05-14 02:01:00,23.49276689853404
2026-05-14 02:02:00,23.49276689853404
2026-05-14 02:03:00,23.49276689853404
2026-05-14 02:04:00,23.49276689853404
2026-05-14 02:05:00,23.49276689853404
2026-05-14 02:06:00,23.49276689853404
2026-05-14 02:07:00,23.49276689853404
2026-05-14 02:08:00,23.49276689853404
2026-05-14 02:09:00,23.49276689853404
2026-05-14 02:10:00,23.49276689853404
2026-05-14 02:11:00,23.49276689853404
2026-05-14 02:12:00,23.49276689853404
2026-05-14 02:13:00,23.49276689853404
2026-05-14 02:14:00,23.49276689853404
2026-05-14 02:15:00,23.49276689853404
2026-05-14 02:16:00,23.49276689853404
2026-05-14 02:17:00,23.49276689853404
2026-05-14 02:18:00,23.49276689853404
2026-05-14 02:19:00,23.49276689853404
2026-05-14 02:20:00,23.49276689853404
2026-05-14 02:21:00,23.49276689853404
2026-05-14 02:22:00,23.49276689853404
2026-05-14 02:23:00,23.49276689853404
2026-05-14 02:24:00,23.49276689853404
2026-05-14 02:25:00,23.49276689853404
2026-05-14 02:26:00,23.49276689853404
2026-05-14 02:27:00,23.49276689853404
2026-05-14 02:28:00,23.49276689853404
2026-05-14 02:29:00,23.49276689853404
2026-05-14 02:30:00,23.49276689853404
2026-05-14 02:31:00,23.49276689853404
2026-05-14 02:32:00,23.49276689853404
2026-05-14 02:33:00,23.49276689853404
2026-05-14 02:34:00,23.49276689853404
2026-05-14 02:35:00,23.49276689853404
2026-05-14 02:36:00,23.49276689853404
2026-05-14 02:37:00,23.49276689853404
2026-05-14 02:38:00,23.49276689853404
2026-05-14 02:39:00,23.49276689853404
2026-05-14 02:40:00,23.49276689853404
2026-05-14 02:41:00,23.49276689853404
2026-05-14 02:42:00,23.49276689853404
2026-05-14 02:43:00,23.49276689853404
2026-05-14 02:44:00,23.49276689853404
2026-05-14 02:45:00,23.49276689853404
2026-05-14 02:46:00,23.49276689853404
2026-05-14 02:47:00,23.49276689853404
2026-05-14 02:48:00,23.49276689853404
2026-05-14 02:49:00,23.49276689853404
2026-05-14 02:50:00,23.49276689853404
2026-05-14 02:51:00,23.49276689853404
2026-05-14 02:52:00,23.49276689853404
2026-05-14 02:53:00,23.49276689853404
2026-05-14 02:54:00,23.49276689853404
2026-05-14 02:55:00,23.49276689853404
2026-05-14 02:56:00,23.49276689853404
2026-05-14 02:57:00,23.49276689853404
2026-05-14 02:58:00,23.49276689853404
2026-05-14 02:59:00,23.49276689853404
2026-05-14 03:00:00,23.49276689853404
2026-05-14 03:01:00,23.49276689853404
2026-05-14 03:02:00,23.49276689853404
2026-05-14 03:03:00,23.49276689853404
2026-05-14 03:04:00,23.49276689853404
2026-05-14 03:05:00,23.49276689853404
2026-05-14 03:06:00,23.49276689853404
2026-05-14 03:07:00,23.49276689853404
2026-05-14 03:08:00,23.49276689853404
2026-05-14 03:09:00,23.49276689853404
2026-05-14 03:10:00,23.49276689853404
2026-05-14 03:11:00,23.49276689853404
2026-05-14 03:12:00,23.49276689853404
2026-05-14 03:13:00,23.49276689853404
2026-05-14 03:14:00,23.49276689853404
2026-05-14 03:15:00,23.49276689853404
2026-05-14 03:16:00,23.49276689853404
2026-05-14 03:17:00,23.49276689853404
2026-05-14 03:18:00,23.49276689853404
2026-05-14 03:19:00,23.49276689853404
2026-05-14 03:20:00,23.49276689853404
2026-05-14 03:21:00,23.49276689853404
2026-05-14 03:22:00,23.49276689853404
2026-05-14 03:23:00,23.49276689853404
2026-05-14 03:24:00,23.49276689853404
2026-05-14 03:25:00,23.49276689853404
2026-05-14 03:26:00,23.49276689853404
2026-05-14 03:27:00,23.49276689853404
2026-05-14 03:28:00,23.49276689853404
2026-05-14 03:29:00,23.49276689853404
2026-05-14 03:30:00,23.49276689853404
2026-05-14 03:31:00,23.49276689853404
2026-05-14 03:32:00,23.49276689853404
2026-05-14 03:33:00,23.49276689853404
2026-05-14 03:34:00,23.49276689853404
2026-05-14 03:35:00,23.49276689853404
2026-05-14 03:36:00,23.49276689853404
2026-05-14 03:37:00,23.49276689853404
2026-05-14 03:38:00,23.49276689853404
2026-05-14 03:39:00,23.49276689853404
2026-05-14 03:40:00,23.49276689853404
2026-05-14 03:41:00,23.49276689853404
2026-05-14 03:42:00,23.49276689853404
2026-05-14 03:43:00,23.49276689853404
2026-05-14 03:44:00,23.49276689853404
2026-05-14 03:45:00,23.49276689853404
2026-05-14 03:46:00,23.49276689853404
2026-05-14 03:47:00,23.49276689853404
2026-05-14 03:48:00,23.49276689853404
2026-05-14 03:49:00,23.49276689853404
2026-05-14 03:50:00,23.49276689853404
2026-05-14 03:51:00,23.49276689853404
2026-05-14 03:52:00,23.49276689853404
2026-05-14 03:53:00,23.49276689853404
2026-05-14 03:54:00,23.49276689853404
2026-05-14 03:55:00,23.49276689853404
2026-05-14 03:56:00,23.49276689853404
2026-05-14 03:57:00,23.49276689853404
2026-05-14 03:58:00,23.49276689853404
2026-05-14 03:59:00,23.49276689853404
2026-05-14 04:00:00,23.49276689853404
2026-05-14 04:01:00,23.49276689853404
2026-05-14 04:02:00,23.49276689853404
2026-05-14 04:03:00,23.49276689853404
2026-05-14 04:04:00,23.49276689853404
2026-05-14 04:05:00,23.49276689853404
2026-05-14 04:06:00,23.49276689853404
2026-05-14 04:07:00,23.49276689853404
2026-05-14 04:08:00,23.49276689853404
2026-05-14 04:09:00,23.49276689853404
2026-05-14 04:10:00,23.49276689853404
2026-05-14 04:11:00,23.49276689853404
2026-05-14 04:12:00,23.49276689853404
2026-05-14 04:13:00,23.49276689853404
2026-05-14 04:14:00,23.49276689853404
2026-05-14 04:15:00,23.49276689853404
2026-05-14 04:16:00,23.49276689853404
2026-05-14 04:17:00,23.49276689853404
2026-05-14 04:18:00,23.49276689853404
2026-05-14 04:19:00,23.49276689853404
2026-05-14 04:20:00,23.49276689853404
2026-05-14 04:21:00,23.49276689853404
2026-05-14 04:22:00,23.49276689853404
2026-05-14 04:23:00,23.49276689853404
2026-05-14 04:24:00,23.49276689853404
2026-05-14 04:25:00,23.49276689853404
2026-05-14 04:26:00,23.49276689853404
2026-05-14 04:27:00,23.49276689853404
2026-05-14 04:28:00,23.49276689853404
2026-05-14 04:29:00,23.49276689853404
2026-05-14 04:30:00,23.49276689853404
2026-05-14 04:31:00,23.49276689853404
2026-05-14 04:32:00,23.49276689853404
2026-05-14 04:33:00,23.49276689853404
2026-05-14 04:34:00,23.49276689853404
2026-05-14 04:35:00,23.49276689853404
2026-05-14 04:36:00,23.49276689853404
2026-05-14 04:37:00,23.49276689853404
2026-05-14 04:38:00,23.49276689853404
2026-05-14 04:39:00,23.49276689853404
2026-05-14 04:40:00,23.49276689853404
2026-05-14 04:41:00,23.49276689853404
2026-05-14 04:42:00,23.49276689853404
2026-05-14 04:43:00,23.49276689853404
2026-05-14 04:44:00,23.49276689853404
2026-05-14 04:45:00,23.49276689853404
2026-05-14 04:46:00,23.49276689853404
2026-05-14 04:47:00,23.49276689853404
2026-05-14 04:48:00,23.49276689853404
2026-05-14 04:49:00,23.49276689853404
2026-05-14 04:50:00,23.49276689853404
2026-05-14 04:51:00,23.49276689853404
2026-05-14 04:52:00,23.49276689853404
2026-05-14 04:53:00,23.49276689853404
2026-05-14 04:54:00,23.49276689853404
2026-05-14 04:55:00,23.49276689853404
2026-05-14 04:56:00,23.49276689853404
2026-05-14 04:57:00,23.49276689853404
2026-05-14 04:58:00,23.49276689853404
2026-05-14 04:59:00,23.49276689853404
2026-05-14 05:00:00,23.49276689853404
2026-05-14 05:01:00,23.49276689853404
2026-05-14 05:02:00,23.49276689853404
2026-05-14 05:03:00,23.49276689853404
2026-05-14 05:04:00,23.49276689853404
2026-05-14 05:05:00,23.49276689853404
2026-05-14 05:06:00,23.49276689853404
2026-05-14 05:07:00,23.49276689853404
2026-05-14 05:08:00,23.49276689853404
2026-05-14 05:09:00,23.49276689853404
2026-05-14 05:10:00,23.49276689853404
2026-05-14 05:11:00,23.49276689853404
2026-05-14 05:12:00,23.49276689853404
2026-05-14 05:13:00,23.49276689853404
2026-05-14 05:14:00,23.49276689853404
2026-05-14 05:15:00,23.49276689853404
2026-05-14 05:16:00,23.49276689853404
2026-05-14 05:17:00,23.49276689853404
2026-05-14 05:18:00,23.49276689853404
2026-05-14 05:19:00,23.49276689853404
2026-05-14 05:20:00,23.49276689853404
2026-05-14 05:21:00,23.49276689853404
2026-05-14 05:22:00,23.49276689853404
2026-05-14 05:23:00,23.49276689853404
2026-05-14 05:24:00,23.49276689853404
2026-05-14 05:25:00,23.49276689853404
2026-05-14 05:26:00,23.49276689853404
2026-05-14 05:27:00,23.49276689853404
2026-05-14 05:28:00,23.49276689853404
2026-05-14 05:29:00,23.49276689853404
2026-05-14 05:30:00,23.49276689853404
2026-05-14 05:31:00,23.49276689853404
2026-05-14 05:32:00,23.49276689853404
2026-05-14 05:33:00,23.49276689853404
2026-05-14 05:34:00,23.49276689853404
2026-05-14 05:35:00,23.49276689853404
2026-05-14 05:36:00,23.49276689853404
2026-05-14 05:37:00,23.49276689853404
2026-05-14 05:38:00,23.49276689853404
2026-05-14 05:39:00,23.49276689853404
2026-05-14 05:40:00,23.49276689853404
2026-05-14 05:41:00,23.49276689853404
2026-05-14 05:42:00,23.49276689853404
2026-05-14 05:43:00,23.49276689853404
2026-05-14 05:44:00,23.49276689853404
2026-05-14 05:45:00,23.49276689853404
2026-05-14 05:46:00,23.49276689853404
2026-05-14 05:47:00,23.49276689853404
2026-05-14 05:48:00,23.49276689853404
2026-05-14 05:49:00,23.49276689853404
2026-05-14 05:50:00,23.49276689853404
2026-05-14 05:51:00,23.49276689853404
2026-05-14 05:52:00,23.49276689853404
2026-05-14 05:53:00,23.49276689853404
2026-05-14 05:54:00,23.49276689853404
2026-05-14 05:55:00,23.49276689853404
2026-05-14 05:56:00,23.49276689853404
2026-05-14 05:57:00,23.49276689853404
2026-05-14 05:58:00,23.49276689853404
2026-05-14 05:59:00,23.49276689853404
2026-05-14 06:00:00,23.49276689853404
2026-05-14 06:01:00,23.49276689853404
2026-05-14 06:02:00,23.49276689853404
2026-05-14 06:03:00,23.49276689853404
2026-05-14 06:04:00,23.49276689853404
2026-05-14 06:05:00,23.49276689853404
2026-05-14 06:06:00,23.49276689853404
2026-05-14 06:07:00,23.49276689853404
2026-05-14 06:08:00,23.49276689853404
2026-05-14 06:09:00,23.49276689853404
2026-05-14 06:10:00,23.49276689853404
2026-05-14 06:11:00,23.49276689853404
2026-05-14 06:12:00,23.49276689853404
2026-05-14 06:13:00,23.49276689853404
2026-05-14 06:14:00,23.49276689853404
2026-05-14 06:15:00,23.49276689853404
2026-05-14 06:16:00,23.49276689853404
2026-05-14 06:17:00,23.49276689853404
2026-05-14 06:18:00,23.49276689853404
2026-05-14 06:19:00,23.49276689853404
2026-05-14 06:20:00,23.49276689853404
2026-05-14 06:21:00,23.49276689853404
2026-05-14 06:22:00,23.49276689853404
2026-05-14 06:23:00,23.49276689853404
2026-05-14 06:24:00,23.49276689853404
2026-05-14 06:25:00,23.49276689853404
2026-05-14 06:26:00,23.49276689853404
2026-05-14 06:27:00,23.49276689853404
2026-05-14 06:28:00,23.49276689853404
2026-05-14 06:29:00,23.49276689853404
2026-05-14 06:30:00,23.49276689853404
2026-05-14 06:31:00,23.49276689853404
2026-05-14 06:32:00,23.49276689853404
2026-05-14 06:33:00,23.49276689853404
2026-05-14 06:34:00,23.49276689853404
2026-05-14 06:35:00,23.49276689853404
2026-05-14 06:36:00,23.49276689853404
2026-05-14 06:37:00,23.49276689853404
2026-05-14 06:38:00,23.49276689853404
2026-05-14 06:39:00,23.49276689853404
2026-05-14 06:40:00,23.49276689853404
2026-05-14 06:41:00,23.49276689853404
2026-05-14 06:42:00,23.49276689853404
2026-05-14 06:43:00,23.49276689853404
2026-05-14 06:44:00,23.49276689853404
2026-05-14 06:45:00,23.49276689853404
2026-05-14 06:46:00,23.49276689853404
2026-05-14 06:47:00,23.49276689853404
2026-05-14 06:48:00,23.49276689853404
2026-05-14 06:49:00,23.49276689853404
2026-05-14 06:50:00,23.49276689853404
2026-05-14 06:51:00,23.49276689853404
2026-05-14 06:52:00,23.49276689853404
2026-05-14 06:53:00,23.49276689853404
2026-05-14 06:54:00,23.49276689853404
2026-05-14 06:55:00,23.49276689853404
2026-05-14 06:56:00,23.49276689853404
2026-05-14 06:57:00,23.49276689853404
2026-05-14 06:58:00,23.49276689853404
2026-05-14 06:59:00,23.49276689853404
2026-05-14 07:00:00,23.49276689853404
2026-05-14 07:01:00,23.49276689853404
2026-05-14 07:02:00,23.49276689853404
2026-05-14 07:03:00,23.49276689853404
2026-05-14 07:04:00,23.49276689853404
2026-05-14 07:05:00,23.49276689853404
2026-05-14 07:06:00,23.49276689853404
2026-05-14 07:07:00,23.49276689853404
2026-05-14 07:08:00,23.49276689853404
2026-05-14 07:09:00,23.49276689853404
2026-05-14 07:10:00,23.49276689853404
2026-05-14 07:11:00,23.49276689853404
2026-05-14 07:12:00,23.49276689853404
2026-05-14 07:13:00,23.49276689853404
2026-05-14 07:14:00,23.49276689853404
2026-05-14 07:15:00,23.49276689853404
2026-05-14 07:16:00,23.49276689853404
2026-05-14 07:17:00,23.49276689853404
2026-05-14 07:18:00,23.49276689853404
2026-05-14 07:19:00,23.49276689853404
2026-05-14 07:20:00,23.49276689853404
2026-05-14 07:21:00,23.49276689853404
2026-05-14 07:22:00,23.49276689853404
2026-05-14 07:23:00,23.49276689853404
2026-05-14 07:24:00,23.49276689853404
2026-05-14 07:25:00,23.49276689853404
2026-05-14 07:26:00,23.49276689853404
2026-05-14 07:27:00,23.49276689853404
2026-05-14 07:28:00,23.49276689853404
2026-05-14 07:29:00,23.49276689853404
2026-05-14 07:30:00,23.49276689853404
2026-05-14 07:31:00,23.49276689853404
2026-05-14 07:32:00,23.49276689853404
2026-05-14 07:33:00,23.49276689853404
2026-05-14 07:34:00,23.49276689853404
2026-05-14 07:35:00,23.49276689853404
2026-05-14 07:36:00,23.49276689853404
2026-05-14 07:37:00,23.49276689853404
2026-05-14 07:38:00,23.49276689853404
2026-05-14 07:39:00,23.49276689853404
2026-05-14 07:40:00,23.49276689853404
2026-05-14 07:41:00,23.49276689853404
2026-05-14 07:42:00,23.49276689853404
2026-05-14 07:43:00,23.49276689853404
2026-05-14 07:44:00,23.49276689853404
2026-05-14 07:45:00,23.49276689853404
2026-05-14 07:46:00,23.49276689853404
2026-05-14 07:47:00,23.49276689853404
2026-05-14 07:48:00,23.49276689853404
2026-05-14 07:49:00,23.49276689853404
2026-05-14 07:50:00,23.49276689853404
2026-05-14 07:51:00,23.49276689853404
2026-05-14 07:52:00,23.49276689853404
2026-05-14 07:53:00,23.49276689853404
2026-05-14 07:54:00,23.49276689853404
2026-05-14 07:55:00,23.49276689853404
2026-05-14 07:56:00,23.49276689853404
2026-05-14 07:57:00,23.49276689853404
2026-05-14 07:58:00,23.49276689853404
2026-05-14 07:59:00,23.49276689853404
2026-05-14 08:00:00,23.49276689853404
2026-05-14 08:01:00,23.49276689853404
2026-05-14 08:02:00,23.49276689853404
2026-05-14 08:03:00,23.49276689853404
2026-05-14 08:04:00,23.49276689853404
2026-05-14 08:05:00,23.49276689853404
2026-05-14 08:06:00,23.49276689853404
2026-05-14 08:07:00,23.49276689853404
2026-05-14 08:08:00,23.49276689853404
2026-05-14 08:09:00,23.49276689853404
2026-05-14 08:10:00,23.49276689853404
2026-05-14 08:11:00,23.49276689853404
2026-05-14 08:12:00,23.49276689853404
2026-05-14 08:13:00,23.49276689853404
2026-05-14 08:14:00,23.49276689853404
2026-05-14 08:15:00,23.49276689853404
2026-05-14 08:16:00,23.49276689853404
2026-05-14 08:17:00,23.49276689853404
2026-05-14 08:18:00,23.49276689853404
2026-05-14 08:19:00,23.49276689853404
2026-05-14 08:20:00,23.49276689853404
2026-05-14 08:21:00,23.49276689853404
2026-05-14 08:22:00,23.49276689853404
2026-05-14 08:23:00,23.49276689853404
2026-05-14 08:24:00,23.49276689853404
2026-05-14 08:25:00,23.49276689853404
2026-05-14 08:26:00,23.49276689853404
2026-05-14 08:27:00,23.49276689853404
2026-05-14 08:28:00,23.49276689853404
2026-05-14 08:29:00,23.49276689853404
2026-05-14 08:30:00,23.49276689853404
2026-05-14 08:31:00,23.49276689853404
2026-05-14 08:32:00,23.49276689853404
2026-05-14 08:33:00,23.49276689853404
2026-05-14 08:34:00,23.49276689853404
2026-05-14 08:35:00,23.49276689853404
2026-05-14 08:36:00,23.49276689853404
2026-05-14 08:37:00,23.49276689853404
2026-05-14 08:38:00,23.49276689853404
2026-05-14 08:39:00,23.49276689853404
2026-05-14 08:40:00,23.49276689853404
2026-05-14 08:41:00,23.49276689853404
2026-05-14 08:42:00,23.49276689853404
2026-05-14 08:43:00,23.49276689853404
2026-05-14 08:44:00,23.49276689853404
2026-05-14 08:45:00,23.49276689853404
2026-05-14 08:46:00,23.49276689853404
2026-05-14 08:47:00,23.49276689853404
2026-05-14 08:48:00,23.49276689853404
2026-05-14 08:49:00,23.49276689853404
2026-05-14 08:50:00,23.49276689853404
2026-05-14 08:51:00,23.49276689853404
2026-05-14 08:52:00,23.49276689853404
2026-05-14 08:53:00,23.49276689853404
2026-05-14 08:54:00,23.49276689853404
2026-05-14 08:55:00,23.49276689853404
2026-05-14 08:56:00,23.49276689853404
2026-05-14 08:57:00,23.49276689853404
2026-05-14 08:58:00,23.49276689853404
2026-05-14 08:59:00,23.49276689853404
2026-05-14 09:00:00,23.49276689853404
2026-05-14 09:01:00,23.49276689853404
2026-05-14 09:02:00,23.49276689853404
2026-05-14 09:03:00,23.49276689853404
2026-05-14 09:04:00,23.49276689853404
2026-05-14 09:05:00,23.49276689853404
2026-05-14 09:06:00,23.49276689853404
2026-05-14 09:07:00,23.49276689853404
2026-05-14 09:08:00,23.49276689853404
2026-05-14 09:09:00,23.49276689853404
2026-05-14 09:10:00,23.49276689853404
2026-05-14 09:11:00,23.49276689853404
2026-05-14 09:12:00,23.49276689853404
2026-05-14 09:13:00,23.49276689853404
2026-05-14 09:14:00,23.49276689853404
2026-05-14 09:15:00,23.49276689853404
2026-05-14 09:16:00,23.49276689853404
2026-05-14 09:17:00,23.49276689853404
2026-05-14 09:18:00,23.49276689853404
2026-05-14 09:19:00,23.49276689853404
2026-05-14 09:20:00,23.49276689853404
2026-05-14 09:21:00,23.49276689853404
2026-05-14 09:22:00,23.49276689853404
2026-05-14 09:23:00,23.49276689853404
2026-05-14 09:24:00,23.49276689853404
2026-05-14 09:25:00,23.49276689853404
2026-05-14 09:26:00,23.49276689853404
2026-05-14 09:27:00,23.49276689853404
2026-05-14 09:28:00,23.49276689853404
2026-05-14 09:29:00,23.49276689853404
2026-05-14 09:30:00,23.49276689853404
2026-05-14 09:31:00,23.49276689853404
2026-05-14 09:32:00,23.49276689853404
2026-05-14 09:33:00,23.49276689853404
2026-05-14 09:34:00,23.49276689853404
2026-05-14 09:35:00,23.49276689853404
2026-05-14 09:36:00,23.49276689853404
2026-05-14 09:37:00,23.49276689853404
2026-05-14 09:38:00,23.49276689853404
2026-05-14 09:39:00,23.49276689853404
2026-05-14 09:40:00,23.49276689853404
2026-05-14 09:41:00,23.49276689853404
2026-05-14 09:42:00,23.49276689853404
2026-05-14 09:43:00,23.49276689853404
2026-05-14 09:44:00,23.49276689853404
2026-05-14 09:45:00,23.49276689853404
2026-05-14 09:46:00,23.49276689853404
2026-05-14 09:47:00,23.49276689853404
2026-05-14 09:48:00,23.49276689853404
2026-05-14 09:49:00,23.49276689853404
2026-05-14 09:50:00,23.49276689853404
2026-05-14 09:51:00,23.49276689853404
2026-05-14 09:52:00,23.49276689853404
2026-05-14 09:53:00,23.49276689853404
2026-05-14 09:54:00,23.49276689853404
2026-05-14 09:55:00,23.49276689853404
2026-05-14 09:56:00,23.49276689853404
2026-05-14 09:57:00,23.49276689853404
2026-05-14 09:58:00,23.49276689853404
2026-05-14 09:59:00,23.49276689853404
2026-05-14 10:00:00,23.49276689853404
2026-05-14 10:01:00,23.49276689853404
2026-05-14 10:02:00,23.49276689853404
2026-05-14 10:03:00,23.49276689853404
2026-05-14 10:04:00,23.49276689853404
2026-05-14 10:05:00,23.49276689853404
2026-05-14 10:06:00,23.49276689853404
2026-05-14 10:07:00,23.49276689853404
2026-05-14 10:08:00,23.49276689853404
2026-05-14 10:09:00,23.49276689853404
2026-05-14 10:10:00,23.49276689853404
2026-05-14 10:11:00,23.49276689853404
2026-05-14 10:12:00,23.49276689853404
2026-05-14 10:13:00,23.49276689853404
2026-05-14 10:14:00,23.49276689853404
2026-05-14 10:15:00,23.49276689853404
2026-05-14 10:16:00,23.49276689853404
2026-05-14 10:17:00,23.49276689853404
2026-05-14 10:18:00,23.49276689853404
2026-05-14 10:19:00,23.49276689853404
2026-05-14 10:20:00,23.49276689853404
2026-05-14 10:21:00,23.49276689853404
2026-05-14 10:22:00,23.49276689853404
2026-05-14 10:23:00,23.49276689853404
2026-05-14 10:24:00,23.49276689853404
2026-05-14 10:25:00,23.49276689853404
2026-05-14 10:26:00,23.49276689853404
2026-05-14 10:27:00,23.49276689853404
2026-05-14 10:28:00,23.49276689853404
2026-05-14 10:29:00,23.49276689853404
2026-05-14 10:30:00,23.49276689853404
2026-05-14 10:31:00,23.49276689853404
2026-05-14 10:32:00,23.49276689853404
2026-05-14 10:33:00,23.49276689853404
2026-05-14 10:34:00,23.49276689853404
2026-05-14 10:35:00,23.49276689853404
2026-05-14 10:36:00,23.49276689853404
2026-05-14 10:37:00,23.49276689853404
2026-05-14 10:38:00,23.49276689853404
2026-05-14 10:39:00,23.49276689853404
2026-05-14 10:40:00,23.49276689853404
2026-05-14 10:41:00,23.49276689853404
2026-05-14 10:42:00,23.49276689853404
2026-05-14 10:43:00,23.49276689853404
2026-05-14 10:44:00,23.49276689853404
2026-05-14 10:45:00,23.49276689853404
2026-05-14 10:46:00,23.49276689853404
2026-05-14 10:47:00,23.49276689853404
2026-05-14 10:48:00,23.49276689853404
2026-05-14 10:49:00,23.49276689853404
2026-05-14 10:50:00,23.49276689853404
2026-05-14 10:51:00,23.49276689853404
2026-05-14 10:52:00,23.49276689853404
2026-05-14 10:53:00,23.49276689853404
2026-05-14 10:54:00,23.49276689853404
2026-05-14 10:55:00,23.49276689853404
2026-05-14 10:56:00,23.49276689853404
2026-05-14 10:57:00,23.49276689853404
2026-05-14 10:58:00,23.49276689853404
2026-05-14 10:59:00,23.49276689853404
2026-05-14 11:00:00,23.49276689853404
2026-05-14 11:01:00,23.49276689853404
2026-05-14 11:02:00,23.49276689853404
2026-05-14 11:03:00,23.49276689853404
2026-05-14 11:04:00,23.49276689853404
2026-05-14 11:05:00,23.49276689853404
2026-05-14 11:06:00,23.49276689853404
2026-05-14 11:07:00,23.49276689853404
2026-05-14 11:08:00,23.49276689853404
2026-05-14 11:09:00,23.49276689853404
2026-05-14 11:10:00,23.49276689853404
2026-05-14 11:11:00,23.49276689853404
2026-05-14 11:12:00,23.49276689853404
2026-05-14 11:13:00,23.49276689853404
2026-05-14 11:14:00,23.49276689853404
2026-05-14 11:15:00,23.49276689853404
2026-05-14 11:16:00,23.49276689853404
2026-05-14 11:17:00,23.49276689853404
2026-05-14 11:18:00,23.49276689853404
2026-05-14 11:19:00,23.49276689853404
2026-05-14 11:20:00,23.49276689853404
2026-05-14 11:21:00,23.49276689853404
2026-05-14 11:22:00,23.49276689853404
2026-05-14 11:23:00,23.49276689853404
2026-05-14 11:24:00,23.49276689853404
2026-05-14 11:25:00,23.49276689853404
2026-05-14 11:26:00,23.49276689853404
2026-05-14 11:27:00,23.49276689853404
2026-05-14 11:28:00,23.49276689853404
2026-05-14 11:29:00,23.49276689853404
2026-05-14 11:30:00,23.49276689853404
2026-05-14 11:31:00,23.49276689853404
2026-05-14 11:32:00,23.49276689853404
2026-05-14 11:33:00,23.49276689853404
2026-05-14 11:34:00,23.49276689853404
2026-05-14 11:35:00,23.49276689853404
2026-05-14 11:36:00,23.49276689853404
2026-05-14 11:37:00,23.49276689853404
2026-05-14 11:38:00,23.49276689853404
2026-05-14 11:39:00,23.49276689853404
2026-05-14 11:40:00,23.49276689853404
2026-05-14 11:41:00,23.49276689853404
2026-05-14 11:42:00,23.49276689853404
2026-05-14 11:43:00,23.49276689853404
2026-05-14 11:44:00,23.49276689853404
2026-05-14 11:45:00,23.49276689853404
2026-05-14 11:46:00,23.49276689853404
2026-05-14 11:47:00,23.49276689853404
2026-05-14 11:48:00,23.49276689853404
2026-05-14 11:49:00,23.49276689853404
2026-05-14 11:50:00,23.49276689853404
2026-05-14 11:51:00,23.49276689853404
2026-05-14 11:52:00,23.49276689853404
2026-05-14 11:53:00,23.49276689853404
2026-05-14 11:54:00,23.49276689853404
2026-05-14 11:55:00,23.49276689853404
2026-05-14 11:56:00,23.49276689853404
2026-05-14 11:57:00,23.49276689853404
2026-05-14 11:58:00,23.49276689853404
2026-05-14 11:59:00,23.49276689853404
2026-05-14 12:00:00,23.49276689853404
2026-05-14 12:01:00,23.49276689853404
2026-05-14 12:02:00,23.49276689853404
2026-05-14 12:03:00,23.49276689853404
2026-05-14 12:04:00,23.49276689853404
2026-05-14 12:05:00,23.49276689853404
2026-05-14 12:06:00,23.49276689853404
2026-05-14 12:07:00,23.49276689853404
2026-05-14 12:08:00,23.49276689853404
2026-05-14 12:09:00,23.49276689853404
2026-05-14 12:10:00,23.49276689853404
2026-05-14 12:11:00,23.49276689853404
2026-05-14 12:12:00,23.49276689853404
2026-05-14 12:13:00,23.49276689853404
2026-05-14 12:14:00,23.49276689853404
2026-05-14 12:15:00,23.49276689853404
2026-05-14 12:16:00,23.49276689853404
2026-05-14 12:17:00,23.49276689853404
2026-05-14 12:18:00,23.49276689853404
2026-05-14 12:19:00,23.49276689853404
2026-05-14 12:20:00,23.49276689853404
2026-05-14 12:21:00,23.49276689853404
2026-05-14 12:22:00,23.49276689853404
2026-05-14 12:23:00,23.49276689853404
2026-05-14 12:24:00,23.49276689853404
2026-05-14 12:25:00,23.49276689853404
2026-05-14 12:26:00,23.49276689853404
2026-05-14 12:27:00,23.49276689853404
2026-05-14 12:28:00,23.49276689853404
2026-05-14 12:29:00,23.49276689853404
2026-05-14 12:30:00,23.49276689853404
2026-05-14 12:31:00,23.49276689853404
2026-05-14 12:32:00,23.49276689853404
2026-05-14 12:33:00,23.49276689853404
2026-05-14 12:34:00,23.49276689853404
2026-05-14 12:35:00,23.49276689853404
2026-05-14 12:36:00,23.49276689853404
2026-05-14 12:37:00,23.49276689853404
2026-05-14 12:38:00,23.49276689853404
2026-05-14 12:39:00,23.49276689853404
2026-05-14 12:40:00,23.49276689853404
2026-05-14 12:41:00,23.49276689853404
2026-05-14 12:42:00,23.49276689853404
2026-05-14 12:43:00,23.49276689853404
2026-05-14 12:44:00,23.49276689853404
2026-05-14 12:45:00,23.49276689853404
2026-05-14 12:46:00,23.49276689853404
2026-05-14 12:47:00,23.49276689853404
2026-05-14 12:48:00,23.49276689853404
2026-05-14 12:49:00,23.49276689853404
2026-05-14 12:50:00,23.49276689853404
2026-05-14 12:51:00,23.49276689853404
2026-05-14 12:52:00,23.49276689853404
2026-05-14 12:53:00,23.49276689853404
2026-05-14 12:54:00,23.49276689853404
2026-05-14 12:55:00,23.49276689853404
2026-05-14 12:56:00,23.49276689853404
2026-05-14 12:57:00,23.49276689853404
2026-05-14 12:58:00,23.49276689853404
2026-05-14 12:59:00,23.49276689853404
2026-05-14 13:00:00,23.49276689853404
2026-05-14 13:01:00,23.49276689853404
2026-05-14 13:02:00,23.49276689853404
2026-05-14 13:03:00,23.49276689853404
2026-05-14 13:04:00,23.49276689853404
2026-05-14 13:05:00,23.49276689853404
2026-05-14 13:06:00,23.49276689853404
2026-05-14 13:07:00,23.49276689853404
2026-05-14 13:08:00,23.49276689853404
2026-05-14 13:09:00,23.49276689853404
2026-05-14 13:10:00,23.49276689853404
2026-05-14 13:11:00,23.49276689853404
2026-05-14 13:12:00,23.49276689853404
2026-05-14 13:13:00,23.49276689853404
2026-05-14 13:14:00,23.49276689853404
2026-05-14 13:15:00,23.49276689853404
2026-05-14 13:16:00,23.49276689853404
2026-05-14 13:17:00,23.49276689853404
2026-05-14 13:18:00,23.49276689853404
2026-05-14 13:19:00,23.49276689853404
2026-05-14 13:20:00,23.49276689853404
2026-05-14 13:21:00,23.49276689853404
2026-05-14 13:22:00,23.49276689853404
2026-05-14 13:23:00,23.49276689853404
2026-05-14 13:24:00,23.49276689853404
2026-05-14 13:25:00,23.49276689853404
2026-05-14 13:26:00,23.49276689853404
2026-05-14 13:27:00,23.49276689853404
2026-05-14 13:28:00,23.49276689853404
2026-05-14 13:29:00,23.49276689853404
2026-05-14 13:30:00,23.49276689853404
2026-05-14 13:31:00,23.49276689853404
2026-05-14 13:32:00,23.49276689853404
2026-05-14 13:33:00,23.49276689853404
2026-05-14 13:34:00,23.49276689853404
2026-05-14 13:35:00,23.49276689853404
2026-05-14 13:36:00,23.49276689853404
2026-05-14 13:37:00,23.49276689853404
2026-05-14 13:38:00,23.49276689853404
2026-05-14 13:39:00,23.49276689853404
2026-05-14 13:40:00,23.49276689853404
2026-05-14 13:41:00,23.49276689853404
2026-05-14 13:42:00,23.49276689853404
2026-05-14 13:43:00,23.49276689853404
2026-05-14 13:44:00,23.49276689853404
2026-05-14 13:45:00,23.49276689853404
2026-05-14 13:46:00,23.49276689853404
2026-05-14 13:47:00,23.49276689853404
2026-05-14 13:48:00,23.49276689853404
2026-05-14 13:49:00,23.49276689853404
2026-05-14 13:50:00,23.49276689853404
2026-05-14 13:51:00,23.49276689853404
2026-05-14 13:52:00,23.49276689853404
2026-05-14 13:53:00,23.49276689853404
2026-05-14 13:54:00,23.49276689853404
2026-05-14 13:55:00,23.49276689853404
2026-05-14 13:56:00,23.49276689853404
2026-05-14 13:57:00,23.49276689853404
2026-05-14 13:58:00,23.49276689853404
2026-05-14 13:59:00,23.49276689853404
2026-05-14 14:00:00,23.49276689853404
2026-05-14 14:01:00,23.49276689853404
2026-05-14 14:02:00,23.49276689853404
2026-05-14 14:03:00,23.49276689853404
2026-05-14 14:04:00,23.49276689853404
2026-05-14 14:05:00,23.49276689853404
2026-05-14 14:06:00,23.49276689853404
2026-05-14 14:07:00,23.49276689853404
2026-05-14 14:08:00,23.49276689853404
2026-05-14 14:09:00,23.49276689853404
2026-05-14 14:10:00,23.49276689853404
2026-05-14 14:11:00,23.49276689853404
2026-05-14 14:12:00,23.49276689853404
2026-05-14 14:13:00,23.49276689853404
2026-05-14 14:14:00,23.49276689853404
2026-05-14 14:15:00,23.49276689853404
2026-05-14 14:16:00,23.49276689853404
2026-05-14 14:17:00,23.49276689853404
2026-05-14 14:18:00,23.49276689853404
2026-05-14 14:19:00,23.49276689853404
2026-05-14 14:20:00,23.49276689853404
2026-05-14 14:21:00,23.49276689853404
2026-05-14 14:22:00,23.49276689853404
2026-05-14 14:23:00,23.49276689853404
2026-05-14 14:24:00,23.49276689853404
2026-05-14 14:25:00,23.49276689853404
2026-05-14 14:26:00,23.49276689853404
2026-05-14 14:27:00,23.49276689853404
2026-05-14 14:28:00,23.49276689853404
2026-05-14 14:29:00,23.49276689853404
2026-05-14 14:30:00,23.49276689853404
2026-05-14 14:31:00,23.49276689853404
2026-05-14 14:32:00,23.49276689853404
2026-05-14 14:33:00,23.49276689853404
2026-05-14 14:34:00,23.49276689853404
2026-05-14 14:35:00,23.49276689853404
2026-05-14 14:36:00,23.49276689853404
2026-05-14 14:37:00,23.49276689853404
2026-05-14 14:38:00,23.49276689853404
2026-05-14 14:39:00,23.49276689853404
2026-05-14 14:40:00,23.49276689853404
2026-05-14 14:41:00,23.49276689853404
2026-05-14 14:42:00,23.49276689853404
2026-05-14 14:43:00,23.49276689853404
2026-05-14 14:44:00,23.49276689853404
2026-05-14 14:45:00,23.49276689853404
2026-05-14 14:46:00,23.49276689853404
2026-05-14 14:47:00,23.49276689853404
2026-05-14 14:48:00,23.49276689853404
2026-05-14 14:49:00,23.49276689853404
2026-05-14 14:50:00,23.49276689853404
2026-05-14 14:51:00,23.49276689853404
2026-05-14 14:52:00,23.49276689853404
2026-05-14 14:53:00,23.49276689853404
2026-05-14 14:54:00,23.49276689853404
2026-05-14 14:55:00,23.49276689853404
2026-05-14 14:56:00,23.49276689853404
2026-05-14 14:57:00,23.49276689853404
2026-05-14 14:58:00,23.49276689853404
2026-05-14 14:59:00,23.49276689853404
2026-05-14 15:00:00,23.49276689853404
2026-05-14 15:01:00,23.49276689853404
2026-05-14 15:02:00,23.49276689853404
2026-05-14 15:03:00,23.49276689853404
2026-05-14 15:04:00,23.49276689853404
2026-05-14 15:05:00,23.49276689853404
2026-05-14 15:06:00,23.49276689853404
2026-05-14 15:07:00,23.49276689853404
2026-05-14 15:08:00,23.49276689853404
2026-05-14 15:09:00,23.49276689853404
2026-05-14 15:10:00,23.49276689853404
2026-05-14 15:11:00,23.49276689853404
2026-05-14 15:12:00,23.49276689853404
2026-05-14 15:13:00,23.49276689853404
2026-05-14 15:14:00,23.49276689853404
2026-05-14 15:15:00,23.49276689853404
2026-05-14 15:16:00,23.49276689853404
2026-05-14 15:17:00,23.49276689853404
2026-05-14 15:18:00,23.49276689853404
2026-05-14 15:19:00,23.49276689853404
2026-05-14 15:20:00,23.49276689853404
2026-05-14 15:21:00,23.49276689853404
2026-05-14 15:22:00,23.49276689853404
2026-05-14 15:23:00,23.49276689853404
2026-05-14 15:24:00,23.49276689853404
2026-05-14 15:25:00,23.49276689853404
2026-05-14 15:26:00,23.49276689853404
2026-05-14 15:27:00,23.49276689853404
2026-05-14 15:28:00,23.49276689853404
2026-05-14 15:29:00,23.49276689853404
2026-05-14 15:30:00,23.49276689853404
2026-05-14 15:31:00,23.49276689853404
2026-05-14 15:32:00,23.49276689853404
2026-05-14 15:33:00,23.49276689853404
2026-05-14 15:34:00,23.49276689853404
2026-05-14 15:35:00,23.49276689853404
2026-05-14 15:36:00,23.49276689853404
2026-05-14 15:37:00,23.49276689853404
2026-05-14 15:38:00,23.49276689853404
2026-05-14 15:39:00,23.49276689853404
2026-05-14 15:40:00,23.49276689853404
2026-05-14 15:41:00,23.49276689853404
2026-05-14 15:42:00,23.49276689853404
2026-05-14 15:43:00,23.49276689853404
2026-05-14 15:44:00,23.49276689853404
2026-05-14 15:45:00,23.49276689853404
2026-05-14 15:46:00,23.49276689853404
2026-05-14 15:47:00,23.49276689853404
2026-05-14 15:48:00,23.49276689853404
2026-05-14 15:49:00,23.49276689853404
2026-05-14 15:50:00,23.49276689853404
2026-05-14 15:51:00,23.49276689853404
2026-05-14 15:52:00,23.49276689853404
2026-05-14 15:53:00,23.49276689853404
2026-05-14 15:54:00,23.49276689853404
2026-05-14 15:55:00,23.49276689853404
2026-05-14 15:56:00,23.49276689853404
2026-05-14 15:57:00,23.49276689853404
2026-05-14 15:58:00,23.49276689853404
2026-05-14 15:59:00,23.49276689853404
2026-05-14 16:00:00,23.49276689853404
2026-05-14 16:01:00,23.49276689853404
2026-05-14 16:02:00,23.49276689853404
2026-05-14 16:03:00,23.49276689853404
2026-05-14 16:04:00,23.49276689853404
2026-05-14 16:05:00,23.49276689853404
2026-05-14 16:06:00,23.49276689853404
2026-05-14 16:07:00,23.49276689853404
2026-05-14 16:08:00,23.49276689853404
2026-05-14 16:09:00,23.49276689853404
2026-05-14 16:10:00,23.49276689853404
2026-05-14 16:11:00,23.49276689853404
2026-05-14 16:12:00,23.49276689853404
2026-05-14 16:13:00,23.49276689853404
2026-05-14 16:14:00,23.49276689853404
2026-05-14 16:15:00,23.49276689853404
2026-05-14 16:16:00,23.49276689853404
2026-05-14 16:17:00,23.49276689853404
2026-05-14 16:18:00,23.49276689853404
2026-05-14 16:19:00,23.49276689853404
2026-05-14 16:20:00,23.49276689853404
2026-05-14 16:21:00,23.49276689853404
2026-05-14 16:22:00,23.49276689853404
2026-05-14 16:23:00,23.49276689853404
2026-05-14 16:24:00,23.49276689853404
2026-05-14 16:25:00,23.49276689853404
2026-05-14 16:26:00,23.49276689853404
2026-05-14 16:27:00,23.49276689853404
2026-05-14 16:28:00,23.49276689853404
2026-05-14 16:29:00,23.49276689853404
2026-05-14 16:30:00,23.49276689853404
2026-05-14 16:31:00,23.49276689853404
2026-05-14 16:32:00,23.49276689853404
2026-05-14 16:33:00,23.49276689853404
2026-05-14 16:34:00,23.49276689853404
2026-05-14 16:35:00,23.49276689853404
2026-05-14 16:36:00,23.49276689853404
2026-05-14 16:37:00,23.49276689853404
2026-05-14 16:38:00,23.49276689853404
2026-05-14 16:39:00,23.49276689853404
2026-05-14 16:40:00,23.49276689853404
2026-05-14 16:41:00,23.49276689853404
2026-05-14 16:42:00,23.49276689853404
2026-05-14 16:43:00,23.49276689853404
2026-05-14 16:44:00,23.49276689853404
2026-05-14 16:45:00,23.49276689853404
2026-05-14 16:46:00,23.49276689853404
2026-05-14 16:47:00,23.49276689853404
2026-05-14 16:48:00,23.49276689853404
2026-05-14 16:49:00,23.49276689853404
2026-05-14 16:50:00,23.49276689853404
2026-05-14 16:51:00,23.49276689853404
2026-05-14 16:52:00,23.49276689853404
2026-05-14 16:53:00,23.49276689853404
2026-05-14 16:54:00,23.49276689853404
2026-05-14 16:55:00,23.49276689853404
2026-05-14 16:56:00,23.49276689853404
2026-05-14 16:57:00,23.49276689853404
2026-05-14 16:58:00,23.49276689853404
2026-05-14 16:59:00,23.49276689853404
2026-05-14 17:00:00,23.49276689853404
2026-05-14 17:01:00,23.49276689853404
2026-05-14 17:02:00,23.49276689853404
2026-05-14 17:03:00,23.49276689853404
2026-05-14 17:04:00,23.49276689853404
2026-05-14 17:05:00,23.49276689853404
2026-05-14 17:06:00,23.49276689853404
2026-05-14 17:07:00,23.49276689853404
2026-05-14 17:08:00,23.49276689853404
2026-05-14 17:09:00,23.49276689853404
2026-05-14 17:10:00,23.49276689853404
2026-05-14 17:11:00,23.49276689853404
2026-05-14 17:12:00,23.49276689853404
2026-05-14 17:13:00,23.49276689853404
2026-05-14 17:14:00,23.49276689853404
2026-05-14 17:15:00,23.49276689853404
2026-05-14 17:16:00,23.49276689853404
2026-05-14 17:17:00,23.49276689853404
2026-05-14 17:18:00,23.49276689853404
2026-05-14 17:19:00,23.49276689853404
2026-05-14 17:20:00,23.49276689853404
2026-05-14 17:21:00,23.49276689853404
2026-05-14 17:22:00,23.49276689853404
2026-05-14 17:23:00,23.49276689853404
2026-05-14 17:24:00,23.49276689853404
2026-05-14 17:25:00,23.49276689853404
2026-05-14 17:26:00,23.49276689853404
2026-05-14 17:27:00,23.49276689853404
2026-05-14 17:28:00,23.49276689853404
2026-05-14 17:29:00,23.49276689853404
2026-05-14 17:30:00,23.49276689853404
2026-05-14 17:31:00,23.49276689853404
2026-05-14 17:32:00,23.49276689853404
2026-05-14 17:33:00,23.49276689853404
2026-05-14 17:34:00,23.49276689853404
2026-05-14 17:35:00,23.49276689853404
2026-05-14 17:36:00,23.49276689853404
2026-05-14 17:37:00,23.49276689853404
2026-05-14 17:38:00,23.49276689853404
2026-05-14 17:39:00,23.49276689853404
2026-05-14 17:40:00,23.49276689853404
2026-05-14 17:41:00,23.49276689853404
2026-05-14 17:42:00,23.49276689853404
2026-05-14 17:43:00,23.49276689853404
2026-05-14 17:44:00,23.49276689853404
2026-05-14 17:45:00,23.49276689853404
2026-05-14 17:46:00,23.49276689853404
2026-05-14 17:47:00,23.49276689853404
2026-05-14 17:48:00,23.49276689853404
2026-05-14 17:49:00,23.49276689853404
2026-05-14 17:50:00,23.49276689853404
2026-05-14 17:51:00,23.49276689853404
2026-05-14 17:52:00,23.49276689853404
2026-05-14 17:53:00,23.49276689853404
2026-05-14 17:54:00,23.49276689853404
2026-05-14 17:55:00,23.49276689853404
2026-05-14 17:56:00,23.49276689853404
2026-05-14 17:57:00,23.49276689853404
2026-05-14 17:58:00,23.49276689853404
2026-05-14 17:59:00,23.49276689853404
2026-05-14 18:00:00,23.49276689853404
2026-05-14 18:01:00,23.49276689853404
2026-05-14 18:02:00,23.49276689853404
2026-05-14 18:03:00,23.49276689853404
2026-05-14 18:04:00,23.49276689853404
2026-05-14 18:05:00,23.49276689853404
2026-05-14 18:06:00,23.49276689853404
2026-05-14 18:07:00,23.49276689853404
2026-05-14 18:08:00,23.49276689853404
2026-05-14 18:09:00,23.49276689853404
2026-05-14 18:10:00,23.49276689853404
2026-05-14 18:11:00,23.49276689853404
2026-05-14 18:12:00,23.49276689853404
2026-05-14 18:13:00,23.49276689853404
2026-05-14 18:14:00,23.49276689853404
2026-05-14 18:15:00,23.49276689853404
2026-05-14 18:16:00,23.49276689853404
2026-05-14 18:17:00,23.49276689853404
2026-05-14 18:18:00,23.49276689853404
2026-05-14 18:19:00,23.49276689853404
2026-05-14 18:20:00,23.49276689853404
2026-05-14 18:21:00,23.49276689853404
2026-05-14 18:22:00,23.49276689853404
2026-05-14 18:23:00,23.49276689853404
2026-05-14 18:24:00,23.49276689853404
2026-05-14 18:25:00,23.49276689853404
2026-05-14 18:26:00,23.49276689853404
2026-05-14 18:27:00,23.49276689853404
2026-05-14 18:28:00,23.49276689853404
2026-05-14 18:29:00,23.49276689853404
2026-05-14 18:30:00,23.49276689853404
2026-05-14 18:31:00,23.49276689853404
2026-05-14 18:32:00,23.49276689853404
2026-05-14 18:33:00,23.49276689853404
2026-05-14 18:34:00,23.49276689853404
2026-05-14 18:35:00,23.49276689853404
2026-05-14 18:36:00,23.49276689853404
2026-05-14 18:37:00,23.49276689853404
2026-05-14 18:38:00,23.49276689853404
2026-05-14 18:39:00,23.49276689853404
2026-05-14 18:40:00,23.49276689853404
2026-05-14 18:41:00,23.49276689853404
2026-05-14 18:42:00,23.49276689853404
2026-05-14 18:43:00,23.49276689853404
2026-05-14 18:44:00,23.49276689853404
2026-05-14 18:45:00,23.49276689853404
2026-05-14 18:46:00,23.49276689853404
2026-05-14 18:47:00,23.49276689853404
2026-05-14 18:48:00,23.49276689853404
2026-05-14 18:49:00,23.49276689853404
2026-05-14 18:50:00,23.49276689853404
2026-05-14 18:51:00,23.49276689853404
2026-05-14 18:52:00,23.49276689853404
2026-05-14 18:53:00,23.49276689853404
2026-05-14 18:54:00,23.49276689853404
2026-05-14 18:55:00,23.49276689853404
2026-05-14 18:56:00,23.49276689853404
2026-05-14 18:57:00,23.49276689853404
2026-05-14 18:58:00,23.49276689853404
2026-05-14 18:59:00,23.49276689853404
2026-05-14 19:00:00,23.49276689853404
2026-05-14 19:01:00,23.49276689853404
2026-05-14 19:02:00,23.49276689853404
2026-05-14 19:03:00,23.49276689853404
2026-05-14 19:04:00,23.49276689853404
2026-05-14 19:05:00,23.49276689853404
2026-05-14 19:06:00,23.49276689853404
2026-05-14 19:07:00,23.49276689853404
2026-05-14 19:08:00,23.49276689853404
2026-05-14 19:09:00,23.49276689853404
2026-05-14 19:10:00,23.49276689853404
2026-05-14 19:11:00,23.49276689853404
2026-05-14 19:12:00,23.49276689853404
2026-05-14 19:13:00,23.49276689853404
2026-05-14 19:14:00,23.49276689853404
2026-05-14 19:15:00,23.49276689853404
2026-05-14 19:16:00,23.49276689853404
2026-05-14 19:17:00,23.49276689853404
2026-05-14 19:18:00,23.49276689853404
2026-05-14 19:19:00,23.49276689853404
2026-05-14 19:20:00,23.49276689853404
2026-05-14 19:21:00,23.49276689853404
2026-05-14 19:22:00,23.49276689853404
2026-05-14 19:23:00,23.49276689853404
2026-05-14 19:24:00,23.49276689853404
2026-05-14 19:25:00,23.49276689853404
2026-05-14 19:26:00,23.49276689853404
2026-05-14 19:27:00,23.49276689853404
2026-05-14 19:28:00,23.49276689853404
2026-05-14 19:29:00,23.49276689853404
2026-05-14 19:30:00,23.49276689853404
2026-05-14 19:31:00,23.49276689853404
2026-05-14 19:32:00,23.49276689853404
2026-05-14 19:33:00,23.49276689853404
2026-05-14 19:34:00,23.49276689853404
2026-05-14 19:35:00,23.49276689853404
2026-05-14 19:36:00,23.49276689853404
2026-05-14 19:37:00,23.49276689853404
2026-05-14 19:38:00,23.49276689853404
2026-05-14 19:39:00,23.49276689853404
2026-05-14 19:40:00,23.49276689853404
2026-05-14 19:41:00,23.49276689853404
2026-05-14 19:42:00,23.49276689853404
2026-05-14 19:43:00,23.49276689853404
2026-05-14 19:44:00,23.49276689853404
2026-05-14 19:45:00,23.49276689853404
2026-05-14 19:46:00,23.49276689853404
2026-05-14 19:47:00,23.49276689853404
2026-05-14 19:48:00,23.49276689853404
2026-05-14 19:49:00,23.49276689853404
2026-05-14 19:50:00,23.49276689853404
2026-05-14 19:51:00,23.49276689853404
2026-05-14 19:52:00,23.49276689853404
2026-05-14 19:53:00,23.49276689853404
2026-05-14 19:54:00,23.49276689853404
2026-05-14 19:55:00,23.49276689853404
2026-05-14 19:56:00,23.49276689853404
2026-05-14 19:57:00,23.49276689853404
2026-05-14 19:58:00,23.49276689853404
2026-05-14 19:59:00,23.49276689853404
2026-05-14 20:00:00,23.49276689853404
2026-05-14 20:01:00,23.49276689853404
2026-05-14 20:02:00,23.49276689853404
2026-05-14 20:03:00,23.49276689853404
2026-05-14 20:04:00,23.49276689853404
2026-05-14 20:05:00,23.49276689853404
2026-05-14 20:06:00,23.49276689853404
2026-05-14 20:07:00,23.49276689853404
2026-05-14 20:08:00,23.49276689853404
2026-05-14 20:09:00,23.49276689853404
2026-05-14 20:10:00,23.49276689853404
2026-05-14 20:11:00,23.49276689853404
2026-05-14 20:12:00,23.49276689853404
2026-05-14 20:13:00,23.49276689853404
2026-05-14 20:14:00,23.49276689853404
2026-05-14 20:15:00,23.49276689853404
2026-05-14 20:16:00,23.49276689853404
2026-05-14 20:17:00,23.49276689853404
2026-05-14 20:18:00,23.49276689853404
2026-05-14 20:19:00,23.49276689853404
2026-05-14 20:20:00,23.49276689853404
2026-05-14 20:21:00,23.49276689853404
2026-05-14 20:22:00,23.49276689853404
2026-05-14 20:23:00,23.49276689853404
2026-05-14 20:24:00,23.49276689853404
2026-05-14 20:25:00,23.49276689853404
2026-05-14 20:26:00,23.49276689853404
2026-05-14 20:27:00,23.49276689853404
2026-05-14 20:28:00,23.49276689853404
2026-05-14 20:29:00,23.49276689853404
2026-05-14 20:30:00,23.49276689853404
2026-05-14 20:31:00,23.49276689853404
2026-05-14 20:32:00,23.49276689853404
2026-05-14 20:33:00,23.49276689853404
2026-05-14 20:34:00,23.49276689853404
2026-05-14 20:35:00,23.49276689853404
2026-05-14 20:36:00,23.49276689853404
2026-05-14 20:37:00,23.49276689853404
2026-05-14 20:38:00,23.49276689853404
2026-05-14 20:39:00,23.49276689853404
2026-05-14 20:40:00,23.49276689853404
2026-05-14 20:41:00,23.49276689853404
2026-05-14 20:42:00,23.49276689853404
2026-05-14 20:43:00,23.49276689853404
2026-05-14 20:44:00,23.49276689853404
2026-05-14 20:45:00,23.49276689853404
2026-05-14 20:46:00,23.49276689853404
2026-05-14 20:47:00,23.49276689853404
2026-05-14 20:48:00,23.49276689853404
2026-05-14 20:49:00,23.49276689853404
2026-05-14 20:50:00,23.49276689853404
2026-05-14 20:51:00,23.49276689853404
2026-05-14 20:52:00,23.49276689853404
2026-05-14 20:53:00,23.49276689853404
2026-05-14 20:54:00,23.49276689853404
2026-05-14 20:55:00,23.49276689853404
2026-05-14 20:56:00,23.49276689853404
2026-05-14 20:57:00,23.49276689853404
2026-05-14 20:58:00,23.49276689853404
2026-05-14 20:59:00,23.49276689853404
2026-05-14 21:00:00,23.49276689853404
2026-05-14 21:01:00,23.49276689853404
2026-05-14 21:02:00,23.49276689853404
2026-05-14 21:03:00,23.49276689853404
2026-05-14 21:04:00,23.49276689853404
2026-05-14 21:05:00,23.49276689853404
2026-05-14 21:06:00,23.49276689853404
2026-05-14 21:07:00,23.49276689853404
2026-05-14 21:08:00,23.49276689853404
2026-05-14 21:09:00,23.49276689853404
2026-05-14 21:10:00,23.49276689853404
2026-05-14 21:11:00,23.49276689853404
2026-05-14 21:12:00,23.49276689853404
2026-05-14 21:13:00,23.49276689853404
2026-05-14 21:14:00,23.49276689853404
2026-05-14 21:15:00,23.49276689853404
2026-05-14 21:16:00,23.49276689853404
2026-05-14 21:17:00,23.49276689853404
2026-05-14 21:18:00,23.49276689853404
2026-05-14 21:19:00,23.49276689853404
2026-05-14 21:20:00,23.49276689853404
2026-05-14 21:21:00,23.49276689853404
2026-05-14 21:22:00,23.49276689853404
2026-05-14 21:23:00,23.49276689853404
2026-05-14 21:24:00,23.49276689853404
2026-05-14 21:25:00,23.49276689853404
2026-05-14 21:26:00,23.49276689853404
2026-05-14 21:27:00,23.49276689853404
2026-05-14 21:28:00,23.49276689853404
2026-05-14 21:29:00,23.49276689853404
2026-05-14 21:30:00,23.49276689853404
2026-05-14 21:31:00,23.49276689853404
2026-05-14 21:32:00,23.49276689853404
2026-05-14 21:33:00,23.49276689853404
2026-05-14 21:34:00,23.49276689853404
2026-05-14 21:35:00,23.49276689853404
2026-05-14 21:36:00,23.49276689853404
2026-05-14 21:37:00,23.49276689853404
2026-05-14 21:38:00,23.49276689853404
2026-05-14 21:39:00,23.49276689853404
2026-05-14 21:40:00,23.49276689853404
2026-05-14 21:41:00,23.49276689853404
2026-05-14 21:42:00,23.49276689853404
2026-05-14 21:43:00,23.49276689853404
2026-05-14 21:44:00,23.49276689853404
2026-05-14 21:45:00,23.49276689853404
2026-05-14 21:46:00,23.49276689853404
2026-05-14 21:47:00,23.49276689853404
2026-05-14 21:48:00,23.49276689853404
2026-05-14 21:49:00,23.49276689853404
2026-05-14 21:50:00,23.49276689853404
2026-05-14 21:51:00,23.49276689853404
2026-05-14 21:52:00,23.49276689853404
2026-05-14 21:53:00,23.49276689853404
2026-05-14 21:54:00,23.49276689853404
2026-05-14 21:55:00,23.49276689853404
2026-05-14 21:56:00,23.49276689853404
2026-05-14 21:57:00,23.49276689853404
2026-05-14 21:58:00,23.49276689853404
2026-05-14 21:59:00,23.49276689853404
2026-05-14 22:00:00,23.49276689853404
2026-05-14 22:01:00,23.49276689853404
2026-05-14 22:02:00,23.49276689853404
2026-05-14 22:03:00,23.49276689853404
2026-05-14 22:04:00,23.49276689853404
2026-05-14 22:05:00,23.49276689853404
2026-05-14 22:06:00,23.49276689853404
2026-05-14 22:07:00,23.49276689853404
2026-05-14 22:08:00,23.49276689853404
2026-05-14 22:09:00,23.49276689853404
2026-05-14 22:10:00,23.49276689853404
2026-05-14 22:11:00,23.49276689853404
2026-05-14 22:12:00,23.49276689853404
2026-05-14 22:13:00,23.49276689853404
2026-05-14 22:14:00,23.49276689853404
2026-05-14 22:15:00,23.49276689853404
2026-05-14 22:16:00,23.49276689853404
2026-05-14 22:17:00,23.49276689853404
2026-05-14 22:18:00,23.49276689853404
2026-05-14 22:19:00,23.49276689853404
2026-05-14 22:20:00,23.49276689853404
2026-05-14 22:21:00,23.49276689853404
2026-05-14 22:22:00,23.49276689853404
2026-05-14 22:23:00,23.49276689853404
2026-05-14 22:24:00,23.49276689853404
2026-05-14 22:25:00,23.49276689853404
2026-05-14 22:26:00,23.49276689853404
2026-05-14 22:27:00,23.49276689853404
2026-05-14 22:28:00,23.49276689853404
2026-05-14 22:29:00,23.49276689853404
2026-05-14 22:30:00,23.49276689853404
2026-05-14 22:31:00,23.49276689853404
2026-05-14 22:32:00,23.49276689853404
2026-05-14 22:33:00,23.49276689853404
2026-05-14 22:34:00,23.49276689853404
2026-05-14 22:35:00,23.49276689853404
2026-05-14 22:36:00,23.49276689853404
2026-05-14 22:37:00,23.49276689853404
2026-05-14 22:38:00,23.49276689853404
2026-05-14 22:39:00,23.49276689853404
2026-05-14 22:40:00,23.49276689853404
2026-05-14 22:41:00,23.49276689853404
2026-05-14 22:42:00,23.49276689853404
2026-05-14 22:43:00,23.49276689853404
2026-05-14 22:44:00,23.49276689853404
2026-05-14 22:45:00,23.49276689853404
2026-05-14 22:46:00,23.49276689853404
2026-05-14 22:47:00,23.49276689853404
2026-05-14 22:48:00,23.49276689853404
2026-05-14 22:49:00,23.49276689853404
2026-05-14 22:50:00,23.49276689853404
2026-05-14 22:51:00,23.49276689853404
2026-05-14 22:52:00,23.49276689853404
2026-05-14 22:53:00,23.49276689853404
2026-05-14 22:54:00,23.49276689853404
2026-05-14 22:55:00,23.49276689853404
2026-05-14 22:56:00,23.49276689853404
2026-05-14 22:57:00,23.49276689853404
2026-05-14 22:58:00,23.49276689853404
2026-05-14 22:59:00,23.49276689853404
2026-05-14 23:00:00,23.49276689853404
2026-05-14 23:01:00,23.49276689853404
2026-05-14 23:02:00,23.49276689853404
2026-05-14 23:03:00,23.49276689853404
2026-05-14 23:04:00,23.49276689853404
2026-05-14 23:05:00,23.49276689853404
2026-05-14 23:06:00,23.49276689853404
2026-05-14 23:07:00,23.49276689853404
2026-05-14 23:08:00,23.49276689853404
2026-05-14 23:09:00,23.49276689853404
2026-05-14 23:10:00,23.49276689853404
2026-05-14 23:11:00,23.49276689853404
2026-05-14 23:12:00,23.49276689853404
2026-05-14 23:13:00,23.49276689853404
2026-05-14 23:14:00,23.49276689853404
2026-05-14 23:15:00,23.49276689853404
2026-05-14 23:16:00,23.49276689853404
2026-05-14 23:17:00,23.49276689853404
2026-05-14 23:18:00,23.49276689853404
2026-05-14 23:19:00,23.49276689853404
2026-05-14 23:20:00,23.49276689853404
2026-05-14 23:21:00,23.49276689853404
2026-05-14 23:22:00,23.49276689853404
2026-05-14 23:23:00,23.49276689853404
2026-05-14 23:24:00,23.49276689853404
2026-05-14 23:25:00,23.49276689853404
2026-05-14 23:26:00,23.49276689853404
2026-05-14 23:27:00,23.49276689853404
2026-05-14 23:28:00,23.49276689853404
2026-05-14 23:29:00,23.49276689853404
2026-05-14 23:30:00,23.49276689853404
2026-05-14 23:31:00,23.49276689853404
2026-05-14 23:32:00,23.49276689853404
2026-05-14 23:33:00,23.49276689853404
2026-05-14 23:34:00,23.49276689853404
2026-05-14 23:35:00,23.49276689853404
2026-05-14 23:36:00,23.49276689853404
2026-05-14 23:37:00,23.49276689853404
2026-05-14 23:38:00,23.49276689853404
2026-05-14 23:39:00,23.49276689853404
2026-05-14 23:40:00,23.49276689853404
2026-05-14 23:41:00,23.49276689853404
2026-05-14 23:42:00,23.49276689853404
2026-05-14 23:43:00,23.49276689853404
2026-05-14 23:44:00,23.49276689853404
2026-05-14 23:45:00,23.49276689853404
2026-05-14 23:46:00,23.49276689853404
2026-05-14 23:47:00,23.49276689853404
2026-05-14 23:48:00,23.49276689853404
2026-05-14 23:49:00,23.49276689853404
2026-05-14 23:50:00,23.49276689853404
2026-05-14 23:51:00,23.49276689853404
2026-05-14 23:52:00,23.49276689853404
2026-05-14 23:53:00,23.49276689853404
2026-05-14 23:54:00,23.49276689853404
2026-05-14 23:55:00,23.49276689853404
2026-05-14 23:56:00,23.49276689853404
2026-05-14 23:57:00,23.49276689853404
2026-05-14 23:58:00,23.49276689853404
2026-05-14 23:59:00,23.49276689853404
2026-05-15 00:00:00,23.49276689853404
2026-05-15 00:01:00,23.49276689853404
2026-05-15 00:02:00,23.49276689853404
2026-05-15 00:03:00,23.49276689853404
2026-05-15 00:04:00,23.49276689853404
2026-05-15 00:05:00,23.49276689853404
2026-05-15 00:06:00,23.49276689853404
2026-05-15 00:07:00,23.49276689853404
2026-05-15 00:08:00,23.49276689853404
2026-05-15 00:09:00,23.49276689853404
2026-05-15 00:10:00,23.49276689853404
2026-05-15 00:11:00,23.49276689853404
2026-05-15 00:12:00,23.49276689853404
2026-05-15 00:13:00,23.49276689853404
2026-05-15 00:14:00,23.49276689853404
2026-05-15 00:15:00,23.49276689853404
2026-05-15 00:16:00,23.49276689853404
2026-05-15 00:17:00,23.49276689853404
2026-05-15 00:18:00,23.49276689853404
2026-05-15 00:19:00,23.49276689853404
2026-05-15 00:20:00,23.49276689853404
2026-05-15 00:21:00,23.49276689853404
2026-05-15 00:22:00,23.49276689853404
2026-05-15 00:23:00,23.49276689853404
2026-05-15 00:24:00,23.49276689853404
2026-05-15 00:25:00,23.49276689853404
2026-05-15 00:26:00,23.49276689853404
2026-05-15 00:27:00,23.49276689853404
2026-05-15 00:28:00,23.49276689853404
2026-05-15 00:29:00,23.49276689853404
2026-05-15 00:30:00,23.49276689853404
2026-05-15 00:31:00,23.49276689853404
2026-05-15 00:32:00,23.49276689853404
2026-05-15 00:33:00,23.49276689853404
2026-05-15 00:34:00,23.49276689853404
2026-05-15 00:35:00,23.49276689853404
2026-05-15 00:36:00,23.49276689853404
2026-05-15 00:37:00,23.49276689853404
2026-05-15 00:38:00,23.49276689853404
2026-05-15 00:39:00,23.49276689853404
2026-05-15 00:40:00,23.49276689853404
2026-05-15 00:41:00,23.49276689853404
2026-05-15 00:42:00,23.49276689853404
2026-05-15 00:43:00,23.49276689853404
2026-05-15 00:44:00,23.49276689853404
2026-05-15 00:45:00,23.49276689853404
2026-05-15 00:46:00,23.49276689853404
2026-05-15 00:47:00,23.49276689853404
2026-05-15 00:48:00,23.49276689853404
2026-05-15 00:49:00,23.49276689853404
2026-05-15 00:50:00,23.49276689853404
2026-05-15 00:51:00,23.49276689853404
2026-05-15 00:52:00,23.49276689853404
2026-05-15 00:53:00,23.49276689853404
2026-05-15 00:54:00,23.49276689853404
2026-05-15 00:55:00,23.49276689853404
2026-05-15 00:56:00,23.49276689853404
2026-05-15 00:57:00,23.49276689853404
2026-05-15 00:58:00,23.49276689853404
2026-05-15 00:59:00,23.49276689853404
2026-05-15 01:00:00,23.49276689853404
2026-05-15 01:01:00,23.49276689853404
2026-05-15 01:02:00,23.49276689853404
2026-05-15 01:03:00,23.49276689853404
2026-05-15 01:04:00,23.49276689853404
2026-05-15 01:05:00,23.49276689853404
2026-05-15 01:06:00,23.49276689853404
2026-05-15 01:07:00,23.49276689853404
2026-05-15 01:08:00,23.49276689853404
2026-05-15 01:09:00,23.49276689853404
2026-05-15 01:10:00,23.49276689853404
2026-05-15 01:11:00,23.49276689853404
2026-05-15 01:12:00,23.49276689853404
2026-05-15 01:13:00,23.49276689853404
2026-05-15 01:14:00,23.49276689853404
2026-05-15 01:15:00,23.49276689853404
2026-05-15 01:16:00,23.49276689853404
2026-05-15 01:17:00,23.49276689853404
2026-05-15 01:18:00,23.49276689853404
2026-05-15 01:19:00,23.49276689853404
2026-05-15 01:20:00,23.49276689853404
2026-05-15 01:21:00,23.49276689853404
2026-05-15 01:22:00,23.49276689853404
2026-05-15 01:23:00,23.49276689853404
2026-05-15 01:24:00,23.49276689853404
2026-05-15 01:25:00,23.49276689853404
2026-05-15 01:26:00,23.49276689853404
2026-05-15 01:27:00,23.49276689853404
2026-05-15 01:28:00,23.49276689853404
2026-05-15 01:29:00,23.49276689853404
2026-05-15 01:30:00,23.49276689853404
2026-05-15 01:31:00,23.49276689853404
2026-05-15 01:32:00,23.49276689853404
2026-05-15 01:33:00,23.49276689853404
2026-05-15 01:34:00,23.49276689853404
2026-05-15 01:35:00,23.49276689853404
2026-05-15 01:36:00,23.49276689853404
2026-05-15 01:37:00,23.49276689853404
2026-05-15 01:38:00,23.49276689853404
2026-05-15 01:39:00,23.49276689853404
2026-05-15 01:40:00,23.49276689853404
2026-05-15 01:41:00,23.49276689853404
2026-05-15 01:42:00,23.49276689853404
2026-05-15 01:43:00,23.49276689853404
2026-05-15 01:44:00,23.49276689853404
2026-05-15 01:45:00,23.49276689853404
2026-05-15 01:46:00,23.49276689853404
2026-05-15 01:47:00,23.49276689853404
2026-05-15 01:48:00,23.49276689853404
2026-05-15 01:49:00,23.49276689853404
2026-05-15 01:50:00,23.49276689853404
2026-05-15 01:51:00,23.49276689853404
2026-05-15 01:52:00,23.49276689853404
2026-05-15 01:53:00,23.49276689853404
2026-05-15 01:54:00,23.49276689853404
2026-05-15 01:55:00,23.49276689853404
2026-05-15 01:56:00,23.49276689853404
2026-05-15 01:57:00,23.49276689853404
2026-05-15 01:58:00,23.49276689853404
2026-05-15 01:59:00,23.49276689853404
2026-05-15 02:00:00,23.49276689853404
2026-05-15 02:01:00,23.49276689853404
2026-05-15 02:02:00,23.49276689853404
2026-05-15 02:03:00,23.49276689853404
2026-05-15 02:04:00,23.49276689853404
2026-05-15 02:05:00,23.49276689853404
2026-05-15 02:06:00,23.49276689853404
2026-05-15 02:07:00,23.49276689853404
2026-05-15 02:08:00,23.49276689853404
2026-05-15 02:09:00,23.49276689853404
2026-05-15 02:10:00,23.49276689853404
2026-05-15 02:11:00,23.49276689853404
2026-05-15 02:12:00,23.49276689853404
2026-05-15 02:13:00,23.49276689853404
2026-05-15 02:14:00,23.49276689853404
2026-05-15 02:15:00,23.49276689853404
2026-05-15 02:16:00,23.49276689853404
2026-05-15 02:17:00,23.49276689853404
2026-05-15 02:18:00,23.49276689853404
2026-05-15 02:19:00,23.49276689853404
2026-05-15 02:20:00,23.49276689853404
2026-05-15 02:21:00,23.49276689853404
2026-05-15 02:22:00,23.49276689853404
2026-05-15 02:23:00,23.49276689853404
2026-05-15 02:24:00,23.49276689853404
2026-05-15 02:25:00,23.49276689853404
2026-05-15 02:26:00,23.49276689853404
2026-05-15 02:27:00,23.49276689853404
2026-05-15 02:28:00,23.49276689853404
2026-05-15 02:29:00,23.49276689853404
2026-05-15 02:30:00,23.49276689853404
2026-05-15 02:31:00,23.49276689853404
2026-05-15 02:32:00,23.49276689853404
2026-05-15 02:33:00,23.49276689853404
2026-05-15 02:34:00,23.49276689853404
2026-05-15 02:35:00,23.49276689853404
2026-05-15 02:36:00,23.49276689853404
2026-05-15 02:37:00,23.49276689853404
2026-05-15 02:38:00,23.49276689853404
2026-05-15 02:39:00,23.49276689853404
2026-05-15 02:40:00,23.49276689853404
2026-05-15 02:41:00,23.49276689853404
2026-05-15 02:42:00,23.49276689853404
2026-05-15 02:43:00,23.49276689853404
2026-05-15 02:44:00,23.49276689853404
2026-05-15 02:45:00,23.49276689853404
2026-05-15 02:46:00,23.49276689853404
2026-05-15 02:47:00,23.49276689853404
2026-05-15 02:48:00,23.49276689853404
2026-05-15 02:49:00,23.49276689853404
2026-05-15 02:50:00,23.49276689853404
2026-05-15 02:51:00,23.49276689853404
2026-05-15 02:52:00,23.49276689853404
2026-05-15 02:53:00,23.49276689853404
2026-05-15 02:54:00,23.49276689853404
2026-05-15 02:55:00,23.49276689853404
2026-05-15 02:56:00,23.49276689853404
2026-05-15 02:57:00,23.49276689853404
2026-05-15 02:58:00,23.49276689853404
2026-05-15 02:59:00,23.49276689853404
2026-05-15 03:00:00,23.49276689853404
2026-05-15 03:01:00,23.49276689853404
2026-05-15 03:02:00,23.49276689853404
2026-05-15 03:03:00,23.49276689853404
2026-05-15 03:04:00,23.49276689853404
2026-05-15 03:05:00,23.49276689853404
2026-05-15 03:06:00,23.49276689853404
2026-05-15 03:07:00,23.49276689853404
2026-05-15 03:08:00,23.49276689853404
2026-05-15 03:09:00,23.49276689853404
2026-05-15 03:10:00,23.49276689853404
2026-05-15 03:11:00,23.49276689853404
2026-05-15 03:12:00,23.49276689853404
2026-05-15 03:13:00,23.49276689853404
2026-05-15 03:14:00,23.49276689853404
2026-05-15 03:15:00,23.49276689853404
2026-05-15 03:16:00,23.49276689853404
2026-05-15 03:17:00,23.49276689853404
2026-05-15 03:18:00,23.49276689853404
2026-05-15 03:19:00,23.49276689853404
2026-05-15 03:20:00,23.49276689853404
2026-05-15 03:21:00,23.49276689853404
2026-05-15 03:22:00,23.49276689853404
2026-05-15 03:23:00,23.49276689853404
2026-05-15 03:24:00,23.49276689853404
2026-05-15 03:25:00,23.49276689853404
2026-05-15 03:26:00,23.49276689853404
2026-05-15 03:27:00,23.49276689853404
2026-05-15 03:28:00,23.49276689853404
2026-05-15 03:29:00,23.49276689853404
2026-05-15 03:30:00,23.49276689853404
2026-05-15 03:31:00,23.49276689853404
2026-05-15 03:32:00,23.49276689853404
2026-05-15 03:33:00,23.49276689853404
2026-05-15 03:34:00,23.49276689853404
2026-05-15 03:35:00,23.49276689853404
2026-05-15 03:36:00,23.49276689853404
2026-05-15 03:37:00,23.49276689853404
2026-05-15 03:38:00,23.49276689853404
2026-05-15 03:39:00,23.49276689853404
2026-05-15 03:40:00,23.49276689853404
2026-05-15 03:41:00,23.49276689853404
2026-05-15 03:42:00,23.49276689853404
2026-05-15 03:43:00,23.49276689853404
2026-05-15 03:44:00,23.49276689853404
2026-05-15 03:45:00,23.49276689853404
2026-05-15 03:46:00,23.49276689853404
2026-05-15 03:47:00,23.49276689853404
2026-05-15 03:48:00,23.49276689853404
2026-05-15 03:49:00,23.49276689853404
2026-05-15 03:50:00,23.49276689853404
2026-05-15 03:51:00,23.49276689853404
2026-05-15 03:52:00,23.49276689853404
2026-05-15 03:53:00,23.49276689853404
2026-05-15 03:54:00,23.49276689853404
2026-05-15 03:55:00,23.49276689853404
2026-05-15 03:56:00,23.49276689853404
2026-05-15 03:57:00,23.49276689853404
2026-05-15 03:58:00,23.49276689853404
2026-05-15 03:59:00,23.49276689853404
2026-05-15 04:00:00,23.49276689853404
2026-05-15 04:01:00,23.49276689853404
2026-05-15 04:02:00,23.49276689853404
2026-05-15 04:03:00,23.49276689853404
2026-05-15 04:04:00,23.49276689853404
2026-05-15 04:05:00,23.49276689853404
2026-05-15 04:06:00,23.49276689853404
2026-05-15 04:07:00,23.49276689853404
2026-05-15 04:08:00,23.49276689853404
2026-05-15 04:09:00,23.49276689853404
2026-05-15 04:10:00,23.49276689853404
2026-05-15 04:11:00,23.49276689853404
2026-05-15 04:12:00,23.49276689853404
2026-05-15 04:13:00,23.49276689853404
2026-05-15 04:14:00,23.49276689853404
2026-05-15 04:15:00,23.49276689853404
2026-05-15 04:16:00,23.49276689853404
2026-05-15 04:17:00,23.49276689853404
2026-05-15 04:18:00,23.49276689853404
2026-05-15 04:19:00,23.49276689853404
2026-05-15 04:20:00,23.49276689853404
2026-05-15 04:21:00,23.49276689853404
2026-05-15 04:22:00,23.49276689853404
2026-05-15 04:23:00,23.49276689853404
2026-05-15 04:24:00,23.49276689853404
2026-05-15 04:25:00,23.49276689853404
2026-05-15 04:26:00,23.49276689853404
2026-05-15 04:27:00,23.49276689853404
2026-05-15 04:28:00,23.49276689853404
2026-05-15 04:29:00,23.49276689853404
2026-05-15 04:30:00,23.49276689853404
2026-05-15 04:31:00,23.49276689853404
2026-05-15 04:32:00,23.49276689853404
2026-05-15 04:33:00,23.49276689853404
2026-05-15 04:34:00,23.49276689853404
2026-05-15 04:35:00,23.49276689853404
2026-05-15 04:36:00,23.49276689853404
2026-05-15 04:37:00,23.49276689853404
2026-05-15 04:38:00,23.49276689853404
2026-05-15 04:39:00,23.49276689853404
2026-05-15 04:40:00,23.49276689853404
2026-05-15 04:41:00,23.49276689853404
2026-05-15 04:42:00,23.49276689853404
2026-05-15 04:43:00,23.49276689853404
2026-05-15 04:44:00,23.49276689853404
2026-05-15 04:45:00,23.49276689853404
2026-05-15 04:46:00,23.49276689853404
2026-05-15 04:47:00,23.49276689853404
2026-05-15 04:48:00,23.49276689853404
2026-05-15 04:49:00,23.49276689853404
2026-05-15 04:50:00,23.49276689853404
2026-05-15 04:51:00,23.49276689853404
2026-05-15 04:52:00,23.49276689853404
2026-05-15 04:53:00,23.49276689853404
2026-05-15 04:54:00,23.49276689853404
2026-05-15 04:55:00,23.49276689853404
2026-05-15 04:56:00,23.49276689853404
2026-05-15 04:57:00,23.49276689853404
2026-05-15 04:58:00,23.49276689853404
2026-05-15 04:59:00,23.49276689853404
2026-05-15 05:00:00,23.49276689853404
2026-05-15 05:01:00,23.49276689853404
2026-05-15 05:02:00,23.49276689853404
2026-05-15 05:03:00,23.49276689853404
2026-05-15 05:04:00,23.49276689853404
2026-05-15 05:05:00,23.49276689853404
2026-05-15 05:06:00,23.49276689853404
2026-05-15 05:07:00,23.49276689853404
2026-05-15 05:08:00,23.49276689853404
2026-05-15 05:09:00,23.49276689853404
2026-05-15 05:10:00,23.49276689853404
2026-05-15 05:11:00,23.49276689853404
2026-05-15 05:12:00,23.49276689853404
2026-05-15 05:13:00,23.49276689853404
2026-05-15 05:14:00,23.49276689853404
2026-05-15 05:15:00,23.49276689853404
2026-05-15 05:16:00,23.49276689853404
2026-05-15 05:17:00,23.49276689853404
2026-05-15 05:18:00,23.49276689853404
2026-05-15 05:19:00,23.49276689853404
2026-05-15 05:20:00,23.49276689853404
2026-05-15 05:21:00,23.49276689853404
2026-05-15 05:22:00,23.49276689853404
2026-05-15 05:23:00,23.49276689853404
2026-05-15 05:24:00,23.49276689853404
2026-05-15 05:25:00,23.49276689853404
2026-05-15 05:26:00,23.49276689853404
2026-05-15 05:27:00,23.49276689853404
2026-05-15 05:28:00,23.49276689853404
2026-05-15 05:29:00,23.49276689853404
2026-05-15 05:30:00,23.49276689853404
2026-05-15 05:31:00,23.49276689853404
2026-05-15 05:32:00,23.49276689853404
2026-05-15 05:33:00,23.49276689853404
2026-05-15 05:34:00,23.49276689853404
2026-05-15 05:35:00,23.49276689853404
2026-05-15 05:36:00,23.49276689853404
2026-05-15 05:37:00,23.49276689853404
2026-05-15 05:38:00,23.49276689853404
2026-05-15 05:39:00,23.49276689853404
2026-05-15 05:40:00,23.49276689853404
2026-05-15 05:41:00,23.49276689853404
2026-05-15 05:42:00,23.49276689853404
2026-05-15 05:43:00,23.49276689853404
2026-05-15 05:44:00,23.49276689853404
2026-05-15 05:45:00,23.49276689853404
2026-05-15 05:46:00,23.49276689853404
2026-05-15 05:47:00,23.49276689853404
2026-05-15 05:48:00,23.49276689853404
2026-05-15 05:49:00,23.49276689853404
2026-05-15 05:50:00,23.49276689853404
2026-05-15 05:51:00,23.49276689853404
2026-05-15 05:52:00,23.49276689853404
2026-05-15 05:53:00,23.49276689853404
2026-05-15 05:54:00,23.49276689853404
2026-05-15 05:55:00,23.49276689853404
2026-05-15 05:56:00,23.49276689853404
2026-05-15 05:57:00,23.49276689853404
2026-05-15 05:58:00,23.49276689853404
2026-05-15 05:59:00,23.49276689853404
2026-05-15 06:00:00,23.49276689853404
2026-05-15 06:01:00,23.49276689853404
2026-05-15 06:02:00,23.49276689853404
2026-05-15 06:03:00,23.49276689853404
2026-05-15 06:04:00,23.49276689853404
2026-05-15 06:05:00,23.49276689853404
2026-05-15 06:06:00,23.49276689853404
2026-05-15 06:07:00,23.49276689853404
2026-05-15 06:08:00,23.49276689853404
2026-05-15 06:09:00,23.49276689853404
2026-05-15 06:10:00,23.49276689853404
2026-05-15 06:11:00,23.49276689853404
2026-05-15 06:12:00,23.49276689853404
2026-05-15 06:13:00,23.49276689853404
2026-05-15 06:14:00,23.49276689853404
2026-05-15 06:15:00,23.49276689853404
2026-05-15 06:16:00,23.49276689853404
2026-05-15 06:17:00,23.49276689853404
2026-05-15 06:18:00,23.49276689853404
2026-05-15 06:19:00,23.49276689853404
2026-05-15 06:20:00,23.49276689853404
2026-05-15 06:21:00,23.49276689853404
2026-05-15 06:22:00,23.49276689853404
2026-05-15 06:23:00,23.49276689853404
2026-05-15 06:24:00,23.49276689853404
2026-05-15 06:25:00,23.49276689853404
2026-05-15 06:26:00,23.49276689853404
2026-05-15 06:27:00,23.49276689853404
2026-05-15 06:28:00,23.49276689853404
2026-05-15 06:29:00,23.49276689853404
2026-05-15 06:30:00,23.49276689853404
2026-05-15 06:31:00,23.49276689853404
2026-05-15 06:32:00,23.49276689853404
2026-05-15 06:33:00,23.49276689853404
2026-05-15 06:34:00,23.49276689853404
2026-05-15 06:35:00,23.49276689853404
2026-05-15 06:36:00,23.49276689853404
2026-05-15 06:37:00,23.49276689853404
2026-05-15 06:38:00,23.49276689853404
2026-05-15 06:39:00,23.49276689853404
2026-05-15 06:40:00,23.49276689853404
2026-05-15 06:41:00,23.49276689853404
2026-05-15 06:42:00,23.49276689853404
2026-05-15 06:43:00,23.49276689853404
2026-05-15 06:44:00,23.49276689853404
2026-05-15 06:45:00,23.49276689853404
2026-05-15 06:46:00,23.49276689853404
2026-05-15 06:47:00,23.49276689853404
2026-05-15 06:48:00,23.49276689853404
2026-05-15 06:49:00,23.49276689853404
2026-05-15 06:50:00,23.49276689853404
2026-05-15 06:51:00,23.49276689853404
2026-05-15 06:52:00,23.49276689853404
2026-05-15 06:53:00,23.49276689853404
2026-05-15 06:54:00,23.49276689853404
2026-05-15 06:55:00,23.49276689853404
2026-05-15 06:56:00,23.49276689853404
2026-05-15 06:57:00,23.49276689853404
2026-05-15 06:58:00,23.49276689853404
2026-05-15 06:59:00,23.49276689853404
2026-05-15 07:00:00,23.49276689853404
2026-05-15 07:01:00,23.49276689853404
2026-05-15 07:02:00,23.49276689853404
2026-05-15 07:03:00,23.49276689853404
2026-05-15 07:04:00,23.49276689853404
2026-05-15 07:05:00,23.49276689853404
2026-05-15 07:06:00,23.49276689853404
2026-05-15 07:07:00,23.49276689853404
2026-05-15 07:08:00,23.49276689853404
2026-05-15 07:09:00,23.49276689853404
2026-05-15 07:10:00,23.49276689853404
2026-05-15 07:11:00,23.49276689853404
2026-05-15 07:12:00,23.49276689853404
2026-05-15 07:13:00,23.49276689853404
2026-05-15 07:14:00,23.49276689853404
2026-05-15 07:15:00,23.49276689853404
2026-05-15 07:16:00,23.49276689853404
2026-05-15 07:17:00,23.49276689853404
2026-05-15 07:18:00,23.49276689853404
2026-05-15 07:19:00,23.49276689853404
2026-05-15 07:20:00,23.49276689853404
2026-05-15 07:21:00,23.49276689853404
2026-05-15 07:22:00,23.49276689853404
2026-05-15 07:23:00,23.49276689853404
2026-05-15 07:24:00,23.49276689853404
2026-05-15 07:25:00,23.49276689853404
2026-05-15 07:26:00,23.49276689853404
2026-05-15 07:27:00,23.49276689853404
2026-05-15 07:28:00,23.49276689853404
2026-05-15 07:29:00,23.49276689853404
2026-05-15 07:30:00,23.49276689853404
2026-05-15 07:31:00,23.49276689853404
2026-05-15 07:32:00,23.49276689853404
2026-05-15 07:33:00,23.49276689853404
2026-05-15 07:34:00,23.49276689853404
2026-05-15 07:35:00,23.49276689853404
2026-05-15 07:36:00,23.49276689853404
2026-05-15 07:37:00,23.49276689853404
2026-05-15 07:38:00,23.49276689853404
2026-05-15 07:39:00,23.49276689853404
2026-05-15 07:40:00,23.49276689853404
2026-05-15 07:41:00,23.49276689853404
2026-05-15 07:42:00,23.49276689853404
2026-05-15 07:43:00,23.49276689853404
2026-05-15 07:44:00,23.49276689853404
2026-05-15 07:45:00,23.49276689853404
2026-05-15 07:46:00,23.49276689853404
2026-05-15 07:47:00,23.49276689853404
2026-05-15 07:48:00,23.49276689853404
2026-05-15 07:49:00,23.49276689853404
2026-05-15 07:50:00,23.49276689853404
2026-05-15 07:51:00,23.49276689853404
2026-05-15 07:52:00,23.49276689853404
2026-05-15 07:53:00,23.49276689853404
2026-05-15 07:54:00,23.49276689853404
2026-05-15 07:55:00,23.49276689853404
2026-05-15 07:56:00,23.49276689853404
2026-05-15 07:57:00,23.49276689853404
2026-05-15 07:58:00,23.49276689853404
2026-05-15 07:59:00,23.49276689853404
2026-05-15 08:00:00,23.49276689853404
2026-05-15 08:01:00,23.49276689853404
2026-05-15 08:02:00,23.49276689853404
2026-05-15 08:03:00,23.49276689853404
2026-05-15 08:04:00,23.49276689853404
2026-05-15 08:05:00,23.49276689853404
2026-05-15 08:06:00,23.49276689853404
2026-05-15 08:07:00,23.49276689853404
2026-05-15 08:08:00,23.49276689853404
2026-05-15 08:09:00,23.49276689853404
2026-05-15 08:10:00,23.49276689853404
2026-05-15 08:11:00,23.49276689853404
2026-05-15 08:12:00,23.49276689853404
2026-05-15 08:13:00,23.49276689853404
2026-05-15 08:14:00,23.49276689853404
2026-05-15 08:15:00,23.49276689853404
2026-05-15 08:16:00,23.49276689853404
2026-05-15 08:17:00,23.49276689853404
2026-05-15 08:18:00,23.49276689853404
2026-05-15 08:19:00,23.49276689853404
2026-05-15 08:20:00,23.49276689853404
2026-05-15 08:21:00,23.49276689853404
2026-05-15 08:22:00,23.49276689853404
2026-05-15 08:23:00,23.49276689853404
2026-05-15 08:24:00,23.49276689853404
2026-05-15 08:25:00,23.49276689853404
2026-05-15 08:26:00,23.49276689853404
2026-05-15 08:27:00,23.49276689853404
2026-05-15 08:28:00,23.49276689853404
2026-05-15 08:29:00,23.49276689853404
2026-05-15 08:30:00,23.49276689853404
2026-05-15 08:31:00,23.49276689853404
2026-05-15 08:32:00,23.49276689853404
2026-05-15 08:33:00,23.49276689853404
2026-05-15 08:34:00,23.49276689853404
2026-05-15 08:35:00,23.49276689853404
2026-05-15 08:36:00,23.49276689853404
2026-05-15 08:37:00,23.49276689853404
2026-05-15 08:38:00,23.49276689853404
2026-05-15 08:39:00,23.49276689853404
2026-05-15 08:40:00,23.49276689853404
2026-05-15 08:41:00,23.49276689853404
2026-05-15 08:42:00,23.49276689853404
2026-05-15 08:43:00,23.49276689853404
2026-05-15 08:44:00,23.49276689853404
2026-05-15 08:45:00,23.49276689853404
2026-05-15 08:46:00,23.49276689853404
2026-05-15 08:47:00,23.49276689853404
2026-05-15 08:48:00,23.49276689853404
2026-05-15 08:49:00,23.49276689853404
2026-05-15 08:50:00,23.49276689853404
2026-05-15 08:51:00,23.49276689853404
2026-05-15 08:52:00,23.49276689853404
2026-05-15 08:53:00,23.49276689853404
2026-05-15 08:54:00,23.49276689853404
2026-05-15 08:55:00,23.49276689853404
2026-05-15 08:56:00,23.49276689853404
2026-05-15 08:57:00,23.49276689853404
2026-05-15 08:58:00,23.49276689853404
2026-05-15 08:59:00,23.49276689853404
2026-05-15 09:00:00,23.49276689853404
2026-05-15 09:01:00,23.49276689853404
2026-05-15 09:02:00,23.49276689853404
2026-05-15 09:03:00,23.49276689853404
2026-05-15 09:04:00,23.49276689853404
2026-05-15 09:05:00,23.49276689853404
2026-05-15 09:06:00,23.49276689853404
2026-05-15 09:07:00,23.49276689853404
2026-05-15 09:08:00,23.49276689853404
2026-05-15 09:09:00,23.49276689853404
2026-05-15 09:10:00,23.49276689853404
2026-05-15 09:11:00,23.49276689853404
2026-05-15 09:12:00,23.49276689853404
2026-05-15 09:13:00,23.49276689853404
2026-05-15 09:14:00,23.49276689853404
2026-05-15 09:15:00,23.49276689853404
2026-05-15 09:16:00,23.49276689853404
2026-05-15 09:17:00,23.49276689853404
2026-05-15 09:18:00,23.49276689853404
2026-05-15 09:19:00,23.49276689853404
2026-05-15 09:20:00,23.49276689853404
2026-05-15 09:21:00,23.49276689853404
2026-05-15 09:22:00,23.49276689853404
2026-05-15 09:23:00,23.49276689853404
2026-05-15 09:24:00,23.49276689853404
2026-05-15 09:25:00,23.49276689853404
2026-05-15 09:26:00,23.49276689853404
2026-05-15 09:27:00,23.49276689853404
2026-05-15 09:28:00,23.49276689853404
2026-05-15 09:29:00,23.49276689853404
2026-05-15 09:30:00,23.49276689853404
2026-05-15 09:31:00,23.49276689853404
2026-05-15 09:32:00,23.49276689853404
2026-05-15 09:33:00,23.49276689853404
2026-05-15 09:34:00,23.49276689853404
2026-05-15 09:35:00,23.49276689853404
2026-05-15 09:36:00,23.49276689853404
2026-05-15 09:37:00,23.49276689853404
2026-05-15 09:38:00,23.49276689853404
2026-05-15 09:39:00,23.49276689853404
2026-05-15 09:40:00,23.49276689853404
2026-05-15 09:41:00,23.49276689853404
2026-05-15 09:42:00,23.49276689853404
2026-05-15 09:43:00,23.49276689853404
2026-05-15 09:44:00,23.49276689853404
2026-05-15 09:45:00,23.49276689853404
2026-05-15 09:46:00,23.49276689853404
2026-05-15 09:47:00,23.49276689853404
2026-05-15 09:48:00,23.49276689853404
2026-05-15 09:49:00,23.49276689853404
2026-05-15 09:50:00,23.49276689853404
2026-05-15 09:51:00,23.49276689853404
2026-05-15 09:52:00,23.49276689853404
2026-05-15 09:53:00,23.49276689853404
2026-05-15 09:54:00,23.49276689853404
2026-05-15 09:55:00,23.49276689853404
2026-05-15 09:56:00,23.49276689853404
2026-05-15 09:57:00,23.49276689853404
2026-05-15 09:58:00,23.49276689853404
2026-05-15 09:59:00,23.49276689853404
2026-05-15 10:00:00,23.49276689853404
2026-05-15 10:01:00,23.49276689853404
2026-05-15 10:02:00,23.49276689853404
2026-05-15 10:03:00,23.49276689853404
2026-05-15 10:04:00,23.49276689853404
2026-05-15 10:05:00,23.49276689853404
2026-05-15 10:06:00,23.49276689853404
2026-05-15 10:07:00,23.49276689853404
2026-05-15 10:08:00,23.49276689853404
2026-05-15 10:09:00,23.49276689853404
2026-05-15 10:10:00,23.49276689853404
2026-05-15 10:11:00,23.49276689853404
2026-05-15 10:12:00,23.49276689853404
2026-05-15 10:13:00,23.49276689853404
2026-05-15 10:14:00,23.49276689853404
2026-05-15 10:15:00,23.49276689853404
2026-05-15 10:16:00,23.49276689853404
2026-05-15 10:17:00,23.49276689853404
2026-05-15 10:18:00,23.49276689853404
2026-05-15 10:19:00,23.49276689853404
2026-05-15 10:20:00,23.49276689853404
2026-05-15 10:21:00,23.49276689853404
2026-05-15 10:22:00,23.49276689853404
2026-05-15 10:23:00,23.49276689853404
2026-05-15 10:24:00,23.49276689853404
2026-05-15 10:25:00,23.49276689853404
2026-05-15 10:26:00,23.49276689853404
2026-05-15 10:27:00,23.49276689853404
2026-05-15 10:28:00,23.49276689853404
2026-05-15 10:29:00,23.49276689853404
2026-05-15 10:30:00,23.49276689853404
2026-05-15 10:31:00,23.49276689853404
2026-05-15 10:32:00,23.49276689853404
2026-05-15 10:33:00,23.49276689853404
2026-05-15 10:34:00,23.49276689853404
2026-05-15 10:35:00,23.49276689853404
2026-05-15 10:36:00,23.49276689853404
2026-05-15 10:37:00,23.49276689853404
2026-05-15 10:38:00,23.49276689853404
2026-05-15 10:39:00,23.49276689853404
2026-05-15 10:40:00,23.49276689853404
2026-05-15 10:41:00,23.49276689853404
2026-05-15 10:42:00,23.49276689853404
2026-05-15 10:43:00,23.49276689853404
2026-05-15 10:44:00,23.49276689853404
2026-05-15 10:45:00,23.49276689853404
2026-05-15 10:46:00,23.49276689853404
2026-05-15 10:47:00,23.49276689853404
2026-05-15 10:48:00,23.49276689853404
2026-05-15 10:49:00,23.49276689853404
2026-05-15 10:50:00,23.49276689853404
2026-05-15 10:51:00,23.49276689853404
2026-05-15 10:52:00,23.49276689853404
2026-05-15 10:53:00,23.49276689853404
2026-05-15 10:54:00,23.49276689853404
2026-05-15 10:55:00,23.49276689853404
2026-05-15 10:56:00,23.49276689853404
2026-05-15 10:57:00,23.49276689853404
2026-05-15 10:58:00,23.49276689853404
2026-05-15 10:59:00,23.49276689853404
2026-05-15 11:00:00,23.49276689853404
2026-05-15 11:01:00,23.49276689853404
2026-05-15 11:02:00,23.49276689853404
2026-05-15 11:03:00,23.49276689853404
2026-05-15 11:04:00,23.49276689853404
2026-05-15 11:05:00,23.49276689853404
2026-05-15 11:06:00,23.49276689853404
2026-05-15 11:07:00,23.49276689853404
2026-05-15 11:08:00,23.49276689853404
2026-05-15 11:09:00,23.49276689853404
2026-05-15 11:10:00,23.49276689853404
2026-05-15 11:11:00,23.49276689853404
2026-05-15 11:12:00,23.49276689853404
2026-05-15 11:13:00,23.49276689853404
2026-05-15 11:14:00,23.49276689853404
2026-05-15 11:15:00,23.49276689853404
2026-05-15 11:16:00,23.49276689853404
2026-05-15 11:17:00,23.49276689853404
2026-05-15 11:18:00,23.49276689853404
2026-05-15 11:19:00,23.49276689853404
2026-05-15 11:20:00,23.49276689853404
2026-05-15 11:21:00,23.49276689853404
2026-05-15 11:22:00,23.49276689853404
2026-05-15 11:23:00,23.49276689853404
2026-05-15 11:24:00,23.49276689853404
2026-05-15 11:25:00,23.49276689853404
2026-05-15 11:26:00,23.49276689853404
2026-05-15 11:27:00,23.49276689853404
2026-05-15 11:28:00,23.49276689853404
2026-05-15 11:29:00,23.49276689853404
2026-05-15 11:30:00,23.49276689853404
2026-05-15 11:31:00,23.49276689853404
2026-05-15 11:32:00,23.49276689853404
2026-05-15 11:33:00,23.49276689853404
2026-05-15 11:34:00,23.49276689853404
2026-05-15 11:35:00,23.49276689853404
2026-05-15 11:36:00,23.49276689853404
2026-05-15 11:37:00,23.49276689853404
2026-05-15 11:38:00,23.49276689853404
2026-05-15 11:39:00,23.49276689853404
2026-05-15 11:40:00,23.49276689853404
2026-05-15 11:41:00,23.49276689853404
2026-05-15 11:42:00,23.49276689853404
2026-05-15 11:43:00,23.49276689853404
2026-05-15 11:44:00,23.49276689853404
2026-05-15 11:45:00,23.49276689853404
2026-05-15 11:46:00,23.49276689853404
2026-05-15 11:47:00,23.49276689853404
2026-05-15 11:48:00,23.49276689853404
2026-05-15 11:49:00,23.49276689853404
2026-05-15 11:50:00,23.49276689853404
2026-05-15 11:51:00,23.49276689853404
2026-05-15 11:52:00,23.49276689853404
2026-05-15 11:53:00,23.49276689853404
2026-05-15 11:54:00,23.49276689853404
2026-05-15 11:55:00,23.49276689853404
2026-05-15 11:56:00,23.49276689853404
2026-05-15 11:57:00,23.49276689853404
2026-05-15 11:58:00,23.49276689853404
2026-05-15 11:59:00,23.49276689853404
2026-05-15 12:00:00,23.49276689853404
2026-05-15 12:01:00,23.49276689853404
2026-05-15 12:02:00,23.49276689853404
2026-05-15 12:03:00,23.49276689853404
2026-05-15 12:04:00,23.49276689853404
2026-05-15 12:05:00,23.49276689853404
2026-05-15 12:06:00,23.49276689853404
2026-05-15 12:07:00,23.49276689853404
2026-05-15 12:08:00,23.49276689853404
2026-05-15 12:09:00,23.49276689853404
2026-05-15 12:10:00,23.49276689853404
2026-05-15 12:11:00,23.49276689853404
2026-05-15 12:12:00,23.49276689853404
2026-05-15 12:13:00,23.49276689853404
2026-05-15 12:14:00,23.49276689853404
2026-05-15 12:15:00,23.49276689853404
2026-05-15 12:16:00,23.49276689853404
2026-05-15 12:17:00,23.49276689853404
2026-05-15 12:18:00,23.49276689853404
2026-05-15 12:19:00,23.49276689853404
2026-05-15 12:20:00,23.49276689853404
2026-05-15 12:21:00,23.49276689853404
2026-05-15 12:22:00,23.49276689853404
2026-05-15 12:23:00,23.49276689853404
2026-05-15 12:24:00,23.49276689853404
2026-05-15 12:25:00,23.49276689853404
2026-05-15 12:26:00,23.49276689853404
2026-05-15 12:27:00,23.49276689853404
2026-05-15 12:28:00,23.49276689853404
2026-05-15 12:29:00,23.49276689853404
2026-05-15 12:30:00,23.49276689853404
2026-05-15 12:31:00,23.49276689853404
2026-05-15 12:32:00,23.49276689853404
2026-05-15 12:33:00,23.49276689853404
2026-05-15 12:34:00,23.49276689853404
2026-05-15 12:35:00,23.49276689853404
2026-05-15 12:36:00,23.49276689853404
2026-05-15 12:37:00,23.49276689853404
2026-05-15 12:38:00,23.49276689853404
2026-05-15 12:39:00,23.49276689853404
2026-05-15 12:40:00,23.49276689853404
2026-05-15 12:41:00,23.49276689853404
2026-05-15 12:42:00,23.49276689853404
2026-05-15 12:43:00,23.49276689853404
2026-05-15 12:44:00,23.49276689853404
2026-05-15 12:45:00,23.49276689853404
2026-05-15 12:46:00,23.49276689853404
2026-05-15 12:47:00,23.49276689853404
2026-05-15 12:48:00,23.49276689853404
2026-05-15 12:49:00,23.49276689853404
2026-05-15 12:50:00,23.49276689853404
2026-05-15 12:51:00,23.49276689853404
2026-05-15 12:52:00,23.49276689853404
2026-05-15 12:53:00,23.49276689853404
2026-05-15 12:54:00,23.49276689853404
2026-05-15 12:55:00,23.49276689853404
2026-05-15 12:56:00,23.49276689853404
2026-05-15 12:57:00,23.49276689853404
2026-05-15 12:58:00,23.49276689853404
2026-05-15 12:59:00,23.49276689853404
2026-05-15 13:00:00,23.49276689853404
2026-05-15 13:01:00,23.49276689853404
2026-05-15 13:02:00,23.49276689853404
2026-05-15 13:03:00,23.49276689853404
2026-05-15 13:04:00,23.49276689853404
2026-05-15 13:05:00,23.49276689853404
2026-05-15 13:06:00,23.49276689853404
2026-05-15 13:07:00,23.49276689853404
2026-05-15 13:08:00,23.49276689853404
2026-05-15 13:09:00,23.49276689853404
2026-05-15 13:10:00,23.49276689853404
2026-05-15 13:11:00,23.49276689853404
2026-05-15 13:12:00,23.49276689853404
2026-05-15 13:13:00,23.49276689853404
2026-05-15 13:14:00,23.49276689853404
2026-05-15 13:15:00,23.49276689853404
2026-05-15 13:16:00,23.49276689853404
2026-05-15 13:17:00,23.49276689853404
2026-05-15 13:18:00,23.49276689853404
2026-05-15 13:19:00,23.49276689853404
2026-05-15 13:20:00,23.49276689853404
2026-05-15 13:21:00,23.49276689853404
2026-05-15 13:22:00,23.49276689853404
2026-05-15 13:23:00,23.49276689853404
2026-05-15 13:24:00,23.49276689853404
2026-05-15 13:25:00,23.49276689853404
2026-05-15 13:26:00,23.49276689853404
2026-05-15 13:27:00,23.49276689853404
2026-05-15 13:28:00,23.49276689853404
2026-05-15 13:29:00,23.49276689853404
2026-05-15 13:30:00,23.49276689853404
2026-05-15 13:31:00,23.49276689853404
2026-05-15 13:32:00,23.49276689853404
2026-05-15 13:33:00,23.49276689853404
2026-05-15 13:34:00,23.49276689853404
2026-05-15 13:35:00,23.49276689853404
2026-05-15 13:36:00,23.49276689853404
2026-05-15 13:37:00,23.49276689853404
2026-05-15 13:38:00,23.49276689853404
2026-05-15 13:39:00,23.49276689853404
2026-05-15 13:40:00,23.49276689853404
2026-05-15 13:41:00,23.49276689853404
2026-05-15 13:42:00,23.49276689853404
2026-05-15 13:43:00,23.49276689853404
2026-05-15 13:44:00,23.49276689853404
2026-05-15 13:45:00,23.49276689853404
2026-05-15 13:46:00,23.49276689853404
2026-05-15 13:47:00,23.49276689853404
2026-05-15 13:48:00,23.49276689853404
2026-05-15 13:49:00,23.49276689853404
2026-05-15 13:50:00,23.49276689853404
2026-05-15 13:51:00,23.49276689853404
2026-05-15 13:52:00,23.49276689853404
2026-05-15 13:53:00,23.49276689853404
2026-05-15 13:54:00,23.49276689853404
2026-05-15 13:55:00,23.49276689853404
2026-05-15 13:56:00,23.49276689853404
2026-05-15 13:57:00,23.49276689853404
2026-05-15 13:58:00,23.49276689853404
2026-05-15 13:59:00,23.49276689853404
2026-05-15 14:00:00,23.49276689853404
2026-05-15 14:01:00,23.49276689853404
2026-05-15 14:02:00,23.49276689853404
2026-05-15 14:03:00,23.49276689853404
2026-05-15 14:04:00,23.49276689853404
2026-05-15 14:05:00,23.49276689853404
2026-05-15 14:06:00,23.49276689853404
2026-05-15 14:07:00,23.49276689853404
2026-05-15 14:08:00,23.49276689853404
2026-05-15 14:09:00,23.49276689853404
2026-05-15 14:10:00,23.49276689853404
2026-05-15 14:11:00,23.49276689853404
2026-05-15 14:12:00,23.49276689853404
2026-05-15 14:13:00,23.49276689853404
2026-05-15 14:14:00,23.49276689853404
2026-05-15 14:15:00,23.49276689853404
2026-05-15 14:16:00,23.49276689853404
2026-05-15 14:17:00,23.49276689853404
2026-05-15 14:18:00,23.49276689853404
2026-05-15 14:19:00,23.49276689853404
2026-05-15 14:20:00,23.49276689853404
2026-05-15 14:21:00,23.49276689853404
2026-05-15 14:22:00,23.49276689853404
2026-05-15 14:23:00,23.49276689853404
2026-05-15 14:24:00,23.49276689853404
2026-05-15 14:25:00,23.49276689853404
2026-05-15 14:26:00,23.49276689853404
2026-05-15 14:27:00,23.49276689853404
2026-05-15 14:28:00,23.49276689853404
2026-05-15 14:29:00,23.49276689853404
2026-05-15 14:30:00,23.49276689853404
2026-05-15 14:31:00,23.49276689853404
2026-05-15 14:32:00,23.49276689853404
2026-05-15 14:33:00,23.49276689853404
2026-05-15 14:34:00,23.49276689853404
2026-05-15 14:35:00,23.49276689853404
2026-05-15 14:36:00,23.49276689853404
2026-05-15 14:37:00,23.49276689853404
2026-05-15 14:38:00,23.49276689853404
2026-05-15 14:39:00,23.49276689853404
2026-05-15 14:40:00,23.49276689853404
2026-05-15 14:41:00,23.49276689853404
2026-05-15 14:42:00,23.49276689853404
2026-05-15 14:43:00,23.49276689853404
2026-05-15 14:44:00,23.49276689853404
2026-05-15 14:45:00,23.49276689853404
2026-05-15 14:46:00,23.49276689853404
2026-05-15 14:47:00,23.49276689853404
2026-05-15 14:48:00,23.49276689853404
2026-05-15 14:49:00,23.49276689853404
2026-05-15 14:50:00,23.49276689853404
2026-05-15 14:51:00,23.49276689853404
2026-05-15 14:52:00,23.49276689853404
2026-05-15 14:53:00,23.49276689853404
2026-05-15 14:54:00,23.49276689853404
2026-05-15 14:55:00,23.49276689853404
2026-05-15 14:56:00,23.49276689853404
2026-05-15 14:57:00,23.49276689853404
2026-05-15 14:58:00,23.49276689853404
2026-05-15 14:59:00,23.49276689853404
2026-05-15 15:00:00,23.49276689853404
2026-05-15 15:01:00,23.49276689853404
2026-05-15 15:02:00,23.49276689853404
2026-05-15 15:03:00,23.49276689853404
2026-05-15 15:04:00,23.49276689853404
2026-05-15 15:05:00,23.49276689853404
2026-05-15 15:06:00,23.49276689853404
2026-05-15 15:07:00,23.49276689853404
2026-05-15 15:08:00,23.49276689853404
2026-05-15 15:09:00,23.49276689853404
2026-05-15 15:10:00,23.49276689853404
2026-05-15 15:11:00,23.49276689853404
2026-05-15 15:12:00,23.49276689853404
2026-05-15 15:13:00,23.49276689853404
2026-05-15 15:14:00,23.49276689853404
2026-05-15 15:15:00,23.49276689853404
2026-05-15 15:16:00,23.49276689853404
2026-05-15 15:17:00,23.49276689853404
2026-05-15 15:18:00,23.49276689853404
2026-05-15 15:19:00,23.49276689853404
2026-05-15 15:20:00,23.49276689853404
2026-05-15 15:21:00,23.49276689853404
2026-05-15 15:22:00,23.49276689853404
2026-05-15 15:23:00,23.49276689853404
2026-05-15 15:24:00,23.49276689853404
2026-05-15 15:25:00,23.49276689853404
2026-05-15 15:26:00,23.49276689853404
2026-05-15 15:27:00,23.49276689853404
2026-05-15 15:28:00,23.49276689853404
2026-05-15 15:29:00,23.49276689853404
2026-05-15 15:30:00,23.49276689853404
2026-05-15 15:31:00,23.49276689853404
2026-05-15 15:32:00,23.49276689853404
2026-05-15 15:33:00,23.49276689853404
2026-05-15 15:34:00,23.49276689853404
2026-05-15 15:35:00,23.49276689853404
2026-05-15 15:36:00,23.49276689853404
2026-05-15 15:37:00,23.49276689853404
2026-05-15 15:38:00,23.49276689853404
2026-05-15 15:39:00,23.49276689853404
2026-05-15 15:40:00,23.49276689853404
2026-05-15 15:41:00,23.49276689853404
2026-05-15 15:42:00,23.49276689853404
2026-05-15 15:43:00,23.49276689853404
2026-05-15 15:44:00,23.49276689853404
2026-05-15 15:45:00,23.49276689853404
2026-05-15 15:46:00,23.49276689853404
2026-05-15 15:47:00,23.49276689853404
2026-05-15 15:48:00,23.49276689853404
2026-05-15 15:49:00,23.49276689853404
2026-05-15 15:50:00,23.49276689853404
2026-05-15 15:51:00,23.49276689853404
2026-05-15 15:52:00,23.49276689853404
2026-05-15 15:53:00,23.49276689853404
2026-05-15 15:54:00,23.49276689853404
2026-05-15 15:55:00,23.49276689853404
2026-05-15 15:56:00,23.49276689853404
2026-05-15 15:57:00,23.49276689853404
2026-05-15 15:58:00,23.49276689853404
2026-05-15 15:59:00,23.49276689853404
2026-05-15 16:00:00,23.49276689853404
2026-05-15 16:01:00,23.49276689853404
2026-05-15 16:02:00,23.49276689853404
2026-05-15 16:03:00,23.49276689853404
2026-05-15 16:04:00,23.49276689853404
2026-05-15 16:05:00,23.49276689853404
2026-05-15 16:06:00,23.49276689853404
2026-05-15 16:07:00,23.49276689853404
2026-05-15 16:08:00,23.49276689853404
2026-05-15 16:09:00,23.49276689853404
2026-05-15 16:10:00,23.49276689853404
2026-05-15 16:11:00,23.49276689853404
2026-05-15 16:12:00,23.49276689853404
2026-05-15 16:13:00,23.49276689853404
2026-05-15 16:14:00,23.49276689853404
2026-05-15 16:15:00,23.49276689853404
2026-05-15 16:16:00,23.49276689853404
2026-05-15 16:17:00,23.49276689853404
2026-05-15 16:18:00,23.49276689853404
2026-05-15 16:19:00,23.49276689853404
2026-05-15 16:20:00,23.49276689853404
2026-05-15 16:21:00,23.49276689853404
2026-05-15 16:22:00,23.49276689853404
2026-05-15 16:23:00,23.49276689853404
2026-05-15 16:24:00,23.49276689853404
2026-05-15 16:25:00,23.49276689853404
2026-05-15 16:26:00,23.49276689853404
2026-05-15 16:27:00,23.49276689853404
2026-05-15 16:28:00,23.49276689853404
2026-05-15 16:29:00,23.49276689853404
2026-05-15 16:30:00,23.49276689853404
2026-05-15 16:31:00,23.49276689853404
2026-05-15 16:32:00,23.49276689853404
2026-05-15 16:33:00,23.49276689853404
2026-05-15 16:34:00,23.49276689853404
2026-05-15 16:35:00,23.49276689853404
2026-05-15 16:36:00,23.49276689853404
2026-05-15 16:37:00,23.49276689853404
2026-05-15 16:38:00,23.49276689853404
2026-05-15 16:39:00,23.49276689853404
2026-05-15 16:40:00,23.49276689853404
2026-05-15 16:41:00,23.49276689853404
2026-05-15 16:42:00,23.49276689853404
2026-05-15 16:43:00,23.49276689853404
2026-05-15 16:44:00,23.49276689853404
2026-05-15 16:45:00,23.49276689853404
2026-05-15 16:46:00,23.49276689853404
2026-05-15 16:47:00,23.49276689853404
2026-05-15 16:48:00,23.49276689853404
2026-05-15 16:49:00,23.49276689853404
2026-05-15 16:50:00,23.49276689853404
2026-05-15 16:51:00,23.49276689853404
2026-05-15 16:52:00,23.49276689853404
2026-05-15 16:53:00,23.49276689853404
2026-05-15 16:54:00,23.49276689853404
2026-05-15 16:55:00,23.49276689853404
2026-05-15 16:56:00,23.49276689853404
2026-05-15 16:57:00,23.49276689853404
2026-05-15 16:58:00,23.49276689853404
2026-05-15 16:59:00,23.49276689853404
2026-05-15 17:00:00,23.49276689853404
2026-05-15 17:01:00,23.49276689853404
2026-05-15 17:02:00,23.49276689853404
2026-05-15 17:03:00,23.49276689853404
2026-05-15 17:04:00,23.49276689853404
2026-05-15 17:05:00,23.49276689853404
2026-05-15 17:06:00,23.49276689853404
2026-05-15 17:07:00,23.49276689853404
2026-05-15 17:08:00,23.49276689853404
2026-05-15 17:09:00,23.49276689853404
2026-05-15 17:10:00,23.49276689853404
2026-05-15 17:11:00,23.49276689853404
2026-05-15 17:12:00,23.49276689853404
2026-05-15 17:13:00,23.49276689853404
2026-05-15 17:14:00,23.49276689853404
2026-05-15 17:15:00,23.49276689853404
2026-05-15 17:16:00,23.49276689853404
2026-05-15 17:17:00,23.49276689853404
2026-05-15 17:18:00,23.49276689853404
2026-05-15 17:19:00,23.49276689853404
2026-05-15 17:20:00,23.49276689853404
2026-05-15 17:21:00,23.49276689853404
2026-05-15 17:22:00,23.49276689853404
2026-05-15 17:23:00,23.49276689853404
2026-05-15 17:24:00,23.49276689853404
2026-05-15 17:25:00,23.49276689853404
2026-05-15 17:26:00,23.49276689853404
2026-05-15 17:27:00,23.49276689853404
2026-05-15 17:28:00,23.49276689853404
2026-05-15 17:29:00,23.49276689853404
2026-05-15 17:30:00,23.49276689853404
2026-05-15 17:31:00,23.49276689853404
2026-05-15 17:32:00,23.49276689853404
2026-05-15 17:33:00,23.49276689853404
2026-05-15 17:34:00,23.49276689853404
2026-05-15 17:35:00,23.49276689853404
2026-05-15 17:36:00,23.49276689853404
2026-05-15 17:37:00,23.49276689853404
2026-05-15 17:38:00,23.49276689853404
2026-05-15 17:39:00,23.49276689853404
2026-05-15 17:40:00,23.49276689853404
2026-05-15 17:41:00,23.49276689853404
2026-05-15 17:42:00,23.49276689853404
2026-05-15 17:43:00,23.49276689853404
2026-05-15 17:44:00,23.49276689853404
2026-05-15 17:45:00,23.49276689853404
2026-05-15 17:46:00,23.49276689853404
2026-05-15 17:47:00,23.49276689853404
2026-05-15 17:48:00,23.49276689853404
2026-05-15 17:49:00,23.49276689853404
2026-05-15 17:50:00,23.49276689853404
2026-05-15 17:51:00,23.49276689853404
2026-05-15 17:52:00,23.49276689853404
2026-05-15 17:53:00,23.49276689853404
2026-05-15 17:54:00,23.49276689853404
2026-05-15 17:55:00,23.49276689853404
2026-05-15 17:56:00,23.49276689853404
2026-05-15 17:57:00,23.49276689853404
2026-05-15 17:58:00,23.49276689853404
2026-05-15 17:59:00,23.49276689853404
2026-05-15 18:00:00,23.49276689853404
2026-05-15 18:01:00,23.49276689853404
2026-05-15 18:02:00,23.49276689853404
2026-05-15 18:03:00,23.49276689853404
2026-05-15 18:04:00,23.49276689853404
2026-05-15 18:05:00,23.49276689853404
2026-05-15 18:06:00,23.49276689853404
2026-05-15 18:07:00,23.49276689853404
2026-05-15 18:08:00,23.49276689853404
2026-05-15 18:09:00,23.49276689853404
2026-05-15 18:10:00,23.49276689853404
2026-05-15 18:11:00,23.49276689853404
2026-05-15 18:12:00,23.49276689853404
2026-05-15 18:13:00,23.49276689853404
2026-05-15 18:14:00,23.49276689853404
2026-05-15 18:15:00,23.49276689853404
2026-05-15 18:16:00,23.49276689853404
2026-05-15 18:17:00,23.49276689853404
2026-05-15 18:18:00,23.49276689853404
2026-05-15 18:19:00,23.49276689853404
2026-05-15 18:20:00,23.49276689853404
2026-05-15 18:21:00,23.49276689853404
2026-05-15 18:22:00,23.49276689853404
2026-05-15 18:23:00,23.49276689853404
2026-05-15 18:24:00,23.49276689853404
2026-05-15 18:25:00,23.49276689853404
2026-05-15 18:26:00,23.49276689853404
2026-05-15 18:27:00,23.49276689853404
2026-05-15 18:28:00,23.49276689853404
2026-05-15 18:29:00,23.49276689853404
2026-05-15 18:30:00,23.49276689853404
2026-05-15 18:31:00,23.49276689853404
2026-05-15 18:32:00,23.49276689853404
2026-05-15 18:33:00,23.49276689853404
2026-05-15 18:34:00,23.49276689853404
2026-05-15 18:35:00,23.49276689853404
2026-05-15 18:36:00,23.49276689853404
2026-05-15 18:37:00,23.49276689853404
2026-05-15 18:38:00,23.49276689853404
2026-05-15 18:39:00,23.49276689853404
2026-05-15 18:40:00,23.49276689853404
2026-05-15 18:41:00,23.49276689853404
2026-05-15 18:42:00,23.49276689853404
2026-05-15 18:43:00,23.49276689853404
2026-05-15 18:44:00,23.49276689853404
2026-05-15 18:45:00,23.49276689853404
2026-05-15 18:46:00,23.49276689853404
2026-05-15 18:47:00,23.49276689853404
2026-05-15 18:48:00,23.49276689853404
2026-05-15 18:49:00,23.49276689853404
2026-05-15 18:50:00,23.49276689853404
2026-05-15 18:51:00,23.49276689853404
2026-05-15 18:52:00,23.49276689853404
2026-05-15 18:53:00,23.49276689853404
2026-05-15 18:54:00,23.49276689853404
2026-05-15 18:55:00,23.49276689853404
2026-05-15 18:56:00,23.49276689853404
2026-05-15 18:57:00,23.49276689853404
2026-05-15 18:58:00,23.49276689853404
2026-05-15 18:59:00,23.49276689853404
2026-05-15 19:00:00,23.49276689853404
2026-05-15 19:01:00,23.49276689853404
2026-05-15 19:02:00,23.49276689853404
2026-05-15 19:03:00,23.49276689853404
2026-05-15 19:04:00,23.49276689853404
2026-05-15 19:05:00,23.49276689853404
2026-05-15 19:06:00,23.49276689853404
2026-05-15 19:07:00,23.49276689853404
2026-05-15 19:08:00,23.49276689853404
2026-05-15 19:09:00,23.49276689853404
2026-05-15 19:10:00,23.49276689853404
2026-05-15 19:11:00,23.49276689853404
2026-05-15 19:12:00,23.49276689853404
2026-05-15 19:13:00,23.49276689853404
2026-05-15 19:14:00,23.49276689853404
2026-05-15 19:15:00,23.49276689853404
2026-05-15 19:16:00,23.49276689853404
2026-05-15 19:17:00,23.49276689853404
2026-05-15 19:18:00,23.49276689853404
2026-05-15 19:19:00,23.49276689853404
2026-05-15 19:20:00,23.49276689853404
2026-05-15 19:21:00,23.49276689853404
2026-05-15 19:22:00,23.49276689853404
2026-05-15 19:23:00,23.49276689853404
2026-05-15 19:24:00,23.49276689853404
2026-05-15 19:25:00,23.49276689853404
2026-05-15 19:26:00,23.49276689853404
2026-05-15 19:27:00,23.49276689853404
2026-05-15 19:28:00,23.49276689853404
2026-05-15 19:29:00,23.49276689853404
2026-05-15 19:30:00,23.49276689853404
2026-05-15 19:31:00,23.49276689853404
2026-05-15 19:32:00,23.49276689853404
2026-05-15 19:33:00,23.49276689853404
2026-05-15 19:34:00,23.49276689853404
2026-05-15 19:35:00,23.49276689853404
2026-05-15 19:36:00,23.49276689853404
2026-05-15 19:37:00,23.49276689853404
2026-05-15 19:38:00,23.49276689853404
2026-05-15 19:39:00,23.49276689853404
2026-05-15 19:40:00,23.49276689853404
2026-05-15 19:41:00,23.49276689853404
2026-05-15 19:42:00,23.49276689853404
2026-05-15 19:43:00,23.49276689853404
2026-05-15 19:44:00,23.49276689853404
2026-05-15 19:45:00,23.49276689853404
2026-05-15 19:46:00,23.49276689853404
2026-05-15 19:47:00,23.49276689853404
2026-05-15 19:48:00,23.49276689853404
2026-05-15 19:49:00,23.49276689853404
2026-05-15 19:50:00,23.49276689853404
2026-05-15 19:51:00,23.49276689853404
2026-05-15 19:52:00,23.49276689853404
2026-05-15 19:53:00,23.49276689853404
2026-05-15 19:54:00,23.49276689853404
2026-05-15 19:55:00,23.49276689853404
2026-05-15 19:56:00,23.49276689853404
2026-05-15 19:57:00,23.49276689853404
2026-05-15 19:58:00,23.49276689853404
2026-05-15 19:59:00,23.49276689853404
2026-05-15 20:00:00,23.49276689853404
2026-05-15 20:01:00,23.49276689853404
2026-05-15 20:02:00,23.49276689853404
2026-05-15 20:03:00,23.49276689853404
2026-05-15 20:04:00,23.49276689853404
2026-05-15 20:05:00,23.49276689853404
2026-05-15 20:06:00,23.49276689853404
2026-05-15 20:07:00,23.49276689853404
2026-05-15 20:08:00,23.49276689853404
2026-05-15 20:09:00,23.49276689853404
2026-05-15 20:10:00,23.49276689853404
2026-05-15 20:11:00,23.49276689853404
2026-05-15 20:12:00,23.49276689853404
2026-05-15 20:13:00,23.49276689853404
2026-05-15 20:14:00,23.49276689853404
2026-05-15 20:15:00,23.49276689853404
2026-05-15 20:16:00,23.49276689853404
2026-05-15 20:17:00,23.49276689853404
2026-05-15 20:18:00,23.49276689853404
2026-05-15 20:19:00,23.49276689853404
2026-05-15 20:20:00,23.49276689853404
2026-05-15 20:21:00,23.49276689853404
2026-05-15 20:22:00,23.49276689853404
2026-05-15 20:23:00,23.49276689853404
2026-05-15 20:24:00,23.49276689853404
2026-05-15 20:25:00,23.49276689853404
2026-05-15 20:26:00,23.49276689853404
2026-05-15 20:27:00,23.49276689853404
2026-05-15 20:28:00,23.49276689853404
2026-05-15 20:29:00,23.49276689853404
2026-05-15 20:30:00,23.49276689853404
2026-05-15 20:31:00,23.49276689853404
2026-05-15 20:32:00,23.49276689853404
2026-05-15 20:33:00,23.49276689853404
2026-05-15 20:34:00,23.49276689853404
2026-05-15 20:35:00,23.49276689853404
2026-05-15 20:36:00,23.49276689853404
2026-05-15 20:37:00,23.49276689853404
2026-05-15 20:38:00,23.49276689853404
2026-05-15 20:39:00,23.49276689853404
2026-05-15 20:40:00,23.49276689853404
2026-05-15 20:41:00,23.49276689853404
2026-05-15 20:42:00,23.49276689853404
2026-05-15 20:43:00,23.49276689853404
2026-05-15 20:44:00,23.49276689853404
2026-05-15 20:45:00,23.49276689853404
2026-05-15 20:46:00,23.49276689853404
2026-05-15 20:47:00,23.49276689853404
2026-05-15 20:48:00,23.49276689853404
2026-05-15 20:49:00,23.49276689853404
2026-05-15 20:50:00,23.49276689853404
2026-05-15 20:51:00,23.49276689853404
2026-05-15 20:52:00,23.49276689853404
2026-05-15 20:53:00,23.49276689853404
2026-05-15 20:54:00,23.49276689853404
2026-05-15 20:55:00,23.49276689853404
2026-05-15 20:56:00,23.49276689853404
2026-05-15 20:57:00,23.49276689853404
2026-05-15 20:58:00,23.49276689853404
2026-05-15 20:59:00,23.49276689853404
2026-05-15 21:00:00,23.49276689853404
2026-05-15 21:01:00,23.49276689853404
2026-05-15 21:02:00,23.49276689853404
2026-05-15 21:03:00,23.49276689853404
2026-05-15 21:04:00,23.49276689853404
2026-05-15 21:05:00,23.49276689853404
2026-05-15 21:06:00,23.49276689853404
2026-05-15 21:07:00,23.49276689853404
2026-05-15 21:08:00,23.49276689853404
2026-05-15 21:09:00,23.49276689853404
2026-05-15 21:10:00,23.49276689853404
2026-05-15 21:11:00,23.49276689853404
2026-05-15 21:12:00,23.49276689853404
2026-05-15 21:13:00,23.49276689853404
2026-05-15 21:14:00,23.49276689853404
2026-05-15 21:15:00,23.49276689853404
2026-05-15 21:16:00,23.49276689853404
2026-05-15 21:17:00,23.49276689853404
2026-05-15 21:18:00,23.49276689853404
2026-05-15 21:19:00,23.49276689853404
2026-05-15 21:20:00,23.49276689853404
2026-05-15 21:21:00,23.49276689853404
2026-05-15 21:22:00,23.49276689853404
2026-05-15 21:23:00,23.49276689853404
2026-05-15 21:24:00,23.49276689853404
2026-05-15 21:25:00,23.49276689853404
2026-05-15 21:26:00,23.49276689853404
2026-05-15 21:27:00,23.49276689853404
2026-05-15 21:28:00,23.49276689853404
2026-05-15 21:29:00,23.49276689853404
2026-05-15 21:30:00,23.49276689853404
2026-05-15 21:31:00,23.49276689853404
2026-05-15 21:32:00,23.49276689853404
2026-05-15 21:33:00,23.49276689853404
2026-05-15 21:34:00,23.49276689853404
2026-05-15 21:35:00,23.49276689853404
2026-05-15 21:36:00,23.49276689853404
2026-05-15 21:37:00,23.49276689853404
2026-05-15 21:38:00,23.49276689853404
2026-05-15 21:39:00,23.49276689853404
2026-05-15 21:40:00,23.49276689853404
2026-05-15 21:41:00,23.49276689853404
2026-05-15 21:42:00,23.49276689853404
2026-05-15 21:43:00,23.49276689853404
2026-05-15 21:44:00,23.49276689853404
2026-05-15 21:45:00,23.49276689853404
2026-05-15 21:46:00,23.49276689853404
2026-05-15 21:47:00,23.49276689853404
2026-05-15 21:48:00,23.49276689853404
2026-05-15 21:49:00,23.49276689853404
2026-05-15 21:50:00,23.49276689853404
2026-05-15 21:51:00,23.49276689853404
2026-05-15 21:52:00,23.49276689853404
2026-05-15 21:53:00,23.49276689853404
2026-05-15 21:54:00,23.49276689853404
2026-05-15 21:55:00,23.49276689853404
2026-05-15 21:56:00,23.49276689853404
2026-05-15 21:57:00,23.49276689853404
2026-05-15 21:58:00,23.49276689853404
2026-05-15 21:59:00,23.49276689853404
2026-05-15 22:00:00,23.49276689853404
2026-05-15 22:01:00,23.49276689853404
2026-05-15 22:02:00,23.49276689853404
2026-05-15 22:03:00,23.49276689853404
2026-05-15 22:04:00,23.49276689853404
2026-05-15 22:05:00,23.49276689853404
2026-05-15 22:06:00,23.49276689853404
2026-05-15 22:07:00,23.49276689853404
2026-05-15 22:08:00,23.49276689853404
2026-05-15 22:09:00,23.49276689853404
2026-05-15 22:10:00,23.49276689853404
2026-05-15 22:11:00,23.49276689853404
2026-05-15 22:12:00,23.49276689853404
2026-05-15 22:13:00,23.49276689853404
2026-05-15 22:14:00,23.49276689853404
2026-05-15 22:15:00,23.49276689853404
2026-05-15 22:16:00,23.49276689853404
2026-05-15 22:17:00,23.49276689853404
2026-05-15 22:18:00,23.49276689853404
2026-05-15 22:19:00,23.49276689853404
2026-05-15 22:20:00,23.49276689853404
2026-05-15 22:21:00,23.49276689853404
2026-05-15 22:22:00,23.49276689853404
2026-05-15 22:23:00,23.49276689853404
2026-05-15 22:24:00,23.49276689853404
2026-05-15 22:25:00,23.49276689853404
2026-05-15 22:26:00,23.49276689853404
2026-05-15 22:27:00,23.49276689853404
2026-05-15 22:28:00,23.49276689853404
2026-05-15 22:29:00,23.49276689853404
2026-05-15 22:30:00,23.49276689853404
2026-05-15 22:31:00,23.49276689853404
2026-05-15 22:32:00,23.49276689853404
2026-05-15 22:33:00,23.49276689853404
2026-05-15 22:34:00,23.49276689853404
2026-05-15 22:35:00,23.49276689853404
2026-05-15 22:36:00,23.49276689853404
2026-05-15 22:37:00,23.49276689853404
2026-05-15 22:38:00,23.49276689853404
2026-05-15 22:39:00,23.49276689853404
2026-05-15 22:40:00,23.49276689853404
2026-05-15 22:41:00,23.49276689853404
2026-05-15 22:42:00,23.49276689853404
2026-05-15 22:43:00,23.49276689853404
2026-05-15 22:44:00,23.49276689853404
2026-05-15 22:45:00,23.49276689853404
2026-05-15 22:46:00,23.49276689853404
2026-05-15 22:47:00,23.49276689853404
2026-05-15 22:48:00,23.49276689853404
2026-05-15 22:49:00,23.49276689853404
2026-05-15 22:50:00,23.49276689853404
2026-05-15 22:51:00,23.49276689853404
2026-05-15 22:52:00,23.49276689853404
2026-05-15 22:53:00,23.49276689853404
2026-05-15 22:54:00,23.49276689853404
2026-05-15 22:55:00,23.49276689853404
2026-05-15 22:56:00,23.49276689853404
2026-05-15 22:57:00,23.49276689853404
2026-05-15 22:58:00,23.49276689853404
2026-05-15 22:59:00,23.49276689853404
2026-05-15 23:00:00,23.49276689853404
2026-05-15 23:01:00,23.49276689853404
2026-05-15 23:02:00,23.49276689853404
2026-05-15 23:03:00,23.49276689853404
2026-05-15 23:04:00,23.49276689853404
2026-05-15 23:05:00,23.49276689853404
2026-05-15 23:06:00,23.49276689853404
2026-05-15 23:07:00,23.49276689853404
2026-05-15 23:08:00,23.49276689853404
2026-05-15 23:09:00,23.49276689853404
2026-05-15 23:10:00,23.49276689853404
2026-05-15 23:11:00,23.49276689853404
2026-05-15 23:12:00,23.49276689853404
2026-05-15 23:13:00,23.49276689853404
2026-05-15 23:14:00,23.49276689853404
2026-05-15 23:15:00,23.49276689853404
2026-05-15 23:16:00,23.49276689853404
2026-05-15 23:17:00,23.49276689853404
2026-05-15 23:18:00,23.49276689853404
2026-05-15 23:19:00,23.49276689853404
2026-05-15 23:20:00,23.49276689853404
2026-05-15 23:21:00,23.49276689853404
2026-05-15 23:22:00,23.49276689853404
2026-05-15 23:23:00,23.49276689853404
2026-05-15 23:24:00,23.49276689853404
2026-05-15 23:25:00,23.49276689853404
2026-05-15 23:26:00,23.49276689853404
2026-05-15 23:27:00,23.49276689853404
2026-05-15 23:28:00,23.49276689853404
2026-05-15 23:29:00,23.49276689853404
2026-05-15 23:30:00,23.49276689853404
2026-05-15 23:31:00,23.49276689853404
2026-05-15 23:32:00,23.49276689853404
2026-05-15 23:33:00,23.49276689853404
2026-05-15 23:34:00,23.49276689853404
2026-05-15 23:35:00,23.49276689853404
2026-05-15 23:36:00,23.49276689853404
2026-05-15 23:37:00,23.49276689853404
2026-05-15 23:38:00,23.49276689853404
2026-05-15 23:39:00,23.49276689853404
2026-05-15 23:40:00,23.49276689853404
2026-05-15 23:41:00,23.49276689853404
2026-05-15 23:42:00,23.49276689853404
2026-05-15 23:43:00,23.49276689853404
2026-05-15 23:44:00,23.49276689853404
2026-05-15 23:45:00,23.49276689853404
2026-05-15 23:46:00,23.49276689853404
2026-05-15 23:47:00,23.49276689853404
2026-05-15 23:48:00,23.49276689853404
2026-05-15 23:49:00,23.49276689853404
2026-05-15 23:50:00,23.49276689853404
2026-05-15 23:51:00,23.49276689853404
