time,H2_pred
2026-05-03 00:46:00,0.6044065973003911
2026-05-03 00:47:00,2.3675727356670433
2026-05-03 00:48:00,0.0
2026-05-03 00:49:00,0.9211620551292845
2026-05-03 00:50:00,2.2170030288252303
2026-05-03 00:51:00,1.8246379825273746
2026-05-03 00:52:00,1.0601277382099459
2026-05-03 00:53:00,2.129718758709315
2026-05-03 00:54:00,1.19228404007772
2026-05-03 00:55:00,3.699564208147451
2026-05-03 00:56:00,0.0
2026-05-03 00:57:00,0.4512492637288535
2026-05-03 00:58:00,2.0289098196300954
2026-05-03 00:59:00,0.0
2026-05-03 01:00:00,0.567368113355361
2026-05-03 01:01:00,1.9143959761620268
2026-05-03 01:02:00,2.628331311571883
2026-05-03 01:03:00,2.6577665164807196
2026-05-03 01:04:00,2.660268154610774
2026-05-03 01:05:00,2.640562836263132
2026-05-03 01:06:00,3.2575515600967115
2026-05-03 01:07:00,2.046929384413353
2026-05-03 01:08:00,0.6746168575920732
2026-05-03 01:09:00,1.569038350337679
2026-05-03 01:10:00,3.1140878506744314
2026-05-03 01:11:00,2.5355618436282885
2026-05-03 01:12:00,1.7062393909911147
2026-05-03 01:13:00,2.3524984777956095
2026-05-03 01:14:00,1.3920246918850359
2026-05-03 01:15:00,0.8080213267792598
2026-05-03 01:16:00,3.1896943959886723
2026-05-03 01:17:00,2.4882737860588895
2026-05-03 01:18:00,2.0349798811918056
2026-05-03 01:19:00,1.7041396916432636
2026-05-03 01:20:00,2.6114459795934435
2026-05-03 01:21:00,0.3196471189420269
2026-05-03 01:22:00,2.2239835512768082
2026-05-03 01:23:00,1.4826008787125575
2026-05-03 01:24:00,0.5619479266711448
2026-05-03 01:25:00,3.139104244305396
2026-05-03 01:26:00,1.971170664377251
2026-05-03 01:27:00,2.316282785110111
2026-05-03 01:28:00,0.0
2026-05-03 01:29:00,0.6684235055312064
2026-05-03 01:30:00,2.4158871068788415
2026-05-03 01:31:00,1.9175932970700058
2026-05-03 01:32:00,2.1284349107179
2026-05-03 01:33:00,1.4875179634454994
2026-05-03 01:34:00,3.7959702410136273
2026-05-03 01:35:00,0.14806674222806016
2026-05-03 01:36:00,2.291081197717916
2026-05-03 01:37:00,0.0
2026-05-03 01:38:00,4.102305784025417
2026-05-03 01:39:00,0.8275941644888469
2026-05-03 01:40:00,4.089007666469468
2026-05-03 01:41:00,3.4507633822653383
2026-05-03 01:42:00,3.9306889802655345
2026-05-03 01:43:00,2.871537156032672
2026-05-03 01:44:00,4.162355464498312
2026-05-03 01:45:00,2.934279419711337
2026-05-03 01:46:00,0.3109966264685958
2026-05-03 01:47:00,3.2239106679595375
2026-05-03 01:48:00,3.428195043231846
2026-05-03 01:49:00,1.2605822438507648
2026-05-03 01:50:00,0.021561584176633675
2026-05-03 01:51:00,0.8189284185084613
2026-05-03 01:52:00,2.5764504400185957
2026-05-03 01:53:00,1.2464836533561636
2026-05-03 01:54:00,0.0
2026-05-03 01:55:00,2.2524217156928033
2026-05-03 01:56:00,3.9561956848274797
2026-05-03 01:57:00,3.8049848265559234
2026-05-03 01:58:00,1.3607923865075993
2026-05-03 01:59:00,0.8867187226617057
2026-05-03 02:00:00,1.2775858233074253
2026-05-03 02:01:00,2.251431922544671
2026-05-03 02:02:00,3.709230890331092
2026-05-03 02:03:00,3.521959075299321
2026-05-03 02:04:00,3.269469304385222
2026-05-03 02:05:00,2.302134971206339
2026-05-03 02:06:00,0.0
2026-05-03 02:07:00,1.0842886441616701
2026-05-03 02:08:00,1.7407071126419442
2026-05-03 02:09:00,3.9051995169289975
2026-05-03 02:10:00,0.3095659308496973
2026-05-03 02:11:00,2.470634595914637
2026-05-03 02:12:00,3.4343619611083813
2026-05-03 02:13:00,1.7693634199753636
2026-05-03 02:14:00,0.8620473449395536
2026-05-03 02:15:00,1.6097258667467271
2026-05-03 02:16:00,3.2558299763453817
2026-05-03 02:17:00,1.3206719402582099
2026-05-03 02:18:00,2.488147671752574
2026-05-03 02:19:00,1.3590367748689722
2026-05-03 02:20:00,0.9021014013213954
2026-05-03 02:21:00,3.7021483634004144
2026-05-03 02:22:00,0.0
2026-05-03 02:23:00,1.0210682521715748
2026-05-03 02:24:00,2.4786276412850947
2026-05-03 02:25:00,0.0
2026-05-03 02:26:00,1.0523358040109518
2026-05-03 02:27:00,3.0001873570067676
2026-05-03 02:28:00,0.026725568492911522
2026-05-03 02:29:00,0.19763491109261194
2026-05-03 02:30:00,2.963450804390686
2026-05-03 02:31:00,1.3647183734701236
2026-05-03 02:32:00,0.028502311359749455
2026-05-03 02:33:00,1.168855729301525
2026-05-03 02:34:00,0.8757707641631486
2026-05-03 02:35:00,0.0
2026-05-03 02:36:00,0.0
2026-05-03 02:37:00,1.9777040952281488
2026-05-03 02:38:00,1.938392637251439
2026-05-03 02:39:00,3.3856409904631732
2026-05-03 02:40:00,1.7105115645401763
2026-05-03 02:41:00,1.8394303521146014
2026-05-03 02:42:00,0.0
2026-05-03 02:43:00,2.549191355477867
2026-05-03 02:44:00,1.6070267518453614
2026-05-03 02:45:00,3.0662351713019005
2026-05-03 02:46:00,4.201598413776657
2026-05-03 02:47:00,0.7341896558394473
2026-05-03 02:48:00,2.2186311695983436
2026-05-03 02:49:00,1.28088853945688
2026-05-03 02:50:00,0.38284382212513035
2026-05-03 02:51:00,4.182961847018602
2026-05-03 02:52:00,3.857553389713047
2026-05-03 02:53:00,4.2497377392986255
2026-05-03 02:54:00,0.16096035315304846
2026-05-03 02:55:00,3.9752542048694823
2026-05-03 02:56:00,0.0
2026-05-03 02:57:00,3.99056844334774
2026-05-03 02:58:00,0.5107825262595296
2026-05-03 02:59:00,0.0
2026-05-03 03:00:00,1.454709940880368
2026-05-03 03:01:00,1.1681573201133117
2026-05-03 03:02:00,0.5341979459392756
2026-05-03 03:03:00,3.932294243250427
2026-05-03 03:04:00,1.118637593051106
2026-05-03 03:05:00,1.4287184523826582
2026-05-03 03:06:00,3.3836366856486153
2026-05-03 03:07:00,4.049085893147215
2026-05-03 03:08:00,0.564189819654728
2026-05-03 03:09:00,3.108565086593835
2026-05-03 03:10:00,2.606234468121224
2026-05-03 03:11:00,2.659352516759229
2026-05-03 03:12:00,4.026433015934527
2026-05-03 03:13:00,2.9854742363845497
2026-05-03 03:14:00,0.11307276845606751
2026-05-03 03:15:00,1.6974453020822868
2026-05-03 03:16:00,3.0352548026889608
2026-05-03 03:17:00,0.950246827283286
2026-05-03 03:18:00,0.10792672205684439
2026-05-03 03:19:00,1.2983268610185568
2026-05-03 03:20:00,0.3865602813776798
2026-05-03 03:21:00,1.1768546259990575
2026-05-03 03:22:00,1.3085319029608504
2026-05-03 03:23:00,2.5023118596780956
2026-05-03 03:24:00,3.085548636450207
2026-05-03 03:25:00,4.2005701319126745
2026-05-03 03:26:00,2.8218297697241645
2026-05-03 03:27:00,2.7828584809847037
2026-05-03 03:28:00,1.5849919787226499
2026-05-03 03:29:00,3.0166456629494918
2026-05-03 03:30:00,2.673949346980586
2026-05-03 03:31:00,0.7263642392140512
2026-05-03 03:32:00,3.0383513990058937
2026-05-03 03:33:00,1.4364426302647928
2026-05-03 03:34:00,2.823655001938096
2026-05-03 03:35:00,0.0
2026-05-03 03:36:00,0.16613101702266636
2026-05-03 03:37:00,3.004590441027625
2026-05-03 03:38:00,2.0310039666942803
2026-05-03 03:39:00,1.8300206114809217
2026-05-03 03:40:00,3.621267184394918
2026-05-03 03:41:00,0.7240281456947825
2026-05-03 03:42:00,1.1051142589714857
2026-05-03 03:43:00,0.4638155304741508
2026-05-03 03:44:00,3.8289393544926105
2026-05-03 03:45:00,1.2172243282557167
2026-05-03 03:46:00,3.274279237152673
2026-05-03 03:47:00,0.0
2026-05-03 03:48:00,3.4104906026923936
2026-05-03 03:49:00,3.761460334730391
2026-05-03 03:50:00,2.039208514978478
2026-05-03 03:51:00,2.609488126340006
2026-05-03 03:52:00,0.043956125822055436
2026-05-03 03:53:00,1.1036799798163333
2026-05-03 03:54:00,3.5259343703328963
2026-05-03 03:55:00,2.854614909616573
2026-05-03 03:56:00,0.12329997024515216
2026-05-03 03:57:00,0.0
2026-05-03 03:58:00,1.0082130094468598
2026-05-03 03:59:00,1.7596589090278385
2026-05-03 04:00:00,2.6013743050128153
2026-05-03 04:01:00,3.289083393469627
2026-05-03 04:02:00,2.917864092257326
2026-05-03 04:03:00,2.0434041348945535
2026-05-03 04:04:00,1.47851559238406
2026-05-03 04:05:00,4.111389574894792
2026-05-03 04:06:00,0.01203946034447656
2026-05-03 04:07:00,1.9166890704101844
2026-05-03 04:08:00,0.0
2026-05-03 04:09:00,3.1871663986363545
2026-05-03 04:10:00,2.6396830227500114
2026-05-03 04:11:00,0.0
2026-05-03 04:12:00,3.569780725994632
2026-05-03 04:13:00,2.4870164300530755
2026-05-03 04:14:00,4.070119038576035
2026-05-03 04:15:00,1.9088613787338098
2026-05-03 04:16:00,2.9556918340047815
2026-05-03 04:17:00,2.8665617513418975
2026-05-03 04:18:00,4.113125318102582
2026-05-03 04:19:00,0.14045038257064246
2026-05-03 04:20:00,0.0
2026-05-03 04:21:00,3.4164148015658915
2026-05-03 04:22:00,3.21050521552729
2026-05-03 04:23:00,1.9780485248694561
2026-05-03 04:24:00,3.8967464396795024
2026-05-03 04:25:00,1.5170188611254642
2026-05-03 04:26:00,1.3857369347913684
2026-05-03 04:27:00,0.6537410535298662
2026-05-03 04:28:00,1.6667894197628559
2026-05-03 04:29:00,0.5589014927664935
2026-05-03 04:30:00,0.5223033369580473
2026-05-03 04:31:00,0.5385263065340222
2026-05-03 04:32:00,1.7666908737862053
2026-05-03 04:33:00,1.850066303274323
2026-05-03 04:34:00,0.7974839467798619
2026-05-03 04:35:00,3.937924758886491
2026-05-03 04:36:00,0.0
2026-05-03 04:37:00,0.6579790731151891
2026-05-03 04:38:00,3.6626043343205508
2026-05-03 04:39:00,0.4709071423976504
2026-05-03 04:40:00,1.7698507864247635
2026-05-03 04:41:00,0.8718577326787285
2026-05-03 04:42:00,2.172921623990633
2026-05-03 04:43:00,0.9087696629606212
2026-05-03 04:44:00,3.731002051449275
2026-05-03 04:45:00,1.4330495643739116
2026-05-03 04:46:00,1.502722952835394
2026-05-03 04:47:00,3.443901321824975
2026-05-03 04:48:00,3.175186668327983
2026-05-03 04:49:00,0.0
2026-05-03 04:50:00,0.035599308359970605
2026-05-03 04:51:00,1.5907455102427046
2026-05-03 04:52:00,3.8786906437574027
2026-05-03 04:53:00,3.6197698463405397
2026-05-03 04:54:00,1.356202963938426
2026-05-03 04:55:00,2.8629236789391377
2026-05-03 04:56:00,0.23333377275675005
2026-05-03 04:57:00,1.6353863100923056
2026-05-03 04:58:00,3.470753732940082
2026-05-03 04:59:00,0.32970616313754986
2026-05-03 05:00:00,3.7854462434459992
2026-05-03 05:01:00,2.9216464709351246
2026-05-03 05:02:00,2.4111505926561043
2026-05-03 05:03:00,1.1083295603754326
2026-05-03 05:04:00,1.935301501059151
2026-05-03 05:05:00,3.4700132612271375
2026-05-03 05:06:00,2.237074865468517
2026-05-03 05:07:00,0.5882464455758636
2026-05-03 05:08:00,2.6824392344387413
2026-05-03 05:09:00,3.4739048686746954
2026-05-03 05:10:00,2.4970457416626326
2026-05-03 05:11:00,0.0
2026-05-03 05:12:00,1.4296456842911165
2026-05-03 05:13:00,2.427242081954088
2026-05-03 05:14:00,3.425059541629838
2026-05-03 05:15:00,0.0
2026-05-03 05:16:00,3.7667598848970214
2026-05-03 05:17:00,0.0
2026-05-03 05:18:00,1.7509094941649481
2026-05-03 05:19:00,0.0
2026-05-03 05:20:00,2.305782290136737
2026-05-03 05:21:00,4.0278451084783
2026-05-03 05:22:00,2.6173612734801734
2026-05-03 05:23:00,0.8557657196238239
2026-05-03 05:24:00,1.8982753464740125
2026-05-03 05:25:00,0.0
2026-05-03 05:26:00,3.294546736240311
2026-05-03 05:27:00,0.9082498377553297
2026-05-03 05:28:00,3.7100324522014914
2026-05-03 05:29:00,3.20690639190696
2026-05-03 05:30:00,2.13368758869374
2026-05-03 05:31:00,2.827180574091222
2026-05-03 05:32:00,4.086749603760934
2026-05-03 05:33:00,0.7922958548991815
2026-05-03 05:34:00,1.2568251917973265
2026-05-03 05:35:00,0.919248395470402
2026-05-03 05:36:00,2.353383107576644
2026-05-03 05:37:00,0.3021731025383397
2026-05-03 05:38:00,0.6587413109919833
2026-05-03 05:39:00,2.687419404547674
2026-05-03 05:40:00,0.0
2026-05-03 05:41:00,1.9053456984893309
2026-05-03 05:42:00,1.4230261594133937
2026-05-03 05:43:00,1.2284060326028792
2026-05-03 05:44:00,1.898903804681623
2026-05-03 05:45:00,3.886089331147418
2026-05-03 05:46:00,1.2018292507240744
2026-05-03 05:47:00,0.1020766496826474
2026-05-03 05:48:00,3.113663892913664
2026-05-03 05:49:00,0.189125936510265
2026-05-03 05:50:00,4.138510463472156
2026-05-03 05:51:00,1.9070357651075636
2026-05-03 05:52:00,4.001651641147911
2026-05-03 05:53:00,1.8543100662530525
2026-05-03 05:54:00,0.6421516169578243
2026-05-03 05:55:00,3.5305300060801232
2026-05-03 05:56:00,2.1813261148781846
2026-05-03 05:57:00,1.3423264299161952
2026-05-03 05:58:00,1.3176421044784605
2026-05-03 05:59:00,2.37744068673031
2026-05-03 06:00:00,4.057442571116218
2026-05-03 06:01:00,3.195025761002028
2026-05-03 06:02:00,1.0459791744682225
2026-05-03 06:03:00,4.062997440723594
2026-05-03 06:04:00,3.2245540674201045
2026-05-03 06:05:00,1.66000662608302
2026-05-03 06:06:00,0.0
2026-05-03 06:07:00,1.4995985142112223
2026-05-03 06:08:00,2.6501488018395922
2026-05-03 06:09:00,3.372048042720679
2026-05-03 06:10:00,0.0
2026-05-03 06:11:00,3.453140881203329
2026-05-03 06:12:00,0.9420808154831058
2026-05-03 06:13:00,1.2803257070162348
2026-05-03 06:14:00,2.4548795774791596
2026-05-03 06:15:00,0.36244551006076087
2026-05-03 06:16:00,0.2752543141344927
2026-05-03 06:17:00,4.229253804418591
2026-05-03 06:18:00,2.5244823012165627
2026-05-03 06:19:00,0.0
2026-05-03 06:20:00,1.1399569955103055
2026-05-03 06:21:00,2.570520863642798
2026-05-03 06:22:00,2.451921283734058
2026-05-03 06:23:00,0.7650664016991907
2026-05-03 06:24:00,1.2083517383268094
2026-05-03 06:25:00,1.8425958705216354
2026-05-03 06:26:00,0.0
2026-05-03 06:27:00,3.2981055405158206
2026-05-03 06:28:00,1.3958550268070895
2026-05-03 06:29:00,0.5127930765663499
2026-05-03 06:30:00,0.5204498014110088
2026-05-03 06:31:00,2.1217668290206677
2026-05-03 06:32:00,1.231334072369101
2026-05-03 06:33:00,1.6720532256050498
2026-05-03 06:34:00,4.147894524411988
2026-05-03 06:35:00,3.3007394654327964
2026-05-03 06:36:00,1.618039097433749
2026-05-03 06:37:00,2.5947134430154613
2026-05-03 06:38:00,0.13456365072208132
2026-05-03 06:39:00,0.09921097638839627
2026-05-03 06:40:00,3.391241270161058
2026-05-03 06:41:00,1.6670379438211387
2026-05-03 06:42:00,0.0
2026-05-03 06:43:00,3.5373900805604555
2026-05-03 06:44:00,0.3512536095899047
2026-05-03 06:45:00,2.7171486027467577
2026-05-03 06:46:00,2.994222484078862
2026-05-03 06:47:00,0.16981160633106107
2026-05-03 06:48:00,0.6138747266412192
2026-05-03 06:49:00,1.5965389563846335
2026-05-03 06:50:00,1.4411561095758854
2026-05-03 06:51:00,4.0247302688502815
2026-05-03 06:52:00,3.985215487479008
2026-05-03 06:53:00,4.0588252666835904
2026-05-03 06:54:00,2.981268065067965
2026-05-03 06:55:00,2.76770740151295
2026-05-03 06:56:00,2.895308145371457
2026-05-03 06:57:00,1.7658314177826842
2026-05-03 06:58:00,0.8808050349708076
2026-05-03 06:59:00,1.0600759077024273
2026-05-03 07:00:00,3.8010884976593653
2026-05-03 07:01:00,2.0432303776009912
2026-05-03 07:02:00,3.56360585849838
2026-05-03 07:03:00,1.3186796729631554
2026-05-03 07:04:00,2.2826529807619074
2026-05-03 07:05:00,0.7182350861121334
2026-05-03 07:06:00,3.1833030221145164
2026-05-03 07:07:00,0.4212798875583156
2026-05-03 07:08:00,2.242426749330379
2026-05-03 07:09:00,3.4867695592591694
2026-05-03 07:10:00,3.841606982146871
2026-05-03 07:11:00,2.5061993619466607
2026-05-03 07:12:00,1.0010412135752629
2026-05-03 07:13:00,2.604916646418189
2026-05-03 07:14:00,0.0
2026-05-03 07:15:00,1.432177899389934
2026-05-03 07:16:00,0.0
2026-05-03 07:17:00,0.6951385969314758
2026-05-03 07:18:00,0.0
2026-05-03 07:19:00,2.820751832099026
2026-05-03 07:20:00,0.0
2026-05-03 07:21:00,3.0769863518570695
2026-05-03 07:22:00,2.292219906177044
2026-05-03 07:23:00,1.1831512594635551
2026-05-03 07:24:00,4.172805743552933
2026-05-03 07:25:00,0.6701192806051918
2026-05-03 07:26:00,2.069831398622806
2026-05-03 07:27:00,1.783271992633865
2026-05-03 07:28:00,1.7996648446026104
2026-05-03 07:29:00,0.23901814800357135
2026-05-03 07:30:00,2.7357733433510134
2026-05-03 07:31:00,0.062318207072592946
2026-05-03 07:32:00,3.7325690351751435
2026-05-03 07:33:00,1.8754211452002911
2026-05-03 07:34:00,0.0
2026-05-03 07:35:00,4.074415619288648
2026-05-03 07:36:00,0.5633693507248898
2026-05-03 07:37:00,3.7975426694512557
2026-05-03 07:38:00,2.9045898641228405
2026-05-03 07:39:00,2.4134170610711028
2026-05-03 07:40:00,3.7456936796166116
2026-05-03 07:41:00,0.46394163500458535
2026-05-03 07:42:00,2.2984253854585543
2026-05-03 07:43:00,3.0740932028389105
2026-05-03 07:44:00,1.5691764751191322
2026-05-03 07:45:00,2.5176702954878394
2026-05-03 07:46:00,3.2444068000813604
2026-05-03 07:47:00,2.313627760370724
2026-05-03 07:48:00,2.2338007570570557
2026-05-03 07:49:00,3.102945663447341
2026-05-03 07:50:00,2.9554388725707366
2026-05-03 07:51:00,2.2255944381682764
2026-05-03 07:52:00,1.454185534761109
2026-05-03 07:53:00,4.260466631190792
2026-05-03 07:54:00,4.262615785932621
2026-05-03 07:55:00,0.7368987135423852
2026-05-03 07:56:00,3.0806731820832822
2026-05-03 07:57:00,1.8381409031779472
2026-05-03 07:58:00,1.5061496368491838
2026-05-03 07:59:00,1.198730381333457
2026-05-03 08:00:00,2.7791286199084952
2026-05-03 08:01:00,3.3463298831268724
2026-05-03 08:02:00,0.480813151683003
2026-05-03 08:03:00,2.6425941181959463
2026-05-03 08:04:00,2.417699771725286
2026-05-03 08:05:00,3.036116702615021
2026-05-03 08:06:00,2.416157378061569
2026-05-03 08:07:00,0.49433991624000373
2026-05-03 08:08:00,0.4111815139359142
2026-05-03 08:09:00,3.2933455895266244
2026-05-03 08:10:00,4.182576346944169
2026-05-03 08:11:00,1.1194076759037697
2026-05-03 08:12:00,0.738993411641889
2026-05-03 08:13:00,4.023090438113071
2026-05-03 08:14:00,0.39340041087936206
2026-05-03 08:15:00,0.0
2026-05-03 08:16:00,1.1700916028926596
2026-05-03 08:17:00,1.2341467588202812
2026-05-03 08:18:00,0.8952499968221695
2026-05-03 08:19:00,3.609561682331936
2026-05-03 08:20:00,2.3022967908716665
2026-05-03 08:21:00,2.9673650600993087
2026-05-03 08:22:00,1.4784300125782264
2026-05-03 08:23:00,2.3545705716348446
2026-05-03 08:24:00,2.2726848679478944
2026-05-03 08:25:00,2.6243288819464103
2026-05-03 08:26:00,2.9980495530007536
2026-05-03 08:27:00,0.6014805081122535
2026-05-03 08:28:00,1.971903123470635
2026-05-03 08:29:00,3.1023480318624452
2026-05-03 08:30:00,0.0
2026-05-03 08:31:00,0.31473268183515946
2026-05-03 08:32:00,2.923360821282459
2026-05-03 08:33:00,2.391619098594
2026-05-03 08:34:00,3.1476364090426534
2026-05-03 08:35:00,3.3087262160648394
2026-05-03 08:36:00,0.6820334222240104
2026-05-03 08:37:00,2.2781404349594396
2026-05-03 08:38:00,1.8063568837842015
2026-05-03 08:39:00,2.1117467603566236
2026-05-03 08:40:00,3.8780742687046588
2026-05-03 08:41:00,1.1730507087087212
2026-05-03 08:42:00,2.5150741207978293
2026-05-03 08:43:00,0.0
2026-05-03 08:44:00,2.233875882191998
2026-05-03 08:45:00,0.0
2026-05-03 08:46:00,2.2792154604687807
2026-05-03 08:47:00,3.206769884408035
2026-05-03 08:48:00,3.009109826972732
2026-05-03 08:49:00,3.0850614266436485
2026-05-03 08:50:00,3.8020523520745053
2026-05-03 08:51:00,3.5429698574819666
2026-05-03 08:52:00,2.429963129975646
2026-05-03 08:53:00,1.9910515332167842
2026-05-03 08:54:00,3.2115722823287935
2026-05-03 08:55:00,4.2382679043031715
2026-05-03 08:56:00,1.975048770824741
2026-05-03 08:57:00,0.7261422970448788
2026-05-03 08:58:00,0.8534965625305285
2026-05-03 08:59:00,3.2381131943400523
2026-05-03 09:00:00,3.0032638528954774
2026-05-03 09:01:00,0.4629801698798581
2026-05-03 09:02:00,2.8571820973197046
2026-05-03 09:03:00,2.642951307379298
2026-05-03 09:04:00,0.8524667649954814
2026-05-03 09:05:00,1.5553234826793207
2026-05-03 09:06:00,2.164717339728816
2026-05-03 09:07:00,1.6099337386841372
2026-05-03 09:08:00,1.3483256395619705
2026-05-03 09:09:00,1.8850427961495453
2026-05-03 09:10:00,0.1122011643083945
2026-05-03 09:11:00,2.0749676956451757
2026-05-03 09:12:00,3.1848525149309377
2026-05-03 09:13:00,3.249160585889846
2026-05-03 09:14:00,0.45962358626159155
2026-05-03 09:15:00,3.2473787214611742
2026-05-03 09:16:00,0.6068999972567524
2026-05-03 09:17:00,0.7803830579731555
2026-05-03 09:18:00,0.7953822802939948
2026-05-03 09:19:00,1.062957401662936
2026-05-03 09:20:00,3.08410806530292
2026-05-03 09:21:00,2.056786957149934
2026-05-03 09:22:00,2.64020840576143
2026-05-03 09:23:00,2.1153314337393576
2026-05-03 09:24:00,3.5006936512908724
2026-05-03 09:25:00,0.0
2026-05-03 09:26:00,4.147206749508209
2026-05-03 09:27:00,4.066881824881414
2026-05-03 09:28:00,2.9996376414970123
2026-05-03 09:29:00,2.878625433660577
2026-05-03 09:30:00,1.1522873829474947
2026-05-03 09:31:00,4.110364326802343
2026-05-03 09:32:00,0.0
2026-05-03 09:33:00,3.542184281545388
2026-05-03 09:34:00,1.3765756350244511
2026-05-03 09:35:00,1.0216806930712323
2026-05-03 09:36:00,2.006007251629498
2026-05-03 09:37:00,2.6182809970404097
2026-05-03 09:38:00,1.4257937575009534
2026-05-03 09:39:00,2.8095960311042396
2026-05-03 09:40:00,0.0
2026-05-03 09:41:00,1.6748760589072087
2026-05-03 09:42:00,1.6198603500304625
2026-05-03 09:43:00,3.4780026898685312
2026-05-03 09:44:00,3.4479457745279802
2026-05-03 09:45:00,2.6129897048826707
2026-05-03 09:46:00,2.971239255332388
2026-05-03 09:47:00,3.039868927557816
2026-05-03 09:48:00,2.5130215184257905
2026-05-03 09:49:00,3.912908181432222
2026-05-03 09:50:00,4.037635291953125
2026-05-03 09:51:00,1.9868119451666333
2026-05-03 09:52:00,4.114612936070785
2026-05-03 09:53:00,3.793664198722849
2026-05-03 09:54:00,4.0793100537945115
2026-05-03 09:55:00,0.9780734745835852
2026-05-03 09:56:00,1.4565652994393776
2026-05-03 09:57:00,3.7935933715099823
2026-05-03 09:58:00,0.7761760485113627
2026-05-03 09:59:00,0.0
2026-05-03 10:00:00,3.7479647710857518
2026-05-03 10:01:00,0.3646246374437794
2026-05-03 10:02:00,3.401658803788895
2026-05-03 10:03:00,2.601746526331475
2026-05-03 10:04:00,3.7856112622374054
2026-05-03 10:05:00,2.2281941575553597
2026-05-03 10:06:00,2.330246558797346
2026-05-03 10:07:00,2.3269756095618144
2026-05-03 10:08:00,2.5002223447219185
2026-05-03 10:09:00,2.174831297583721
2026-05-03 10:10:00,0.6832777236414206
2026-05-03 10:11:00,2.6595633093717996
2026-05-03 10:12:00,0.373906215957436
2026-05-03 10:13:00,2.4562737854223946
2026-05-03 10:14:00,0.8260072945205506
2026-05-03 10:15:00,4.041890071838286
2026-05-03 10:16:00,0.23466306770605388
2026-05-03 10:17:00,3.936617452998003
2026-05-03 10:18:00,1.8878414625425952
2026-05-03 10:19:00,0.0
2026-05-03 10:20:00,1.3180677647282137
2026-05-03 10:21:00,3.4797534208878265
2026-05-03 10:22:00,1.8008744597461135
2026-05-03 10:23:00,2.8918219981492665
2026-05-03 10:24:00,2.112441093513696
2026-05-03 10:25:00,2.164599377677295
2026-05-03 10:26:00,3.1088374937009657
2026-05-03 10:27:00,0.9701466042420528
2026-05-03 10:28:00,2.8857700404639184
2026-05-03 10:29:00,1.0527237226581285
2026-05-03 10:30:00,0.8254602042337814
2026-05-03 10:31:00,0.21767727432651052
2026-05-03 10:32:00,2.8727812395646595
2026-05-03 10:33:00,4.184991142523881
2026-05-03 10:34:00,0.16331691734949233
2026-05-03 10:35:00,3.7486178461579245
2026-05-03 10:36:00,0.0
2026-05-03 10:37:00,0.23717596557525977
2026-05-03 10:38:00,4.125639142256553
2026-05-03 10:39:00,4.077498065037461
2026-05-03 10:40:00,2.7865900001098276
2026-05-03 10:41:00,0.0
2026-05-03 10:42:00,1.154003447954414
2026-05-03 10:43:00,2.726546121730627
2026-05-03 10:44:00,1.8239457819864475
2026-05-03 10:45:00,3.888386840373691
2026-05-03 10:46:00,0.0
2026-05-03 10:47:00,1.5205369529716424
2026-05-03 10:48:00,1.1039726822499987
2026-05-03 10:49:00,0.9339384267888606
2026-05-03 10:50:00,3.4393062874317017
2026-05-03 10:51:00,3.561634049056291
2026-05-03 10:52:00,0.11562095572084052
2026-05-03 10:53:00,2.9461047364753785
2026-05-03 10:54:00,0.0
2026-05-03 10:55:00,1.7842734703581002
2026-05-03 10:56:00,2.4079155919346436
2026-05-03 10:57:00,2.6691844337444413
2026-05-03 10:58:00,0.30700255224061324
2026-05-03 10:59:00,3.1087314991879396
2026-05-03 11:00:00,1.6141191222065265
2026-05-03 11:01:00,0.0
2026-05-03 11:02:00,0.6039854197970509
2026-05-03 11:03:00,0.7925398899127335
2026-05-03 11:04:00,2.4993835985701343
2026-05-03 11:05:00,3.736336383880311
2026-05-03 11:06:00,1.16703095838778
2026-05-03 11:07:00,4.189928784397927
2026-05-03 11:08:00,1.0157767926379886
2026-05-03 11:09:00,2.1070735223841357
2026-05-03 11:10:00,1.2013054737649727
2026-05-03 11:11:00,1.9175066055129948
2026-05-03 11:12:00,2.6133905540266644
2026-05-03 11:13:00,1.8964070549084422
2026-05-03 11:14:00,2.211096822278743
2026-05-03 11:15:00,0.5651467869488933
2026-05-03 11:16:00,1.8355502616327404
2026-05-03 11:17:00,2.6873560432736054
2026-05-03 11:18:00,0.5106845794625512
2026-05-03 11:19:00,1.3445242436141256
2026-05-03 11:20:00,0.3627477295767707
2026-05-03 11:21:00,3.2951114516878652
2026-05-03 11:22:00,0.3800151152431794
2026-05-03 11:23:00,0.0
2026-05-03 11:24:00,4.000572082020185
2026-05-03 11:25:00,2.0046431739626263
2026-05-03 11:26:00,3.9223102398650225
2026-05-03 11:27:00,1.7275286019432965
2026-05-03 11:28:00,1.222459157538439
2026-05-03 11:29:00,2.5037389224546183
2026-05-03 11:30:00,1.8071179925870542
2026-05-03 11:31:00,0.05286386016996747
2026-05-03 11:32:00,0.46641574984847145
2026-05-03 11:33:00,3.340430286462434
2026-05-03 11:34:00,3.4540531272255612
2026-05-03 11:35:00,4.16336041925342
2026-05-03 11:36:00,1.3637291782888794
2026-05-03 11:37:00,2.556835037204788
2026-05-03 11:38:00,3.107923801369598
2026-05-03 11:39:00,2.784613286201458
2026-05-03 11:40:00,1.002604662087027
2026-05-03 11:41:00,3.4131078175940983
2026-05-03 11:42:00,1.3127196219450687
2026-05-03 11:43:00,1.1202250909981384
2026-05-03 11:44:00,2.163361473598078
2026-05-03 11:45:00,2.534773029836094
2026-05-03 11:46:00,0.026792535732610867
2026-05-03 11:47:00,0.9596208818182996
2026-05-03 11:48:00,4.29283818598719
2026-05-03 11:49:00,0.8714735700194303
2026-05-03 11:50:00,0.6667121896796874
2026-05-03 11:51:00,0.643248625341023
2026-05-03 11:52:00,0.977583619947698
2026-05-03 11:53:00,4.222950256632699
2026-05-03 11:54:00,2.7649153059367144
2026-05-03 11:55:00,1.9268900899302186
2026-05-03 11:56:00,2.6521323281086397
2026-05-03 11:57:00,1.8404771280058583
2026-05-03 11:58:00,0.37845649286155425
2026-05-03 11:59:00,1.2768216753946473
2026-05-03 12:00:00,2.1114496958119786
2026-05-03 12:01:00,2.340700971589164
2026-05-03 12:02:00,2.300561288740978
2026-05-03 12:03:00,3.114775825390617
2026-05-03 12:04:00,2.2705953854654695
2026-05-03 12:05:00,1.182734647517174
2026-05-03 12:06:00,1.5250752936666458
2026-05-03 12:07:00,2.483561013043668
2026-05-03 12:08:00,1.307304732587932
2026-05-03 12:09:00,2.9364644036774985
2026-05-03 12:10:00,3.22900623601377
2026-05-03 12:11:00,0.7771706598748994
2026-05-03 12:12:00,3.3347713843456352
2026-05-03 12:13:00,2.5022736264402954
2026-05-03 12:14:00,1.3797002958415197
2026-05-03 12:15:00,0.6146831452832179
2026-05-03 12:16:00,1.6430444792039225
2026-05-03 12:17:00,3.032385537462032
2026-05-03 12:18:00,1.8990958965255909
2026-05-03 12:19:00,2.312621743690633
2026-05-03 12:20:00,1.7832275230316967
2026-05-03 12:21:00,0.8434883255726869
2026-05-03 12:22:00,3.766679508462624
2026-05-03 12:23:00,4.143228239867846
2026-05-03 12:24:00,3.553270603960641
2026-05-03 12:25:00,0.6174526293124908
2026-05-03 12:26:00,2.948734781820738
2026-05-03 12:27:00,3.255095668857886
2026-05-03 12:28:00,0.16273021571009738
2026-05-03 12:29:00,1.5344974496442016
2026-05-03 12:30:00,0.45440148780205813
2026-05-03 12:31:00,1.7208886318728671
2026-05-03 12:32:00,0.5264038587045913
2026-05-03 12:33:00,0.18836222546615294
2026-05-03 12:34:00,2.906313926549684
2026-05-03 12:35:00,1.282138030872706
2026-05-03 12:36:00,3.887131007470473
2026-05-03 12:37:00,3.990311792758316
2026-05-03 12:38:00,3.253503387707513
2026-05-03 12:39:00,1.377374509462327
2026-05-03 12:40:00,2.635940523232665
2026-05-03 12:41:00,4.066249363502738
2026-05-03 12:42:00,2.757611160253074
2026-05-03 12:43:00,0.4010114507335085
2026-05-03 12:44:00,3.703083899977556
2026-05-03 12:45:00,1.6618599697021517
2026-05-03 12:46:00,0.5476129444569705
2026-05-03 12:47:00,0.0
2026-05-03 12:48:00,3.7941706821858947
2026-05-03 12:49:00,0.0
2026-05-03 12:50:00,0.7868235658301314
2026-05-03 12:51:00,2.227552588642972
2026-05-03 12:52:00,3.912265268306732
2026-05-03 12:53:00,1.6610217800919846
2026-05-03 12:54:00,1.2378398590143294
2026-05-03 12:55:00,0.27980983305364654
2026-05-03 12:56:00,2.375465542350022
2026-05-03 12:57:00,4.006236591897748
2026-05-03 12:58:00,1.5312487047828514
2026-05-03 12:59:00,2.7280154020149125
2026-05-03 13:00:00,2.0862224631533732
2026-05-03 13:01:00,2.2915041553023676
2026-05-03 13:02:00,0.6394583689212401
2026-05-03 13:03:00,0.04191184211977361
2026-05-03 13:04:00,3.0329336952147345
2026-05-03 13:05:00,3.996584977176058
2026-05-03 13:06:00,0.4171240437411714
2026-05-03 13:07:00,0.3581563994005575
2026-05-03 13:08:00,4.169457687627013
2026-05-03 13:09:00,0.9183791795411003
2026-05-03 13:10:00,2.728134497628547
2026-05-03 13:11:00,0.43232942138659086
2026-05-03 13:12:00,1.5700369839319475
2026-05-03 13:13:00,0.8212976587269574
2026-05-03 13:14:00,3.163948081180179
2026-05-03 13:15:00,2.1396694665638756
2026-05-03 13:16:00,2.8644476846489906
2026-05-03 13:17:00,4.032386037211127
2026-05-03 13:18:00,2.6058896842044157
2026-05-03 13:19:00,2.39171168701034
2026-05-03 13:20:00,3.5187356935495924
2026-05-03 13:21:00,2.9183268613208413
2026-05-03 13:22:00,4.119893901658888
2026-05-03 13:23:00,3.285451339872373
2026-05-03 13:24:00,0.42288749559436234
2026-05-03 13:25:00,2.0938923622626158
2026-05-03 13:26:00,1.5188031939629432
2026-05-03 13:27:00,0.0
2026-05-03 13:28:00,0.23809059707031638
2026-05-03 13:29:00,3.6541374545366248
2026-05-03 13:30:00,2.96230346690348
2026-05-03 13:31:00,3.287458016887773
2026-05-03 13:32:00,0.27100088384080895
2026-05-03 13:33:00,0.9532400354929425
2026-05-03 13:34:00,0.9837400721359465
2026-05-03 13:35:00,1.9285240550802487
2026-05-03 13:36:00,0.6465414612964575
2026-05-03 13:37:00,1.7917896954467527
2026-05-03 13:38:00,2.867467865037281
2026-05-03 13:39:00,3.661237312272825
2026-05-03 13:40:00,0.02471056894959811
2026-05-03 13:41:00,1.2811152197561677
2026-05-03 13:42:00,1.3660793908157687
2026-05-03 13:43:00,0.3992219744971516
2026-05-03 13:44:00,1.2715828421170021
2026-05-03 13:45:00,4.263357621213151
2026-05-03 13:46:00,4.121831202646689
2026-05-03 13:47:00,3.102366093514381
2026-05-03 13:48:00,2.923914510203248
2026-05-03 13:49:00,0.7892599398975448
2026-05-03 13:50:00,0.3295957042695643
2026-05-03 13:51:00,0.5354555612813618
2026-05-03 13:52:00,3.1193862815036266
2026-05-03 13:53:00,3.8249246072398138
2026-05-03 13:54:00,3.722794849473687
2026-05-03 13:55:00,0.41391121579682044
2026-05-03 13:56:00,1.8597775391711315
2026-05-03 13:57:00,2.786929259452761
2026-05-03 13:58:00,0.13317658967729168
2026-05-03 13:59:00,2.125919603281535
2026-05-03 14:00:00,4.021603896522127
2026-05-03 14:01:00,2.910792589959583
2026-05-03 14:02:00,1.8961389729396814
2026-05-03 14:03:00,0.7270795974694139
2026-05-03 14:04:00,1.693997104058183
2026-05-03 14:05:00,4.099046901512123
2026-05-03 14:06:00,3.7198401052150225
2026-05-03 14:07:00,2.7828448549806826
2026-05-03 14:08:00,0.0
2026-05-03 14:09:00,3.9380414008240945
2026-05-03 14:10:00,0.4083656313734342
2026-05-03 14:11:00,0.007577541372727481
2026-05-03 14:12:00,3.1051875991419604
2026-05-03 14:13:00,0.45946403738959923
2026-05-03 14:14:00,2.629480220811635
2026-05-03 14:15:00,2.9535584039331773
2026-05-03 14:16:00,4.0318729964775635
2026-05-03 14:17:00,3.889682565927606
2026-05-03 14:18:00,2.411350114871374
2026-05-03 14:19:00,3.880297743025244
2026-05-03 14:20:00,3.762661963360286
2026-05-03 14:21:00,2.5279014495685663
2026-05-03 14:22:00,0.3608789736520537
2026-05-03 14:23:00,1.599089216429956
2026-05-03 14:24:00,2.4726890005860134
2026-05-03 14:25:00,1.1837041560742794
2026-05-03 14:26:00,0.3202026433725896
2026-05-03 14:27:00,0.6273117433780399
2026-05-03 14:28:00,3.1518657951673488
2026-05-03 14:29:00,0.0
2026-05-03 14:30:00,0.1603970485723355
2026-05-03 14:31:00,2.5474441902531213
2026-05-03 14:32:00,1.3638867526605387
2026-05-03 14:33:00,0.30364200883306836
2026-05-03 14:34:00,1.614038160234707
2026-05-03 14:35:00,0.9121934878945119
2026-05-03 14:36:00,1.464464271774567
2026-05-03 14:37:00,0.5001587498666742
2026-05-03 14:38:00,0.0
2026-05-03 14:39:00,3.5503609765424096
2026-05-03 14:40:00,2.0599158133380198
2026-05-03 14:41:00,2.3567244313842908
2026-05-03 14:42:00,3.616403727469805
2026-05-03 14:43:00,0.4697946481677858
2026-05-03 14:44:00,1.865688977160766
2026-05-03 14:45:00,2.75447797711567
2026-05-03 14:46:00,3.679847968658763
2026-05-03 14:47:00,3.5489108212820244
2026-05-03 14:48:00,0.41628248176774135
2026-05-03 14:49:00,0.7360653958648782
2026-05-03 14:50:00,0.8247543090283421
2026-05-03 14:51:00,3.6201340581567205
2026-05-03 14:52:00,4.007851874373847
2026-05-03 14:53:00,0.0
2026-05-03 14:54:00,4.176248424423586
2026-05-03 14:55:00,1.8892935338918746
2026-05-03 14:56:00,2.1849185147332872
2026-05-03 14:57:00,0.9180717958850415
2026-05-03 14:58:00,1.9197306030594303
2026-05-03 14:59:00,0.5270157526810177
2026-05-03 15:00:00,1.1910357565924383
2026-05-03 15:01:00,2.059687845501517
2026-05-03 15:02:00,0.8289404195342267
2026-05-03 15:03:00,0.09112218592340038
2026-05-03 15:04:00,3.4601304403908224
2026-05-03 15:05:00,3.862772311277253
2026-05-03 15:06:00,0.7173254135478089
2026-05-03 15:07:00,4.088397202371105
2026-05-03 15:08:00,2.9557289741696335
2026-05-03 15:09:00,2.592183518486326
2026-05-03 15:10:00,2.7270414769716353
2026-05-03 15:11:00,1.3585740354450735
2026-05-03 15:12:00,1.6028872220745707
2026-05-03 15:13:00,3.24479167823884
2026-05-03 15:14:00,2.2605142493770742
2026-05-03 15:15:00,3.6837258733774534
2026-05-03 15:16:00,1.5894815612560382
2026-05-03 15:17:00,0.03667556427830421
2026-05-03 15:18:00,4.036977442162768
2026-05-03 15:19:00,1.5652240771617976
2026-05-03 15:20:00,0.1267607585700995
2026-05-03 15:21:00,1.3230813568663797
2026-05-03 15:22:00,1.5132651779125792
2026-05-03 15:23:00,1.686666285507144
2026-05-03 15:24:00,0.4678759386971661
2026-05-03 15:25:00,2.053218329237139
2026-05-03 15:26:00,1.3517371176964268
2026-05-03 15:27:00,3.5839751070736248
2026-05-03 15:28:00,0.0
2026-05-03 15:29:00,0.9623908693342907
2026-05-03 15:30:00,0.4454286311506392
2026-05-03 15:31:00,1.6305407123453755
2026-05-03 15:32:00,3.9987707889274366
2026-05-03 15:33:00,2.6189299570812707
2026-05-03 15:34:00,2.631797388035842
2026-05-03 15:35:00,1.9511289563870406
2026-05-03 15:36:00,3.2914561833438882
2026-05-03 15:37:00,2.7753735602902134
2026-05-03 15:38:00,1.8980781919516763
2026-05-03 15:39:00,0.3648928669366949
2026-05-03 15:40:00,0.2927874706784848
2026-05-03 15:41:00,1.2312555716429132
2026-05-03 15:42:00,2.280582930454307
2026-05-03 15:43:00,0.6822818270874352
2026-05-03 15:44:00,0.5391075927613471
2026-05-03 15:45:00,3.59055509983749
2026-05-03 15:46:00,0.10028088216220543
2026-05-03 15:47:00,2.7076168313770035
2026-05-03 15:48:00,1.2211079335155564
2026-05-03 15:49:00,2.074060830584801
2026-05-03 15:50:00,0.2488644976871464
2026-05-03 15:51:00,4.073709520077047
2026-05-03 15:52:00,1.1087659996833918
2026-05-03 15:53:00,0.0
2026-05-03 15:54:00,2.1062528017485174
2026-05-03 15:55:00,1.170982119818773
2026-05-03 15:56:00,1.7178927270863436
2026-05-03 15:57:00,2.0502286876154217
2026-05-03 15:58:00,0.24440478546600225
2026-05-03 15:59:00,0.0
2026-05-03 16:00:00,2.6122573312270454
2026-05-03 16:01:00,4.18592934164546
2026-05-03 16:02:00,1.6246961911137696
2026-05-03 16:03:00,2.085114614616675
2026-05-03 16:04:00,2.7298845936906373
2026-05-03 16:05:00,0.1244672636471239
2026-05-03 16:06:00,0.042785051358050885
2026-05-03 16:07:00,3.8793454728873686
2026-05-03 16:08:00,2.9802465431893586
2026-05-03 16:09:00,0.7394138192220593
2026-05-03 16:10:00,1.6214374521875963
2026-05-03 16:11:00,0.47887686036250865
2026-05-03 16:12:00,0.5407797257865514
2026-05-03 16:13:00,3.3445460245530136
2026-05-03 16:14:00,1.3292737353271011
2026-05-03 16:15:00,0.0
2026-05-03 16:16:00,2.1810160606020172
2026-05-03 16:17:00,0.6271551504065009
2026-05-03 16:18:00,3.1819810325071503
2026-05-03 16:19:00,3.5992625645773684
2026-05-03 16:20:00,1.480718920719427
2026-05-03 16:21:00,0.8580264602189122
2026-05-03 16:22:00,0.8317522588428683
2026-05-03 16:23:00,2.2108977584266807
2026-05-03 16:24:00,2.060579573369788
2026-05-03 16:25:00,0.16092209585468997
2026-05-03 16:26:00,0.22104853989023943
2026-05-03 16:27:00,2.895902557770521
2026-05-03 16:28:00,0.23375207920704894
2026-05-03 16:29:00,1.2429393862246276
2026-05-03 16:30:00,1.1230876018664142
2026-05-03 16:31:00,3.3015733611554503
2026-05-03 16:32:00,3.3192501243125703
2026-05-03 16:33:00,2.968773860186659
2026-05-03 16:34:00,0.2815600983327308
2026-05-03 16:35:00,2.278291431721003
2026-05-03 16:36:00,0.45645324388676745
2026-05-03 16:37:00,1.500483785224818
2026-05-03 16:38:00,2.4120110843209877
2026-05-03 16:39:00,3.380560177125798
2026-05-03 16:40:00,2.0828124125472343
2026-05-03 16:41:00,3.1349844627092813
2026-05-03 16:42:00,3.355876147104777
2026-05-03 16:43:00,1.2661150381413202
2026-05-03 16:44:00,3.514351393269978
2026-05-03 16:45:00,0.0
2026-05-03 16:46:00,2.2419273277367084
2026-05-03 16:47:00,0.8352951723100814
2026-05-03 16:48:00,3.7568180451398363
2026-05-03 16:49:00,3.242751528231665
2026-05-03 16:50:00,1.5033850489359422
2026-05-03 16:51:00,0.4021319399733444
2026-05-03 16:52:00,1.9032295960068129
2026-05-03 16:53:00,0.6764235569367291
2026-05-03 16:54:00,0.7322721782365895
2026-05-03 16:55:00,4.223225557814394
2026-05-03 16:56:00,2.1798505175822465
2026-05-03 16:57:00,4.102204558152455
2026-05-03 16:58:00,1.175655960025292
2026-05-03 16:59:00,0.299708090264212
2026-05-03 17:00:00,0.8921691849521785
2026-05-03 17:01:00,0.0
2026-05-03 17:02:00,3.153752762672707
2026-05-03 17:03:00,4.028938575143416
2026-05-03 17:04:00,3.8285444707740615
2026-05-03 17:05:00,0.15283721405869866
2026-05-03 17:06:00,1.6424985649290407
2026-05-03 17:07:00,0.311075804127492
2026-05-03 17:08:00,3.5252803669419372
2026-05-03 17:09:00,3.7277854423681958
2026-05-03 17:10:00,4.028781140155988
2026-05-03 17:11:00,0.5332304219996292
2026-05-03 17:12:00,3.4287916334219326
2026-05-03 17:13:00,1.9225769220476976
2026-05-03 17:14:00,3.1808491019042515
2026-05-03 17:15:00,1.084688102465504
2026-05-03 17:16:00,0.0
2026-05-03 17:17:00,1.6439422101324572
2026-05-03 17:18:00,1.8354627449444816
2026-05-03 17:19:00,2.5676441303903363
2026-05-03 17:20:00,0.18326497169004863
2026-05-03 17:21:00,0.284989008442242
2026-05-03 17:22:00,1.686724515801182
2026-05-03 17:23:00,0.0
2026-05-03 17:24:00,2.5237931885826854
2026-05-03 17:25:00,0.0
2026-05-03 17:26:00,0.35504937903129574
2026-05-03 17:27:00,0.4989236986242206
2026-05-03 17:28:00,2.161880389478629
2026-05-03 17:29:00,3.514383472577638
2026-05-03 17:30:00,1.8586557250931104
2026-05-03 17:31:00,0.5049484918745709
2026-05-03 17:32:00,3.3884562357176757
2026-05-03 17:33:00,4.161247768122126
2026-05-03 17:34:00,1.8567501195624057
2026-05-03 17:35:00,3.7255144866925978
2026-05-03 17:36:00,0.9121037771037158
2026-05-03 17:37:00,3.6871141286020017
2026-05-03 17:38:00,3.8563187801882917
2026-05-03 17:39:00,0.591580371856429
2026-05-03 17:40:00,2.814782349878276
2026-05-03 17:41:00,1.3389869512521102
2026-05-03 17:42:00,0.0
2026-05-03 17:43:00,2.6940365393770724
2026-05-03 17:44:00,3.161321417903271
2026-05-03 17:45:00,1.487703947975502
2026-05-03 17:46:00,2.7978475718369173
2026-05-03 17:47:00,2.399534947739763
2026-05-03 17:48:00,3.808694189563022
2026-05-03 17:49:00,0.6963747433120439
2026-05-03 17:50:00,3.2759852916415504
2026-05-03 17:51:00,0.27453888669754806
2026-05-03 17:52:00,0.47512274430165696
2026-05-03 17:53:00,0.46771980768255483
2026-05-03 17:54:00,3.0965525566739656
2026-05-03 17:55:00,0.0
2026-05-03 17:56:00,0.2704942278262603
2026-05-03 17:57:00,2.901294268608433
2026-05-03 17:58:00,0.9283586761080813
2026-05-03 17:59:00,0.26089967962378696
2026-05-03 18:00:00,2.440036811440297
2026-05-03 18:01:00,2.9284242918594163
2026-05-03 18:02:00,2.9034761558573443
2026-05-03 18:03:00,3.8951891753622814
2026-05-03 18:04:00,0.1860398397481567
2026-05-03 18:05:00,3.8576301530551795
2026-05-03 18:06:00,4.08693805210174
2026-05-03 18:07:00,1.8215151328975467
2026-05-03 18:08:00,1.0141990062008148
2026-05-03 18:09:00,3.059896713731023
2026-05-03 18:10:00,2.038363966775862
2026-05-03 18:11:00,0.11793236754567749
2026-05-03 18:12:00,2.9148203900104743
2026-05-03 18:13:00,1.3377172174066636
2026-05-03 18:14:00,3.1343771624462704
2026-05-03 18:15:00,1.106937200466298
2026-05-03 18:16:00,1.6840923576633
2026-05-03 18:17:00,3.7003563670347264
2026-05-03 18:18:00,3.5245829117910468
2026-05-03 18:19:00,3.647396628127526
2026-05-03 18:20:00,4.077291736497367
2026-05-03 18:21:00,1.7723366101245097
2026-05-03 18:22:00,2.6448246704880747
2026-05-03 18:23:00,1.9924649155278769
2026-05-03 18:24:00,0.6589440657887797
2026-05-03 18:25:00,1.9985090468325641
2026-05-03 18:26:00,3.123340785762623
2026-05-03 18:27:00,0.0
2026-05-03 18:28:00,2.1310379425952557
2026-05-03 18:29:00,1.274225562518815
2026-05-03 18:30:00,2.662913407422535
2026-05-03 18:31:00,0.19679660779012587
2026-05-03 18:32:00,0.0
2026-05-03 18:33:00,0.8604093865439535
2026-05-03 18:34:00,0.0
2026-05-03 18:35:00,2.976037817305643
2026-05-03 18:36:00,3.717774468271172
2026-05-03 18:37:00,2.08546723095331
2026-05-03 18:38:00,0.1493942186001589
2026-05-03 18:39:00,1.9798587269506773
2026-05-03 18:40:00,0.6216713294195931
2026-05-03 18:41:00,2.946790506096487
2026-05-03 18:42:00,2.8223146823594747
2026-05-03 18:43:00,3.2047634772923552
2026-05-03 18:44:00,3.7595905642162273
2026-05-03 18:45:00,2.5186850078231853
2026-05-03 18:46:00,2.2383023037588887
2026-05-03 18:47:00,2.940820639495856
2026-05-03 18:48:00,0.4459380444164139
2026-05-03 18:49:00,3.223571893774905
2026-05-03 18:50:00,4.0598646169215105
2026-05-03 18:51:00,2.6370350957251234
2026-05-03 18:52:00,1.186070464058503
2026-05-03 18:53:00,0.6670153537057815
2026-05-03 18:54:00,4.0163713968975765
2026-05-03 18:55:00,1.7272002398349027
2026-05-03 18:56:00,3.3209741434987836
2026-05-03 18:57:00,0.0
2026-05-03 18:58:00,2.575558724215698
2026-05-03 18:59:00,3.898999477711916
2026-05-03 19:00:00,3.094190393760317
2026-05-03 19:01:00,2.414014773939302
2026-05-03 19:02:00,2.1195200883473686
2026-05-03 19:03:00,0.27533614996210176
2026-05-03 19:04:00,2.808440232181615
2026-05-03 19:05:00,0.0
2026-05-03 19:06:00,0.0
2026-05-03 19:07:00,0.9180975781609605
2026-05-03 19:08:00,0.07802017371984082
2026-05-03 19:09:00,0.0
2026-05-03 19:10:00,0.45202871603323697
2026-05-03 19:11:00,0.0
2026-05-03 19:12:00,0.0
2026-05-03 19:13:00,1.1138940708356992
2026-05-03 19:14:00,2.0786820992910955
2026-05-03 19:15:00,1.9556620155013058
2026-05-03 19:16:00,3.642542560254379
2026-05-03 19:17:00,3.6001876974550107
2026-05-03 19:18:00,0.0
2026-05-03 19:19:00,2.820478905379955
2026-05-03 19:20:00,2.7712261730625256
2026-05-03 19:21:00,3.754740551106211
2026-05-03 19:22:00,1.091339211950009
2026-05-03 19:23:00,2.1591857731231103
2026-05-03 19:24:00,1.6204579554669447
2026-05-03 19:25:00,2.681228016029336
2026-05-03 19:26:00,2.0907371135885944
2026-05-03 19:27:00,3.609625268769728
2026-05-03 19:28:00,0.6090398455608838
2026-05-03 19:29:00,2.587267429790518
2026-05-03 19:30:00,2.0763246242776185
2026-05-03 19:31:00,3.944964922803461
2026-05-03 19:32:00,3.014088385423052
2026-05-03 19:33:00,0.4099625081644034
2026-05-03 19:34:00,2.8068726548059972
2026-05-03 19:35:00,0.35585193958600936
2026-05-03 19:36:00,0.13157052052239637
2026-05-03 19:37:00,0.6856138029812169
2026-05-03 19:38:00,2.7484412579699655
2026-05-03 19:39:00,1.9773607078120405
2026-05-03 19:40:00,1.505490284530846
2026-05-03 19:41:00,3.759082021955614
2026-05-03 19:42:00,1.4694393658638154
2026-05-03 19:43:00,3.029477023428366
2026-05-03 19:44:00,0.9545648813009198
2026-05-03 19:45:00,2.1259705821633172
2026-05-03 19:46:00,0.9985453750460488
2026-05-03 19:47:00,4.2492865432369555
2026-05-03 19:48:00,2.5630958938339647
2026-05-03 19:49:00,2.0348648038107813
2026-05-03 19:50:00,1.3817839485160395
2026-05-03 19:51:00,3.2792785451613216
2026-05-03 19:52:00,2.555217050694446
2026-05-03 19:53:00,2.9479750444586132
2026-05-03 19:54:00,0.12729690244711256
2026-05-03 19:55:00,0.4455556447672666
2026-05-03 19:56:00,0.8903495709593895
2026-05-03 19:57:00,2.068626584842179
2026-05-03 19:58:00,2.7264810863465363
2026-05-03 19:59:00,3.9750991124317174
2026-05-03 20:00:00,2.9729422406148367
2026-05-03 20:01:00,1.3966959536788233
2026-05-03 20:02:00,1.5403770937706796
2026-05-03 20:03:00,1.4551430995252086
2026-05-03 20:04:00,1.8201937881653674
2026-05-03 20:05:00,0.7213337798218038
2026-05-03 20:06:00,0.7696944933139033
2026-05-03 20:07:00,0.0
2026-05-03 20:08:00,1.414436289802292
2026-05-03 20:09:00,1.8303656201067104
2026-05-03 20:10:00,1.9066333527604429
2026-05-03 20:11:00,1.3722461784225217
2026-05-03 20:12:00,1.6668733137625549
2026-05-03 20:13:00,2.551999126945727
2026-05-03 20:14:00,0.12585708860823153
2026-05-03 20:15:00,0.7813877324495433
2026-05-03 20:16:00,0.9457247048087238
2026-05-03 20:17:00,4.331025683417236
2026-05-03 20:18:00,0.0
2026-05-03 20:19:00,3.822593941094846
2026-05-03 20:20:00,3.26941057062809
2026-05-03 20:21:00,1.892588587512709
2026-05-03 20:22:00,3.674183611937864
2026-05-03 20:23:00,3.098933522206155
2026-05-03 20:24:00,4.0646393589297976
2026-05-03 20:25:00,2.764315465776401
2026-05-03 20:26:00,0.686485458873435
2026-05-03 20:27:00,0.0
2026-05-03 20:28:00,0.40134178017885425
2026-05-03 20:29:00,0.4102251493640651
2026-05-03 20:30:00,1.6204651591839165
2026-05-03 20:31:00,0.37901086943279766
2026-05-03 20:32:00,0.0
2026-05-03 20:33:00,3.443477834273604
2026-05-03 20:34:00,0.4504365524861027
2026-05-03 20:35:00,0.0
2026-05-03 20:36:00,0.6971470002659451
2026-05-03 20:37:00,2.2828861597551846
2026-05-03 20:38:00,1.597301088959366
2026-05-03 20:39:00,0.0
2026-05-03 20:40:00,0.0
2026-05-03 20:41:00,2.546704259442924
2026-05-03 20:42:00,0.5307423770262159
2026-05-03 20:43:00,3.123427539302555
2026-05-03 20:44:00,0.0
2026-05-03 20:45:00,0.0
2026-05-03 20:46:00,2.197283872269216
2026-05-03 20:47:00,1.3600644500749866
2026-05-03 20:48:00,1.6222147674384102
2026-05-03 20:49:00,0.4312788657670727
2026-05-03 20:50:00,2.524748527386468
2026-05-03 20:51:00,1.7632647188860884
2026-05-03 20:52:00,1.4106391087540042
2026-05-03 20:53:00,3.5805127818883182
2026-05-03 20:54:00,3.715948128767275
2026-05-03 20:55:00,2.46656115809424
2026-05-03 20:56:00,3.130752227580775
2026-05-03 20:57:00,3.565514208016253
2026-05-03 20:58:00,2.114341440801918
2026-05-03 20:59:00,0.3926118067852411
2026-05-03 21:00:00,3.1807925088921127
2026-05-03 21:01:00,2.019725896482237
2026-05-03 21:02:00,0.37344062555352975
2026-05-03 21:03:00,0.2817744170810102
2026-05-03 21:04:00,0.45183153292420175
2026-05-03 21:05:00,1.263760125027807
2026-05-03 21:06:00,2.454317075577086
2026-05-03 21:07:00,0.6887037321109138
2026-05-03 21:08:00,0.8078539638403451
2026-05-03 21:09:00,3.5519636663979557
2026-05-03 21:10:00,2.142677099991798
2026-05-03 21:11:00,3.7839872492560445
2026-05-03 21:12:00,1.9310012347806116
2026-05-03 21:13:00,0.11040311536227787
2026-05-03 21:14:00,2.782324850253116
2026-05-03 21:15:00,4.141413886484699
2026-05-03 21:16:00,3.5383335295506977
2026-05-03 21:17:00,1.9236368053809738
2026-05-03 21:18:00,0.07147135027227558
2026-05-03 21:19:00,1.8048414404717452
2026-05-03 21:20:00,1.886030556192567
2026-05-03 21:21:00,2.910788940386454
2026-05-03 21:22:00,0.10185042139719158
2026-05-03 21:23:00,1.7098850396958098
2026-05-03 21:24:00,4.132331226160944
2026-05-03 21:25:00,1.211382417219082
2026-05-03 21:26:00,3.6272808280968665
2026-05-03 21:27:00,2.173973077638666
2026-05-03 21:28:00,1.763565584629066
2026-05-03 21:29:00,0.0
2026-05-03 21:30:00,1.3639616851104432
2026-05-03 21:31:00,1.5754752417011193
2026-05-03 21:32:00,3.3355240618162405
2026-05-03 21:33:00,0.739151264018595
2026-05-03 21:34:00,0.7338992550234102
2026-05-03 21:35:00,2.619844991369657
2026-05-03 21:36:00,3.7533637379184546
2026-05-03 21:37:00,0.9148214643171361
2026-05-03 21:38:00,3.5345759112620256
2026-05-03 21:39:00,1.913501465909106
2026-05-03 21:40:00,3.4307773209608614
2026-05-03 21:41:00,2.80451263115318
2026-05-03 21:42:00,3.7781324967222734
2026-05-03 21:43:00,3.342952974669868
2026-05-03 21:44:00,2.084168836384333
2026-05-03 21:45:00,1.8629910475943277
2026-05-03 21:46:00,4.01576060507376
2026-05-03 21:47:00,3.247146246967584
2026-05-03 21:48:00,2.259958839648278
2026-05-03 21:49:00,2.259903161882334
2026-05-03 21:50:00,3.861419628140788
2026-05-03 21:51:00,1.5512882616720527
2026-05-03 21:52:00,1.5900033362134098
2026-05-03 21:53:00,3.555764171548022
2026-05-03 21:54:00,1.2230605044942406
2026-05-03 21:55:00,3.45373126195013
2026-05-03 21:56:00,2.474929229748444
2026-05-03 21:57:00,2.3383544824752955
2026-05-03 21:58:00,0.8486332926934371
2026-05-03 21:59:00,2.5384900263349923
2026-05-03 22:00:00,2.2820498997010197
2026-05-03 22:01:00,3.8747648322127453
2026-05-03 22:02:00,2.0202285234564954
2026-05-03 22:03:00,1.6548255815378106
2026-05-03 22:04:00,2.1069552203395756
2026-05-03 22:05:00,0.024300730136493143
2026-05-03 22:06:00,0.0
2026-05-03 22:07:00,0.5748943058869836
2026-05-03 22:08:00,0.1947180456066221
2026-05-03 22:09:00,2.4330052450639674
2026-05-03 22:10:00,4.070538334745287
2026-05-03 22:11:00,0.5979245117167866
2026-05-03 22:12:00,2.01148388821089
2026-05-03 22:13:00,0.33725532989605556
2026-05-03 22:14:00,2.059487903260525
2026-05-03 22:15:00,4.035032718702103
2026-05-03 22:16:00,1.6192722455491397
2026-05-03 22:17:00,0.0
2026-05-03 22:18:00,1.568745568845602
2026-05-03 22:19:00,0.0
2026-05-03 22:20:00,2.713713637426293
2026-05-03 22:21:00,2.7385827226401966
2026-05-03 22:22:00,0.44370999143512124
2026-05-03 22:23:00,1.4498191466104489
2026-05-03 22:24:00,0.819326524439707
2026-05-03 22:25:00,1.8822254977700266
2026-05-03 22:26:00,1.2315568932598384
2026-05-03 22:27:00,1.9913138274653979
2026-05-03 22:28:00,2.824225552301549
2026-05-03 22:29:00,0.04037378083372023
2026-05-03 22:30:00,0.6818168368863022
2026-05-03 22:31:00,3.0245619645918103
2026-05-03 22:32:00,0.0
2026-05-03 22:33:00,0.8449279151061486
2026-05-03 22:34:00,0.607755854664805
2026-05-03 22:35:00,2.240833093820496
2026-05-03 22:36:00,0.6440327488630779
2026-05-03 22:37:00,3.7478094426258206
2026-05-03 22:38:00,0.05929823465038053
2026-05-03 22:39:00,2.393121111927905
2026-05-03 22:40:00,2.6619870232736424
2026-05-03 22:41:00,3.6111795246068152
2026-05-03 22:42:00,4.155213186274029
2026-05-03 22:43:00,2.872202429780958
2026-05-03 22:44:00,0.3242311667240909
2026-05-03 22:45:00,1.6799351717025681
2026-05-03 22:46:00,3.686116637095587
2026-05-03 22:47:00,1.022058688837512
2026-05-03 22:48:00,0.0
2026-05-03 22:49:00,2.947719351453828
2026-05-03 22:50:00,0.40541747320185084
2026-05-03 22:51:00,0.008333785134867377
2026-05-03 22:52:00,2.1060684239388925
2026-05-03 22:53:00,1.2675381229214149
2026-05-03 22:54:00,0.010994910673309932
2026-05-03 22:55:00,0.0
2026-05-03 22:56:00,0.4083753117033399
2026-05-03 22:57:00,0.8652438617910825
2026-05-03 22:58:00,3.4389173574670107
2026-05-03 22:59:00,2.3428740626986597
2026-05-03 23:00:00,2.0061383190003403
2026-05-03 23:01:00,0.5397282870634823
2026-05-03 23:02:00,1.3258683466880652
2026-05-03 23:03:00,2.562561730693065
2026-05-03 23:04:00,2.0831066920745767
2026-05-03 23:05:00,0.6061561105617655
2026-05-03 23:06:00,1.6570044548154388
2026-05-03 23:07:00,3.4979545140852983
2026-05-03 23:08:00,2.326177607093299
2026-05-03 23:09:00,1.3480485351245117
2026-05-03 23:10:00,3.966513168179008
2026-05-03 23:11:00,1.9822272841819224
2026-05-03 23:12:00,3.5203780888164458
2026-05-03 23:13:00,0.8133833551894425
2026-05-03 23:14:00,1.7855036348521494
2026-05-03 23:15:00,0.24067143295446686
2026-05-03 23:16:00,2.1370386374495025
2026-05-03 23:17:00,3.269358338429262
2026-05-03 23:18:00,3.2145989298044007
2026-05-03 23:19:00,1.3578197926447755
2026-05-03 23:20:00,2.5313228007707624
2026-05-03 23:21:00,0.0
2026-05-03 23:22:00,1.690971320771224
2026-05-03 23:23:00,0.8303680078601794
2026-05-03 23:24:00,2.676871602968906
2026-05-03 23:25:00,2.958041373469063
2026-05-03 23:26:00,1.2412715652377782
2026-05-03 23:27:00,1.1843385676003728
2026-05-03 23:28:00,0.26475249767591347
2026-05-03 23:29:00,1.4273320363259874
2026-05-03 23:30:00,2.1862482910073613
2026-05-03 23:31:00,0.0
2026-05-03 23:32:00,0.11528984762854078
2026-05-03 23:33:00,1.7599093358810922
2026-05-03 23:34:00,2.0956992906842613
2026-05-03 23:35:00,3.9368392866495974
2026-05-03 23:36:00,0.31153252617374655
2026-05-03 23:37:00,4.0933065694518636
2026-05-03 23:38:00,3.1467809692595528
2026-05-03 23:39:00,0.11051103853755884
2026-05-03 23:40:00,3.8942364789462625
2026-05-03 23:41:00,0.6312925057516798
2026-05-03 23:42:00,1.1421248415907674
2026-05-03 23:43:00,2.4158562639069654
2026-05-03 23:44:00,1.90950585133847
2026-05-03 23:45:00,0.8337066607020609
2026-05-03 23:46:00,3.2360834814458483
2026-05-03 23:47:00,3.3060856462588357
2026-05-03 23:48:00,2.118878595895341
2026-05-03 23:49:00,0.0
2026-05-03 23:50:00,3.387522341866057
2026-05-03 23:51:00,3.019982957325109
2026-05-03 23:52:00,2.6435214850711275
2026-05-03 23:53:00,2.7658943141207395
2026-05-03 23:54:00,3.6298048675039793
2026-05-03 23:55:00,3.5226509715097234
2026-05-03 23:56:00,2.5865351565269705
2026-05-03 23:57:00,0.4133683670941737
2026-05-03 23:58:00,0.0
2026-05-03 23:59:00,2.376906193406775
2026-05-04 00:00:00,1.2747051503958025
2026-05-04 00:01:00,3.5019443649902633
2026-05-04 00:02:00,0.12504876253484604
2026-05-04 00:03:00,1.6377227862736214
2026-05-04 00:04:00,2.587952083747111
2026-05-04 00:05:00,2.202723899134312
2026-05-04 00:06:00,0.710587477077799
2026-05-04 00:07:00,1.4122161031716627
2026-05-04 00:08:00,0.0
2026-05-04 00:09:00,3.164854016635796
2026-05-04 00:10:00,3.8277614401740117
2026-05-04 00:11:00,3.3515419370711195
2026-05-04 00:12:00,0.7494213584167588
2026-05-04 00:13:00,2.6724725415266395
2026-05-04 00:14:00,1.9660335199377321
2026-05-04 00:15:00,0.0037332658604644076
2026-05-04 00:16:00,2.190912367932684
2026-05-04 00:17:00,3.8522045445100512
2026-05-04 00:18:00,0.19626961677093274
2026-05-04 00:19:00,2.9155180818485182
2026-05-04 00:20:00,1.7408930388667196
2026-05-04 00:21:00,2.517232675972934
2026-05-04 00:22:00,4.1221714186572616
2026-05-04 00:23:00,0.055975091700053325
2026-05-04 00:24:00,3.6372614581206264
2026-05-04 00:25:00,0.6134845378131489
2026-05-04 00:26:00,0.0
2026-05-04 00:27:00,3.0994385398314934
2026-05-04 00:28:00,3.988897482924307
2026-05-04 00:29:00,0.8537137421770016
2026-05-04 00:30:00,3.067430518282208
2026-05-04 00:31:00,3.565790955389928
2026-05-04 00:32:00,3.0947528021396695
2026-05-04 00:33:00,0.560874650779768
2026-05-04 00:34:00,1.689807972010799
2026-05-04 00:35:00,0.0
2026-05-04 00:36:00,1.7849243528522853
2026-05-04 00:37:00,0.7775729209492492
2026-05-04 00:38:00,2.211075304342419
2026-05-04 00:39:00,3.179942499574745
2026-05-04 00:40:00,0.6266285368751231
2026-05-04 00:41:00,2.542611596029529
2026-05-04 00:42:00,1.4351252767223501
2026-05-04 00:43:00,3.3487779630241996
2026-05-04 00:44:00,2.3293211273006165
2026-05-04 00:45:00,0.055565332658975564
2026-05-04 00:46:00,0.690576275559568
2026-05-04 00:47:00,0.7597952768692748
2026-05-04 00:48:00,3.3206861600500464
2026-05-04 00:49:00,3.3599375062246213
2026-05-04 00:50:00,1.3188536805104532
2026-05-04 00:51:00,1.6242803645370807
2026-05-04 00:52:00,0.26025862231679653
2026-05-04 00:53:00,4.174717512853758
2026-05-04 00:54:00,0.48706407210161806
2026-05-04 00:55:00,2.5914210415301238
2026-05-04 00:56:00,2.4551449997277057
2026-05-04 00:57:00,0.0
2026-05-04 00:58:00,3.1488861106472186
2026-05-04 00:59:00,3.446306566647314
2026-05-04 01:00:00,0.21153531877426457
2026-05-04 01:01:00,3.55951709553618
2026-05-04 01:02:00,3.633885820536479
2026-05-04 01:03:00,1.0267128392032085
2026-05-04 01:04:00,2.5519281505808094
2026-05-04 01:05:00,4.115502990911594
2026-05-04 01:06:00,1.3353055251542363
2026-05-04 01:07:00,1.4838399168664669
2026-05-04 01:08:00,3.8747119085679005
2026-05-04 01:09:00,2.413006101692792
2026-05-04 01:10:00,1.2711295560418376
2026-05-04 01:11:00,3.1629744244247644
2026-05-04 01:12:00,2.6780621363784385
2026-05-04 01:13:00,0.0
2026-05-04 01:14:00,2.5767630948737223
2026-05-04 01:15:00,0.07856146488435378
2026-05-04 01:16:00,0.32151518135134455
2026-05-04 01:17:00,1.6466072739576252
2026-05-04 01:18:00,3.0828320426750166
2026-05-04 01:19:00,0.3711380630834932
2026-05-04 01:20:00,3.734603523369862
2026-05-04 01:21:00,1.6934776255745883
2026-05-04 01:22:00,4.286038081536798
2026-05-04 01:23:00,4.04442572763508
2026-05-04 01:24:00,3.0634298183911395
2026-05-04 01:25:00,0.9838214999447612
2026-05-04 01:26:00,1.3752868994210266
2026-05-04 01:27:00,0.3423280904692435
2026-05-04 01:28:00,3.960509217612846
2026-05-04 01:29:00,1.8225362968717762
2026-05-04 01:30:00,0.2540030119747979
2026-05-04 01:31:00,3.63940697949243
2026-05-04 01:32:00,3.070983549934687
2026-05-04 01:33:00,3.6113427796878037
2026-05-04 01:34:00,0.23664490662922116
2026-05-04 01:35:00,2.061316374329215
2026-05-04 01:36:00,3.983962142581339
2026-05-04 01:37:00,0.2773979418838213
2026-05-04 01:38:00,0.14260104335419654
2026-05-04 01:39:00,0.6155072598289398
2026-05-04 01:40:00,3.4395614354887725
2026-05-04 01:41:00,1.3451343265780717
2026-05-04 01:42:00,0.41917325940057926
2026-05-04 01:43:00,3.062417884245936
2026-05-04 01:44:00,1.3816566270404707
2026-05-04 01:45:00,0.883530375568753
2026-05-04 01:46:00,2.2816326684009987
2026-05-04 01:47:00,3.640821073665387
2026-05-04 01:48:00,1.1292878403807156
2026-05-04 01:49:00,3.810338472547566
2026-05-04 01:50:00,0.0
2026-05-04 01:51:00,3.531081600179995
2026-05-04 01:52:00,1.9523053858223895
2026-05-04 01:53:00,3.4703941778444505
2026-05-04 01:54:00,3.334433849985904
2026-05-04 01:55:00,0.0
2026-05-04 01:56:00,0.09943494988456675
2026-05-04 01:57:00,0.7509129065484587
2026-05-04 01:58:00,1.244886937692801
2026-05-04 01:59:00,3.5211727947784373
2026-05-04 02:00:00,0.002017892032600166
2026-05-04 02:01:00,0.5692322452955975
2026-05-04 02:02:00,3.9648236779865575
2026-05-04 02:03:00,4.234804094331247
2026-05-04 02:04:00,4.111328824192232
2026-05-04 02:05:00,1.238217828119852
2026-05-04 02:06:00,3.218781805252709
2026-05-04 02:07:00,4.089205500052515
2026-05-04 02:08:00,4.096690077960846
2026-05-04 02:09:00,1.0084115263319728
2026-05-04 02:10:00,3.9096528505704145
2026-05-04 02:11:00,0.14977831343229864
2026-05-04 02:12:00,1.462119368431852
2026-05-04 02:13:00,3.9917189234970882
2026-05-04 02:14:00,2.4889435826882234
2026-05-04 02:15:00,3.89161588761903
2026-05-04 02:16:00,0.0
2026-05-04 02:17:00,0.9935011178976729
2026-05-04 02:18:00,2.409444894744259
2026-05-04 02:19:00,2.3410887546630708
2026-05-04 02:20:00,1.1961718098358702
2026-05-04 02:21:00,2.10973101395927
2026-05-04 02:22:00,3.088021585384108
2026-05-04 02:23:00,0.0
2026-05-04 02:24:00,4.1166707630053985
2026-05-04 02:25:00,3.2265899097988875
2026-05-04 02:26:00,4.169115072245733
2026-05-04 02:27:00,2.085447396443509
2026-05-04 02:28:00,0.7119912974370557
2026-05-04 02:29:00,1.2952077067485783
2026-05-04 02:30:00,3.149070352240576
2026-05-04 02:31:00,3.1404331861030186
2026-05-04 02:32:00,2.8889149904610574
2026-05-04 02:33:00,2.0752609750637774
2026-05-04 02:34:00,1.7403338935059791
2026-05-04 02:35:00,2.628874455984628
2026-05-04 02:36:00,3.8334337519452455
2026-05-04 02:37:00,0.49225697301079196
2026-05-04 02:38:00,0.451776765385538
2026-05-04 02:39:00,0.8868655145979872
2026-05-04 02:40:00,2.9036150023494796
2026-05-04 02:41:00,0.8533900243245935
2026-05-04 02:42:00,0.0
2026-05-04 02:43:00,3.800396149319947
2026-05-04 02:44:00,0.8355837779258625
2026-05-04 02:45:00,2.7900206400790406
2026-05-04 02:46:00,1.3101039723163121
2026-05-04 02:47:00,3.1431923417311705
2026-05-04 02:48:00,1.8314825993134138
2026-05-04 02:49:00,1.4901620129311077
2026-05-04 02:50:00,1.7953022040133866
2026-05-04 02:51:00,2.0254158422172703
2026-05-04 02:52:00,0.0
2026-05-04 02:53:00,3.1950957424276916
2026-05-04 02:54:00,1.773491100910288
2026-05-04 02:55:00,2.114933647501817
2026-05-04 02:56:00,4.143186664599179
2026-05-04 02:57:00,2.3936689792223245
2026-05-04 02:58:00,3.0387611086714776
2026-05-04 02:59:00,2.7197336287776412
2026-05-04 03:00:00,0.5673307252385879
2026-05-04 03:01:00,2.967364999290229
2026-05-04 03:02:00,4.299759727652294
2026-05-04 03:03:00,1.7628666424964532
2026-05-04 03:04:00,0.0
2026-05-04 03:05:00,2.71132747512192
2026-05-04 03:06:00,2.8866573332788756
2026-05-04 03:07:00,0.007462267932011324
2026-05-04 03:08:00,1.6784636486841857
2026-05-04 03:09:00,2.842873180619664
2026-05-04 03:10:00,0.7729045044134324
2026-05-04 03:11:00,2.022367113269533
2026-05-04 03:12:00,0.4501705645805627
2026-05-04 03:13:00,0.9935749284794005
2026-05-04 03:14:00,0.1612384484862769
2026-05-04 03:15:00,0.6419339077786816
2026-05-04 03:16:00,2.256507403379201
2026-05-04 03:17:00,0.30879853303014426
2026-05-04 03:18:00,1.7121217599442382
2026-05-04 03:19:00,2.0243621529018894
2026-05-04 03:20:00,4.020077601574176
2026-05-04 03:21:00,1.8347652159187278
2026-05-04 03:22:00,4.346480679743264
2026-05-04 03:23:00,1.1660788943257778
2026-05-04 03:24:00,1.839645037113944
2026-05-04 03:25:00,1.545299150753422
2026-05-04 03:26:00,0.06081370759523552
2026-05-04 03:27:00,0.254027542528891
2026-05-04 03:28:00,2.955935318295076
2026-05-04 03:29:00,1.4993619931118114
2026-05-04 03:30:00,3.3581788717653294
2026-05-04 03:31:00,1.8032997590518751
2026-05-04 03:32:00,1.8237734098621396
2026-05-04 03:33:00,4.22601887570187
2026-05-04 03:34:00,0.022588836824714686
2026-05-04 03:35:00,0.37511211290618063
2026-05-04 03:36:00,3.1893684579125203
2026-05-04 03:37:00,3.800128285161739
2026-05-04 03:38:00,2.135479817569782
2026-05-04 03:39:00,2.793414109769824
2026-05-04 03:40:00,2.950993868919015
2026-05-04 03:41:00,0.0
2026-05-04 03:42:00,0.33802737493217766
2026-05-04 03:43:00,1.7494668850579926
2026-05-04 03:44:00,0.661034664109056
2026-05-04 03:45:00,2.722274248911079
2026-05-04 03:46:00,3.213644168538837
2026-05-04 03:47:00,2.2199421151152077
2026-05-04 03:48:00,3.314638696880192
2026-05-04 03:49:00,0.6612931380660634
2026-05-04 03:50:00,0.10252635114244812
2026-05-04 03:51:00,0.07509601866761118
2026-05-04 03:52:00,0.2465357401125018
2026-05-04 03:53:00,3.1451745808179794
2026-05-04 03:54:00,2.129569129241065
2026-05-04 03:55:00,3.9437113639152033
2026-05-04 03:56:00,0.765101761152704
2026-05-04 03:57:00,0.47994723767556113
2026-05-04 03:58:00,2.658046540204289
2026-05-04 03:59:00,0.6523263473973282
2026-05-04 04:00:00,1.4525385655592333
2026-05-04 04:01:00,1.2339778245542263
2026-05-04 04:02:00,0.3924440124171709
2026-05-04 04:03:00,0.0
2026-05-04 04:04:00,2.2134594246993067
2026-05-04 04:05:00,1.3513947243547912
2026-05-04 04:06:00,2.9187860961402885
2026-05-04 04:07:00,0.0
2026-05-04 04:08:00,2.434993330520663
2026-05-04 04:09:00,0.0
2026-05-04 04:10:00,3.51096444038715
2026-05-04 04:11:00,3.694203915812711
2026-05-04 04:12:00,0.9693229781896596
2026-05-04 04:13:00,3.4434435631230604
2026-05-04 04:14:00,2.2296761990389475
2026-05-04 04:15:00,0.7694454589918293
2026-05-04 04:16:00,4.0164437402149575
2026-05-04 04:17:00,3.6856309381946373
2026-05-04 04:18:00,4.060410067846701
2026-05-04 04:19:00,0.7166780380112622
2026-05-04 04:20:00,0.7788253272983074
2026-05-04 04:21:00,1.4150293913371477
2026-05-04 04:22:00,0.550331634806653
2026-05-04 04:23:00,0.5314988838361215
2026-05-04 04:24:00,3.5103520720154
2026-05-04 04:25:00,3.2745356493996782
2026-05-04 04:26:00,3.3008807718678743
2026-05-04 04:27:00,0.3258988263464637
2026-05-04 04:28:00,0.9362330951367359
2026-05-04 04:29:00,4.032815337606203
2026-05-04 04:30:00,1.4106239967949241
2026-05-04 04:31:00,0.0
2026-05-04 04:32:00,0.9008241822206656
2026-05-04 04:33:00,2.690208351028107
2026-05-04 04:34:00,0.34749982200654206
2026-05-04 04:35:00,0.3126859707124199
2026-05-04 04:36:00,0.7713953468469862
2026-05-04 04:37:00,0.0
2026-05-04 04:38:00,0.5977313374827008
2026-05-04 04:39:00,0.39802120721826983
2026-05-04 04:40:00,1.400816362237352
2026-05-04 04:41:00,1.6103432553970147
2026-05-04 04:42:00,2.5519821296612153
2026-05-04 04:43:00,2.6491125430412032
2026-05-04 04:44:00,2.6091976002865893
2026-05-04 04:45:00,2.6506194320956604
2026-05-04 04:46:00,1.3483727492001591
2026-05-04 04:47:00,2.534540690947124
2026-05-04 04:48:00,1.61783254162206
2026-05-04 04:49:00,2.0014399632495943
2026-05-04 04:50:00,2.8337958353751107
2026-05-04 04:51:00,2.065994122078891
2026-05-04 04:52:00,0.0
2026-05-04 04:53:00,0.4634412668139423
2026-05-04 04:54:00,3.2414074662608314
2026-05-04 04:55:00,4.241326439724664
2026-05-04 04:56:00,3.1862044493690043
2026-05-04 04:57:00,3.9797888211330466
2026-05-04 04:58:00,1.138445585490088
2026-05-04 04:59:00,1.847583803086584
2026-05-04 05:00:00,2.8539270893659445
2026-05-04 05:01:00,4.080934237175551
2026-05-04 05:02:00,3.6223950318456413
2026-05-04 05:03:00,3.508617386303864
2026-05-04 05:04:00,3.911494719649419
2026-05-04 05:05:00,3.646515480961206
2026-05-04 05:06:00,2.3368463497275136
2026-05-04 05:07:00,3.6613081786906037
2026-05-04 05:08:00,2.7363407836696547
2026-05-04 05:09:00,2.5637040064433068
2026-05-04 05:10:00,3.148514554889571
2026-05-04 05:11:00,1.6332809747112713
2026-05-04 05:12:00,0.0
2026-05-04 05:13:00,1.436773084589181
2026-05-04 05:14:00,1.823416287883973
2026-05-04 05:15:00,0.0
2026-05-04 05:16:00,0.35655060705230646
2026-05-04 05:17:00,1.7138639782166973
2026-05-04 05:18:00,0.8260789126071999
2026-05-04 05:19:00,1.4532623917981096
2026-05-04 05:20:00,3.87855676845722
2026-05-04 05:21:00,1.5245242224624391
2026-05-04 05:22:00,0.014077778244371952
2026-05-04 05:23:00,0.6030432419503017
2026-05-04 05:24:00,1.1983563673003763
2026-05-04 05:25:00,3.5969208977606613
2026-05-04 05:26:00,1.3659875570333915
2026-05-04 05:27:00,0.39756037571728675
2026-05-04 05:28:00,1.9389823045501304
2026-05-04 05:29:00,0.20486211997727916
2026-05-04 05:30:00,3.840337931046554
2026-05-04 05:31:00,3.707428742153087
2026-05-04 05:32:00,2.5807651916740317
2026-05-04 05:33:00,2.003261918333353
2026-05-04 05:34:00,0.4390846126984069
2026-05-04 05:35:00,1.9497977559242259
2026-05-04 05:36:00,2.6662463173859443
2026-05-04 05:37:00,2.560199768370533
2026-05-04 05:38:00,3.1690292977834025
2026-05-04 05:39:00,2.4636903250767888
2026-05-04 05:40:00,0.0
2026-05-04 05:41:00,0.9025417162950488
2026-05-04 05:42:00,3.697366805058282
2026-05-04 05:43:00,1.4735503984660845
2026-05-04 05:44:00,1.2396703563790643
2026-05-04 05:45:00,1.0900378938840172
2026-05-04 05:46:00,3.173809232521724
2026-05-04 05:47:00,0.0
2026-05-04 05:48:00,0.8875370688717019
2026-05-04 05:49:00,2.7817682789004667
2026-05-04 05:50:00,0.9484937727316544
2026-05-04 05:51:00,0.9486146257190438
2026-05-04 05:52:00,2.7699345339908246
2026-05-04 05:53:00,3.514004878718496
2026-05-04 05:54:00,3.2580467074156445
2026-05-04 05:55:00,0.4662611293493056
2026-05-04 05:56:00,1.8772640519801245
2026-05-04 05:57:00,3.279378996338043
2026-05-04 05:58:00,1.598364641204055
2026-05-04 05:59:00,3.9691795680631294
2026-05-04 06:00:00,2.186251743208181
2026-05-04 06:01:00,3.1583004686234992
2026-05-04 06:02:00,1.416004115371037
2026-05-04 06:03:00,0.10351059643805194
2026-05-04 06:04:00,4.128539750396879
2026-05-04 06:05:00,1.5163400986963103
2026-05-04 06:06:00,0.4044352128202217
2026-05-04 06:07:00,0.0
2026-05-04 06:08:00,1.9770626021399207
2026-05-04 06:09:00,3.115504958442285
2026-05-04 06:10:00,0.04926322853043741
2026-05-04 06:11:00,1.466439159816883
2026-05-04 06:12:00,2.1757176186808906
2026-05-04 06:13:00,4.0613749005546484
2026-05-04 06:14:00,2.99345313270731
2026-05-04 06:15:00,1.7456949959695067
2026-05-04 06:16:00,0.7081343262996168
2026-05-04 06:17:00,0.5949040255799428
2026-05-04 06:18:00,1.445793410291867
2026-05-04 06:19:00,2.779204615744005
2026-05-04 06:20:00,0.6946732846621435
2026-05-04 06:21:00,2.7938633822560828
2026-05-04 06:22:00,0.6985498529727933
2026-05-04 06:23:00,3.697035474039901
2026-05-04 06:24:00,0.6761824388515071
2026-05-04 06:25:00,2.439114633240939
2026-05-04 06:26:00,2.9191269452130153
2026-05-04 06:27:00,2.1631325111767308
2026-05-04 06:28:00,0.17411915758340724
2026-05-04 06:29:00,2.25728820542156
2026-05-04 06:30:00,2.8216516963822826
2026-05-04 06:31:00,0.02450116642815081
2026-05-04 06:32:00,0.7757586031730386
2026-05-04 06:33:00,2.4718651978216353
2026-05-04 06:34:00,0.486943777148837
2026-05-04 06:35:00,2.213038423980378
2026-05-04 06:36:00,0.0
2026-05-04 06:37:00,1.7100461751129354
2026-05-04 06:38:00,1.1630466918052753
2026-05-04 06:39:00,2.159044240064387
2026-05-04 06:40:00,1.2296367163776694
2026-05-04 06:41:00,1.1964399007424578
2026-05-04 06:42:00,2.620476639284612
2026-05-04 06:43:00,0.4265674864892502
2026-05-04 06:44:00,0.8812279557415896
2026-05-04 06:45:00,1.6839334480573314
2026-05-04 06:46:00,2.414424765839566
2026-05-04 06:47:00,2.762436843605478
2026-05-04 06:48:00,3.4328649907357054
2026-05-04 06:49:00,0.8220508912896878
2026-05-04 06:50:00,2.583257439528637
2026-05-04 06:51:00,3.2829634072542797
2026-05-04 06:52:00,0.6950968271431816
2026-05-04 06:53:00,2.1315696913843674
2026-05-04 06:54:00,2.8857421515241364
2026-05-04 06:55:00,0.9484844692113851
2026-05-04 06:56:00,1.0043690272716919
2026-05-04 06:57:00,0.5321067939140341
2026-05-04 06:58:00,3.798468985470125
2026-05-04 06:59:00,1.4501733986679637
2026-05-04 07:00:00,0.9682452871715279
2026-05-04 07:01:00,2.871494735207929
2026-05-04 07:02:00,0.15387471118089813
2026-05-04 07:03:00,3.2341033041186975
2026-05-04 07:04:00,2.365293147922632
2026-05-04 07:05:00,1.0902573911782039
2026-05-04 07:06:00,4.071571333051897
2026-05-04 07:07:00,1.5037085781763835
2026-05-04 07:08:00,0.0
2026-05-04 07:09:00,1.178722403680631
2026-05-04 07:10:00,1.809539008990566
2026-05-04 07:11:00,4.094707039654259
2026-05-04 07:12:00,0.4348342985911377
2026-05-04 07:13:00,3.5641738951925985
2026-05-04 07:14:00,0.08933177890817812
2026-05-04 07:15:00,3.123731210439358
2026-05-04 07:16:00,0.34433064763437093
2026-05-04 07:17:00,2.9872330145294876
2026-05-04 07:18:00,2.2159129581947563
2026-05-04 07:19:00,0.3898567846219836
2026-05-04 07:20:00,2.3446998218902904
2026-05-04 07:21:00,3.982130186963926
2026-05-04 07:22:00,0.789291117023995
2026-05-04 07:23:00,4.151128713351286
2026-05-04 07:24:00,2.5944232422849725
2026-05-04 07:25:00,3.0618902193701896
2026-05-04 07:26:00,1.6631273959330604
2026-05-04 07:27:00,0.033774768523032184
2026-05-04 07:28:00,1.8084420835666162
2026-05-04 07:29:00,0.4382678366181087
2026-05-04 07:30:00,0.0
2026-05-04 07:31:00,3.0432178791069595
2026-05-04 07:32:00,0.9754051894089644
2026-05-04 07:33:00,2.064730137837523
2026-05-04 07:34:00,0.0
2026-05-04 07:35:00,3.180509086727416
2026-05-04 07:36:00,1.4525798776311456
2026-05-04 07:37:00,1.4394591584046759
2026-05-04 07:38:00,1.1513160304487087
2026-05-04 07:39:00,2.1938754535307208
2026-05-04 07:40:00,0.3516083402589955
2026-05-04 07:41:00,2.616225099851869
2026-05-04 07:42:00,3.704545525738151
2026-05-04 07:43:00,1.6600292486420751
2026-05-04 07:44:00,1.2719698467746094
2026-05-04 07:45:00,0.8504003806772186
2026-05-04 07:46:00,2.728321109630571
2026-05-04 07:47:00,0.08464401514733388
2026-05-04 07:48:00,3.9005474231574198
2026-05-04 07:49:00,0.4197724718642071
2026-05-04 07:50:00,4.090924384603138
2026-05-04 07:51:00,2.650849677385798
2026-05-04 07:52:00,0.1972268710664844
2026-05-04 07:53:00,1.9108565522898
2026-05-04 07:54:00,2.89196427670056
2026-05-04 07:55:00,1.3360651453187682
2026-05-04 07:56:00,1.8109855567752788
2026-05-04 07:57:00,2.320558530073728
2026-05-04 07:58:00,3.8417611193223844
2026-05-04 07:59:00,2.2583012242595775
2026-05-04 08:00:00,0.0
2026-05-04 08:01:00,3.384756700096315
2026-05-04 08:02:00,1.8680732040352444
2026-05-04 08:03:00,0.0
2026-05-04 08:04:00,0.5781287033254313
2026-05-04 08:05:00,0.432261124532067
2026-05-04 08:06:00,3.356512176141135
2026-05-04 08:07:00,2.253635602766222
2026-05-04 08:08:00,4.084957721627333
2026-05-04 08:09:00,0.0
2026-05-04 08:10:00,3.874311586381835
2026-05-04 08:11:00,3.3580117947212114
2026-05-04 08:12:00,0.0
2026-05-04 08:13:00,1.5234783806100023
2026-05-04 08:14:00,3.0780639880820733
2026-05-04 08:15:00,0.0
2026-05-04 08:16:00,1.1187586205074846
2026-05-04 08:17:00,1.699607702684541
2026-05-04 08:18:00,2.700259880729355
2026-05-04 08:19:00,2.7328864661685195
2026-05-04 08:20:00,0.8007389399399218
2026-05-04 08:21:00,2.6963020838168523
2026-05-04 08:22:00,3.138992442957747
2026-05-04 08:23:00,0.0
2026-05-04 08:24:00,0.0
2026-05-04 08:25:00,2.3090800286338453
2026-05-04 08:26:00,1.0771740792749926
2026-05-04 08:27:00,3.8009880218345176
2026-05-04 08:28:00,1.7356275039808386
2026-05-04 08:29:00,0.8883188195926393
2026-05-04 08:30:00,3.579374255093272
2026-05-04 08:31:00,0.7175722208819646
2026-05-04 08:32:00,2.0457692958943023
2026-05-04 08:33:00,3.4011681875461983
2026-05-04 08:34:00,2.8060780140383113
2026-05-04 08:35:00,2.607393949922379
2026-05-04 08:36:00,1.7652395276358934
2026-05-04 08:37:00,2.5517861163465163
2026-05-04 08:38:00,2.0838513188011563
2026-05-04 08:39:00,0.005591491587895958
2026-05-04 08:40:00,4.143987449932042
2026-05-04 08:41:00,2.3004544842143893
2026-05-04 08:42:00,2.2447615147177395
2026-05-04 08:43:00,1.0347305571086145
2026-05-04 08:44:00,0.05236435736986067
2026-05-04 08:45:00,3.102979562977942
2026-05-04 08:46:00,2.3968774598285956
2026-05-04 08:47:00,0.0
2026-05-04 08:48:00,1.7971573393238987
2026-05-04 08:49:00,1.667939628118785
2026-05-04 08:50:00,0.1553643116694508
2026-05-04 08:51:00,4.177638256020592
2026-05-04 08:52:00,1.0757881482051164
2026-05-04 08:53:00,3.741912540152253
2026-05-04 08:54:00,3.74233603446935
2026-05-04 08:55:00,0.0
2026-05-04 08:56:00,0.0
2026-05-04 08:57:00,3.5547137544862606
2026-05-04 08:58:00,3.8272854109813625
2026-05-04 08:59:00,0.02900509644181981
2026-05-04 09:00:00,4.097951186759721
2026-05-04 09:01:00,3.1171877554512974
2026-05-04 09:02:00,1.243193883575434
2026-05-04 09:03:00,1.9491437192799252
2026-05-04 09:04:00,2.9517061976026033
2026-05-04 09:05:00,2.941226941052288
2026-05-04 09:06:00,1.6197507158395346
2026-05-04 09:07:00,3.9925621254862906
2026-05-04 09:08:00,2.412336143641033
2026-05-04 09:09:00,1.3487190756762493
2026-05-04 09:10:00,2.281178313815194
2026-05-04 09:11:00,3.0396608604665447
2026-05-04 09:12:00,1.5139486919115583
2026-05-04 09:13:00,1.3397044161817013
2026-05-04 09:14:00,0.5945901557839633
2026-05-04 09:15:00,0.0
2026-05-04 09:16:00,4.178067896245985
2026-05-04 09:17:00,2.9711545715159944
2026-05-04 09:18:00,3.6862357431028956
2026-05-04 09:19:00,1.8249073273364633
2026-05-04 09:20:00,2.3531325519098085
2026-05-04 09:21:00,1.1238743348562477
2026-05-04 09:22:00,1.2008606277467848
2026-05-04 09:23:00,3.2292004689244957
2026-05-04 09:24:00,3.415458408956896
2026-05-04 09:25:00,2.1652722507951827
2026-05-04 09:26:00,1.9966569391618902
2026-05-04 09:27:00,0.9899322900317709
2026-05-04 09:28:00,2.60413654253078
2026-05-04 09:29:00,0.6180685941966102
2026-05-04 09:30:00,2.0368992735630127
2026-05-04 09:31:00,0.9398346024727513
2026-05-04 09:32:00,4.263906825278333
2026-05-04 09:33:00,0.5804240740182411
2026-05-04 09:34:00,3.4673171861318446
2026-05-04 09:35:00,3.647785128234985
2026-05-04 09:36:00,1.8668049963882953
2026-05-04 09:37:00,0.17283340901972777
2026-05-04 09:38:00,4.243197177911427
2026-05-04 09:39:00,3.5155678585162207
2026-05-04 09:40:00,0.569326581813933
2026-05-04 09:41:00,0.8293449485697257
2026-05-04 09:42:00,3.601187256324283
2026-05-04 09:43:00,3.3999864238834343
2026-05-04 09:44:00,1.2079853859010488
2026-05-04 09:45:00,0.39104185950725817
2026-05-04 09:46:00,0.9622774621083695
2026-05-04 09:47:00,3.8817952372817324
2026-05-04 09:48:00,3.7068098490986987
2026-05-04 09:49:00,2.2112080815516997
2026-05-04 09:50:00,0.052905333898492723
2026-05-04 09:51:00,2.251922527439239
2026-05-04 09:52:00,3.6944638284245226
2026-05-04 09:53:00,2.9210147152004855
2026-05-04 09:54:00,1.0633554961146112
2026-05-04 09:55:00,1.732648289318227
2026-05-04 09:56:00,2.469372904382988
2026-05-04 09:57:00,0.5559039831190948
2026-05-04 09:58:00,1.5526084401740219
2026-05-04 09:59:00,3.9256747462827395
2026-05-04 10:00:00,1.03826381808045
2026-05-04 10:01:00,0.32374803247513906
2026-05-04 10:02:00,2.188563278268914
2026-05-04 10:03:00,1.2221842327363168
2026-05-04 10:04:00,0.0
2026-05-04 10:05:00,1.0876977732029747
2026-05-04 10:06:00,0.0
2026-05-04 10:07:00,1.715112996934393
2026-05-04 10:08:00,3.2061404812314365
2026-05-04 10:09:00,1.0600558112877312
2026-05-04 10:10:00,4.161356334472166
2026-05-04 10:11:00,0.4812573859399101
2026-05-04 10:12:00,1.519930920877934
2026-05-04 10:13:00,1.5865439395570833
2026-05-04 10:14:00,1.8705908913609401
2026-05-04 10:15:00,2.9412024951343914
2026-05-04 10:16:00,4.046280754951083
2026-05-04 10:17:00,1.5866323696443887
2026-05-04 10:18:00,0.0
2026-05-04 10:19:00,1.1918337250009765
2026-05-04 10:20:00,0.8176144205724318
2026-05-04 10:21:00,0.20209871777159183
2026-05-04 10:22:00,0.0
2026-05-04 10:23:00,0.9452175380130456
2026-05-04 10:24:00,0.012132457694785881
2026-05-04 10:25:00,2.253797930540416
2026-05-04 10:26:00,2.3967355230969623
2026-05-04 10:27:00,0.0
2026-05-04 10:28:00,1.3295356041062734
2026-05-04 10:29:00,3.316404811084588
2026-05-04 10:30:00,1.548060997278498
2026-05-04 10:31:00,3.6202292010594257
2026-05-04 10:32:00,1.7295426022781941
2026-05-04 10:33:00,2.3907696085219996
2026-05-04 10:34:00,0.6076941281609074
2026-05-04 10:35:00,3.338970861381775
2026-05-04 10:36:00,3.8262596088310974
2026-05-04 10:37:00,0.7146660595512367
2026-05-04 10:38:00,3.789388034744176
2026-05-04 10:39:00,3.8989721362123806
2026-05-04 10:40:00,0.18251786604093645
2026-05-04 10:41:00,3.500594139359617
2026-05-04 10:42:00,1.8700159257410371
2026-05-04 10:43:00,3.9886817096886036
2026-05-04 10:44:00,1.5951340601999395
2026-05-04 10:45:00,0.8675790272872786
2026-05-04 10:46:00,1.6956146551040443
2026-05-04 10:47:00,2.530127959789816
2026-05-04 10:48:00,3.802226414745392
2026-05-04 10:49:00,3.9406839796767663
2026-05-04 10:50:00,0.7130865657503357
2026-05-04 10:51:00,3.2452610214206112
2026-05-04 10:52:00,3.088546325961604
2026-05-04 10:53:00,2.988061859521452
2026-05-04 10:54:00,1.0316778042798291
2026-05-04 10:55:00,0.10496838641250816
2026-05-04 10:56:00,3.7029310407415506
2026-05-04 10:57:00,0.15845356351363882
2026-05-04 10:58:00,2.3302244323245347
2026-05-04 10:59:00,0.604985119611246
2026-05-04 11:00:00,3.9643908516458484
2026-05-04 11:01:00,3.184273410419043
2026-05-04 11:02:00,2.7097918199297
2026-05-04 11:03:00,3.438038680222822
2026-05-04 11:04:00,1.6006421023875559
2026-05-04 11:05:00,0.2234654750506503
2026-05-04 11:06:00,0.5919186288555237
2026-05-04 11:07:00,2.844031869171022
2026-05-04 11:08:00,3.3051007528470855
2026-05-04 11:09:00,1.196420843004515
2026-05-04 11:10:00,4.1075556685598915
2026-05-04 11:11:00,2.595564008862982
2026-05-04 11:12:00,2.5991260102870672
2026-05-04 11:13:00,0.08056481638317092
2026-05-04 11:14:00,0.0
2026-05-04 11:15:00,3.1332184466097863
2026-05-04 11:16:00,1.2293481521933973
2026-05-04 11:17:00,2.8102625100880374
2026-05-04 11:18:00,2.169587512783804
2026-05-04 11:19:00,3.2659289557486275
2026-05-04 11:20:00,1.399719245845437
2026-05-04 11:21:00,2.482815979230274
2026-05-04 11:22:00,2.4335738320026543
2026-05-04 11:23:00,1.5806574899461698
2026-05-04 11:24:00,0.16127443281183573
2026-05-04 11:25:00,0.42136296712387056
2026-05-04 11:26:00,0.8142555542140972
2026-05-04 11:27:00,2.9867491897802574
2026-05-04 11:28:00,4.261001081764851
2026-05-04 11:29:00,3.1659028880548536
2026-05-04 11:30:00,0.4297225616883274
2026-05-04 11:31:00,4.086530525102132
2026-05-04 11:32:00,0.6793925081968669
2026-05-04 11:33:00,2.7957613455678123
2026-05-04 11:34:00,3.2932775884910748
2026-05-04 11:35:00,1.0224974739516797
2026-05-04 11:36:00,1.912176010147241
2026-05-04 11:37:00,2.362184879100088
2026-05-04 11:38:00,1.0392266107068937
2026-05-04 11:39:00,0.0
2026-05-04 11:40:00,0.7063890234739868
2026-05-04 11:41:00,0.0
2026-05-04 11:42:00,1.3296834440066703
2026-05-04 11:43:00,0.3520181827307507
2026-05-04 11:44:00,0.0
2026-05-04 11:45:00,1.7077532409432759
2026-05-04 11:46:00,2.9629323362293083
2026-05-04 11:47:00,0.0
2026-05-04 11:48:00,0.0
2026-05-04 11:49:00,3.28204889951476
2026-05-04 11:50:00,2.4241711768909555
2026-05-04 11:51:00,1.8541662058665924
2026-05-04 11:52:00,0.0
2026-05-04 11:53:00,1.575389080249839
2026-05-04 11:54:00,2.516985121120974
2026-05-04 11:55:00,0.390567174998996
2026-05-04 11:56:00,3.893437441525618
2026-05-04 11:57:00,2.208777440666935
2026-05-04 11:58:00,0.6089579723450453
2026-05-04 11:59:00,4.219919166468626
2026-05-04 12:00:00,2.53621237233976
2026-05-04 12:01:00,0.6954428869605204
2026-05-04 12:02:00,2.4671932690490825
2026-05-04 12:03:00,2.192854497473875
2026-05-04 12:04:00,1.9237463168085291
2026-05-04 12:05:00,3.8980848004245585
2026-05-04 12:06:00,0.5630060039443003
2026-05-04 12:07:00,1.0966406052319764
2026-05-04 12:08:00,2.9659579112844696
2026-05-04 12:09:00,1.8487743012855131
2026-05-04 12:10:00,3.570554647701214
2026-05-04 12:11:00,0.1849718078350983
2026-05-04 12:12:00,2.370232278454033
2026-05-04 12:13:00,0.7933351864977218
2026-05-04 12:14:00,3.251673948163683
2026-05-04 12:15:00,3.664661466908598
2026-05-04 12:16:00,1.9588287070610153
2026-05-04 12:17:00,0.0
2026-05-04 12:18:00,0.25920841055873883
2026-05-04 12:19:00,2.8853463806015522
2026-05-04 12:20:00,3.523665993536282
2026-05-04 12:21:00,3.023003800713143
2026-05-04 12:22:00,0.665577640914794
2026-05-04 12:23:00,0.46737419567064664
2026-05-04 12:24:00,3.169658783427991
2026-05-04 12:25:00,3.935365486165863
2026-05-04 12:26:00,0.0
2026-05-04 12:27:00,3.9408583896025493
2026-05-04 12:28:00,2.797251503271933
2026-05-04 12:29:00,1.3847506083628873
2026-05-04 12:30:00,4.122124487639964
2026-05-04 12:31:00,0.09592982918300563
2026-05-04 12:32:00,0.0
2026-05-04 12:33:00,1.5758502657293878
2026-05-04 12:34:00,2.880310855342864
2026-05-04 12:35:00,0.52314245149908
2026-05-04 12:36:00,1.4017438005806973
2026-05-04 12:37:00,3.3265025900460614
2026-05-04 12:38:00,0.007242831112146519
2026-05-04 12:39:00,1.1626120346175357
2026-05-04 12:40:00,2.9407800422451773
2026-05-04 12:41:00,3.8390583967343215
2026-05-04 12:42:00,1.856998656014478
2026-05-04 12:43:00,0.9503617569458205
2026-05-04 12:44:00,0.297025053022583
2026-05-04 12:45:00,2.1162162453158366
2026-05-04 12:46:00,1.9753214608579936
2026-05-04 12:47:00,1.9527918150651309
2026-05-04 12:48:00,1.3370362253866133
2026-05-04 12:49:00,0.0
2026-05-04 12:50:00,1.9067854950375978
2026-05-04 12:51:00,1.047820455140927
2026-05-04 12:52:00,4.011042746727309
2026-05-04 12:53:00,2.600116543025516
2026-05-04 12:54:00,2.749535682766821
2026-05-04 12:55:00,0.09566431123752539
2026-05-04 12:56:00,3.9941392895644636
2026-05-04 12:57:00,0.0
2026-05-04 12:58:00,3.9998465375679957
2026-05-04 12:59:00,1.1120188288586335
2026-05-04 13:00:00,1.167518144863737
2026-05-04 13:01:00,3.2683800834179877
2026-05-04 13:02:00,0.0
2026-05-04 13:03:00,3.6116787542085778
2026-05-04 13:04:00,0.028879074408966754
2026-05-04 13:05:00,4.0449213867905325
2026-05-04 13:06:00,2.1930350102190928
2026-05-04 13:07:00,0.0
2026-05-04 13:08:00,2.3886813154179256
2026-05-04 13:09:00,0.6510945083992589
2026-05-04 13:10:00,1.3225859861296665
2026-05-04 13:11:00,1.5909288377092723
2026-05-04 13:12:00,0.05277177957267554
2026-05-04 13:13:00,3.7169440021378346
2026-05-04 13:14:00,3.429236088020175
2026-05-04 13:15:00,1.7733620396365166
2026-05-04 13:16:00,2.632698562032304
2026-05-04 13:17:00,2.0355587798483143
2026-05-04 13:18:00,1.1276319806776323
2026-05-04 13:19:00,1.6007990691223069
2026-05-04 13:20:00,1.3531141569720124
2026-05-04 13:21:00,1.2499020002025043
2026-05-04 13:22:00,1.1304572255016847
2026-05-04 13:23:00,2.439025990978083
2026-05-04 13:24:00,1.31117265196241
2026-05-04 13:25:00,2.2525563469501586
2026-05-04 13:26:00,1.2288807319151478
2026-05-04 13:27:00,4.114091746656985
2026-05-04 13:28:00,1.1784774585221593
2026-05-04 13:29:00,1.1192550286116698
2026-05-04 13:30:00,4.1831580412076255
2026-05-04 13:31:00,0.9588190413587988
2026-05-04 13:32:00,1.4605346944666813
2026-05-04 13:33:00,0.86019492249005
2026-05-04 13:34:00,0.0
2026-05-04 13:35:00,0.0
2026-05-04 13:36:00,3.901584467357208
2026-05-04 13:37:00,0.6160210978720498
2026-05-04 13:38:00,3.212039387796656
2026-05-04 13:39:00,0.9951584781386313
2026-05-04 13:40:00,1.7922053188365474
2026-05-04 13:41:00,3.8628295692751533
2026-05-04 13:42:00,3.607863799361004
2026-05-04 13:43:00,2.0973138523609256
2026-05-04 13:44:00,0.18772635907229474
2026-05-04 13:45:00,0.4894830501145793
2026-05-04 13:46:00,3.1374536861569573
2026-05-04 13:47:00,0.1354371065651528
2026-05-04 13:48:00,0.22493645732421697
2026-05-04 13:49:00,3.43671694494195
2026-05-04 13:50:00,2.527802529934366
2026-05-04 13:51:00,1.2433294785856361
2026-05-04 13:52:00,2.245916651064036
2026-05-04 13:53:00,1.1436023572837397
2026-05-04 13:54:00,3.7184434042452503
2026-05-04 13:55:00,4.152792861484662
2026-05-04 13:56:00,3.688376393224705
2026-05-04 13:57:00,1.931878030906803
2026-05-04 13:58:00,1.0351004901406755
2026-05-04 13:59:00,3.0764653309093357
2026-05-04 14:00:00,2.7938002992535593
2026-05-04 14:01:00,1.4105703464058639
2026-05-04 14:02:00,2.2987871944208074
2026-05-04 14:03:00,4.075503843008948
2026-05-04 14:04:00,2.1862272477049007
2026-05-04 14:05:00,2.67762390347632
2026-05-04 14:06:00,2.0437588469919223
2026-05-04 14:07:00,0.8806830007357009
2026-05-04 14:08:00,0.5737806678139198
2026-05-04 14:09:00,2.929296662143341
2026-05-04 14:10:00,2.746318573811408
2026-05-04 14:11:00,2.396132649591185
2026-05-04 14:12:00,1.258232423603888
2026-05-04 14:13:00,2.8436846192668863
2026-05-04 14:14:00,0.4337523311627778
2026-05-04 14:15:00,2.495214721624671
2026-05-04 14:16:00,3.7924372065166945
2026-05-04 14:17:00,2.5472569603047823
2026-05-04 14:18:00,0.20768163791327393
2026-05-04 14:19:00,2.1963036705965764
2026-05-04 14:20:00,3.9867111858380984
2026-05-04 14:21:00,0.5473173272885394
2026-05-04 14:22:00,0.39593605684813454
2026-05-04 14:23:00,2.7566633514142715
2026-05-04 14:24:00,2.5676355426432975
2026-05-04 14:25:00,3.291218745637174
2026-05-04 14:26:00,1.2040781829034575
2026-05-04 14:27:00,1.4947629696462617
2026-05-04 14:28:00,2.72769081335192
2026-05-04 14:29:00,0.09691746686633784
2026-05-04 14:30:00,3.6553700584626854
2026-05-04 14:31:00,3.7465670967064337
2026-05-04 14:32:00,1.9898083914301266
2026-05-04 14:33:00,2.2283781953935975
2026-05-04 14:34:00,3.1670817439266576
2026-05-04 14:35:00,2.378578333586474
2026-05-04 14:36:00,2.5225538815688435
2026-05-04 14:37:00,1.1312957252153923
2026-05-04 14:38:00,3.0214747436644234
2026-05-04 14:39:00,0.18438644373880292
2026-05-04 14:40:00,1.1574281968674724
2026-05-04 14:41:00,0.0
2026-05-04 14:42:00,3.3984120334802297
2026-05-04 14:43:00,1.4534496236675016
2026-05-04 14:44:00,4.081234022953363
2026-05-04 14:45:00,1.6245939085352394
2026-05-04 14:46:00,2.9452337945372546
2026-05-04 14:47:00,1.1639996402051966
2026-05-04 14:48:00,1.500380621290611
2026-05-04 14:49:00,3.75505909559177
2026-05-04 14:50:00,0.9524649943635474
2026-05-04 14:51:00,2.4473683237949473
2026-05-04 14:52:00,0.4158140098788109
2026-05-04 14:53:00,0.48421273664374065
2026-05-04 14:54:00,1.7212210139256006
2026-05-04 14:55:00,3.5654456863039554
2026-05-04 14:56:00,3.1038356188144482
2026-05-04 14:57:00,0.7599271054365926
2026-05-04 14:58:00,0.8381754956891178
2026-05-04 14:59:00,0.8935944863396956
2026-05-04 15:00:00,2.402675742694173
2026-05-04 15:01:00,3.4426873423636684
2026-05-04 15:02:00,3.609641796010669
2026-05-04 15:03:00,2.5915321698544296
2026-05-04 15:04:00,1.7157498179750883
2026-05-04 15:05:00,2.405765087032564
2026-05-04 15:06:00,0.03985995422099675
2026-05-04 15:07:00,0.9148522306345941
2026-05-04 15:08:00,3.1733755912137918
2026-05-04 15:09:00,3.0313576511144102
2026-05-04 15:10:00,2.29704359542079
2026-05-04 15:11:00,1.5012534203340704
2026-05-04 15:12:00,0.10093686809546154
2026-05-04 15:13:00,2.981333878189143
2026-05-04 15:14:00,3.4193704538425127
2026-05-04 15:15:00,3.9147257568101512
2026-05-04 15:16:00,1.520423487780291
2026-05-04 15:17:00,0.4876153452079292
2026-05-04 15:18:00,2.9245762518024696
2026-05-04 15:19:00,1.7781016458397594
2026-05-04 15:20:00,4.125091468685392
2026-05-04 15:21:00,0.9275548064457293
2026-05-04 15:22:00,0.3919564194362843
2026-05-04 15:23:00,2.896146737863083
2026-05-04 15:24:00,3.08431320533679
2026-05-04 15:25:00,2.1158647908930863
2026-05-04 15:26:00,2.759864105582625
2026-05-04 15:27:00,1.894647355469576
2026-05-04 15:28:00,3.94349723976658
2026-05-04 15:29:00,0.6687573001881455
2026-05-04 15:30:00,2.781813247121393
2026-05-04 15:31:00,3.622948606183634
2026-05-04 15:32:00,2.366884400218927
2026-05-04 15:33:00,0.22852158537342182
2026-05-04 15:34:00,1.819089799242604
2026-05-04 15:35:00,0.0
2026-05-04 15:36:00,3.4165435161391837
2026-05-04 15:37:00,0.3890204093856551
2026-05-04 15:38:00,0.3828398784490852
2026-05-04 15:39:00,1.157492352916555
2026-05-04 15:40:00,1.544741970977107
2026-05-04 15:41:00,3.463971943553092
2026-05-04 15:42:00,1.252640514777294
2026-05-04 15:43:00,3.208374300089682
2026-05-04 15:44:00,1.117666726392076
2026-05-04 15:45:00,4.3207883510608935
2026-05-04 15:46:00,1.4970551003367032
2026-05-04 15:47:00,3.993252698155798
2026-05-04 15:48:00,1.7880308083592475
2026-05-04 15:49:00,0.0
2026-05-04 15:50:00,3.1572182522007197
2026-05-04 15:51:00,3.5355607961156696
2026-05-04 15:52:00,2.9517435151712528
2026-05-04 15:53:00,1.4731461293983155
2026-05-04 15:54:00,3.028075734195613
2026-05-04 15:55:00,2.8364485114330886
2026-05-04 15:56:00,1.6561168757647229
2026-05-04 15:57:00,2.5428394740479243
2026-05-04 15:58:00,0.41671030350325555
2026-05-04 15:59:00,3.887718728875488
2026-05-04 16:00:00,1.4674635841898
2026-05-04 16:01:00,3.4666739283871473
2026-05-04 16:02:00,1.1024674609600957
2026-05-04 16:03:00,0.558913986488581
2026-05-04 16:04:00,3.1654325123683247
2026-05-04 16:05:00,0.7189007568212138
2026-05-04 16:06:00,0.7565737600821338
2026-05-04 16:07:00,2.9378746935347166
2026-05-04 16:08:00,2.716982899156221
2026-05-04 16:09:00,3.180921672258112
2026-05-04 16:10:00,2.096670153769237
2026-05-04 16:11:00,1.9034885819220513
2026-05-04 16:12:00,1.903435790681846
2026-05-04 16:13:00,1.8433622646152865
2026-05-04 16:14:00,2.0153130660316174
2026-05-04 16:15:00,0.8757549913843016
2026-05-04 16:16:00,2.4002106796874325
2026-05-04 16:17:00,1.7062947317186725
2026-05-04 16:18:00,2.483756156810851
2026-05-04 16:19:00,2.9625734871649283
2026-05-04 16:20:00,3.310720489920497
2026-05-04 16:21:00,1.770078249136007
2026-05-04 16:22:00,0.31225451434914525
2026-05-04 16:23:00,1.9400935698322326
2026-05-04 16:24:00,3.967091326146221
2026-05-04 16:25:00,1.0026025810681916
2026-05-04 16:26:00,2.932390806426626
2026-05-04 16:27:00,1.6949887913914865
2026-05-04 16:28:00,0.3216116226496567
2026-05-04 16:29:00,2.1408411184704415
2026-05-04 16:30:00,0.7365083812420448
2026-05-04 16:31:00,2.8355211351684564
2026-05-04 16:32:00,2.386131037505577
2026-05-04 16:33:00,2.480759212051706
2026-05-04 16:34:00,2.9006806153141973
2026-05-04 16:35:00,1.5460694019773362
2026-05-04 16:36:00,3.8349296979406833
2026-05-04 16:37:00,1.5394584631469468
2026-05-04 16:38:00,0.8540314583762648
2026-05-04 16:39:00,2.772773858568267
2026-05-04 16:40:00,0.8340157622464477
2026-05-04 16:41:00,1.85445177063959
2026-05-04 16:42:00,1.9436285650287022
2026-05-04 16:43:00,2.9311450516692616
2026-05-04 16:44:00,2.714877605345272
2026-05-04 16:45:00,1.2760502633405948
2026-05-04 16:46:00,3.7832823753927745
2026-05-04 16:47:00,2.8271548455607185
2026-05-04 16:48:00,2.964749097888351
2026-05-04 16:49:00,2.5193222247630027
2026-05-04 16:50:00,3.63236809058436
2026-05-04 16:51:00,1.3955045832095947
2026-05-04 16:52:00,2.2199709891892363
2026-05-04 16:53:00,2.855079766853109
2026-05-04 16:54:00,2.773376685542274
2026-05-04 16:55:00,1.145070142148035
2026-05-04 16:56:00,3.98011463136554
2026-05-04 16:57:00,2.2632676071210147
2026-05-04 16:58:00,0.4441503777800395
2026-05-04 16:59:00,2.769073350154172
2026-05-04 17:00:00,1.037683608810935
2026-05-04 17:01:00,1.7563637384465882
2026-05-04 17:02:00,0.6720390845395493
2026-05-04 17:03:00,1.038729264766284
2026-05-04 17:04:00,3.8290033267611707
2026-05-04 17:05:00,2.9597231936083777
2026-05-04 17:06:00,3.887457347929046
2026-05-04 17:07:00,0.0
2026-05-04 17:08:00,0.42225132802117393
2026-05-04 17:09:00,2.796283599818712
2026-05-04 17:10:00,2.273754961476958
2026-05-04 17:11:00,2.030466634849481
2026-05-04 17:12:00,2.786138238376524
2026-05-04 17:13:00,0.9432887921491935
2026-05-04 17:14:00,3.454734124952554
2026-05-04 17:15:00,3.126423486641209
2026-05-04 17:16:00,0.0
2026-05-04 17:17:00,3.4629642613702663
2026-05-04 17:18:00,1.331518374199622
2026-05-04 17:19:00,3.3971307734033545
2026-05-04 17:20:00,2.4311661269929625
2026-05-04 17:21:00,1.6299465236537167
2026-05-04 17:22:00,3.3458292009580726
2026-05-04 17:23:00,1.8454303135190693
2026-05-04 17:24:00,2.5053365357223694
2026-05-04 17:25:00,1.2207400893495972
2026-05-04 17:26:00,2.556606921776316
2026-05-04 17:27:00,1.1385650795670204
2026-05-04 17:28:00,1.8865611369232576
2026-05-04 17:29:00,0.3780460451555583
2026-05-04 17:30:00,3.1228279771674043
2026-05-04 17:31:00,0.0
2026-05-04 17:32:00,3.7981163124428434
2026-05-04 17:33:00,0.8712004644704567
2026-05-04 17:34:00,2.9278400666617737
2026-05-04 17:35:00,0.9931351413825502
2026-05-04 17:36:00,1.585898235587767
2026-05-04 17:37:00,2.7683261671916637
2026-05-04 17:38:00,0.07454575381280071
2026-05-04 17:39:00,2.277778692273061
2026-05-04 17:40:00,2.053998148075174
2026-05-04 17:41:00,2.2635361052323213
2026-05-04 17:42:00,1.4927158598772117
2026-05-04 17:43:00,0.3977459969364753
2026-05-04 17:44:00,1.4615853215446086
2026-05-04 17:45:00,2.46324240305809
2026-05-04 17:46:00,0.08777566796183311
2026-05-04 17:47:00,0.951315603110783
2026-05-04 17:48:00,0.7543653750293431
2026-05-04 17:49:00,2.4751568436126803
2026-05-04 17:50:00,0.0
2026-05-04 17:51:00,2.33455261088376
2026-05-04 17:52:00,3.895620113534573
2026-05-04 17:53:00,2.424684032092642
2026-05-04 17:54:00,0.6202622111887317
2026-05-04 17:55:00,4.181348816524313
2026-05-04 17:56:00,1.5815614172784898
2026-05-04 17:57:00,3.2349726540807158
2026-05-04 17:58:00,0.6367035037849839
2026-05-04 17:59:00,3.6451787139736043
2026-05-04 18:00:00,0.8327464174804982
2026-05-04 18:01:00,0.35287228834112205
2026-05-04 18:02:00,0.8673305938556626
2026-05-04 18:03:00,0.046351754925183064
2026-05-04 18:04:00,3.787899079073349
2026-05-04 18:05:00,2.2120536426771986
2026-05-04 18:06:00,2.735044787421872
2026-05-04 18:07:00,2.870493521608846
2026-05-04 18:08:00,0.6569687157285485
2026-05-04 18:09:00,2.072898974852089
2026-05-04 18:10:00,2.1322249955445587
2026-05-04 18:11:00,0.0
2026-05-04 18:12:00,1.703907555789245
2026-05-04 18:13:00,4.240167910846159
2026-05-04 18:14:00,1.9278419060984375
2026-05-04 18:15:00,2.4612614500250856
2026-05-04 18:16:00,0.3824762060450668
2026-05-04 18:17:00,1.2348382901052326
2026-05-04 18:18:00,0.5231241401535864
2026-05-04 18:19:00,1.7723511502027876
2026-05-04 18:20:00,1.1308852803256662
2026-05-04 18:21:00,3.3632352213746795
2026-05-04 18:22:00,0.3671702120077158
2026-05-04 18:23:00,1.3163251951936614
2026-05-04 18:24:00,1.4873342499882858
2026-05-04 18:25:00,4.23739505171711
2026-05-04 18:26:00,0.0
2026-05-04 18:27:00,3.8644350704391215
2026-05-04 18:28:00,1.4601502463000795
2026-05-04 18:29:00,0.5380457253959819
2026-05-04 18:30:00,2.3598180642485076
2026-05-04 18:31:00,1.114065993432522
2026-05-04 18:32:00,3.5666930979719673
2026-05-04 18:33:00,2.03340794200587
2026-05-04 18:34:00,3.8524297617067362
2026-05-04 18:35:00,3.605069139181425
2026-05-04 18:36:00,0.11967891706554146
2026-05-04 18:37:00,1.8034756092819346
2026-05-04 18:38:00,1.5275370993310884
2026-05-04 18:39:00,2.397872382706484
2026-05-04 18:40:00,2.544263501044547
2026-05-04 18:41:00,4.127150409616889
2026-05-04 18:42:00,1.2526942816590254
2026-05-04 18:43:00,0.0
2026-05-04 18:44:00,2.7407262741518243
2026-05-04 18:45:00,1.9845271478042847
2026-05-04 18:46:00,0.9891950209636473
2026-05-04 18:47:00,1.0675932640072687
2026-05-04 18:48:00,0.282452055629434
2026-05-04 18:49:00,2.292812151485009
2026-05-04 18:50:00,0.19236548015481758
2026-05-04 18:51:00,3.080188622687449
2026-05-04 18:52:00,1.843134604628877
2026-05-04 18:53:00,3.526041277202801
2026-05-04 18:54:00,3.7782306743118337
2026-05-04 18:55:00,0.2218880519275841
2026-05-04 18:56:00,0.0
2026-05-04 18:57:00,0.7692839793242215
2026-05-04 18:58:00,3.884030054638079
2026-05-04 18:59:00,1.2748202889337539
2026-05-04 19:00:00,1.8254676362991145
2026-05-04 19:01:00,2.6489230676255087
2026-05-04 19:02:00,1.1274563382630163
2026-05-04 19:03:00,1.1836627478609334
2026-05-04 19:04:00,0.3406491961027186
2026-05-04 19:05:00,1.702655230303116
2026-05-04 19:06:00,2.1240540840690176
2026-05-04 19:07:00,3.0547424822403104
2026-05-04 19:08:00,2.901014610509891
2026-05-04 19:09:00,1.2564493033578963
2026-05-04 19:10:00,1.3011363693465587
2026-05-04 19:11:00,1.3114414600890454
2026-05-04 19:12:00,3.8223505822364725
2026-05-04 19:13:00,2.5305790244977913
2026-05-04 19:14:00,1.2461144573046934
2026-05-04 19:15:00,4.164171290381903
2026-05-04 19:16:00,1.295298440104312
2026-05-04 19:17:00,2.7195477255268448
2026-05-04 19:18:00,1.3967959416152238
2026-05-04 19:19:00,1.3527076140546535
2026-05-04 19:20:00,2.053715307374857
2026-05-04 19:21:00,2.7562894787873216
2026-05-04 19:22:00,0.0
2026-05-04 19:23:00,0.0
2026-05-04 19:24:00,1.1006746321855918
2026-05-04 19:25:00,3.143201903403317
2026-05-04 19:26:00,2.85336785314183
2026-05-04 19:27:00,1.2857320776518075
2026-05-04 19:28:00,3.2895619163084557
2026-05-04 19:29:00,2.6209651867873327
2026-05-04 19:30:00,3.18676809690543
2026-05-04 19:31:00,1.9313163399458455
2026-05-04 19:32:00,1.2523417558291965
2026-05-04 19:33:00,1.7670683306027528
2026-05-04 19:34:00,2.577262077578647
2026-05-04 19:35:00,3.4032272895465443
2026-05-04 19:36:00,3.1220167876210576
2026-05-04 19:37:00,2.3521774007575393
2026-05-04 19:38:00,3.568728644797326
2026-05-04 19:39:00,3.5110775960434486
2026-05-04 19:40:00,0.0
2026-05-04 19:41:00,0.9205996586040568
2026-05-04 19:42:00,1.5616517396425103
2026-05-04 19:43:00,0.0865690980891809
2026-05-04 19:44:00,1.6699350060358404
2026-05-04 19:45:00,0.40755764019782986
2026-05-04 19:46:00,1.710878040508769
2026-05-04 19:47:00,1.575031832991427
2026-05-04 19:48:00,3.7011869669605515
2026-05-04 19:49:00,3.667317425479064
2026-05-04 19:50:00,3.309773043653168
2026-05-04 19:51:00,3.1647981396941205
2026-05-04 19:52:00,0.8282624265321802
2026-05-04 19:53:00,4.082799970383783
2026-05-04 19:54:00,2.1713674967052645
2026-05-04 19:55:00,2.860342200398728
2026-05-04 19:56:00,0.24530392711022497
2026-05-04 19:57:00,2.9321309744501787
2026-05-04 19:58:00,2.651551072929045
2026-05-04 19:59:00,2.3232457232992463
2026-05-04 20:00:00,0.99646032928487
2026-05-04 20:01:00,1.6022644626508487
2026-05-04 20:02:00,1.0079704355486692
2026-05-04 20:03:00,0.0
2026-05-04 20:04:00,1.6378666926737107
2026-05-04 20:05:00,0.0
2026-05-04 20:06:00,0.0
2026-05-04 20:07:00,0.6197613089435732
2026-05-04 20:08:00,3.0193366128491284
2026-05-04 20:09:00,2.4811096912862847
2026-05-04 20:10:00,0.0
2026-05-04 20:11:00,2.40716138018903
2026-05-04 20:12:00,1.6131216982588534
2026-05-04 20:13:00,4.122671906851176
2026-05-04 20:14:00,4.058815222584586
2026-05-04 20:15:00,1.5395591931138821
2026-05-04 20:16:00,2.9431045679027728
2026-05-04 20:17:00,1.5357259948080664
2026-05-04 20:18:00,0.0
2026-05-04 20:19:00,3.6332522351330256
2026-05-04 20:20:00,4.090899528624459
2026-05-04 20:21:00,1.785597631423218
2026-05-04 20:22:00,3.9063998958330015
2026-05-04 20:23:00,0.7873563323387104
2026-05-04 20:24:00,3.0310736000612595
2026-05-04 20:25:00,0.6249065035699816
2026-05-04 20:26:00,1.5077393979577016
2026-05-04 20:27:00,2.2042144669275374
2026-05-04 20:28:00,3.3052647934383304
2026-05-04 20:29:00,3.9111985712866004
2026-05-04 20:30:00,1.9937358572863895
2026-05-04 20:31:00,1.1661942685554663
2026-05-04 20:32:00,3.2186178822850287
2026-05-04 20:33:00,0.9582074779259895
2026-05-04 20:34:00,2.7817252326505146
2026-05-04 20:35:00,1.5287983993514094
2026-05-04 20:36:00,2.324811998004252
2026-05-04 20:37:00,0.48162458664209135
2026-05-04 20:38:00,3.746336990789711
2026-05-04 20:39:00,0.1328756230484291
2026-05-04 20:40:00,3.214491041688893
2026-05-04 20:41:00,0.9744447589648544
2026-05-04 20:42:00,1.9499926650188342
2026-05-04 20:43:00,1.0142425080733313
2026-05-04 20:44:00,4.2683168294231315
2026-05-04 20:45:00,2.139065862947706
2026-05-04 20:46:00,1.2863129140804463
2026-05-04 20:47:00,3.807134707136421
2026-05-04 20:48:00,0.6421631617920394
2026-05-04 20:49:00,0.4049588793829356
2026-05-04 20:50:00,3.507484493312397
2026-05-04 20:51:00,3.733860634732503
2026-05-04 20:52:00,1.4294266426530053
2026-05-04 20:53:00,3.975983704741067
2026-05-04 20:54:00,0.0
2026-05-04 20:55:00,0.7527397403871923
2026-05-04 20:56:00,0.17075590236136956
2026-05-04 20:57:00,4.019888270043395
2026-05-04 20:58:00,3.7407830915700733
2026-05-04 20:59:00,1.1255411430439881
2026-05-04 21:00:00,0.0
2026-05-04 21:01:00,2.079771257390197
2026-05-04 21:02:00,3.1224432880187036
2026-05-04 21:03:00,2.0286640760843055
2026-05-04 21:04:00,0.0
2026-05-04 21:05:00,4.0556414867871355
2026-05-04 21:06:00,0.45683794607824635
2026-05-04 21:07:00,3.4455671617384165
2026-05-04 21:08:00,1.5569795620801856
2026-05-04 21:09:00,0.0
2026-05-04 21:10:00,0.626355756946921
2026-05-04 21:11:00,2.8805367816446195
2026-05-04 21:12:00,1.449575576531335
2026-05-04 21:13:00,2.243712457449858
2026-05-04 21:14:00,2.702550330313436
2026-05-04 21:15:00,1.081772290031155
2026-05-04 21:16:00,0.8121032692808492
2026-05-04 21:17:00,3.8064684349764537
2026-05-04 21:18:00,0.48055326970026374
2026-05-04 21:19:00,1.9191895974426243
2026-05-04 21:20:00,1.558001373983286
2026-05-04 21:21:00,3.2342613480954894
2026-05-04 21:22:00,3.9277438856152447
2026-05-04 21:23:00,3.342745702622812
2026-05-04 21:24:00,0.0
2026-05-04 21:25:00,1.12592407652244
2026-05-04 21:26:00,2.1875199012170823
2026-05-04 21:27:00,0.0
2026-05-04 21:28:00,0.4532010102065296
2026-05-04 21:29:00,0.024807395331204685
2026-05-04 21:30:00,3.049963713752056
2026-05-04 21:31:00,0.6444316281785598
2026-05-04 21:32:00,1.2617534674582245
2026-05-04 21:33:00,1.9250374896597189
2026-05-04 21:34:00,0.018825231261587194
2026-05-04 21:35:00,0.0
2026-05-04 21:36:00,0.17484923067566538
2026-05-04 21:37:00,1.0298984848339963
2026-05-04 21:38:00,0.8471028680390811
2026-05-04 21:39:00,0.5297825100487423
2026-05-04 21:40:00,1.9943042634766281
2026-05-04 21:41:00,2.4108487669505907
2026-05-04 21:42:00,3.0410463960280616
2026-05-04 21:43:00,3.3726811276076303
2026-05-04 21:44:00,2.424467035620733
2026-05-04 21:45:00,4.3207137586948505
2026-05-04 21:46:00,2.622669708061318
2026-05-04 21:47:00,0.955269376712732
2026-05-04 21:48:00,3.197911245825342
2026-05-04 21:49:00,0.0
2026-05-04 21:50:00,3.5964608630309187
2026-05-04 21:51:00,0.45887003712305297
2026-05-04 21:52:00,0.0
2026-05-04 21:53:00,0.6299816663130171
2026-05-04 21:54:00,0.7499028424858598
2026-05-04 21:55:00,0.0
2026-05-04 21:56:00,3.75165300241064
2026-05-04 21:57:00,2.587916214967743
2026-05-04 21:58:00,1.9828263370841221
2026-05-04 21:59:00,4.176563596662721
2026-05-04 22:00:00,3.181486097214949
2026-05-04 22:01:00,0.1722588500874731
2026-05-04 22:02:00,4.102509882473317
2026-05-04 22:03:00,1.6741822269159767
2026-05-04 22:04:00,0.0
2026-05-04 22:05:00,0.3645179752126858
2026-05-04 22:06:00,0.16471810466221715
2026-05-04 22:07:00,4.10301415249287
2026-05-04 22:08:00,0.0
2026-05-04 22:09:00,2.9083245306259666
2026-05-04 22:10:00,0.5699032112612697
2026-05-04 22:11:00,2.2883109664237304
2026-05-04 22:12:00,1.3566067803972615
2026-05-04 22:13:00,2.2828779926502536
2026-05-04 22:14:00,0.8275770174127866
2026-05-04 22:15:00,0.26476604744562765
2026-05-04 22:16:00,0.3341289682032182
2026-05-04 22:17:00,3.6212919517005697
2026-05-04 22:18:00,0.33803316474138745
2026-05-04 22:19:00,1.7690222636910438
2026-05-04 22:20:00,1.4798903144189848
2026-05-04 22:21:00,0.6875698899210191
2026-05-04 22:22:00,0.7798313835248394
2026-05-04 22:23:00,2.0030536377312447
2026-05-04 22:24:00,1.131267679932363
2026-05-04 22:25:00,4.241098929166934
2026-05-04 22:26:00,0.313839447952997
2026-05-04 22:27:00,0.415703067717042
2026-05-04 22:28:00,4.05172399062133
2026-05-04 22:29:00,3.554590740430757
2026-05-04 22:30:00,0.3999358638751393
2026-05-04 22:31:00,1.8987061991775704
2026-05-04 22:32:00,1.6527329499841994
2026-05-04 22:33:00,0.8455278856153547
2026-05-04 22:34:00,4.074739038914481
2026-05-04 22:35:00,1.803443098294437
2026-05-04 22:36:00,0.26688478391845877
2026-05-04 22:37:00,0.0
2026-05-04 22:38:00,0.40332821470637165
2026-05-04 22:39:00,1.8327165539981791
2026-05-04 22:40:00,0.011610934524360683
2026-05-04 22:41:00,0.502635425045161
2026-05-04 22:42:00,0.7452808471097907
2026-05-04 22:43:00,0.19290668733617455
2026-05-04 22:44:00,3.509651000995905
2026-05-04 22:45:00,3.1777804018979596
2026-05-04 22:46:00,2.8399607766533608
2026-05-04 22:47:00,0.07722372880497685
2026-05-04 22:48:00,4.072541988354094
2026-05-04 22:49:00,3.5419678781005186
2026-05-04 22:50:00,1.4430370234693501
2026-05-04 22:51:00,4.258962697679807
2026-05-04 22:52:00,3.0817544271809103
2026-05-04 22:53:00,0.0
2026-05-04 22:54:00,3.073015622905558
2026-05-04 22:55:00,3.9259628267784974
2026-05-04 22:56:00,4.179047415771364
2026-05-04 22:57:00,3.945275019136486
2026-05-04 22:58:00,1.3061049631844872
2026-05-04 22:59:00,1.169577286627154
2026-05-04 23:00:00,2.9627134002375057
2026-05-04 23:01:00,1.473335533401598
2026-05-04 23:02:00,2.9458219012387064
2026-05-04 23:03:00,0.0
2026-05-04 23:04:00,1.7202753646990665
2026-05-04 23:05:00,1.640255909682823
2026-05-04 23:06:00,0.0
2026-05-04 23:07:00,2.48756464645974
2026-05-04 23:08:00,3.1850761971569943
2026-05-04 23:09:00,0.8097707084132095
2026-05-04 23:10:00,0.06460827842061401
2026-05-04 23:11:00,2.0211010374936382
2026-05-04 23:12:00,3.0471572082665626
2026-05-04 23:13:00,0.0
2026-05-04 23:14:00,0.581450441735034
2026-05-04 23:15:00,0.5061007690165942
2026-05-04 23:16:00,0.23577117403271064
2026-05-04 23:17:00,0.9069950049330253
2026-05-04 23:18:00,3.328651016882377
2026-05-04 23:19:00,0.9706769851762909
2026-05-04 23:20:00,3.4181492682503745
2026-05-04 23:21:00,4.253350872786884
2026-05-04 23:22:00,0.0
2026-05-04 23:23:00,0.0
2026-05-04 23:24:00,1.694236630111189
2026-05-04 23:25:00,1.5430470255289932
2026-05-04 23:26:00,2.8650525632720654
2026-05-04 23:27:00,2.9827321359099064
2026-05-04 23:28:00,0.2816175514510985
2026-05-04 23:29:00,3.4278330601196627
2026-05-04 23:30:00,3.474459936375297
2026-05-04 23:31:00,3.1723722414484192
2026-05-04 23:32:00,1.908842181651941
2026-05-04 23:33:00,0.7391181842976565
2026-05-04 23:34:00,2.718092763866663
2026-05-04 23:35:00,0.636977509010572
2026-05-04 23:36:00,3.1230002615216166
2026-05-04 23:37:00,0.0
2026-05-04 23:38:00,0.8326230726248581
2026-05-04 23:39:00,0.0
2026-05-04 23:40:00,1.121734769946097
2026-05-04 23:41:00,1.1567093351831579
2026-05-04 23:42:00,3.167417367325025
2026-05-04 23:43:00,3.1611741763118673
2026-05-04 23:44:00,1.7097440116896863
2026-05-04 23:45:00,3.20296771906983
2026-05-04 23:46:00,3.1201443527691928
2026-05-04 23:47:00,0.0
2026-05-04 23:48:00,1.1043324567991277
2026-05-04 23:49:00,0.6434867012176168
2026-05-04 23:50:00,2.622801868453336
2026-05-04 23:51:00,3.497155812312851
2026-05-04 23:52:00,2.45789583058676
2026-05-04 23:53:00,2.461539926936267
2026-05-04 23:54:00,0.8993566043749832
2026-05-04 23:55:00,2.799471939288094
2026-05-04 23:56:00,0.5714754417566326
2026-05-04 23:57:00,0.8806374153807037
2026-05-04 23:58:00,0.964665639143975
2026-05-04 23:59:00,2.740977486381275
2026-05-05 00:00:00,1.823476543471345
2026-05-05 00:01:00,3.5379699361849446
2026-05-05 00:02:00,3.519867058700158
2026-05-05 00:03:00,0.993039705890931
2026-05-05 00:04:00,2.3157035362433014
2026-05-05 00:05:00,4.163460427067207
2026-05-05 00:06:00,4.010601348045595
2026-05-05 00:07:00,0.11210187656359816
2026-05-05 00:08:00,3.38994188261267
2026-05-05 00:09:00,0.0
2026-05-05 00:10:00,0.423206949191949
2026-05-05 00:11:00,2.8426806073421216
2026-05-05 00:12:00,0.0
2026-05-05 00:13:00,2.113359721700195
2026-05-05 00:14:00,3.888863714715722
2026-05-05 00:15:00,2.6876917424673077
2026-05-05 00:16:00,1.846516130397835
2026-05-05 00:17:00,2.1569633371851618
2026-05-05 00:18:00,0.23485412565669211
2026-05-05 00:19:00,3.9776610228946554
2026-05-05 00:20:00,0.0
2026-05-05 00:21:00,3.090692357749428
2026-05-05 00:22:00,3.352595277112473
2026-05-05 00:23:00,2.662387220517411
2026-05-05 00:24:00,1.1031438074702662
2026-05-05 00:25:00,3.2726749669574513
2026-05-05 00:26:00,3.807929907829022
2026-05-05 00:27:00,2.5116169030494153
2026-05-05 00:28:00,0.6286891606387068
2026-05-05 00:29:00,1.9328970470157398
2026-05-05 00:30:00,0.0
2026-05-05 00:31:00,0.9537569311634657
2026-05-05 00:32:00,0.4650321052853134
2026-05-05 00:33:00,2.8160122282782307
2026-05-05 00:34:00,1.4213091446925552
2026-05-05 00:35:00,0.43959796029828935
2026-05-05 00:36:00,1.3449611518927365
2026-05-05 00:37:00,0.32689929891557223
2026-05-05 00:38:00,2.9356381310287967
2026-05-05 00:39:00,0.24021761872424724
2026-05-05 00:40:00,2.6558010061939092
2026-05-05 00:41:00,3.7662732984495495
2026-05-05 00:42:00,3.799563033688351
2026-05-05 00:43:00,3.423915978598403
2026-05-05 00:44:00,3.5659634739006583
2026-05-05 00:45:00,1.1852373374038627
2026-05-05 00:46:00,0.13319495207137005
2026-05-05 00:47:00,2.377991799886571
2026-05-05 00:48:00,0.0
2026-05-05 00:49:00,0.6916068764453935
2026-05-05 00:50:00,0.4366658733469908
2026-05-05 00:51:00,2.9888972331244874
2026-05-05 00:52:00,2.6612481788938203
2026-05-05 00:53:00,1.3539007123339306
2026-05-05 00:54:00,2.32213848140362
2026-05-05 00:55:00,4.21867271932552
2026-05-05 00:56:00,1.377152422032705
2026-05-05 00:57:00,1.8366558565453701
2026-05-05 00:58:00,1.567412985181352
2026-05-05 00:59:00,1.504706143314483
2026-05-05 01:00:00,2.034469280485394
2026-05-05 01:01:00,1.635470818256858
2026-05-05 01:02:00,3.4751497621473812
2026-05-05 01:03:00,0.9687260770123336
2026-05-05 01:04:00,1.7153577891095306
2026-05-05 01:05:00,1.430111682581162
2026-05-05 01:06:00,1.5267984753523498
2026-05-05 01:07:00,0.6240622217491738
2026-05-05 01:08:00,2.82849036302678
2026-05-05 01:09:00,1.645533691283057
2026-05-05 01:10:00,1.8471590903348094
2026-05-05 01:11:00,0.4108737599046028
2026-05-05 01:12:00,1.2209346370296803
2026-05-05 01:13:00,2.640278933709106
2026-05-05 01:14:00,3.631497802603979
2026-05-05 01:15:00,1.1643947725479893
2026-05-05 01:16:00,0.0
2026-05-05 01:17:00,0.2333858844427153
2026-05-05 01:18:00,3.6735235064354175
2026-05-05 01:19:00,0.007521464261551758
2026-05-05 01:20:00,3.488279417102758
2026-05-05 01:21:00,0.22170439745016945
2026-05-05 01:22:00,0.6701268287237616
2026-05-05 01:23:00,1.3711020187712173
2026-05-05 01:24:00,2.571557560236114
2026-05-05 01:25:00,1.926123148221936
2026-05-05 01:26:00,0.8647391763391645
2026-05-05 01:27:00,3.634109811270525
2026-05-05 01:28:00,0.23681084768423089
2026-05-05 01:29:00,1.831077446647988
2026-05-05 01:30:00,2.655747507401349
2026-05-05 01:31:00,2.3027718131866743
2026-05-05 01:32:00,0.19747378796634985
2026-05-05 01:33:00,3.6295994602733272
2026-05-05 01:34:00,0.08452285115641855
2026-05-05 01:35:00,0.6584420479628014
2026-05-05 01:36:00,4.084762455685086
2026-05-05 01:37:00,2.1578410142758226
2026-05-05 01:38:00,0.389440469619088
2026-05-05 01:39:00,0.8635371131277874
2026-05-05 01:40:00,1.434971262281228
2026-05-05 01:41:00,2.324467006790716
2026-05-05 01:42:00,0.46932241883481274
2026-05-05 01:43:00,0.0
2026-05-05 01:44:00,3.551130182549679
2026-05-05 01:45:00,1.5962944796149614
2026-05-05 01:46:00,3.773450000980767
2026-05-05 01:47:00,3.190881501660558
2026-05-05 01:48:00,0.0
2026-05-05 01:49:00,2.7606173906734535
2026-05-05 01:50:00,0.0
2026-05-05 01:51:00,1.374309353698755
2026-05-05 01:52:00,0.7320717686123407
2026-05-05 01:53:00,2.065835452431334
2026-05-05 01:54:00,3.8635761136210753
2026-05-05 01:55:00,1.5090553087866163
2026-05-05 01:56:00,3.0683356448480996
2026-05-05 01:57:00,1.0482632718147449
2026-05-05 01:58:00,1.019130210045925
2026-05-05 01:59:00,0.8872469154531691
2026-05-05 02:00:00,1.42618264351355
2026-05-05 02:01:00,1.7014640742068887
2026-05-05 02:02:00,2.4582343968239626
2026-05-05 02:03:00,2.328720926189167
2026-05-05 02:04:00,4.067309315044061
2026-05-05 02:05:00,0.03632429273167115
2026-05-05 02:06:00,3.1920948378920055
2026-05-05 02:07:00,1.395580803266899
2026-05-05 02:08:00,0.963723768457399
2026-05-05 02:09:00,4.097324208282257
2026-05-05 02:10:00,1.553764578847161
2026-05-05 02:11:00,2.6390057364759976
2026-05-05 02:12:00,0.914097587270235
2026-05-05 02:13:00,3.2159408398568763
2026-05-05 02:14:00,1.0141624446707227
2026-05-05 02:15:00,1.293115397838832
2026-05-05 02:16:00,3.622545579820818
2026-05-05 02:17:00,1.2203707386275224
2026-05-05 02:18:00,3.2994571814263205
2026-05-05 02:19:00,0.0
2026-05-05 02:20:00,0.28660337427476046
2026-05-05 02:21:00,1.713573808808876
2026-05-05 02:22:00,0.6523969584013302
2026-05-05 02:23:00,0.0
2026-05-05 02:24:00,0.0
2026-05-05 02:25:00,0.7962531083539934
2026-05-05 02:26:00,1.8835603841294961
2026-05-05 02:27:00,0.24082494295821344
2026-05-05 02:28:00,2.742302335565888
2026-05-05 02:29:00,0.6311082649655803
2026-05-05 02:30:00,0.7784478518446166
2026-05-05 02:31:00,2.3026063982284404
2026-05-05 02:32:00,1.7601613189956897
2026-05-05 02:33:00,3.607781984534839
2026-05-05 02:34:00,2.3055876558924497
2026-05-05 02:35:00,0.46459405509458795
2026-05-05 02:36:00,0.0
2026-05-05 02:37:00,2.765110401417173
2026-05-05 02:38:00,2.3918700052944546
2026-05-05 02:39:00,2.841627970420467
2026-05-05 02:40:00,0.006648354454756311
2026-05-05 02:41:00,0.4525824992042872
2026-05-05 02:42:00,0.5194460538326086
2026-05-05 02:43:00,0.2337999272796059
2026-05-05 02:44:00,1.8484506550372537
2026-05-05 02:45:00,4.206839757415711
2026-05-05 02:46:00,0.25075242156301997
2026-05-05 02:47:00,3.4120736466825337
2026-05-05 02:48:00,0.01722126326719431
2026-05-05 02:49:00,2.743515382209969
2026-05-05 02:50:00,2.1868230670942412
2026-05-05 02:51:00,2.205779892554481
2026-05-05 02:52:00,0.9304467921140521
2026-05-05 02:53:00,0.7160273831595703
2026-05-05 02:54:00,2.013171427548313
2026-05-05 02:55:00,3.2954689490996083
2026-05-05 02:56:00,3.904507225036896
2026-05-05 02:57:00,2.967908080681567
2026-05-05 02:58:00,3.2167737557873477
2026-05-05 02:59:00,0.6985103141257835
2026-05-05 03:00:00,0.15610761393896333
2026-05-05 03:01:00,1.170349701346322
2026-05-05 03:02:00,3.655546034101641
2026-05-05 03:03:00,2.1374871493193184
2026-05-05 03:04:00,2.793558968167872
2026-05-05 03:05:00,2.1729781513681403
2026-05-05 03:06:00,0.7763621267179591
2026-05-05 03:07:00,2.3415399454094477
2026-05-05 03:08:00,2.422012751379147
2026-05-05 03:09:00,2.454631912905782
2026-05-05 03:10:00,1.0297300950340305
2026-05-05 03:11:00,3.5129166621213606
2026-05-05 03:12:00,0.38981384577360845
2026-05-05 03:13:00,0.0
2026-05-05 03:14:00,0.705461752242569
2026-05-05 03:15:00,0.37837510780556405
2026-05-05 03:16:00,2.171917362689112
2026-05-05 03:17:00,0.0
2026-05-05 03:18:00,0.22780812643114356
2026-05-05 03:19:00,2.512627795707244
2026-05-05 03:20:00,0.11381017282087569
2026-05-05 03:21:00,3.4980219877081673
2026-05-05 03:22:00,2.5262356550569613
2026-05-05 03:23:00,3.9818018726919457
2026-05-05 03:24:00,3.8503891106908013
2026-05-05 03:25:00,0.5018837702947158
2026-05-05 03:26:00,0.2399512457269633
2026-05-05 03:27:00,2.189783669849057
2026-05-05 03:28:00,0.7033215025366526
2026-05-05 03:29:00,3.3885381433354564
2026-05-05 03:30:00,3.129274513471408
2026-05-05 03:31:00,3.5372260764601244
2026-05-05 03:32:00,0.4961761823188433
2026-05-05 03:33:00,3.2298281406853486
2026-05-05 03:34:00,1.917049001271343
2026-05-05 03:35:00,2.4326924502330325
2026-05-05 03:36:00,2.0987016896357895
2026-05-05 03:37:00,4.015770582114107
2026-05-05 03:38:00,3.839128912439965
2026-05-05 03:39:00,1.3439265883357776
2026-05-05 03:40:00,0.4851653221625769
2026-05-05 03:41:00,3.2415938558585418
2026-05-05 03:42:00,3.6586423189608137
2026-05-05 03:43:00,3.0827495013971706
2026-05-05 03:44:00,4.224447013122454
2026-05-05 03:45:00,3.391899686819737
2026-05-05 03:46:00,2.38246802954473
2026-05-05 03:47:00,0.0
2026-05-05 03:48:00,0.38201299507204134
2026-05-05 03:49:00,0.596430072385636
2026-05-05 03:50:00,1.4474085934309768
2026-05-05 03:51:00,1.5187414743149823
2026-05-05 03:52:00,0.24002223089792113
2026-05-05 03:53:00,0.0
2026-05-05 03:54:00,1.7696783366547657
2026-05-05 03:55:00,3.9435614819726945
2026-05-05 03:56:00,2.194930656151261
2026-05-05 03:57:00,3.884485503934869
2026-05-05 03:58:00,3.514895381511978
2026-05-05 03:59:00,4.1981857237243325
2026-05-05 04:00:00,3.993498018427234
2026-05-05 04:01:00,1.0515061741672853
2026-05-05 04:02:00,0.6523889871472188
2026-05-05 04:03:00,1.7520524293065511
2026-05-05 04:04:00,1.1746540025382504
2026-05-05 04:05:00,2.046899476037279
2026-05-05 04:06:00,3.261477369746447
2026-05-05 04:07:00,2.4102179007857605
2026-05-05 04:08:00,0.796988914175362
2026-05-05 04:09:00,3.640457619293718
2026-05-05 04:10:00,3.8096017628228114
2026-05-05 04:11:00,0.38023522518305597
2026-05-05 04:12:00,2.5230420481358475
2026-05-05 04:13:00,3.8368737968140403
2026-05-05 04:14:00,3.048938871254922
2026-05-05 04:15:00,2.506859391198326
2026-05-05 04:16:00,0.5811762189173112
2026-05-05 04:17:00,0.10765443101904437
2026-05-05 04:18:00,0.0
2026-05-05 04:19:00,0.0
2026-05-05 04:20:00,3.910134828670903
2026-05-05 04:21:00,0.5991948600134691
2026-05-05 04:22:00,1.6876790069703054
2026-05-05 04:23:00,0.8358915554171078
2026-05-05 04:24:00,2.36595119558974
2026-05-05 04:25:00,1.480815130005393
2026-05-05 04:26:00,4.155682331491358
2026-05-05 04:27:00,3.7030072553357947
2026-05-05 04:28:00,0.4785126455254971
2026-05-05 04:29:00,2.5654155044198568
2026-05-05 04:30:00,0.6171892817255776
2026-05-05 04:31:00,3.2823910009098665
2026-05-05 04:32:00,4.099534124911687
2026-05-05 04:33:00,2.1547651233117655
2026-05-05 04:34:00,3.4750426394576186
2026-05-05 04:35:00,1.5444153426956087
2026-05-05 04:36:00,2.7903143831610318
2026-05-05 04:37:00,0.0
2026-05-05 04:38:00,1.1496083120628409
2026-05-05 04:39:00,3.8464676525951313
2026-05-05 04:40:00,3.316875106867202
2026-05-05 04:41:00,1.9283812547600863
2026-05-05 04:42:00,1.246708604491312
2026-05-05 04:43:00,0.7460888160149871
2026-05-05 04:44:00,3.311382474004946
2026-05-05 04:45:00,0.0
2026-05-05 04:46:00,2.898936544416492
2026-05-05 04:47:00,3.2260227931548044
2026-05-05 04:48:00,1.2829917825812576
2026-05-05 04:49:00,2.662271168865008
2026-05-05 04:50:00,3.850093943723638
2026-05-05 04:51:00,2.9941386817711892
2026-05-05 04:52:00,1.4137558976729867
2026-05-05 04:53:00,1.4739405767709546
2026-05-05 04:54:00,2.477649892747033
2026-05-05 04:55:00,0.7523011510344577
2026-05-05 04:56:00,2.5092911976006076
2026-05-05 04:57:00,0.0
2026-05-05 04:58:00,2.6692135887366746
2026-05-05 04:59:00,2.470015067617651
2026-05-05 05:00:00,4.17184071237676
2026-05-05 05:01:00,3.0830025462213433
2026-05-05 05:02:00,3.212642094129753
2026-05-05 05:03:00,3.225367981705166
2026-05-05 05:04:00,3.568007554358672
2026-05-05 05:05:00,0.6414809533857857
2026-05-05 05:06:00,1.671231959741672
2026-05-05 05:07:00,4.002172982376455
2026-05-05 05:08:00,1.8001795484052983
2026-05-05 05:09:00,1.6121410924781765
2026-05-05 05:10:00,0.0
2026-05-05 05:11:00,0.044940978871111925
2026-05-05 05:12:00,0.31624107805853363
2026-05-05 05:13:00,1.0968598702668095
2026-05-05 05:14:00,0.0
2026-05-05 05:15:00,1.2364044092115474
2026-05-05 05:16:00,2.9624808789134964
2026-05-05 05:17:00,2.1262228291071503
2026-05-05 05:18:00,0.0
2026-05-05 05:19:00,4.083800307751509
2026-05-05 05:20:00,4.120181327501952
2026-05-05 05:21:00,2.837572509895593
2026-05-05 05:22:00,0.750581856748177
2026-05-05 05:23:00,0.005725052686619936
2026-05-05 05:24:00,4.051500604214742
2026-05-05 05:25:00,0.08319005979393634
2026-05-05 05:26:00,1.037490432470525
2026-05-05 05:27:00,3.022442632810045
2026-05-05 05:28:00,0.7189666366131408
2026-05-05 05:29:00,3.6831197360195738
2026-05-05 05:30:00,3.778708206181958
2026-05-05 05:31:00,1.4885668702221104
2026-05-05 05:32:00,3.0798568392059535
2026-05-05 05:33:00,1.4795169539731639
2026-05-05 05:34:00,2.529114724983163
2026-05-05 05:35:00,3.1631641591728217
2026-05-05 05:36:00,0.010981952508885118
2026-05-05 05:37:00,1.1045172940189352
2026-05-05 05:38:00,2.640745561186188
2026-05-05 05:39:00,1.2848949612897846
2026-05-05 05:40:00,0.24444661331530498
2026-05-05 05:41:00,0.010594424358263965
2026-05-05 05:42:00,3.515584370448872
2026-05-05 05:43:00,1.9726919728671413
2026-05-05 05:44:00,3.68130418408952
2026-05-05 05:45:00,2.2820815335187556
2026-05-05 05:46:00,3.0579226339694934
2026-05-05 05:47:00,3.7701530097447655
2026-05-05 05:48:00,2.166851713672423
2026-05-05 05:49:00,0.8047962205707412
2026-05-05 05:50:00,0.5922055043757953
2026-05-05 05:51:00,4.278694831698715
2026-05-05 05:52:00,2.755780142255674
2026-05-05 05:53:00,0.7014381404659397
2026-05-05 05:54:00,0.03817138317010371
2026-05-05 05:55:00,0.2796021562808039
2026-05-05 05:56:00,0.45772475045251054
2026-05-05 05:57:00,0.7764894885139617
2026-05-05 05:58:00,0.6490991032598369
2026-05-05 05:59:00,2.728982961211126
2026-05-05 06:00:00,1.4897449664619935
2026-05-05 06:01:00,3.6912044794484284
2026-05-05 06:02:00,3.7632632621415074
2026-05-05 06:03:00,1.9383089291492976
2026-05-05 06:04:00,1.836893713490661
2026-05-05 06:05:00,4.096781966855909
2026-05-05 06:06:00,3.3716373775883155
2026-05-05 06:07:00,1.3267557050856178
2026-05-05 06:08:00,0.9506438993531667
2026-05-05 06:09:00,3.0210749862312056
2026-05-05 06:10:00,0.0
2026-05-05 06:11:00,4.0255116439763565
2026-05-05 06:12:00,1.2276668604099727
2026-05-05 06:13:00,0.97306510302827
2026-05-05 06:14:00,1.1728418734023864
2026-05-05 06:15:00,1.7130807446106364
2026-05-05 06:16:00,1.7620533746554519
2026-05-05 06:17:00,0.0
2026-05-05 06:18:00,2.4937830609798324
2026-05-05 06:19:00,1.2622795474647055
2026-05-05 06:20:00,0.514979286889789
2026-05-05 06:21:00,3.7908926142660953
2026-05-05 06:22:00,3.281516293210746
2026-05-05 06:23:00,1.9125728497531762
2026-05-05 06:24:00,2.975802671255094
2026-05-05 06:25:00,0.0
2026-05-05 06:26:00,3.2144975919003147
2026-05-05 06:27:00,0.0
2026-05-05 06:28:00,3.1153634576878924
2026-05-05 06:29:00,0.5032862533778842
2026-05-05 06:30:00,0.8813361633015553
2026-05-05 06:31:00,0.6485170641439864
2026-05-05 06:32:00,0.14424170681849302
2026-05-05 06:33:00,4.015517759347553
2026-05-05 06:34:00,0.08516296601379902
2026-05-05 06:35:00,1.4787226894661762
2026-05-05 06:36:00,0.395785365857249
2026-05-05 06:37:00,0.4907173403666109
2026-05-05 06:38:00,0.0
2026-05-05 06:39:00,3.2531592979426414
2026-05-05 06:40:00,3.6249459645829436
2026-05-05 06:41:00,0.0
2026-05-05 06:42:00,2.12164101546813
2026-05-05 06:43:00,0.446751690945202
2026-05-05 06:44:00,1.03495884146424
2026-05-05 06:45:00,0.2300912125361929
2026-05-05 06:46:00,0.17254805991981026
2026-05-05 06:47:00,1.467528090124707
2026-05-05 06:48:00,1.066739250508679
2026-05-05 06:49:00,2.9758383013206164
2026-05-05 06:50:00,0.7545167078262689
2026-05-05 06:51:00,4.163529721894742
2026-05-05 06:52:00,1.276548399588524
2026-05-05 06:53:00,1.6258067291302
2026-05-05 06:54:00,2.904724383714524
2026-05-05 06:55:00,0.0
2026-05-05 06:56:00,2.1100221601326408
2026-05-05 06:57:00,3.618031121610664
2026-05-05 06:58:00,3.9436926037577504
2026-05-05 06:59:00,2.778803636657293
2026-05-05 07:00:00,1.2626847738307125
2026-05-05 07:01:00,3.4965920555832986
2026-05-05 07:02:00,2.522745045453044
2026-05-05 07:03:00,1.057678629551194
2026-05-05 07:04:00,3.254046756744436
2026-05-05 07:05:00,0.8179243564608655
2026-05-05 07:06:00,2.2783966557164637
2026-05-05 07:07:00,2.6635992212419732
2026-05-05 07:08:00,0.18484758898545783
2026-05-05 07:09:00,4.142811953000166
2026-05-05 07:10:00,1.8352964650621142
2026-05-05 07:11:00,3.1435785624777757
2026-05-05 07:12:00,0.0
2026-05-05 07:13:00,3.382582372242921
2026-05-05 07:14:00,1.7941712142098112
2026-05-05 07:15:00,0.6380470497192183
2026-05-05 07:16:00,0.0
2026-05-05 07:17:00,3.5799900799102966
2026-05-05 07:18:00,3.6851014289412443
2026-05-05 07:19:00,0.2647866937231715
2026-05-05 07:20:00,3.9107147524384027
2026-05-05 07:21:00,1.6735326004056605
2026-05-05 07:22:00,2.9963572673923444
2026-05-05 07:23:00,3.707343786800806
2026-05-05 07:24:00,0.8995014000764974
2026-05-05 07:25:00,2.6650333092537855
2026-05-05 07:26:00,4.048603012185534
2026-05-05 07:27:00,0.0
2026-05-05 07:28:00,1.1551801578385563
2026-05-05 07:29:00,2.9993304641459537
2026-05-05 07:30:00,4.073162042135989
2026-05-05 07:31:00,2.515138865894892
2026-05-05 07:32:00,3.1585630966259064
2026-05-05 07:33:00,2.4347492465239644
2026-05-05 07:34:00,1.863802224328769
2026-05-05 07:35:00,0.6946538939393465
2026-05-05 07:36:00,2.556995765653952
2026-05-05 07:37:00,1.3817135561006728
2026-05-05 07:38:00,3.4917069420795626
2026-05-05 07:39:00,2.3169575041952872
2026-05-05 07:40:00,1.8911324394584854
2026-05-05 07:41:00,0.7425786252770437
2026-05-05 07:42:00,0.5685820655395484
2026-05-05 07:43:00,2.344031738250738
2026-05-05 07:44:00,0.5074210777538795
2026-05-05 07:45:00,1.46378099817503
2026-05-05 07:46:00,1.067328081716559
2026-05-05 07:47:00,1.3878861555581956
2026-05-05 07:48:00,1.1200306417895936
2026-05-05 07:49:00,1.4022124147221477
2026-05-05 07:50:00,0.0
2026-05-05 07:51:00,1.8129444041778375
2026-05-05 07:52:00,4.224821566281602
2026-05-05 07:53:00,0.8214664005213533
2026-05-05 07:54:00,3.109161021632458
2026-05-05 07:55:00,4.213392816367382
2026-05-05 07:56:00,0.05471191294564259
2026-05-05 07:57:00,1.9385575201665435
2026-05-05 07:58:00,0.497306782902623
2026-05-05 07:59:00,3.8185106454788635
2026-05-05 08:00:00,0.8448470048832896
2026-05-05 08:01:00,3.8418129386036757
2026-05-05 08:02:00,0.0
2026-05-05 08:03:00,2.1616154112021446
2026-05-05 08:04:00,3.38297724764461
2026-05-05 08:05:00,2.5148769875684094
2026-05-05 08:06:00,0.11798942506344146
2026-05-05 08:07:00,0.6957150923475659
2026-05-05 08:08:00,2.786455488512395
2026-05-05 08:09:00,2.3841111252503873
2026-05-05 08:10:00,4.003315344549063
2026-05-05 08:11:00,0.020678610195364433
2026-05-05 08:12:00,3.114131950634496
2026-05-05 08:13:00,1.9629430530548129
2026-05-05 08:14:00,3.984616054301797
2026-05-05 08:15:00,3.5222198227445607
2026-05-05 08:16:00,4.1304125684929875
2026-05-05 08:17:00,3.773085205975436
2026-05-05 08:18:00,2.8333808655630834
2026-05-05 08:19:00,3.4666150350770115
2026-05-05 08:20:00,2.757822276036447
2026-05-05 08:21:00,1.7838142674855444
2026-05-05 08:22:00,1.8133013920549779
2026-05-05 08:23:00,0.11711033662128822
2026-05-05 08:24:00,0.0061576629191644194
2026-05-05 08:25:00,0.8268895205064335
2026-05-05 08:26:00,3.2109231082788394
2026-05-05 08:27:00,0.4701873686475806
2026-05-05 08:28:00,2.1386600329217726
2026-05-05 08:29:00,2.3620723701239776
2026-05-05 08:30:00,2.278782787680904
2026-05-05 08:31:00,2.3380381125983334
2026-05-05 08:32:00,1.3245650702536238
2026-05-05 08:33:00,1.4725644027662579
2026-05-05 08:34:00,3.622395707254371
2026-05-05 08:35:00,0.38907919313051664
2026-05-05 08:36:00,0.0
2026-05-05 08:37:00,4.0606793349989605
2026-05-05 08:38:00,4.182460988076828
2026-05-05 08:39:00,3.7111123104266035
2026-05-05 08:40:00,0.4297264169620756
2026-05-05 08:41:00,1.0444914867947672
2026-05-05 08:42:00,0.6150643768308545
2026-05-05 08:43:00,3.2813635094456357
2026-05-05 08:44:00,3.895505475860003
2026-05-05 08:45:00,1.8853277958608536
2026-05-05 08:46:00,1.3559851634130984
2026-05-05 08:47:00,0.41153280089510635
2026-05-05 08:48:00,3.7353405035906846
2026-05-05 08:49:00,2.101991185126016
2026-05-05 08:50:00,0.0
2026-05-05 08:51:00,0.9441157177327075
2026-05-05 08:52:00,2.251819896848726
2026-05-05 08:53:00,0.7531593998666253
2026-05-05 08:54:00,3.188490637159716
2026-05-05 08:55:00,2.668922099435874
2026-05-05 08:56:00,2.7993182591001955
2026-05-05 08:57:00,0.0
2026-05-05 08:58:00,3.307164142505605
2026-05-05 08:59:00,0.3698217846879877
2026-05-05 09:00:00,3.987411185929673
2026-05-05 09:01:00,3.6875268781361097
2026-05-05 09:02:00,1.2832173606480584
2026-05-05 09:03:00,1.6944816049794302
2026-05-05 09:04:00,3.2917073497486173
2026-05-05 09:05:00,3.037288801931455
2026-05-05 09:06:00,0.5929401758184536
2026-05-05 09:07:00,3.8267460105780082
2026-05-05 09:08:00,0.0
2026-05-05 09:09:00,2.2627606405012806
2026-05-05 09:10:00,3.512616356135491
2026-05-05 09:11:00,0.9708563028040113
2026-05-05 09:12:00,1.5026079939456043
2026-05-05 09:13:00,0.528218557884541
2026-05-05 09:14:00,0.602876006136049
2026-05-05 09:15:00,1.716124709430237
2026-05-05 09:16:00,2.4530887082983073
2026-05-05 09:17:00,3.3173993192655837
2026-05-05 09:18:00,0.5153824527464055
2026-05-05 09:19:00,3.2485368030495465
2026-05-05 09:20:00,3.6035103198953173
2026-05-05 09:21:00,1.4591122371721004
2026-05-05 09:22:00,0.0
2026-05-05 09:23:00,0.0
2026-05-05 09:24:00,4.138785283166343
2026-05-05 09:25:00,3.060655775467855
2026-05-05 09:26:00,1.4023248239521102
2026-05-05 09:27:00,2.669558478718452
2026-05-05 09:28:00,4.0609928486018845
2026-05-05 09:29:00,1.754540604433671
2026-05-05 09:30:00,3.47366235312753
2026-05-05 09:31:00,3.2281524587701442
2026-05-05 09:32:00,0.33694820765819533
2026-05-05 09:33:00,0.7777689069426652
2026-05-05 09:34:00,2.707806420871054
2026-05-05 09:35:00,3.744542463937953
2026-05-05 09:36:00,1.1676737319961679
2026-05-05 09:37:00,4.078878239468537
2026-05-05 09:38:00,3.5659992556148232
2026-05-05 09:39:00,1.528140123757473
2026-05-05 09:40:00,3.0892940364034227
2026-05-05 09:41:00,0.21874446320348917
2026-05-05 09:42:00,2.6143388095823914
2026-05-05 09:43:00,0.0
2026-05-05 09:44:00,0.0
2026-05-05 09:45:00,0.8993909122333599
2026-05-05 09:46:00,2.3722760770440994
2026-05-05 09:47:00,0.0
2026-05-05 09:48:00,2.0845700557486384
2026-05-05 09:49:00,0.4584741691728077
2026-05-05 09:50:00,2.747706542952213
2026-05-05 09:51:00,2.8776563174559957
2026-05-05 09:52:00,2.1466310457342392
2026-05-05 09:53:00,1.4729391598524972
2026-05-05 09:54:00,1.378427618149907
2026-05-05 09:55:00,0.4445776256732853
2026-05-05 09:56:00,3.460472945593581
2026-05-05 09:57:00,0.2088646708952625
2026-05-05 09:58:00,0.32033023205933825
2026-05-05 09:59:00,3.9575521198502277
2026-05-05 10:00:00,0.5324481438245184
2026-05-05 10:01:00,0.9541537804409708
2026-05-05 10:02:00,3.6214635285071846
2026-05-05 10:03:00,1.187733188461363
2026-05-05 10:04:00,1.9148431974799092
2026-05-05 10:05:00,0.04998676425588988
2026-05-05 10:06:00,1.8390880541374397
2026-05-05 10:07:00,1.479288813548977
2026-05-05 10:08:00,2.675303029489934
2026-05-05 10:09:00,2.6004512311151355
2026-05-05 10:10:00,1.3987457703477424
2026-05-05 10:11:00,2.7746864678955374
2026-05-05 10:12:00,4.068053763315303
2026-05-05 10:13:00,1.8147517925851029
2026-05-05 10:14:00,0.31710896865393406
2026-05-05 10:15:00,1.3670545881518583
2026-05-05 10:16:00,1.589668901072053
2026-05-05 10:17:00,2.1135671170928134
2026-05-05 10:18:00,0.0
2026-05-05 10:19:00,3.7566022503136027
2026-05-05 10:20:00,0.5514698917897647
2026-05-05 10:21:00,0.0
2026-05-05 10:22:00,1.534195627173995
2026-05-05 10:23:00,1.3639778068931927
2026-05-05 10:24:00,2.319385931948445
2026-05-05 10:25:00,3.19031327349174
2026-05-05 10:26:00,3.8692805408708937
2026-05-05 10:27:00,1.0037244102822793
2026-05-05 10:28:00,3.805238893742716
2026-05-05 10:29:00,1.680125080303634
2026-05-05 10:30:00,0.5471237191659849
2026-05-05 10:31:00,0.1130589381539191
2026-05-05 10:32:00,0.11965740543038428
2026-05-05 10:33:00,3.837385638232345
2026-05-05 10:34:00,2.641719420391022
2026-05-05 10:35:00,3.8011681200875596
2026-05-05 10:36:00,0.803501378730711
2026-05-05 10:37:00,2.739308306620189
2026-05-05 10:38:00,0.0
2026-05-05 10:39:00,1.0414025444079698
2026-05-05 10:40:00,3.4808017754334224
2026-05-05 10:41:00,0.48490903809342556
2026-05-05 10:42:00,0.35734204989175694
2026-05-05 10:43:00,3.701174950193237
2026-05-05 10:44:00,3.975893982175786
2026-05-05 10:45:00,1.0921295133034288
2026-05-05 10:46:00,1.7126333666941114
2026-05-05 10:47:00,4.076495573192739
2026-05-05 10:48:00,3.6272173569963764
2026-05-05 10:49:00,0.0
2026-05-05 10:50:00,0.7921545186744836
2026-05-05 10:51:00,1.2274775028148366
2026-05-05 10:52:00,2.096138222135325
2026-05-05 10:53:00,4.18141663081265
2026-05-05 10:54:00,2.1012693117556775
2026-05-05 10:55:00,0.0
2026-05-05 10:56:00,2.463991826733999
2026-05-05 10:57:00,1.4921030456263393
2026-05-05 10:58:00,1.840481759210683
2026-05-05 10:59:00,1.4339788943340612
2026-05-05 11:00:00,0.0
2026-05-05 11:01:00,2.3345345422513653
2026-05-05 11:02:00,1.3836145934911537
2026-05-05 11:03:00,1.525298455869311
2026-05-05 11:04:00,1.153739055210791
2026-05-05 11:05:00,1.952721084321527
2026-05-05 11:06:00,3.4384595865438286
2026-05-05 11:07:00,1.0937278807779767
2026-05-05 11:08:00,3.044586402531945
2026-05-05 11:09:00,1.2065554834083447
2026-05-05 11:10:00,1.6762966617394288
2026-05-05 11:11:00,3.052717309176102
2026-05-05 11:12:00,0.5093616327902454
2026-05-05 11:13:00,2.2502464075771207
2026-05-05 11:14:00,2.4736555190874014
2026-05-05 11:15:00,0.0
2026-05-05 11:16:00,2.6196411754548694
2026-05-05 11:17:00,1.660693010171707
2026-05-05 11:18:00,3.5082868796330837
2026-05-05 11:19:00,3.2689021631206527
2026-05-05 11:20:00,3.7622100252164654
2026-05-05 11:21:00,2.1976025239045973
2026-05-05 11:22:00,1.1686698220777298
2026-05-05 11:23:00,3.0105445320890656
2026-05-05 11:24:00,0.015325797954687581
2026-05-05 11:25:00,0.0
2026-05-05 11:26:00,3.9928668570195005
2026-05-05 11:27:00,1.0991803285389872
2026-05-05 11:28:00,0.33144031398870266
2026-05-05 11:29:00,1.4288858044372965
2026-05-05 11:30:00,2.032028151958046
2026-05-05 11:31:00,3.0018972061599376
2026-05-05 11:32:00,2.1422244169936677
2026-05-05 11:33:00,0.15787805966759538
2026-05-05 11:34:00,0.0
2026-05-05 11:35:00,2.465611550585514
2026-05-05 11:36:00,3.233348078184946
2026-05-05 11:37:00,4.109386687663938
2026-05-05 11:38:00,1.9627244901920702
2026-05-05 11:39:00,0.4478802995469607
2026-05-05 11:40:00,2.668392624665237
2026-05-05 11:41:00,3.554092333986476
2026-05-05 11:42:00,3.3367831597664797
2026-05-05 11:43:00,3.08499197305908
2026-05-05 11:44:00,0.17718099339134152
2026-05-05 11:45:00,4.158608540933544
2026-05-05 11:46:00,2.064339205797415
2026-05-05 11:47:00,0.5348438960356081
2026-05-05 11:48:00,1.373720732916583
2026-05-05 11:49:00,2.650744955394293
2026-05-05 11:50:00,3.8523800363706093
2026-05-05 11:51:00,3.759824342575418
2026-05-05 11:52:00,2.7014107365625577
2026-05-05 11:53:00,1.0070860847134555
2026-05-05 11:54:00,0.0
2026-05-05 11:55:00,0.045171724789372814
2026-05-05 11:56:00,1.46318642266026
2026-05-05 11:57:00,1.4938657865985125
2026-05-05 11:58:00,0.0
2026-05-05 11:59:00,4.103619841610065
2026-05-05 12:00:00,3.1085207447094048
2026-05-05 12:01:00,2.513695995646778
2026-05-05 12:02:00,3.6935657524682375
2026-05-05 12:03:00,2.9989108441144063
2026-05-05 12:04:00,3.5258543227340557
2026-05-05 12:05:00,3.117315222859093
2026-05-05 12:06:00,1.7332256298834952
2026-05-05 12:07:00,2.104904175515086
2026-05-05 12:08:00,1.6951769553747376
2026-05-05 12:09:00,1.801883120108506
2026-05-05 12:10:00,1.4122267786594889
2026-05-05 12:11:00,2.6022470155097865
2026-05-05 12:12:00,3.9666888123259056
2026-05-05 12:13:00,3.9689636329762603
2026-05-05 12:14:00,1.6025865036302498
2026-05-05 12:15:00,1.8012030153100909
2026-05-05 12:16:00,0.0
2026-05-05 12:17:00,2.3240878784788053
2026-05-05 12:18:00,0.0
2026-05-05 12:19:00,1.1810846236677188
2026-05-05 12:20:00,1.9773663408964504
2026-05-05 12:21:00,0.9697807223931423
2026-05-05 12:22:00,0.8826876667202808
2026-05-05 12:23:00,3.5105900119261015
2026-05-05 12:24:00,1.5835555706544802
2026-05-05 12:25:00,1.5562749237223041
2026-05-05 12:26:00,1.5565492959429426
2026-05-05 12:27:00,0.6506786474996604
2026-05-05 12:28:00,2.6185469980587266
2026-05-05 12:29:00,1.4561701646598768
2026-05-05 12:30:00,3.943172925458136
2026-05-05 12:31:00,1.7307553521035797
2026-05-05 12:32:00,2.3237287389003374
2026-05-05 12:33:00,0.0
2026-05-05 12:34:00,3.42363307264471
2026-05-05 12:35:00,2.9587756410810675
2026-05-05 12:36:00,1.5385612230835908
2026-05-05 12:37:00,3.456040317895257
2026-05-05 12:38:00,2.302043485793444
2026-05-05 12:39:00,3.3897939979134564
2026-05-05 12:40:00,0.7212059011983278
2026-05-05 12:41:00,0.17312596951750459
2026-05-05 12:42:00,4.063324750112346
2026-05-05 12:43:00,2.155691003913325
2026-05-05 12:44:00,2.256817240653695
2026-05-05 12:45:00,3.624673726651564
2026-05-05 12:46:00,0.0
2026-05-05 12:47:00,1.9699788675145866
2026-05-05 12:48:00,3.3621731414143516
2026-05-05 12:49:00,1.8750115497626296
2026-05-05 12:50:00,1.0448861792260975
2026-05-05 12:51:00,2.7603491653383756
2026-05-05 12:52:00,3.1663790790272053
2026-05-05 12:53:00,1.302171949073215
2026-05-05 12:54:00,0.0
2026-05-05 12:55:00,2.9761763910959296
2026-05-05 12:56:00,0.17894212109040403
2026-05-05 12:57:00,0.9143516874432268
2026-05-05 12:58:00,1.316638337452437
2026-05-05 12:59:00,3.110956082349171
2026-05-05 13:00:00,2.5805118650330536
2026-05-05 13:01:00,0.9252860471799987
2026-05-05 13:02:00,0.26418915573826457
2026-05-05 13:03:00,2.5898968685420654
2026-05-05 13:04:00,1.2561476446556092
2026-05-05 13:05:00,2.7147803375537976
2026-05-05 13:06:00,0.47045381994317714
2026-05-05 13:07:00,2.0955615089013095
2026-05-05 13:08:00,2.402695755231234
2026-05-05 13:09:00,3.4600381450285114
2026-05-05 13:10:00,1.3632519585798524
2026-05-05 13:11:00,0.10006432306312385
2026-05-05 13:12:00,2.115226343987681
2026-05-05 13:13:00,0.5080351787808856
2026-05-05 13:14:00,2.895441977472744
2026-05-05 13:15:00,0.15656241084437283
2026-05-05 13:16:00,1.9161259645482538
2026-05-05 13:17:00,1.6156376777885777
2026-05-05 13:18:00,3.5444374894098516
2026-05-05 13:19:00,1.7409676153501628
2026-05-05 13:20:00,2.7139099350604106
2026-05-05 13:21:00,0.0
2026-05-05 13:22:00,3.07299603009444
2026-05-05 13:23:00,2.498946540382735
2026-05-05 13:24:00,2.763840864694374
2026-05-05 13:25:00,1.3104834174313478
2026-05-05 13:26:00,1.8956662735818979
2026-05-05 13:27:00,1.635707186663144
2026-05-05 13:28:00,4.160447976873812
2026-05-05 13:29:00,2.938640828130758
2026-05-05 13:30:00,1.712990832982706
2026-05-05 13:31:00,2.041158379053017
2026-05-05 13:32:00,1.4894269378611538
2026-05-05 13:33:00,0.9447621107676422
2026-05-05 13:34:00,0.9385185194257202
2026-05-05 13:35:00,3.72797340429302
2026-05-05 13:36:00,0.7786274069926995
2026-05-05 13:37:00,1.0108905598896714
2026-05-05 13:38:00,1.8596271951865029
2026-05-05 13:39:00,0.9003716246962974
2026-05-05 13:40:00,2.363852437313664
2026-05-05 13:41:00,2.9703323290029533
2026-05-05 13:42:00,3.4364108966845053
2026-05-05 13:43:00,1.039791931958208
2026-05-05 13:44:00,0.0
2026-05-05 13:45:00,3.6008939678240948
2026-05-05 13:46:00,0.0
2026-05-05 13:47:00,0.6979554459946007
2026-05-05 13:48:00,0.35062616049495715
2026-05-05 13:49:00,3.1911921220959396
2026-05-05 13:50:00,3.9509620558035627
2026-05-05 13:51:00,1.9818280442325806
2026-05-05 13:52:00,0.7177822798897613
2026-05-05 13:53:00,1.4775666623869501
2026-05-05 13:54:00,4.0391349129539265
2026-05-05 13:55:00,0.9246444610807666
2026-05-05 13:56:00,2.7859476842318047
2026-05-05 13:57:00,2.5257480287695584
2026-05-05 13:58:00,1.8498630600541772
2026-05-05 13:59:00,3.2803701606580096
2026-05-05 14:00:00,2.9291638702178227
2026-05-05 14:01:00,3.158209215269088
2026-05-05 14:02:00,3.0782209723736695
2026-05-05 14:03:00,3.3921846170136707
2026-05-05 14:04:00,1.6818261758721542
2026-05-05 14:05:00,2.8295960325527805
2026-05-05 14:06:00,0.39832522428949035
2026-05-05 14:07:00,0.0
2026-05-05 14:08:00,0.1515422388737947
2026-05-05 14:09:00,2.7145580847138504
2026-05-05 14:10:00,2.772424513108694
2026-05-05 14:11:00,1.8156791141200324
2026-05-05 14:12:00,0.6041530572431175
2026-05-05 14:13:00,3.6658448903797027
2026-05-05 14:14:00,1.2973099311659309
2026-05-05 14:15:00,0.4394178543078201
2026-05-05 14:16:00,0.0
2026-05-05 14:17:00,1.2212087399245353
2026-05-05 14:18:00,0.10979822349962143
2026-05-05 14:19:00,3.8418171592610912
2026-05-05 14:20:00,2.8167832483767583
2026-05-05 14:21:00,2.857098828428078
2026-05-05 14:22:00,1.3645020799876968
2026-05-05 14:23:00,1.974262330312623
2026-05-05 14:24:00,2.827159311459292
2026-05-05 14:25:00,0.07648095018754875
2026-05-05 14:26:00,4.087224170357761
2026-05-05 14:27:00,1.9308542992403184
2026-05-05 14:28:00,2.6592397644407866
2026-05-05 14:29:00,2.844879911455971
2026-05-05 14:30:00,0.5160723885686006
2026-05-05 14:31:00,0.858969159906755
2026-05-05 14:32:00,1.1936112973330335
2026-05-05 14:33:00,0.9628892535556896
2026-05-05 14:34:00,0.5460808644196022
2026-05-05 14:35:00,0.7127400942826057
2026-05-05 14:36:00,0.9979609870700574
2026-05-05 14:37:00,1.1286941970722626
2026-05-05 14:38:00,2.6931342536104834
2026-05-05 14:39:00,4.051179342393275
2026-05-05 14:40:00,0.8583648370802868
2026-05-05 14:41:00,0.5346894090690063
2026-05-05 14:42:00,0.4917928901474361
2026-05-05 14:43:00,3.591135591277614
2026-05-05 14:44:00,0.0
2026-05-05 14:45:00,0.05431166448748681
2026-05-05 14:46:00,2.9854943923456743
2026-05-05 14:47:00,1.4968966200722997
2026-05-05 14:48:00,3.2775764549221247
2026-05-05 14:49:00,0.0
2026-05-05 14:50:00,0.6235060786360872
2026-05-05 14:51:00,4.139569923367264
2026-05-05 14:52:00,2.364553678526267
2026-05-05 14:53:00,0.6571482006319054
2026-05-05 14:54:00,0.4390938231775029
2026-05-05 14:55:00,2.5396036605954873
2026-05-05 14:56:00,3.344959544546101
2026-05-05 14:57:00,2.021156946921357
2026-05-05 14:58:00,3.589220429970414
2026-05-05 14:59:00,0.0
2026-05-05 15:00:00,1.5638681356163744
2026-05-05 15:01:00,0.6188621221287174
2026-05-05 15:02:00,0.7183896047938957
2026-05-05 15:03:00,2.2490161289413955
2026-05-05 15:04:00,0.0
2026-05-05 15:05:00,3.1050655934399893
2026-05-05 15:06:00,2.168003339238058
2026-05-05 15:07:00,2.2689997353743863
2026-05-05 15:08:00,1.3484022198684367
2026-05-05 15:09:00,2.9960973901891688
2026-05-05 15:10:00,1.2855641227988452
2026-05-05 15:11:00,3.460630967878962
2026-05-05 15:12:00,1.286638403183742
2026-05-05 15:13:00,0.007197438456549188
2026-05-05 15:14:00,2.1953387308083063
2026-05-05 15:15:00,1.9716512689948655
2026-05-05 15:16:00,4.118120015525192
2026-05-05 15:17:00,3.514335417808593
2026-05-05 15:18:00,0.17535782034426461
2026-05-05 15:19:00,2.914133569022743
2026-05-05 15:20:00,2.7681464363146677
2026-05-05 15:21:00,2.00215198359492
2026-05-05 15:22:00,4.155170428042473
2026-05-05 15:23:00,2.862254350717564
2026-05-05 15:24:00,0.42896997672952053
2026-05-05 15:25:00,1.9041944278508307
2026-05-05 15:26:00,2.7798764274802883
2026-05-05 15:27:00,0.0
2026-05-05 15:28:00,1.30222503980495
2026-05-05 15:29:00,0.7114566737653744
2026-05-05 15:30:00,3.0933913206713903
2026-05-05 15:31:00,2.8934386587198597
2026-05-05 15:32:00,1.810333638687415
2026-05-05 15:33:00,2.3366473859043793
2026-05-05 15:34:00,3.199642485652014
2026-05-05 15:35:00,1.5557706855048112
2026-05-05 15:36:00,0.16727732652718996
2026-05-05 15:37:00,0.87109353329956
2026-05-05 15:38:00,0.9796747627355007
2026-05-05 15:39:00,0.7242999287239403
2026-05-05 15:40:00,3.6002102139305894
2026-05-05 15:41:00,2.3693094893578124
2026-05-05 15:42:00,1.2632610544271197
2026-05-05 15:43:00,2.059350991949284
2026-05-05 15:44:00,1.9150999373555289
2026-05-05 15:45:00,1.1236372669139891
2026-05-05 15:46:00,3.2790867765927536
2026-05-05 15:47:00,1.59818899405571
2026-05-05 15:48:00,0.0
2026-05-05 15:49:00,0.0
2026-05-05 15:50:00,4.164770604623298
2026-05-05 15:51:00,0.05318321522343117
2026-05-05 15:52:00,2.3561330281803543
2026-05-05 15:53:00,2.6296386935638667
2026-05-05 15:54:00,4.1505873766176915
2026-05-05 15:55:00,2.9236041366757384
2026-05-05 15:56:00,1.4150158121428689
2026-05-05 15:57:00,0.7143641257654024
2026-05-05 15:58:00,2.135665101928092
2026-05-05 15:59:00,2.5006570597549285
2026-05-05 16:00:00,4.1399647023900545
2026-05-05 16:01:00,0.4981112618500575
2026-05-05 16:02:00,1.19458876559447
2026-05-05 16:03:00,4.142983155079384
2026-05-05 16:04:00,3.36875747566304
2026-05-05 16:05:00,3.584892177999916
2026-05-05 16:06:00,2.48515077319322
2026-05-05 16:07:00,3.233964933664308
2026-05-05 16:08:00,3.5629741221756146
2026-05-05 16:09:00,1.8757392555844594
2026-05-05 16:10:00,0.4074083527338813
2026-05-05 16:11:00,2.3376479929762364
2026-05-05 16:12:00,1.4725817825324996
2026-05-05 16:13:00,0.7719998956342773
2026-05-05 16:14:00,0.26775796135220603
2026-05-05 16:15:00,0.0
2026-05-05 16:16:00,2.988585890204145
2026-05-05 16:17:00,2.3759821783124293
2026-05-05 16:18:00,1.1378662302952
2026-05-05 16:19:00,0.3067995037056522
2026-05-05 16:20:00,2.198170892697444
2026-05-05 16:21:00,0.0
2026-05-05 16:22:00,2.0156017559187682
2026-05-05 16:23:00,0.09146950691944122
2026-05-05 16:24:00,0.0
2026-05-05 16:25:00,1.147406439420227
2026-05-05 16:26:00,2.32387400777199
2026-05-05 16:27:00,1.1257823735525299
2026-05-05 16:28:00,2.4455679587245607
2026-05-05 16:29:00,1.6897762447334137
2026-05-05 16:30:00,1.5298784734913935
2026-05-05 16:31:00,2.144024398408487
2026-05-05 16:32:00,1.791688529046803
2026-05-05 16:33:00,3.8611477691608473
2026-05-05 16:34:00,2.722650500140747
2026-05-05 16:35:00,3.5278320392827793
2026-05-05 16:36:00,1.94243213862829
2026-05-05 16:37:00,2.1358566356994784
2026-05-05 16:38:00,2.2797630042195447
2026-05-05 16:39:00,3.204013452714105
2026-05-05 16:40:00,1.7658363963373058
2026-05-05 16:41:00,0.47545191441602835
2026-05-05 16:42:00,0.43603953539943363
2026-05-05 16:43:00,3.4545554196698713
2026-05-05 16:44:00,1.3631512405639343
2026-05-05 16:45:00,1.925127781847281
2026-05-05 16:46:00,0.42037975473780453
2026-05-05 16:47:00,3.1060781323635585
2026-05-05 16:48:00,3.4144740724460485
2026-05-05 16:49:00,3.202249708767691
2026-05-05 16:50:00,2.772082152166562
2026-05-05 16:51:00,2.891590037535317
2026-05-05 16:52:00,1.9589863064432003
2026-05-05 16:53:00,3.966312718473669
2026-05-05 16:54:00,3.992359674926794
2026-05-05 16:55:00,2.0949410825002905
2026-05-05 16:56:00,4.188216939167088
2026-05-05 16:57:00,3.49044126244363
2026-05-05 16:58:00,3.375237654783863
2026-05-05 16:59:00,2.301479074793213
2026-05-05 17:00:00,0.0
2026-05-05 17:01:00,3.7376527966098876
2026-05-05 17:02:00,0.5171097321878736
2026-05-05 17:03:00,1.1701566534251517
2026-05-05 17:04:00,3.4755329832387933
2026-05-05 17:05:00,0.7152175130113342
2026-05-05 17:06:00,1.5395515229010364
2026-05-05 17:07:00,3.772551178640894
2026-05-05 17:08:00,0.5325179516093147
2026-05-05 17:09:00,1.0220792772393446
2026-05-05 17:10:00,2.935729017359762
2026-05-05 17:11:00,0.000427350396288273
2026-05-05 17:12:00,0.6058433348981476
2026-05-05 17:13:00,2.205900669999591
2026-05-05 17:14:00,2.3902249388010994
2026-05-05 17:15:00,2.4224328421445414
2026-05-05 17:16:00,0.6276124378526318
2026-05-05 17:17:00,1.0752107322612958
2026-05-05 17:18:00,3.547060123156463
2026-05-05 17:19:00,2.391665800284809
2026-05-05 17:20:00,3.816510452274972
2026-05-05 17:21:00,0.8847966714439588
2026-05-05 17:22:00,0.06339551855582037
2026-05-05 17:23:00,0.11544443526277826
2026-05-05 17:24:00,0.2417160131650134
2026-05-05 17:25:00,1.328778052617179
2026-05-05 17:26:00,0.15124149536555065
2026-05-05 17:27:00,2.4118189567835233
2026-05-05 17:28:00,3.676495385942808
2026-05-05 17:29:00,1.7103093161941385
2026-05-05 17:30:00,0.0
2026-05-05 17:31:00,2.6577701786011305
2026-05-05 17:32:00,3.6090315921356693
2026-05-05 17:33:00,1.8861337284914392
2026-05-05 17:34:00,0.3578559507462454
2026-05-05 17:35:00,1.1940544097248695
2026-05-05 17:36:00,3.653719373166053
2026-05-05 17:37:00,2.118025635968659
2026-05-05 17:38:00,0.0
2026-05-05 17:39:00,1.531692117177897
2026-05-05 17:40:00,0.3585464537857942
2026-05-05 17:41:00,0.767701681801203
2026-05-05 17:42:00,3.825391047108938
2026-05-05 17:43:00,3.4404605826740484
2026-05-05 17:44:00,1.2860916067828165
2026-05-05 17:45:00,0.9134290912681846
2026-05-05 17:46:00,2.4085792987183607
2026-05-05 17:47:00,2.156834272156726
2026-05-05 17:48:00,0.7811463973530968
2026-05-05 17:49:00,0.5292674929972897
2026-05-05 17:50:00,0.9186991418646948
2026-05-05 17:51:00,1.8787824864728293
2026-05-05 17:52:00,0.03899201292995702
2026-05-05 17:53:00,3.663981437315456
2026-05-05 17:54:00,0.40392030505301546
2026-05-05 17:55:00,2.7059088091022794
2026-05-05 17:56:00,4.034896222949056
2026-05-05 17:57:00,2.3673529561140514
2026-05-05 17:58:00,1.6893745107385643
2026-05-05 17:59:00,2.5916638329233304
2026-05-05 18:00:00,2.2661952526637985
2026-05-05 18:01:00,0.26225537658291775
2026-05-05 18:02:00,1.0521239962025928
2026-05-05 18:03:00,0.6459069801206502
2026-05-05 18:04:00,2.245157692738145
2026-05-05 18:05:00,3.2922955396914064
2026-05-05 18:06:00,0.7814914408105317
2026-05-05 18:07:00,1.4540349933889307
2026-05-05 18:08:00,1.7442212273874977
2026-05-05 18:09:00,0.0
2026-05-05 18:10:00,2.0402961696424744
2026-05-05 18:11:00,1.9625577723077456
2026-05-05 18:12:00,2.531797258898627
2026-05-05 18:13:00,2.4357511870569017
2026-05-05 18:14:00,3.9353153575383573
2026-05-05 18:15:00,3.6244721301708207
2026-05-05 18:16:00,0.0
2026-05-05 18:17:00,2.6565762007417155
2026-05-05 18:18:00,0.030845330941500215
2026-05-05 18:19:00,3.9560168591548255
2026-05-05 18:20:00,0.6330940454146449
2026-05-05 18:21:00,0.5810768107558726
2026-05-05 18:22:00,0.0
2026-05-05 18:23:00,1.6122278491905178
2026-05-05 18:24:00,1.789580597661169
2026-05-05 18:25:00,0.3749785673678349
2026-05-05 18:26:00,1.281260487495689
2026-05-05 18:27:00,1.0206338350859037
2026-05-05 18:28:00,2.039585869890371
2026-05-05 18:29:00,0.367761686419083
2026-05-05 18:30:00,1.1027214878896103
2026-05-05 18:31:00,2.383126025315237
2026-05-05 18:32:00,1.6722220417478273
2026-05-05 18:33:00,1.2769292668773269
2026-05-05 18:34:00,2.5531570773306873
2026-05-05 18:35:00,3.4939560704426786
2026-05-05 18:36:00,3.309911806467922
2026-05-05 18:37:00,0.2916307765696784
2026-05-05 18:38:00,3.9340382397855365
2026-05-05 18:39:00,3.0328450684241033
2026-05-05 18:40:00,1.927546337798296
2026-05-05 18:41:00,0.5042348131889722
2026-05-05 18:42:00,4.1569946941626235
2026-05-05 18:43:00,3.4737955303034287
2026-05-05 18:44:00,2.989925759828509
2026-05-05 18:45:00,0.18829085605098694
2026-05-05 18:46:00,2.6626474922997727
2026-05-05 18:47:00,3.4211773940213255
2026-05-05 18:48:00,3.1780391825669194
2026-05-05 18:49:00,0.4956592666544417
2026-05-05 18:50:00,3.4187741396401305
2026-05-05 18:51:00,2.7176574065853627
2026-05-05 18:52:00,0.15623232225864392
2026-05-05 18:53:00,4.129539236139571
2026-05-05 18:54:00,2.3627290552441913
2026-05-05 18:55:00,1.0924152218148269
2026-05-05 18:56:00,2.0034312568534585
2026-05-05 18:57:00,1.6835735961358091
2026-05-05 18:58:00,0.0
2026-05-05 18:59:00,1.4854874963876976
2026-05-05 19:00:00,0.015462965785744243
2026-05-05 19:01:00,0.3242241363756302
2026-05-05 19:02:00,1.001784188450068
2026-05-05 19:03:00,3.153935040035334
2026-05-05 19:04:00,3.376718042060142
2026-05-05 19:05:00,0.7374986743331542
2026-05-05 19:06:00,0.7780529576203306
2026-05-05 19:07:00,1.9043375577681914
2026-05-05 19:08:00,0.9525302465984342
2026-05-05 19:09:00,0.48711003184709367
2026-05-05 19:10:00,1.6721444888904897
2026-05-05 19:11:00,0.6478162694701671
2026-05-05 19:12:00,3.493242188138833
2026-05-05 19:13:00,3.85772540219679
2026-05-05 19:14:00,3.2458209717677073
2026-05-05 19:15:00,0.585077506764589
2026-05-05 19:16:00,0.8544069190913831
2026-05-05 19:17:00,3.375459819729091
2026-05-05 19:18:00,1.056811352406121
2026-05-05 19:19:00,3.706423715586727
2026-05-05 19:20:00,0.0
2026-05-05 19:21:00,1.493562183114217
2026-05-05 19:22:00,2.1510731177188207
2026-05-05 19:23:00,3.463665180253803
2026-05-05 19:24:00,1.5492779857531054
2026-05-05 19:25:00,0.11251089986853813
2026-05-05 19:26:00,1.944307176768406
2026-05-05 19:27:00,1.1928276102816446
2026-05-05 19:28:00,2.0315491064216
2026-05-05 19:29:00,1.6307827150944025
2026-05-05 19:30:00,3.0245426012170444
2026-05-05 19:31:00,4.083861342332347
2026-05-05 19:32:00,3.112576294794999
2026-05-05 19:33:00,1.4812981201406528
2026-05-05 19:34:00,1.7552750646727953
2026-05-05 19:35:00,1.1404317667146224
2026-05-05 19:36:00,3.1370054434106582
2026-05-05 19:37:00,0.2583770414968401
2026-05-05 19:38:00,4.012856427362829
2026-05-05 19:39:00,0.24691722664279392
2026-05-05 19:40:00,2.744246063144772
2026-05-05 19:41:00,2.4292792206195606
2026-05-05 19:42:00,3.3696608253947105
2026-05-05 19:43:00,1.631500142137888
2026-05-05 19:44:00,0.9845989659261905
2026-05-05 19:45:00,0.0
2026-05-05 19:46:00,2.108814037799567
2026-05-05 19:47:00,0.5416012046826876
2026-05-05 19:48:00,4.025327440977655
2026-05-05 19:49:00,1.9751430109953894
2026-05-05 19:50:00,1.9455030071171397
2026-05-05 19:51:00,2.0966427779048917
2026-05-05 19:52:00,0.0
2026-05-05 19:53:00,2.3799888570371452
2026-05-05 19:54:00,3.435829556115098
2026-05-05 19:55:00,2.4036108455531378
2026-05-05 19:56:00,4.177079951437298
2026-05-05 19:57:00,1.2045866746583036
2026-05-05 19:58:00,1.8942380396256584
2026-05-05 19:59:00,3.6065355400270818
2026-05-05 20:00:00,1.4343763524501405
2026-05-05 20:01:00,4.061995791133482
2026-05-05 20:02:00,0.6868932194761123
2026-05-05 20:03:00,2.7543850816422046
2026-05-05 20:04:00,2.4484264138481806
2026-05-05 20:05:00,0.5730048997481267
2026-05-05 20:06:00,3.2402485542557655
2026-05-05 20:07:00,3.9335367775074834
2026-05-05 20:08:00,1.3627004772254565
2026-05-05 20:09:00,0.7430808303883608
2026-05-05 20:10:00,2.4471054076789174
2026-05-05 20:11:00,2.399021279892156
2026-05-05 20:12:00,1.1300151157022869
2026-05-05 20:13:00,1.146879641117231
2026-05-05 20:14:00,2.052367568751185
2026-05-05 20:15:00,1.1450911808850812
2026-05-05 20:16:00,0.19387027626467007
2026-05-05 20:17:00,0.48740032756950036
2026-05-05 20:18:00,0.0
2026-05-05 20:19:00,1.735419947750069
2026-05-05 20:20:00,1.2971157579077235
2026-05-05 20:21:00,0.0
2026-05-05 20:22:00,1.3669048270681243
2026-05-05 20:23:00,2.2232827323939843
2026-05-05 20:24:00,4.160837594812116
2026-05-05 20:25:00,1.144393154856049
2026-05-05 20:26:00,2.379397664690416
2026-05-05 20:27:00,0.45516507262048655
2026-05-05 20:28:00,2.470919435439018
2026-05-05 20:29:00,1.7283838286880902
2026-05-05 20:30:00,1.343010075211491
2026-05-05 20:31:00,0.0
2026-05-05 20:32:00,0.1364910065419528
2026-05-05 20:33:00,0.8635388546466108
2026-05-05 20:34:00,0.8860746156540926
2026-05-05 20:35:00,1.9242681588763249
2026-05-05 20:36:00,0.0
2026-05-05 20:37:00,3.4468250205329274
2026-05-05 20:38:00,0.5898567170143811
2026-05-05 20:39:00,1.080295929128099
2026-05-05 20:40:00,0.9242694145338037
2026-05-05 20:41:00,0.9343870427900637
2026-05-05 20:42:00,3.320830585066304
2026-05-05 20:43:00,0.6430025779647095
2026-05-05 20:44:00,1.7490466459981444
2026-05-05 20:45:00,0.07029355934170045
2026-05-05 20:46:00,0.23995953850053564
2026-05-05 20:47:00,0.2766764256926799
2026-05-05 20:48:00,0.9766089605050112
2026-05-05 20:49:00,3.439405806373994
2026-05-05 20:50:00,2.5909458573645745
2026-05-05 20:51:00,3.6187886619898615
2026-05-05 20:52:00,1.3714049649590243
2026-05-05 20:53:00,0.07994183539810262
2026-05-05 20:54:00,1.1652783566464127
2026-05-05 20:55:00,1.3228883664090652
2026-05-05 20:56:00,0.7586988445721219
2026-05-05 20:57:00,0.9483891964101908
2026-05-05 20:58:00,1.3735269928106626
2026-05-05 20:59:00,1.7043927629202966
2026-05-05 21:00:00,1.254366815249943
2026-05-05 21:01:00,2.797255414588086
2026-05-05 21:02:00,2.3119861176139604
2026-05-05 21:03:00,4.081104072333579
2026-05-05 21:04:00,2.387691183301401
2026-05-05 21:05:00,2.7036661968823754
2026-05-05 21:06:00,1.9640407357427194
2026-05-05 21:07:00,2.277580540353349
2026-05-05 21:08:00,1.7649574914507264
2026-05-05 21:09:00,1.553835622308053
2026-05-05 21:10:00,2.3977398730230957
2026-05-05 21:11:00,1.10605656468245
2026-05-05 21:12:00,0.0
2026-05-05 21:13:00,0.6089267670715446
2026-05-05 21:14:00,2.579175336309745
2026-05-05 21:15:00,4.207748131209323
2026-05-05 21:16:00,4.1496206036635686
2026-05-05 21:17:00,2.320693273383442
2026-05-05 21:18:00,1.5422091876316255
2026-05-05 21:19:00,0.38099076111212216
2026-05-05 21:20:00,1.29727624161583
2026-05-05 21:21:00,3.645454650491801
2026-05-05 21:22:00,4.052299308787214
2026-05-05 21:23:00,0.1432583754610542
2026-05-05 21:24:00,0.5599134403780088
2026-05-05 21:25:00,1.3681941400283162
2026-05-05 21:26:00,2.8519951170799414
2026-05-05 21:27:00,3.8109941140747488
2026-05-05 21:28:00,0.8693249238910755
2026-05-05 21:29:00,1.8175523937721207
2026-05-05 21:30:00,3.052485000531623
2026-05-05 21:31:00,2.477162447414294
2026-05-05 21:32:00,1.9068774291425759
2026-05-05 21:33:00,1.5605589871353183
2026-05-05 21:34:00,4.1913560125527605
2026-05-05 21:35:00,1.4192335933287445
2026-05-05 21:36:00,0.0
2026-05-05 21:37:00,0.8231657443379693
2026-05-05 21:38:00,0.0
2026-05-05 21:39:00,2.9573101693095114
2026-05-05 21:40:00,3.3941213913516277
2026-05-05 21:41:00,3.143770285312297
2026-05-05 21:42:00,0.8878934893774796
2026-05-05 21:43:00,1.1528546783895115
2026-05-05 21:44:00,3.8428262935038653
2026-05-05 21:45:00,1.0015126915157064
2026-05-05 21:46:00,3.8770137026442155
2026-05-05 21:47:00,2.2783538042959117
2026-05-05 21:48:00,3.5541655497342965
2026-05-05 21:49:00,1.0653643209480395
2026-05-05 21:50:00,0.40337040774346705
2026-05-05 21:51:00,3.9869433569602535
2026-05-05 21:52:00,3.715132431169478
2026-05-05 21:53:00,1.6864128988217364
2026-05-05 21:54:00,3.0598158106277475
2026-05-05 21:55:00,3.646824865869946
2026-05-05 21:56:00,3.453642807824465
2026-05-05 21:57:00,0.43323799589595385
2026-05-05 21:58:00,3.9510007260581492
2026-05-05 21:59:00,3.3689306877252623
2026-05-05 22:00:00,4.0860790685437
2026-05-05 22:01:00,0.814535999601872
2026-05-05 22:02:00,3.126291681002009
2026-05-05 22:03:00,2.564462296794578
2026-05-05 22:04:00,0.6953588297291291
2026-05-05 22:05:00,2.7267245190942937
2026-05-05 22:06:00,4.057307180949798
2026-05-05 22:07:00,3.317191272976092
2026-05-05 22:08:00,0.5087784132769444
2026-05-05 22:09:00,0.4274935152227599
2026-05-05 22:10:00,2.744343978189337
2026-05-05 22:11:00,3.5110395162377857
2026-05-05 22:12:00,3.2060069234482746
2026-05-05 22:13:00,0.05138626900412979
2026-05-05 22:14:00,3.702688098326524
2026-05-05 22:15:00,0.3425897120180491
2026-05-05 22:16:00,1.4233859835966118
2026-05-05 22:17:00,2.4513550959833887
2026-05-05 22:18:00,2.598626318330515
2026-05-05 22:19:00,3.870950157520343
2026-05-05 22:20:00,4.059136737969913
2026-05-05 22:21:00,0.17371747302340823
2026-05-05 22:22:00,1.081950398711124
2026-05-05 22:23:00,2.75362933893838
2026-05-05 22:24:00,3.4600514683981434
2026-05-05 22:25:00,0.0
2026-05-05 22:26:00,0.26563097802648233
2026-05-05 22:27:00,0.6162273694474937
2026-05-05 22:28:00,1.3647063361433682
2026-05-05 22:29:00,1.894436972183283
2026-05-05 22:30:00,2.58292144557983
2026-05-05 22:31:00,1.1763476369168389
2026-05-05 22:32:00,2.5685668216239073
2026-05-05 22:33:00,3.206232512123182
2026-05-05 22:34:00,4.079804626822197
2026-05-05 22:35:00,0.2627991652335347
2026-05-05 22:36:00,3.755014720583603
2026-05-05 22:37:00,3.2539738601605297
2026-05-05 22:38:00,0.38615797621231196
2026-05-05 22:39:00,0.0
2026-05-05 22:40:00,0.056855225887070926
2026-05-05 22:41:00,0.8535864229721387
2026-05-05 22:42:00,3.584666013441182
2026-05-05 22:43:00,1.879776970691291
2026-05-05 22:44:00,0.39839965655169957
2026-05-05 22:45:00,1.6517246432298935
2026-05-05 22:46:00,2.2156472704732635
2026-05-05 22:47:00,2.925356695117677
2026-05-05 22:48:00,3.83852633319882
2026-05-05 22:49:00,0.9026509450469827
2026-05-05 22:50:00,0.007126090959684195
2026-05-05 22:51:00,3.345780991561433
2026-05-05 22:52:00,3.834961344726716
2026-05-05 22:53:00,2.6805320802603996
2026-05-05 22:54:00,0.5434074463011934
2026-05-05 22:55:00,3.265002505842883
2026-05-05 22:56:00,1.6528985065070128
2026-05-05 22:57:00,0.7610859719621046
2026-05-05 22:58:00,2.556585393884792
2026-05-05 22:59:00,0.0
2026-05-05 23:00:00,1.0715572659363704
2026-05-05 23:01:00,1.2554034634983462
2026-05-05 23:02:00,2.077964167086786
2026-05-05 23:03:00,1.1621582311496836
2026-05-05 23:04:00,2.3950409503462136
2026-05-05 23:05:00,2.2894736737572527
2026-05-05 23:06:00,3.6529785457423634
2026-05-05 23:07:00,0.4321727583405454
2026-05-05 23:08:00,0.9023942192486832
2026-05-05 23:09:00,1.5343579025043883
2026-05-05 23:10:00,3.124893035337509
2026-05-05 23:11:00,0.3040581102061619
2026-05-05 23:12:00,0.46965535297508815
2026-05-05 23:13:00,2.8826231303346947
2026-05-05 23:14:00,0.9562884703580811
2026-05-05 23:15:00,3.929657156182657
2026-05-05 23:16:00,1.455532327029987
2026-05-05 23:17:00,0.6440685675303156
2026-05-05 23:18:00,0.0
2026-05-05 23:19:00,1.352551292548362
2026-05-05 23:20:00,3.5418703155635924
2026-05-05 23:21:00,0.4009414284605175
2026-05-05 23:22:00,0.0
2026-05-05 23:23:00,1.0441126652518748
2026-05-05 23:24:00,2.563039321826908
2026-05-05 23:25:00,2.0082942027298003
2026-05-05 23:26:00,1.2623114071620014
2026-05-05 23:27:00,2.3082683855651993
2026-05-05 23:28:00,3.9607810907563685
2026-05-05 23:29:00,4.176025930616233
2026-05-05 23:30:00,0.7305953616135575
2026-05-05 23:31:00,3.592646672327289
2026-05-05 23:32:00,2.6647315605256274
2026-05-05 23:33:00,0.0
2026-05-05 23:34:00,0.0
2026-05-05 23:35:00,0.19538141280117582
2026-05-05 23:36:00,0.35139755239984843
2026-05-05 23:37:00,1.984655435378595
2026-05-05 23:38:00,0.7448933612817358
2026-05-05 23:39:00,3.1607042627140665
2026-05-05 23:40:00,0.08144838091550977
2026-05-05 23:41:00,2.7315294497736025
2026-05-05 23:42:00,1.3051988872761373
2026-05-05 23:43:00,0.8314635537896017
2026-05-05 23:44:00,3.856951862939272
2026-05-05 23:45:00,4.227586247149847
2026-05-05 23:46:00,0.09929415097296967
2026-05-05 23:47:00,0.5209522592501878
2026-05-05 23:48:00,3.528235762747136
2026-05-05 23:49:00,0.44078578558259446
2026-05-05 23:50:00,0.0
2026-05-05 23:51:00,3.936689291797439
2026-05-05 23:52:00,3.8243084211315286
2026-05-05 23:53:00,2.6626594396795906
2026-05-05 23:54:00,3.258822975063116
2026-05-05 23:55:00,1.1550305479657372
2026-05-05 23:56:00,3.3553717571869037
2026-05-05 23:57:00,1.878403653798594
2026-05-05 23:58:00,4.250084995335433
2026-05-05 23:59:00,2.1291010085242177
2026-05-06 00:00:00,3.6015368498490368
2026-05-06 00:01:00,2.3043271510662793
2026-05-06 00:02:00,0.1669235893339901
2026-05-06 00:03:00,0.0
2026-05-06 00:04:00,1.6203354133351693
2026-05-06 00:05:00,4.006478198635773
2026-05-06 00:06:00,2.887245066784347
2026-05-06 00:07:00,1.5878752247364623
2026-05-06 00:08:00,0.20188819819184967
2026-05-06 00:09:00,4.146380138764943
2026-05-06 00:10:00,2.8589648526945504
2026-05-06 00:11:00,2.9096679854174154
2026-05-06 00:12:00,0.5651601816386909
2026-05-06 00:13:00,4.2739695372918645
2026-05-06 00:14:00,1.2916175316064789
2026-05-06 00:15:00,4.167976957285208
2026-05-06 00:16:00,3.801053999158293
2026-05-06 00:17:00,1.1204263796147484
2026-05-06 00:18:00,0.0
2026-05-06 00:19:00,2.505410088472753
2026-05-06 00:20:00,2.287517015171745
2026-05-06 00:21:00,0.2283701866890896
2026-05-06 00:22:00,4.0212976552238064
2026-05-06 00:23:00,3.3620905802378513
2026-05-06 00:24:00,0.11679142286472205
2026-05-06 00:25:00,0.0
2026-05-06 00:26:00,0.0
2026-05-06 00:27:00,2.271426590412276
2026-05-06 00:28:00,2.6930524894329473
2026-05-06 00:29:00,1.303098752664178
2026-05-06 00:30:00,4.133121044561905
2026-05-06 00:31:00,3.0886456005277316
2026-05-06 00:32:00,0.11162380619790413
2026-05-06 00:33:00,0.0
2026-05-06 00:34:00,1.2633041363531698
2026-05-06 00:35:00,0.0
2026-05-06 00:36:00,2.842612918327986
2026-05-06 00:37:00,1.9720628907195712
2026-05-06 00:38:00,0.9833354495887658
2026-05-06 00:39:00,0.0
2026-05-06 00:40:00,0.6327244754954165
2026-05-06 00:41:00,3.4386471863552193
2026-05-06 00:42:00,2.6949108743886825
2026-05-06 00:43:00,4.138851230098009
2026-05-06 00:44:00,2.2488598600872702
2026-05-06 00:45:00,1.7088485533874864
2026-05-06 00:46:00,1.9721997832410403
2026-05-06 00:47:00,3.0365998531855025
2026-05-06 00:48:00,3.3645855239897733
2026-05-06 00:49:00,1.9548071400812346
2026-05-06 00:50:00,0.48516026838516063
2026-05-06 00:51:00,2.0964624408794643
2026-05-06 00:52:00,1.5839619867596926
2026-05-06 00:53:00,0.3466460211054139
2026-05-06 00:54:00,2.929615549752987
2026-05-06 00:55:00,2.7792442983372587
2026-05-06 00:56:00,4.123665270569306
2026-05-06 00:57:00,0.4397729774392668
2026-05-06 00:58:00,3.8351401607773945
2026-05-06 00:59:00,2.5065751312544973
2026-05-06 01:00:00,3.343439298558145
2026-05-06 01:01:00,2.5212938162795195
2026-05-06 01:02:00,3.986225322807923
2026-05-06 01:03:00,1.4441131580861484
2026-05-06 01:04:00,2.342378796757588
2026-05-06 01:05:00,0.0
2026-05-06 01:06:00,0.7217488559618853
2026-05-06 01:07:00,0.0
2026-05-06 01:08:00,0.9290547001123978
2026-05-06 01:09:00,2.637095930259077
2026-05-06 01:10:00,1.2744556536055511
2026-05-06 01:11:00,0.49273170786703885
2026-05-06 01:12:00,1.8636664115567134
2026-05-06 01:13:00,2.5838957233686934
2026-05-06 01:14:00,1.5947654057484288
2026-05-06 01:15:00,2.5095128909681534
2026-05-06 01:16:00,3.206693522385915
2026-05-06 01:17:00,0.0
2026-05-06 01:18:00,1.3366048320402575
2026-05-06 01:19:00,1.2846907377043209
2026-05-06 01:20:00,0.01573215611558343
2026-05-06 01:21:00,0.4623772732021045
2026-05-06 01:22:00,3.745486304192991
2026-05-06 01:23:00,3.966242359155789
2026-05-06 01:24:00,2.7784502918502465
2026-05-06 01:25:00,3.4223980895349833
2026-05-06 01:26:00,1.0332988769786269
2026-05-06 01:27:00,3.807792482697408
2026-05-06 01:28:00,2.171948237958465
2026-05-06 01:29:00,2.131615402092144
2026-05-06 01:30:00,1.4541108125530582
2026-05-06 01:31:00,1.754076135570956
2026-05-06 01:32:00,4.058582199147185
2026-05-06 01:33:00,3.3006675342211085
2026-05-06 01:34:00,2.2073637047182295
2026-05-06 01:35:00,1.5363280045048187
2026-05-06 01:36:00,2.789183301027251
2026-05-06 01:37:00,2.5432086376235907
2026-05-06 01:38:00,0.288857153379808
2026-05-06 01:39:00,0.808989385540304
2026-05-06 01:40:00,2.050285986235275
2026-05-06 01:41:00,0.27731441377794924
2026-05-06 01:42:00,0.0
2026-05-06 01:43:00,3.0467612950617795
2026-05-06 01:44:00,2.224464565485188
2026-05-06 01:45:00,1.2788816722532959
2026-05-06 01:46:00,1.6269270425412277
2026-05-06 01:47:00,0.0
2026-05-06 01:48:00,2.4919757322592684
2026-05-06 01:49:00,0.924309618841307
2026-05-06 01:50:00,1.3909340915166912
2026-05-06 01:51:00,0.9554347394497305
2026-05-06 01:52:00,2.6389052487160454
2026-05-06 01:53:00,2.6396645287497025
2026-05-06 01:54:00,4.162741404948622
2026-05-06 01:55:00,0.2014710734601728
2026-05-06 01:56:00,1.9045500686769166
2026-05-06 01:57:00,2.9461627584274943
2026-05-06 01:58:00,0.7163136890227261
2026-05-06 01:59:00,3.3596106186302954
2026-05-06 02:00:00,4.020415841437532
2026-05-06 02:01:00,1.345426740641972
2026-05-06 02:02:00,3.5478431558693426
2026-05-06 02:03:00,0.1787823396326227
2026-05-06 02:04:00,2.09498894918197
2026-05-06 02:05:00,0.8547502322530063
2026-05-06 02:06:00,2.944061547402676
2026-05-06 02:07:00,4.076989873841108
2026-05-06 02:08:00,1.9602782726300068
2026-05-06 02:09:00,2.9972924575288626
2026-05-06 02:10:00,4.100228788524586
2026-05-06 02:11:00,2.709137582967507
2026-05-06 02:12:00,4.142263405535065
2026-05-06 02:13:00,3.295079536733007
2026-05-06 02:14:00,0.5010513320546566
2026-05-06 02:15:00,0.10167223396320191
2026-05-06 02:16:00,0.0
2026-05-06 02:17:00,3.4818302086292006
2026-05-06 02:18:00,4.086729721336647
2026-05-06 02:19:00,2.838427910383393
2026-05-06 02:20:00,1.5805978513916457
2026-05-06 02:21:00,2.228746903244261
2026-05-06 02:22:00,1.5774213257184804
2026-05-06 02:23:00,2.2710082437722496
2026-05-06 02:24:00,3.8097424105039783
2026-05-06 02:25:00,0.7257221413521049
2026-05-06 02:26:00,0.012970384811992974
2026-05-06 02:27:00,0.46725980374806303
2026-05-06 02:28:00,2.2664295636222285
2026-05-06 02:29:00,0.963901727935348
2026-05-06 02:30:00,2.704150151571665
2026-05-06 02:31:00,1.9786193107125527
2026-05-06 02:32:00,2.8035008179773255
2026-05-06 02:33:00,2.0326211690030904
2026-05-06 02:34:00,0.7746425231666562
2026-05-06 02:35:00,0.5591339569009145
2026-05-06 02:36:00,2.1792982294528835
2026-05-06 02:37:00,0.29117633581649455
2026-05-06 02:38:00,1.6482943600786721
2026-05-06 02:39:00,0.6532712447853011
2026-05-06 02:40:00,2.989828876381205
2026-05-06 02:41:00,3.484456952164238
2026-05-06 02:42:00,1.3419594319956165
2026-05-06 02:43:00,2.929350165007892
2026-05-06 02:44:00,1.021115822457305
2026-05-06 02:45:00,0.3895112799697613
2026-05-06 02:46:00,1.7079072788193361
2026-05-06 02:47:00,1.5751173828416305
2026-05-06 02:48:00,0.0
2026-05-06 02:49:00,0.6286794538610677
2026-05-06 02:50:00,3.588435211441211
2026-05-06 02:51:00,4.171591013451673
2026-05-06 02:52:00,2.464307737735399
2026-05-06 02:53:00,3.3538384375079118
2026-05-06 02:54:00,3.0343490625647647
2026-05-06 02:55:00,3.8991178311567327
2026-05-06 02:56:00,1.6314933191383307
2026-05-06 02:57:00,2.6298548929322
2026-05-06 02:58:00,3.550362018954323
2026-05-06 02:59:00,0.9234408183589408
2026-05-06 03:00:00,2.778329608709932
2026-05-06 03:01:00,0.0
2026-05-06 03:02:00,0.0
2026-05-06 03:03:00,3.1222877436855114
2026-05-06 03:04:00,0.5893555301024758
2026-05-06 03:05:00,0.0
2026-05-06 03:06:00,2.0233917990752666
2026-05-06 03:07:00,4.192701920546952
2026-05-06 03:08:00,1.2375928686441793
2026-05-06 03:09:00,0.09605317698792692
2026-05-06 03:10:00,2.5178682662366745
2026-05-06 03:11:00,1.5410798593931503
2026-05-06 03:12:00,1.9288868646061177
2026-05-06 03:13:00,3.3977480895410803
2026-05-06 03:14:00,4.007419996647463
2026-05-06 03:15:00,0.0
2026-05-06 03:16:00,3.146663465088198
2026-05-06 03:17:00,3.0548482822651737
2026-05-06 03:18:00,0.0
2026-05-06 03:19:00,0.16941923644782214
2026-05-06 03:20:00,1.2346866768131206
2026-05-06 03:21:00,2.675746316299656
2026-05-06 03:22:00,3.2676190143080155
2026-05-06 03:23:00,0.8847843580047576
2026-05-06 03:24:00,0.1807779348493076
2026-05-06 03:25:00,3.389092201913038
2026-05-06 03:26:00,1.6475449728210472
2026-05-06 03:27:00,0.0
2026-05-06 03:28:00,0.16483229745651162
2026-05-06 03:29:00,3.5873594541696843
2026-05-06 03:30:00,0.0
2026-05-06 03:31:00,1.0176821799691134
2026-05-06 03:32:00,3.7852384390827334
2026-05-06 03:33:00,3.0574766858942803
2026-05-06 03:34:00,2.3938021602028865
2026-05-06 03:35:00,0.15736755937814007
2026-05-06 03:36:00,1.2375585669719358
2026-05-06 03:37:00,2.1094692560788677
2026-05-06 03:38:00,2.00192153350913
2026-05-06 03:39:00,3.5295988505531923
2026-05-06 03:40:00,3.0450471703321917
2026-05-06 03:41:00,0.5443948171898834
2026-05-06 03:42:00,0.8290552384875414
2026-05-06 03:43:00,1.1257893444997946
2026-05-06 03:44:00,2.6059143682444827
2026-05-06 03:45:00,1.0918767931961757
2026-05-06 03:46:00,2.9070876614077936
2026-05-06 03:47:00,1.3430965527674146
2026-05-06 03:48:00,0.45502886846963103
2026-05-06 03:49:00,0.07142158348957062
2026-05-06 03:50:00,0.32181676836678963
2026-05-06 03:51:00,2.733664251115014
2026-05-06 03:52:00,3.7165525716516252
2026-05-06 03:53:00,2.6520954494282942
2026-05-06 03:54:00,3.119922473501742
2026-05-06 03:55:00,0.4821818547846356
2026-05-06 03:56:00,1.902177794922602
2026-05-06 03:57:00,0.7221387093975623
2026-05-06 03:58:00,0.0
2026-05-06 03:59:00,0.5196659271983204
2026-05-06 04:00:00,3.2908059786958432
2026-05-06 04:01:00,3.7463000412091056
2026-05-06 04:02:00,1.7215131617633794
2026-05-06 04:03:00,1.2139463956306855
2026-05-06 04:04:00,0.9589470374936789
2026-05-06 04:05:00,1.465168567365013
2026-05-06 04:06:00,1.6790706672982938
2026-05-06 04:07:00,0.2211067894085076
2026-05-06 04:08:00,2.3179167759678516
2026-05-06 04:09:00,3.408688173895305
2026-05-06 04:10:00,1.7783454463249095
2026-05-06 04:11:00,1.2398458561796812
2026-05-06 04:12:00,0.12209217957816287
2026-05-06 04:13:00,0.0
2026-05-06 04:14:00,4.214283616057083
2026-05-06 04:15:00,2.2008984080442686
2026-05-06 04:16:00,3.2212181276176945
2026-05-06 04:17:00,2.1830893713239212
2026-05-06 04:18:00,0.0
2026-05-06 04:19:00,2.678942307380434
2026-05-06 04:20:00,0.7382297916909347
2026-05-06 04:21:00,0.5378797548221013
2026-05-06 04:22:00,2.4554283921836904
2026-05-06 04:23:00,2.7646936905054464
2026-05-06 04:24:00,2.8967358244309036
2026-05-06 04:25:00,2.3126144211720003
2026-05-06 04:26:00,4.196201464094624
2026-05-06 04:27:00,0.1625164682502982
2026-05-06 04:28:00,3.281125243104657
2026-05-06 04:29:00,0.4138218392269353
2026-05-06 04:30:00,3.0581753379353724
2026-05-06 04:31:00,1.2475177467768825
2026-05-06 04:32:00,0.2916333940415826
2026-05-06 04:33:00,2.511177561783711
2026-05-06 04:34:00,3.27106820144514
2026-05-06 04:35:00,3.9303537294823085
2026-05-06 04:36:00,2.5088693976870373
2026-05-06 04:37:00,0.0
2026-05-06 04:38:00,0.5445792304570914
2026-05-06 04:39:00,3.754367996868852
2026-05-06 04:40:00,1.527510897376537
2026-05-06 04:41:00,0.33315343673664244
2026-05-06 04:42:00,1.975793165658066
2026-05-06 04:43:00,1.5195912374730252
2026-05-06 04:44:00,1.4052341981267022
2026-05-06 04:45:00,3.6145405704314246
2026-05-06 04:46:00,2.7236793049556836
2026-05-06 04:47:00,0.7508278231698985
2026-05-06 04:48:00,2.4553916275291225
2026-05-06 04:49:00,3.999995855210644
2026-05-06 04:50:00,2.978701182510158
2026-05-06 04:51:00,0.0
2026-05-06 04:52:00,2.6182854131174444
2026-05-06 04:53:00,1.3081162398058117
2026-05-06 04:54:00,2.5795007768281497
2026-05-06 04:55:00,1.8273134039607042
2026-05-06 04:56:00,0.3169945560136011
2026-05-06 04:57:00,2.477726034629045
2026-05-06 04:58:00,0.6429216425987057
2026-05-06 04:59:00,2.897123220006288
2026-05-06 05:00:00,2.5575588384418824
2026-05-06 05:01:00,3.8945963704684234
2026-05-06 05:02:00,2.3275165600046592
2026-05-06 05:03:00,1.559375867180977
2026-05-06 05:04:00,0.31245030584971456
2026-05-06 05:05:00,3.533304583705926
2026-05-06 05:06:00,2.803647664294355
2026-05-06 05:07:00,3.773110688284171
2026-05-06 05:08:00,3.2086462577507957
2026-05-06 05:09:00,1.9425136958358298
2026-05-06 05:10:00,1.9063349067558528
2026-05-06 05:11:00,0.18365733198095563
2026-05-06 05:12:00,0.0
2026-05-06 05:13:00,0.34580197747885716
2026-05-06 05:14:00,3.633396378178536
2026-05-06 05:15:00,1.1859731410010887
2026-05-06 05:16:00,2.01423792920212
2026-05-06 05:17:00,2.7478280104702435
2026-05-06 05:18:00,0.024288507945061433
2026-05-06 05:19:00,3.9726222710650356
2026-05-06 05:20:00,3.3295518072524075
2026-05-06 05:21:00,3.340630070704531
2026-05-06 05:22:00,0.0687628465541621
2026-05-06 05:23:00,1.2475224899862551
2026-05-06 05:24:00,3.5120676189919244
2026-05-06 05:25:00,3.884023715914243
2026-05-06 05:26:00,2.709251963450615
2026-05-06 05:27:00,3.1979282979808943
2026-05-06 05:28:00,0.4543545906032777
2026-05-06 05:29:00,1.686217939667603
2026-05-06 05:30:00,3.1025390445261105
2026-05-06 05:31:00,2.4732109382971625
2026-05-06 05:32:00,1.1844281737568068
2026-05-06 05:33:00,3.2891655890746687
2026-05-06 05:34:00,4.113937692125717
2026-05-06 05:35:00,3.9434941481598944
2026-05-06 05:36:00,1.3171903073024867
2026-05-06 05:37:00,2.9691911993649427
2026-05-06 05:38:00,0.14972159570113774
2026-05-06 05:39:00,2.867460490260405
2026-05-06 05:40:00,0.8995375202345425
2026-05-06 05:41:00,2.8078764011096142
2026-05-06 05:42:00,0.15055579293950488
2026-05-06 05:43:00,2.355496804816551
2026-05-06 05:44:00,1.4835738289345295
2026-05-06 05:45:00,3.448088636879416
2026-05-06 05:46:00,1.0468335687780617
2026-05-06 05:47:00,2.948498597162195
2026-05-06 05:48:00,2.8908936063337247
2026-05-06 05:49:00,3.8991949197691147
2026-05-06 05:50:00,0.40594792259978874
2026-05-06 05:51:00,1.0161779689926982
2026-05-06 05:52:00,3.2523314440089184
2026-05-06 05:53:00,3.2064359991004223
2026-05-06 05:54:00,2.4778435615689314
2026-05-06 05:55:00,0.22926562969674935
2026-05-06 05:56:00,0.3981378296514362
2026-05-06 05:57:00,1.050268257885104
2026-05-06 05:58:00,0.0
2026-05-06 05:59:00,2.3124240428800706
2026-05-06 06:00:00,2.664607979455362
2026-05-06 06:01:00,0.0
2026-05-06 06:02:00,1.0317742164195272
2026-05-06 06:03:00,2.977502478800795
2026-05-06 06:04:00,2.1169052160351365
2026-05-06 06:05:00,3.419966907060731
2026-05-06 06:06:00,2.8847963663663188
2026-05-06 06:07:00,4.103920312617119
2026-05-06 06:08:00,0.5216336116957155
2026-05-06 06:09:00,0.5349808600512683
2026-05-06 06:10:00,3.2955317261433565
2026-05-06 06:11:00,2.8409688247091323
2026-05-06 06:12:00,3.794793820047059
2026-05-06 06:13:00,1.1375945959586273
2026-05-06 06:14:00,1.8437951007627826
2026-05-06 06:15:00,0.0
2026-05-06 06:16:00,2.858324704850998
2026-05-06 06:17:00,1.3155228061204638
2026-05-06 06:18:00,1.9897542871911782
2026-05-06 06:19:00,3.0169410377901276
2026-05-06 06:20:00,1.5765076817029995
2026-05-06 06:21:00,1.863316798860069
2026-05-06 06:22:00,2.4134700258021526
2026-05-06 06:23:00,0.9905695021140575
2026-05-06 06:24:00,4.140060973281201
2026-05-06 06:25:00,2.347818207324761
2026-05-06 06:26:00,0.9430923940888722
2026-05-06 06:27:00,2.51593675525187
2026-05-06 06:28:00,2.974092252018122
2026-05-06 06:29:00,0.3091571743117665
2026-05-06 06:30:00,2.917565728505341
2026-05-06 06:31:00,1.575170743922121
2026-05-06 06:32:00,0.12156752710167962
2026-05-06 06:33:00,3.0073081046223114
2026-05-06 06:34:00,0.2728846210932271
2026-05-06 06:35:00,0.2694511001709084
2026-05-06 06:36:00,0.5021381594055336
2026-05-06 06:37:00,2.0952639637295265
2026-05-06 06:38:00,4.024299335666793
2026-05-06 06:39:00,3.007068764088751
2026-05-06 06:40:00,3.7177096358973634
2026-05-06 06:41:00,1.725963967686622
2026-05-06 06:42:00,4.116574129795439
2026-05-06 06:43:00,0.3569514966369874
2026-05-06 06:44:00,1.3752857967291232
2026-05-06 06:45:00,1.1402068834361312
2026-05-06 06:46:00,2.0004466918602253
2026-05-06 06:47:00,0.0
2026-05-06 06:48:00,1.5256230103385051
2026-05-06 06:49:00,0.46920035203349125
2026-05-06 06:50:00,1.7803744973581177
2026-05-06 06:51:00,1.031003073024537
2026-05-06 06:52:00,1.1038030836390635
2026-05-06 06:53:00,2.067721469142915
2026-05-06 06:54:00,3.7698562986318516
2026-05-06 06:55:00,0.5549102562798331
2026-05-06 06:56:00,3.663041297281607
2026-05-06 06:57:00,1.5420554395490398
2026-05-06 06:58:00,0.34121806584517683
2026-05-06 06:59:00,1.1500761653909255
2026-05-06 07:00:00,4.106152639809534
2026-05-06 07:01:00,1.241221281154074
2026-05-06 07:02:00,2.983579995558177
2026-05-06 07:03:00,3.5470021742583686
2026-05-06 07:04:00,0.5363960687070077
2026-05-06 07:05:00,0.0
2026-05-06 07:06:00,1.4088906902386067
2026-05-06 07:07:00,2.230757192637526
2026-05-06 07:08:00,2.2860178846925363
2026-05-06 07:09:00,0.0
2026-05-06 07:10:00,2.338565851410423
2026-05-06 07:11:00,2.010852529100962
2026-05-06 07:12:00,2.734929285563773
2026-05-06 07:13:00,1.7317569988699628
2026-05-06 07:14:00,0.5533560261778621
2026-05-06 07:15:00,1.1922470005573396
2026-05-06 07:16:00,0.8689445824820432
2026-05-06 07:17:00,4.159634723806025
2026-05-06 07:18:00,2.296884238815888
2026-05-06 07:19:00,3.669547780310787
2026-05-06 07:20:00,0.4312172692406835
2026-05-06 07:21:00,0.196737843881865
2026-05-06 07:22:00,0.6927019641378792
2026-05-06 07:23:00,1.4474602422497742
2026-05-06 07:24:00,0.9880119876857123
2026-05-06 07:25:00,3.9607404265681394
2026-05-06 07:26:00,2.8149048954081533
2026-05-06 07:27:00,1.0059944549196476
2026-05-06 07:28:00,0.7201812197810782
2026-05-06 07:29:00,1.4408413211637279
2026-05-06 07:30:00,1.4424747145124406
2026-05-06 07:31:00,0.6416065287772647
2026-05-06 07:32:00,4.04280888648537
2026-05-06 07:33:00,3.426009346487866
2026-05-06 07:34:00,1.7499903540594692
2026-05-06 07:35:00,1.5744615775602462
2026-05-06 07:36:00,2.3705391340412065
2026-05-06 07:37:00,3.652051584830524
2026-05-06 07:38:00,1.080641105276558
2026-05-06 07:39:00,2.5232474354968
2026-05-06 07:40:00,2.287953048868022
2026-05-06 07:41:00,1.8870288321374367
2026-05-06 07:42:00,1.2704964610243301
2026-05-06 07:43:00,2.0420395819873267
2026-05-06 07:44:00,1.6188790625297198
2026-05-06 07:45:00,2.320728404869576
2026-05-06 07:46:00,0.009585053024969259
2026-05-06 07:47:00,0.23427693783959197
2026-05-06 07:48:00,1.587417233583307
2026-05-06 07:49:00,1.5603641922237235
2026-05-06 07:50:00,0.4641797780341136
2026-05-06 07:51:00,3.8151649609848355
2026-05-06 07:52:00,3.0110827053599163
2026-05-06 07:53:00,0.6077784648301208
2026-05-06 07:54:00,3.6048257058242257
2026-05-06 07:55:00,3.9225420086237897
2026-05-06 07:56:00,0.5950674155562165
2026-05-06 07:57:00,1.8822423190631543
2026-05-06 07:58:00,4.059986364969031
2026-05-06 07:59:00,1.3644334220359429
2026-05-06 08:00:00,4.099340887353759
2026-05-06 08:01:00,2.5291140358469892
2026-05-06 08:02:00,1.3808018155427333
2026-05-06 08:03:00,4.08014898070779
2026-05-06 08:04:00,2.153748307944495
2026-05-06 08:05:00,3.896739660504748
2026-05-06 08:06:00,2.9245410844156132
2026-05-06 08:07:00,0.47714056345987876
2026-05-06 08:08:00,0.39010642744875146
2026-05-06 08:09:00,1.2592232996585813
2026-05-06 08:10:00,0.9953606765921994
2026-05-06 08:11:00,0.0
2026-05-06 08:12:00,1.3176997645798723
2026-05-06 08:13:00,3.3530372230836507
2026-05-06 08:14:00,2.576275405435467
2026-05-06 08:15:00,0.0
2026-05-06 08:16:00,4.123551480082275
2026-05-06 08:17:00,0.8452487801894784
2026-05-06 08:18:00,0.0
2026-05-06 08:19:00,2.7762797435286544
2026-05-06 08:20:00,1.3858531526034223
2026-05-06 08:21:00,2.481146338986467
2026-05-06 08:22:00,1.237309402811721
2026-05-06 08:23:00,1.0105399577242955
2026-05-06 08:24:00,2.733068660328679
2026-05-06 08:25:00,2.187520122317519
2026-05-06 08:26:00,2.5074516289794206
2026-05-06 08:27:00,3.138161172639475
2026-05-06 08:28:00,3.7701044197927946
2026-05-06 08:29:00,1.5356375920185505
2026-05-06 08:30:00,4.168327410146212
2026-05-06 08:31:00,1.9948287547643988
2026-05-06 08:32:00,3.1755068007099507
2026-05-06 08:33:00,1.5008176151046526
2026-05-06 08:34:00,0.5763267922235252
2026-05-06 08:35:00,3.669422172673854
2026-05-06 08:36:00,3.865093183533356
2026-05-06 08:37:00,0.5427676013664056
2026-05-06 08:38:00,3.717804653781334
2026-05-06 08:39:00,1.2056311180885975
2026-05-06 08:40:00,3.4025524797306574
2026-05-06 08:41:00,0.1409892085128832
2026-05-06 08:42:00,2.0905977962562843
2026-05-06 08:43:00,0.6495137120925754
2026-05-06 08:44:00,0.28231671709294537
2026-05-06 08:45:00,1.1597414274852433
2026-05-06 08:46:00,2.2818709447359034
2026-05-06 08:47:00,3.690392156898443
2026-05-06 08:48:00,4.033791246037414
2026-05-06 08:49:00,1.5030577046831715
2026-05-06 08:50:00,0.0
2026-05-06 08:51:00,2.8371691479797834
2026-05-06 08:52:00,1.7463662833334634
2026-05-06 08:53:00,4.147620107403119
2026-05-06 08:54:00,0.023783774630649734
2026-05-06 08:55:00,1.019649366029744
2026-05-06 08:56:00,2.650337407873625
2026-05-06 08:57:00,0.5756961170860327
2026-05-06 08:58:00,2.2747562072136454
2026-05-06 08:59:00,0.5168078503824519
2026-05-06 09:00:00,2.5765518932804965
2026-05-06 09:01:00,4.045466612524784
2026-05-06 09:02:00,0.9166641416960051
2026-05-06 09:03:00,3.3005770230926657
2026-05-06 09:04:00,0.5248620053065307
2026-05-06 09:05:00,2.575305346080565
2026-05-06 09:06:00,1.7396046685336566
2026-05-06 09:07:00,0.6176785867818282
2026-05-06 09:08:00,2.6661456985738203
2026-05-06 09:09:00,4.006750672067933
2026-05-06 09:10:00,0.0
2026-05-06 09:11:00,4.0949706126967875
2026-05-06 09:12:00,4.025556026329938
2026-05-06 09:13:00,1.2406686536077989
2026-05-06 09:14:00,2.5795001429778797
2026-05-06 09:15:00,1.585668188536825
2026-05-06 09:16:00,3.4422024396647943
2026-05-06 09:17:00,3.1395020587899047
2026-05-06 09:18:00,2.4730059014879666
2026-05-06 09:19:00,3.9448687703532936
2026-05-06 09:20:00,1.786784792069296
2026-05-06 09:21:00,4.224148199141946
2026-05-06 09:22:00,3.9381557226786272
2026-05-06 09:23:00,0.0
2026-05-06 09:24:00,3.933389823782762
2026-05-06 09:25:00,2.721856394480173
2026-05-06 09:26:00,2.1700045984133878
2026-05-06 09:27:00,0.0
2026-05-06 09:28:00,3.213524542284055
2026-05-06 09:29:00,0.8419080316420244
2026-05-06 09:30:00,0.9268715171681221
2026-05-06 09:31:00,2.8162096790006905
2026-05-06 09:32:00,0.3209182348356993
2026-05-06 09:33:00,0.0
2026-05-06 09:34:00,3.5634777484074784
2026-05-06 09:35:00,0.7173767864416316
2026-05-06 09:36:00,2.667386181104512
2026-05-06 09:37:00,0.9366639476260867
2026-05-06 09:38:00,3.0619251992764074
2026-05-06 09:39:00,1.130335658379295
2026-05-06 09:40:00,1.9548059819622847
2026-05-06 09:41:00,2.714281601184276
2026-05-06 09:42:00,3.9134838677856907
2026-05-06 09:43:00,2.717018875840817
2026-05-06 09:44:00,3.2689828086143673
2026-05-06 09:45:00,1.5637004111484674
2026-05-06 09:46:00,1.7409896532364026
2026-05-06 09:47:00,0.731537673353563
2026-05-06 09:48:00,3.695690439945385
2026-05-06 09:49:00,0.34181949464844497
2026-05-06 09:50:00,0.5149452392447017
2026-05-06 09:51:00,2.455883657034188
2026-05-06 09:52:00,0.35419848749192795
2026-05-06 09:53:00,0.22977609118755798
2026-05-06 09:54:00,1.929943337499107
2026-05-06 09:55:00,3.6694288779326136
2026-05-06 09:56:00,1.3578470328042198
2026-05-06 09:57:00,3.6671932121989665
2026-05-06 09:58:00,0.2865654569191587
2026-05-06 09:59:00,3.80918192530888
2026-05-06 10:00:00,1.291872283928332
2026-05-06 10:01:00,1.2876560618332482
2026-05-06 10:02:00,1.1890883791995308
2026-05-06 10:03:00,2.8153968857304816
2026-05-06 10:04:00,0.0
2026-05-06 10:05:00,1.4089376450442428
2026-05-06 10:06:00,3.5942422024595357
2026-05-06 10:07:00,2.9731968504318247
2026-05-06 10:08:00,2.3492443288145255
2026-05-06 10:09:00,0.41995405751969855
2026-05-06 10:10:00,2.0617643205158998
2026-05-06 10:11:00,3.313193013861113
2026-05-06 10:12:00,1.191128229199711
2026-05-06 10:13:00,0.1996566538772676
2026-05-06 10:14:00,2.800899862431576
2026-05-06 10:15:00,2.0541945961684926
2026-05-06 10:16:00,1.4865513312618925
2026-05-06 10:17:00,1.8981119261173907
2026-05-06 10:18:00,0.8246047940645858
2026-05-06 10:19:00,0.0
2026-05-06 10:20:00,1.046052848442187
2026-05-06 10:21:00,1.223945636588455
2026-05-06 10:22:00,3.960911479394272
2026-05-06 10:23:00,3.7413253897781664
2026-05-06 10:24:00,0.9800095983736815
2026-05-06 10:25:00,2.288268817148659
2026-05-06 10:26:00,0.5529856446870829
2026-05-06 10:27:00,0.0
2026-05-06 10:28:00,0.7773942923126979
2026-05-06 10:29:00,1.8109600205146639
2026-05-06 10:30:00,2.4942775900973766
2026-05-06 10:31:00,0.6696680956894632
2026-05-06 10:32:00,2.0338622014180907
2026-05-06 10:33:00,2.2662810385372416
2026-05-06 10:34:00,2.3026965204565455
2026-05-06 10:35:00,1.9574834204644098
2026-05-06 10:36:00,0.0
2026-05-06 10:37:00,0.0
2026-05-06 10:38:00,2.6827122012379445
2026-05-06 10:39:00,1.3309558801522348
2026-05-06 10:40:00,1.5246763418233287
2026-05-06 10:41:00,2.6360543795699423
2026-05-06 10:42:00,3.0879509031603627
2026-05-06 10:43:00,2.696490525668871
2026-05-06 10:44:00,2.954017610879996
2026-05-06 10:45:00,0.0
2026-05-06 10:46:00,2.1627851204618076
2026-05-06 10:47:00,0.46123887128952046
2026-05-06 10:48:00,3.993649750974837
2026-05-06 10:49:00,0.6984449024103484
2026-05-06 10:50:00,4.048825868233699
2026-05-06 10:51:00,3.485449997394964
2026-05-06 10:52:00,3.0089319397606267
2026-05-06 10:53:00,0.9125434015182657
2026-05-06 10:54:00,0.13382749457959026
2026-05-06 10:55:00,1.4358665020387464
2026-05-06 10:56:00,4.133631064752228
2026-05-06 10:57:00,0.035771989723679676
2026-05-06 10:58:00,1.4516631606743187
2026-05-06 10:59:00,3.6728347447214014
2026-05-06 11:00:00,0.2732238313555463
2026-05-06 11:01:00,0.8728083793569922
2026-05-06 11:02:00,1.3718026788319908
2026-05-06 11:03:00,1.5320293899060693
2026-05-06 11:04:00,2.8290971961988345
2026-05-06 11:05:00,2.0096747655008276
2026-05-06 11:06:00,2.665051181476753
2026-05-06 11:07:00,4.061902483966485
2026-05-06 11:08:00,3.0087785867145906
2026-05-06 11:09:00,0.0
2026-05-06 11:10:00,2.56585391644363
2026-05-06 11:11:00,2.8491718404875064
2026-05-06 11:12:00,0.06499800714681847
2026-05-06 11:13:00,0.1370100101221139
2026-05-06 11:14:00,1.0382306167175916
2026-05-06 11:15:00,3.7220830955062754
2026-05-06 11:16:00,1.090405849187607
2026-05-06 11:17:00,2.4822886261240065
2026-05-06 11:18:00,1.8574092993763396
2026-05-06 11:19:00,0.0
2026-05-06 11:20:00,3.691948413984276
2026-05-06 11:21:00,1.665981714005657
2026-05-06 11:22:00,2.7269780280258122
2026-05-06 11:23:00,3.9765692195261018
2026-05-06 11:24:00,1.4537300317607609
2026-05-06 11:25:00,0.4433249454141207
2026-05-06 11:26:00,4.120947430393926
2026-05-06 11:27:00,0.0
2026-05-06 11:28:00,3.972184597228905
2026-05-06 11:29:00,3.6478887965680697
2026-05-06 11:30:00,2.261329347879867
2026-05-06 11:31:00,3.178914685180044
2026-05-06 11:32:00,2.4510482920605545
2026-05-06 11:33:00,2.6891760354117733
2026-05-06 11:34:00,2.9644411690581394
2026-05-06 11:35:00,1.5974263269730176
2026-05-06 11:36:00,3.516664033092418
2026-05-06 11:37:00,0.0
2026-05-06 11:38:00,1.728256320094859
2026-05-06 11:39:00,1.0787354473374773
2026-05-06 11:40:00,2.575009023408382
2026-05-06 11:41:00,2.1187793763356613
2026-05-06 11:42:00,0.8147166603608735
2026-05-06 11:43:00,0.5840517688427357
2026-05-06 11:44:00,0.20268087073042296
2026-05-06 11:45:00,2.291071205135351
2026-05-06 11:46:00,0.07027206356996663
2026-05-06 11:47:00,1.923012159047849
2026-05-06 11:48:00,1.6912592412674743
2026-05-06 11:49:00,0.9623665504390979
2026-05-06 11:50:00,3.9298628908759214
2026-05-06 11:51:00,0.9312527992192503
2026-05-06 11:52:00,1.3866151188982558
2026-05-06 11:53:00,3.5731910646119345
2026-05-06 11:54:00,3.0666892637909484
2026-05-06 11:55:00,0.9078407550591188
2026-05-06 11:56:00,1.6624679480332247
2026-05-06 11:57:00,0.0
2026-05-06 11:58:00,3.8672750815037915
2026-05-06 11:59:00,2.2634084709073914
2026-05-06 12:00:00,1.461579770405426
2026-05-06 12:01:00,3.593806303592672
2026-05-06 12:02:00,3.0095610047446635
2026-05-06 12:03:00,2.8508081185487457
2026-05-06 12:04:00,2.4464658888504456
2026-05-06 12:05:00,3.9272337905757198
2026-05-06 12:06:00,2.795982562821291
2026-05-06 12:07:00,3.7796979857711737
2026-05-06 12:08:00,1.0256434000144319
2026-05-06 12:09:00,0.0
2026-05-06 12:10:00,2.275415890197032
2026-05-06 12:11:00,0.7189900986895711
2026-05-06 12:12:00,1.7972584279131254
2026-05-06 12:13:00,0.006871434452625613
2026-05-06 12:14:00,4.010681253344991
2026-05-06 12:15:00,3.529500032662128
2026-05-06 12:16:00,1.6646093076641773
2026-05-06 12:17:00,0.4251763580009425
2026-05-06 12:18:00,2.7241397548268393
2026-05-06 12:19:00,0.6346887745676845
2026-05-06 12:20:00,1.1533449515840846
2026-05-06 12:21:00,3.2186975293975006
2026-05-06 12:22:00,1.2823305094940596
2026-05-06 12:23:00,0.03559105062943335
2026-05-06 12:24:00,1.9969161179893504
2026-05-06 12:25:00,2.7442716306834924
2026-05-06 12:26:00,0.17261864394306942
2026-05-06 12:27:00,1.206620675051094
2026-05-06 12:28:00,3.700126201777732
2026-05-06 12:29:00,1.2662587876390865
2026-05-06 12:30:00,0.8570244894858081
2026-05-06 12:31:00,3.614964083187322
2026-05-06 12:32:00,1.1086085325340522
2026-05-06 12:33:00,1.3050128968138615
2026-05-06 12:34:00,1.4020737187997783
2026-05-06 12:35:00,1.8551364174300087
2026-05-06 12:36:00,4.1761703276349715
2026-05-06 12:37:00,3.5912106435106708
2026-05-06 12:38:00,1.7279255820492128
2026-05-06 12:39:00,2.9245368351263252
2026-05-06 12:40:00,1.1681891349682147
2026-05-06 12:41:00,2.047577204999535
2026-05-06 12:42:00,0.0
2026-05-06 12:43:00,2.2532543199684447
2026-05-06 12:44:00,2.361207816621579
2026-05-06 12:45:00,2.3419010930376416
2026-05-06 12:46:00,2.446889886715673
2026-05-06 12:47:00,2.8965268076460697
2026-05-06 12:48:00,3.5715596390087665
2026-05-06 12:49:00,1.2288387300152155
2026-05-06 12:50:00,0.0
2026-05-06 12:51:00,0.0
2026-05-06 12:52:00,0.5155159922686527
2026-05-06 12:53:00,3.4144991937781524
2026-05-06 12:54:00,3.0781013941704343
2026-05-06 12:55:00,2.553734259183268
2026-05-06 12:56:00,3.277108253925066
2026-05-06 12:57:00,2.729785319406533
2026-05-06 12:58:00,0.0
2026-05-06 12:59:00,0.39367283391971714
2026-05-06 13:00:00,3.422994639944621
2026-05-06 13:01:00,2.7405449951994303
2026-05-06 13:02:00,2.041694407794097
2026-05-06 13:03:00,1.510715082362784
2026-05-06 13:04:00,2.7662158719671375
2026-05-06 13:05:00,2.48905174959065
2026-05-06 13:06:00,2.667053497035923
2026-05-06 13:07:00,1.1439423515785867
2026-05-06 13:08:00,3.646770706708972
2026-05-06 13:09:00,0.445932270566046
2026-05-06 13:10:00,1.6796408184303107
2026-05-06 13:11:00,0.0
2026-05-06 13:12:00,1.7439713714769045
2026-05-06 13:13:00,2.8586664328056894
2026-05-06 13:14:00,0.15728422247662133
2026-05-06 13:15:00,3.9696303992697803
2026-05-06 13:16:00,2.101696131847176
2026-05-06 13:17:00,3.564528588660159
2026-05-06 13:18:00,0.0
2026-05-06 13:19:00,0.0
2026-05-06 13:20:00,1.020491733189837
2026-05-06 13:21:00,2.5921223831925615
2026-05-06 13:22:00,1.1946726855652958
2026-05-06 13:23:00,3.958866274898071
2026-05-06 13:24:00,2.53238106174001
2026-05-06 13:25:00,3.565943270808072
2026-05-06 13:26:00,3.645702403502922
2026-05-06 13:27:00,3.5232452293364234
2026-05-06 13:28:00,2.5312089198946275
2026-05-06 13:29:00,2.2689011165247384
2026-05-06 13:30:00,4.03429123482851
2026-05-06 13:31:00,0.9993483338984148
2026-05-06 13:32:00,1.052803899460159
2026-05-06 13:33:00,1.4398952973727535
2026-05-06 13:34:00,1.2681628840175456
2026-05-06 13:35:00,0.7825967813456032
2026-05-06 13:36:00,0.3381996692957476
2026-05-06 13:37:00,1.0478397542367526
2026-05-06 13:38:00,2.7144001917530085
2026-05-06 13:39:00,0.0
2026-05-06 13:40:00,0.30849316781602126
2026-05-06 13:41:00,0.2834686500649909
2026-05-06 13:42:00,0.4964783811052267
2026-05-06 13:43:00,0.23473786943403502
2026-05-06 13:44:00,3.065606713448468
2026-05-06 13:45:00,3.9812200397860544
2026-05-06 13:46:00,1.7870686441677317
2026-05-06 13:47:00,3.4018831554384112
2026-05-06 13:48:00,2.9958700971092496
2026-05-06 13:49:00,0.34384936759146306
2026-05-06 13:50:00,3.0347197292868286
2026-05-06 13:51:00,2.856397095714015
2026-05-06 13:52:00,3.12222366109717
2026-05-06 13:53:00,0.0
2026-05-06 13:54:00,0.09612864871234472
2026-05-06 13:55:00,2.6279396652045204
2026-05-06 13:56:00,1.4977116411634812
2026-05-06 13:57:00,1.9774094099276005
2026-05-06 13:58:00,0.0
2026-05-06 13:59:00,0.25668492529713327
2026-05-06 14:00:00,3.020831829747031
2026-05-06 14:01:00,2.5868610654338124
2026-05-06 14:02:00,0.9338900298345255
2026-05-06 14:03:00,1.2791308165648827
2026-05-06 14:04:00,3.5531000605074414
2026-05-06 14:05:00,3.2503223147486624
2026-05-06 14:06:00,3.683889678320739
2026-05-06 14:07:00,0.2825007367666437
2026-05-06 14:08:00,0.42365857932126333
2026-05-06 14:09:00,2.1851449547598527
2026-05-06 14:10:00,1.2970220124661398
2026-05-06 14:11:00,0.6750711392152587
2026-05-06 14:12:00,0.0
2026-05-06 14:13:00,0.0
2026-05-06 14:14:00,2.1535413672683474
2026-05-06 14:15:00,3.1267192039707767
2026-05-06 14:16:00,0.2330663191161838
2026-05-06 14:17:00,3.0238388633685087
2026-05-06 14:18:00,2.525467610010569
2026-05-06 14:19:00,0.34317863734414294
2026-05-06 14:20:00,0.9769388451429852
2026-05-06 14:21:00,2.7394346752262546
2026-05-06 14:22:00,2.27130257416024
2026-05-06 14:23:00,0.45167419128419506
2026-05-06 14:24:00,3.9372223390329895
2026-05-06 14:25:00,3.100897151073714
2026-05-06 14:26:00,0.0
2026-05-06 14:27:00,2.8451494731218467
2026-05-06 14:28:00,4.241953106053408
2026-05-06 14:29:00,2.9805777539126894
2026-05-06 14:30:00,1.6884078190633587
2026-05-06 14:31:00,0.0
2026-05-06 14:32:00,0.17907007203194525
2026-05-06 14:33:00,3.312765441922405
2026-05-06 14:34:00,1.5031883799266983
2026-05-06 14:35:00,2.552776409123073
2026-05-06 14:36:00,0.9859749703535383
2026-05-06 14:37:00,3.7962759355725404
2026-05-06 14:38:00,3.0485376791189007
2026-05-06 14:39:00,3.6574648775561984
2026-05-06 14:40:00,0.36045716939353173
2026-05-06 14:41:00,2.449723724069962
2026-05-06 14:42:00,2.0213846502976907
2026-05-06 14:43:00,2.4592341523782393
2026-05-06 14:44:00,4.261777210515161
2026-05-06 14:45:00,0.8140165057692315
2026-05-06 14:46:00,1.383598015276421
2026-05-06 14:47:00,2.890183766562605
2026-05-06 14:48:00,1.4426173478500475
2026-05-06 14:49:00,0.0
2026-05-06 14:50:00,0.0
2026-05-06 14:51:00,4.009340465478713
2026-05-06 14:52:00,2.1418438333975685
2026-05-06 14:53:00,4.177900384508128
2026-05-06 14:54:00,0.8426035220876368
2026-05-06 14:55:00,2.348484867012624
2026-05-06 14:56:00,0.43118576676472736
2026-05-06 14:57:00,2.7733361341161054
2026-05-06 14:58:00,4.175863140692455
2026-05-06 14:59:00,2.3586298551401055
2026-05-06 15:00:00,0.26256122570383533
2026-05-06 15:01:00,0.0
2026-05-06 15:02:00,3.0020300599756014
2026-05-06 15:03:00,1.2041503089677599
2026-05-06 15:04:00,3.1713527847635103
2026-05-06 15:05:00,0.42169464970989656
2026-05-06 15:06:00,0.5683161773012365
2026-05-06 15:07:00,4.050281592645252
2026-05-06 15:08:00,2.5681512154910413
2026-05-06 15:09:00,3.881642119671957
2026-05-06 15:10:00,2.2151492660680723
2026-05-06 15:11:00,0.3009857623515089
2026-05-06 15:12:00,3.3589961403488653
2026-05-06 15:13:00,0.6238528850690167
2026-05-06 15:14:00,0.42224750347579976
2026-05-06 15:15:00,1.6022984036661785
2026-05-06 15:16:00,1.7973436728649603
2026-05-06 15:17:00,3.339757452691768
2026-05-06 15:18:00,0.0
2026-05-06 15:19:00,2.5355950750579384
2026-05-06 15:20:00,0.26974078423160436
2026-05-06 15:21:00,2.953712439182471
2026-05-06 15:22:00,1.4867169062930772
2026-05-06 15:23:00,1.0156033781983156
2026-05-06 15:24:00,2.301166341287713
2026-05-06 15:25:00,1.3538843872556932
2026-05-06 15:26:00,2.9835768905829974
2026-05-06 15:27:00,2.4543562728096595
2026-05-06 15:28:00,1.3843858416450794
2026-05-06 15:29:00,0.11312852400183926
2026-05-06 15:30:00,0.13361451765078391
2026-05-06 15:31:00,1.639100946422373
2026-05-06 15:32:00,1.3490117919955642
2026-05-06 15:33:00,1.8396053478686745
2026-05-06 15:34:00,0.0
2026-05-06 15:35:00,2.1520239273770843
2026-05-06 15:36:00,0.9884378699676493
2026-05-06 15:37:00,1.8890142741236908
2026-05-06 15:38:00,2.815871587561975
2026-05-06 15:39:00,3.5785626027744364
2026-05-06 15:40:00,1.2672376554100646
2026-05-06 15:41:00,2.443740558917187
2026-05-06 15:42:00,1.389540962140432
2026-05-06 15:43:00,3.514120768814026
2026-05-06 15:44:00,2.2243645922623356
2026-05-06 15:45:00,3.0720704058769455
2026-05-06 15:46:00,1.2839509677866348
2026-05-06 15:47:00,1.2508437047005454
2026-05-06 15:48:00,2.0370160154225427
2026-05-06 15:49:00,1.57786185272963
2026-05-06 15:50:00,0.7367197351098271
2026-05-06 15:51:00,0.6750129473293341
2026-05-06 15:52:00,2.9220051818217616
2026-05-06 15:53:00,0.0
2026-05-06 15:54:00,3.2688637077991807
2026-05-06 15:55:00,2.774812914591493
2026-05-06 15:56:00,0.6455569967257725
2026-05-06 15:57:00,0.5601322288243508
2026-05-06 15:58:00,0.39717122533306765
2026-05-06 15:59:00,4.2698870065744305
2026-05-06 16:00:00,3.998846118484575
2026-05-06 16:01:00,3.770377857559062
2026-05-06 16:02:00,3.663409730522474
2026-05-06 16:03:00,3.2552249415545393
2026-05-06 16:04:00,0.3620024170410684
2026-05-06 16:05:00,2.9350547759318077
2026-05-06 16:06:00,3.4530169540494344
2026-05-06 16:07:00,2.53689922233853
2026-05-06 16:08:00,2.8539886133119263
2026-05-06 16:09:00,3.655620468636143
2026-05-06 16:10:00,0.7014389486922186
2026-05-06 16:11:00,4.19356916339566
2026-05-06 16:12:00,3.2398179628454598
2026-05-06 16:13:00,4.0674493384665125
2026-05-06 16:14:00,1.5473446456652427
2026-05-06 16:15:00,1.4320458736916595
2026-05-06 16:16:00,3.4646706211683895
2026-05-06 16:17:00,0.09355618099012308
2026-05-06 16:18:00,3.673888877605161
2026-05-06 16:19:00,2.1119219040296433
2026-05-06 16:20:00,3.799776799832788
2026-05-06 16:21:00,0.0
2026-05-06 16:22:00,1.0046601041004455
2026-05-06 16:23:00,1.757416235250222
2026-05-06 16:24:00,1.5463667327573045
2026-05-06 16:25:00,3.20852438930885
2026-05-06 16:26:00,1.8249803440252994
2026-05-06 16:27:00,0.695228025880284
2026-05-06 16:28:00,2.7608410636846243
2026-05-06 16:29:00,0.6061552392386462
2026-05-06 16:30:00,3.3070811077156494
2026-05-06 16:31:00,1.992823888156878
2026-05-06 16:32:00,2.0259068536316365
2026-05-06 16:33:00,2.810085769092948
2026-05-06 16:34:00,1.8503924403280476
2026-05-06 16:35:00,2.015556246285378
2026-05-06 16:36:00,3.1743805329373966
2026-05-06 16:37:00,2.4643613325346614
2026-05-06 16:38:00,3.803191150443
2026-05-06 16:39:00,3.070612013902931
2026-05-06 16:40:00,0.8473561871593656
2026-05-06 16:41:00,1.7741565418064404
2026-05-06 16:42:00,2.716276568211825
2026-05-06 16:43:00,1.8848975223850704
2026-05-06 16:44:00,2.4759717244187707
2026-05-06 16:45:00,2.6526259104960532
2026-05-06 16:46:00,4.181482104944689
2026-05-06 16:47:00,1.3712420794143163
2026-05-06 16:48:00,3.3145955454568714
2026-05-06 16:49:00,2.5606668717617724
2026-05-06 16:50:00,0.0
2026-05-06 16:51:00,2.0023360999072204
2026-05-06 16:52:00,0.8908047313226628
2026-05-06 16:53:00,2.490282093270367
2026-05-06 16:54:00,3.2647569098239844
2026-05-06 16:55:00,2.628032300751849
2026-05-06 16:56:00,1.3720761577231988
2026-05-06 16:57:00,3.210866475955625
2026-05-06 16:58:00,0.12277098207386039
2026-05-06 16:59:00,0.0
2026-05-06 17:00:00,1.813000801845829
2026-05-06 17:01:00,3.745590356082445
2026-05-06 17:02:00,3.3869111634248594
2026-05-06 17:03:00,2.010857072425887
2026-05-06 17:04:00,1.1165974510211392
2026-05-06 17:05:00,0.0
2026-05-06 17:06:00,1.5201873678346125
2026-05-06 17:07:00,0.03741097538059657
2026-05-06 17:08:00,2.6631477852406595
2026-05-06 17:09:00,1.5582502257093287
2026-05-06 17:10:00,3.7021400149643013
2026-05-06 17:11:00,3.4178053976923684
2026-05-06 17:12:00,2.286417515163108
2026-05-06 17:13:00,1.0888165409507873
2026-05-06 17:14:00,1.2411410953433908
2026-05-06 17:15:00,2.4994098961766964
2026-05-06 17:16:00,1.5515102929505669
2026-05-06 17:17:00,3.4112133997577807
2026-05-06 17:18:00,2.3610358725685394
2026-05-06 17:19:00,2.3014593302387256
2026-05-06 17:20:00,1.2472144059638683
2026-05-06 17:21:00,0.5892035579573743
2026-05-06 17:22:00,0.0
2026-05-06 17:23:00,1.7205188530109865
2026-05-06 17:24:00,1.9921463899698253
2026-05-06 17:25:00,0.9646532209263101
2026-05-06 17:26:00,3.0571556682911516
2026-05-06 17:27:00,0.9896888235562378
2026-05-06 17:28:00,4.228471479003109
2026-05-06 17:29:00,0.3054955642347505
2026-05-06 17:30:00,0.4620913593834052
2026-05-06 17:31:00,3.7903419128878126
2026-05-06 17:32:00,0.11822914016117192
2026-05-06 17:33:00,0.0
2026-05-06 17:34:00,2.2982672848410983
2026-05-06 17:35:00,2.136232325771088
2026-05-06 17:36:00,2.4000024027452924
2026-05-06 17:37:00,3.623028823693532
2026-05-06 17:38:00,0.0
2026-05-06 17:39:00,2.330709661099112
2026-05-06 17:40:00,2.682166436133256
2026-05-06 17:41:00,1.8413047373079487
2026-05-06 17:42:00,2.6774039481484397
2026-05-06 17:43:00,1.9633474991612174
2026-05-06 17:44:00,1.422371217866044
2026-05-06 17:45:00,1.5647864502846367
2026-05-06 17:46:00,3.8607366376130376
2026-05-06 17:47:00,2.9008195914678345
2026-05-06 17:48:00,2.481803708546823
2026-05-06 17:49:00,1.0145565522060005
2026-05-06 17:50:00,0.14443858316763636
2026-05-06 17:51:00,3.4140965867696416
2026-05-06 17:52:00,1.9090525242479846
2026-05-06 17:53:00,2.3198060344517306
2026-05-06 17:54:00,1.1599045407621864
2026-05-06 17:55:00,3.571099400692728
2026-05-06 17:56:00,0.21031190343887585
2026-05-06 17:57:00,1.9298127226839248
2026-05-06 17:58:00,2.0644052088603537
2026-05-06 17:59:00,1.7834016148829055
2026-05-06 18:00:00,2.9549374853653894
2026-05-06 18:01:00,2.9490367914243976
2026-05-06 18:02:00,0.08005869252086906
2026-05-06 18:03:00,0.0
2026-05-06 18:04:00,1.6284010439354484
2026-05-06 18:05:00,0.8239632813885394
2026-05-06 18:06:00,1.2384404890128107
2026-05-06 18:07:00,2.6247617481208563
2026-05-06 18:08:00,3.7458605792449418
2026-05-06 18:09:00,0.7425408074513487
2026-05-06 18:10:00,0.0
2026-05-06 18:11:00,1.4188198195259438
2026-05-06 18:12:00,1.885518373682908
2026-05-06 18:13:00,3.3973233424883436
2026-05-06 18:14:00,0.5479525847663076
2026-05-06 18:15:00,0.061669985160753726
2026-05-06 18:16:00,0.010097091372879285
2026-05-06 18:17:00,2.1841556705954672
2026-05-06 18:18:00,0.023978204710721207
2026-05-06 18:19:00,1.0046832772653733
2026-05-06 18:20:00,1.183441000130169
2026-05-06 18:21:00,3.380536897523779
2026-05-06 18:22:00,4.2385721613955525
2026-05-06 18:23:00,1.0734519783415044
2026-05-06 18:24:00,2.298516648554771
2026-05-06 18:25:00,0.0
2026-05-06 18:26:00,2.54897584096981
2026-05-06 18:27:00,3.238745324792851
2026-05-06 18:28:00,0.6341828038495135
2026-05-06 18:29:00,3.3966619351937033
2026-05-06 18:30:00,0.8161851022649428
2026-05-06 18:31:00,0.27338871756804684
2026-05-06 18:32:00,3.0842179743386753
2026-05-06 18:33:00,1.1214941662998388
2026-05-06 18:34:00,1.130760408977472
2026-05-06 18:35:00,2.561388810761139
2026-05-06 18:36:00,0.07922863028748484
2026-05-06 18:37:00,1.46461741367568
2026-05-06 18:38:00,2.322573870301203
2026-05-06 18:39:00,1.659186714096581
2026-05-06 18:40:00,2.17076306870305
2026-05-06 18:41:00,4.153318526965859
2026-05-06 18:42:00,2.195852178191238
2026-05-06 18:43:00,0.42571595585555044
2026-05-06 18:44:00,3.548213809335159
2026-05-06 18:45:00,1.1567000189963892
2026-05-06 18:46:00,3.361034213398059
2026-05-06 18:47:00,1.6012754221356167
2026-05-06 18:48:00,3.9620055511188483
2026-05-06 18:49:00,0.14898825570694618
2026-05-06 18:50:00,0.5789274181602767
2026-05-06 18:51:00,1.6815522963831933
2026-05-06 18:52:00,3.9324833523960137
2026-05-06 18:53:00,1.5986151396490496
2026-05-06 18:54:00,3.674655228136464
2026-05-06 18:55:00,2.00945007624211
2026-05-06 18:56:00,2.364375203069417
2026-05-06 18:57:00,2.4954938326123015
2026-05-06 18:58:00,2.0915376449741743
2026-05-06 18:59:00,1.070184989711002
2026-05-06 19:00:00,4.001878413758214
2026-05-06 19:01:00,3.148886533485933
2026-05-06 19:02:00,1.7732438375543569
2026-05-06 19:03:00,3.136628782130229
2026-05-06 19:04:00,2.000749561372813
2026-05-06 19:05:00,1.7266828978478057
2026-05-06 19:06:00,1.3296093814764909
2026-05-06 19:07:00,0.8219535211261527
2026-05-06 19:08:00,3.049208798055498
2026-05-06 19:09:00,0.0
2026-05-06 19:10:00,3.2000292702801283
2026-05-06 19:11:00,3.9180338981255374
2026-05-06 19:12:00,1.823613197664862
2026-05-06 19:13:00,0.17616933502535403
2026-05-06 19:14:00,0.1954868008278271
2026-05-06 19:15:00,4.275034620620868
2026-05-06 19:16:00,0.0
2026-05-06 19:17:00,1.8203878071916062
2026-05-06 19:18:00,2.544714641150435
2026-05-06 19:19:00,1.8188140228971044
2026-05-06 19:20:00,1.829336017140971
2026-05-06 19:21:00,1.1641662955401322
2026-05-06 19:22:00,2.2595977312458593
2026-05-06 19:23:00,0.42482820816766165
2026-05-06 19:24:00,1.08524867400056
2026-05-06 19:25:00,2.798992684609388
2026-05-06 19:26:00,2.9291892060237625
2026-05-06 19:27:00,1.7650724156687976
2026-05-06 19:28:00,1.8694605412753333
2026-05-06 19:29:00,2.3661073063573554
2026-05-06 19:30:00,3.761544466989234
2026-05-06 19:31:00,1.1287334921527044
2026-05-06 19:32:00,1.51297611895134
2026-05-06 19:33:00,3.982397077536568
2026-05-06 19:34:00,0.8231222579395976
2026-05-06 19:35:00,2.1019928603990543
2026-05-06 19:36:00,4.255396717609888
2026-05-06 19:37:00,0.22847403515681552
2026-05-06 19:38:00,0.3513562551528457
2026-05-06 19:39:00,0.9099533048965589
2026-05-06 19:40:00,3.0459023428159075
2026-05-06 19:41:00,2.122155974577214
2026-05-06 19:42:00,0.503931090109295
2026-05-06 19:43:00,3.393888561387837
2026-05-06 19:44:00,0.06787306721012232
2026-05-06 19:45:00,2.452753281424741
2026-05-06 19:46:00,2.5438067211896493
2026-05-06 19:47:00,3.2741815631296465
2026-05-06 19:48:00,1.1657817476080665
2026-05-06 19:49:00,2.3577605833904585
2026-05-06 19:50:00,3.635464156224243
2026-05-06 19:51:00,3.8766897406166283
2026-05-06 19:52:00,0.2657242216916151
2026-05-06 19:53:00,3.558320473112189
2026-05-06 19:54:00,2.5901299404666993
2026-05-06 19:55:00,3.8075127619494813
2026-05-06 19:56:00,1.9723673543710825
2026-05-06 19:57:00,2.3807302819853104
2026-05-06 19:58:00,3.6458898687479877
2026-05-06 19:59:00,0.5342662537345414
2026-05-06 20:00:00,2.937254382028442
2026-05-06 20:01:00,0.1520419360881875
2026-05-06 20:02:00,0.14440354897812946
2026-05-06 20:03:00,3.092757533830476
2026-05-06 20:04:00,0.9815244534925245
2026-05-06 20:05:00,3.3570271131311866
2026-05-06 20:06:00,1.107324182872552
2026-05-06 20:07:00,1.7691640656504455
2026-05-06 20:08:00,0.0
2026-05-06 20:09:00,2.4766370757446143
2026-05-06 20:10:00,2.5248133248590876
2026-05-06 20:11:00,0.480121894765589
2026-05-06 20:12:00,1.2925881912015713
2026-05-06 20:13:00,1.301496775520956
2026-05-06 20:14:00,3.7953595698047677
2026-05-06 20:15:00,3.9970833269772124
2026-05-06 20:16:00,3.9821139448082254
2026-05-06 20:17:00,0.23602465568466774
2026-05-06 20:18:00,0.0
2026-05-06 20:19:00,1.2344781483075447
2026-05-06 20:20:00,0.0
2026-05-06 20:21:00,3.249800510520222
2026-05-06 20:22:00,1.9626230091256658
2026-05-06 20:23:00,0.9642608330408555
2026-05-06 20:24:00,0.9682087195593763
2026-05-06 20:25:00,3.8288472417185124
2026-05-06 20:26:00,1.0832302080919538
2026-05-06 20:27:00,4.086928842615679
2026-05-06 20:28:00,2.2671993970388686
2026-05-06 20:29:00,4.003972267776591
2026-05-06 20:30:00,2.0512539132948318
2026-05-06 20:31:00,2.1459285940050963
2026-05-06 20:32:00,1.4591373618002677
2026-05-06 20:33:00,0.23099654731725316
2026-05-06 20:34:00,3.821776703682624
2026-05-06 20:35:00,1.6128497341031707
2026-05-06 20:36:00,2.23285142857793
2026-05-06 20:37:00,1.9778434938968652
2026-05-06 20:38:00,3.0470727166855918
2026-05-06 20:39:00,1.7389761734069487
2026-05-06 20:40:00,3.7547332733912984
2026-05-06 20:41:00,0.0
2026-05-06 20:42:00,3.9781334053955133
2026-05-06 20:43:00,0.006776899292300409
2026-05-06 20:44:00,0.920499968680514
2026-05-06 20:45:00,0.842427790868735
2026-05-06 20:46:00,0.9807765737782048
2026-05-06 20:47:00,2.1674846875707012
2026-05-06 20:48:00,2.6314253458534145
2026-05-06 20:49:00,0.5804235444510789
2026-05-06 20:50:00,3.745162935750052
2026-05-06 20:51:00,3.6431927792640786
2026-05-06 20:52:00,1.066955025740735
2026-05-06 20:53:00,1.856573289758412
2026-05-06 20:54:00,3.9965276113003627
2026-05-06 20:55:00,1.8650336225202115
2026-05-06 20:56:00,4.191268517443826
2026-05-06 20:57:00,0.7381879296952376
2026-05-06 20:58:00,3.3734544632157304
2026-05-06 20:59:00,1.3441669186247664
2026-05-06 21:00:00,0.7187991786287541
2026-05-06 21:01:00,0.3204959792908707
2026-05-06 21:02:00,2.3951219615050925
2026-05-06 21:03:00,3.1597232321025377
2026-05-06 21:04:00,1.5722085151161993
2026-05-06 21:05:00,1.269891014925916
2026-05-06 21:06:00,1.5749435612833473
2026-05-06 21:07:00,0.6338127386181505
2026-05-06 21:08:00,3.1689255200904527
2026-05-06 21:09:00,4.060606180018351
2026-05-06 21:10:00,2.749388562839584
2026-05-06 21:11:00,1.4960611818265823
2026-05-06 21:12:00,3.4191861393780973
2026-05-06 21:13:00,3.4470718354193144
2026-05-06 21:14:00,3.1279263144207103
2026-05-06 21:15:00,3.494550082840796
2026-05-06 21:16:00,0.6297555572613187
2026-05-06 21:17:00,0.007984970164950034
2026-05-06 21:18:00,3.702182545622472
2026-05-06 21:19:00,1.4107789079838553
2026-05-06 21:20:00,3.188353316048469
2026-05-06 21:21:00,0.8483792551720813
2026-05-06 21:22:00,3.682365927849126
2026-05-06 21:23:00,3.7831368426313343
2026-05-06 21:24:00,1.6995725071726657
2026-05-06 21:25:00,4.0040896639739065
2026-05-06 21:26:00,0.6476247414588551
2026-05-06 21:27:00,2.1667782192489375
2026-05-06 21:28:00,2.506027329739122
2026-05-06 21:29:00,2.0123734690881983
2026-05-06 21:30:00,1.360836071415722
2026-05-06 21:31:00,3.1591478117197087
2026-05-06 21:32:00,0.30276944446886767
2026-05-06 21:33:00,1.9718255518641472
2026-05-06 21:34:00,0.9328974494939011
2026-05-06 21:35:00,1.251466200702879
2026-05-06 21:36:00,4.200117233138556
2026-05-06 21:37:00,1.273942205742082
2026-05-06 21:38:00,0.0
2026-05-06 21:39:00,0.4883059039872093
2026-05-06 21:40:00,0.0
2026-05-06 21:41:00,2.266045820742399
2026-05-06 21:42:00,2.4718590501278834
2026-05-06 21:43:00,4.1131958063973215
2026-05-06 21:44:00,1.1113380774258124
2026-05-06 21:45:00,3.081526594552469
2026-05-06 21:46:00,2.994211215989187
2026-05-06 21:47:00,0.04230788277672193
2026-05-06 21:48:00,1.0862703594757557
2026-05-06 21:49:00,4.183722998870944
2026-05-06 21:50:00,0.23906963071642856
2026-05-06 21:51:00,2.3020450195540585
2026-05-06 21:52:00,0.9931867654041202
2026-05-06 21:53:00,2.476481741506136
2026-05-06 21:54:00,3.848799224084943
2026-05-06 21:55:00,0.0
2026-05-06 21:56:00,1.999111465564098
2026-05-06 21:57:00,2.195089247604657
2026-05-06 21:58:00,3.102986792778076
2026-05-06 21:59:00,1.6265888929085976
2026-05-06 22:00:00,2.0452301778943043
2026-05-06 22:01:00,4.153045459141369
2026-05-06 22:02:00,2.3782460122806874
2026-05-06 22:03:00,1.7299838637611162
2026-05-06 22:04:00,2.0008473074165045
2026-05-06 22:05:00,0.0
2026-05-06 22:06:00,0.8071653116892696
2026-05-06 22:07:00,2.2420064957217383
2026-05-06 22:08:00,2.7068061670977457
2026-05-06 22:09:00,3.2219602504403055
2026-05-06 22:10:00,3.4261615978716073
2026-05-06 22:11:00,0.9821585641718737
2026-05-06 22:12:00,1.000422337166828
2026-05-06 22:13:00,1.2692566691201261
2026-05-06 22:14:00,2.2500818244596
2026-05-06 22:15:00,1.737736412368088
2026-05-06 22:16:00,0.07354131711470158
2026-05-06 22:17:00,4.037475643518433
2026-05-06 22:18:00,2.0263546294402013
2026-05-06 22:19:00,3.7610132806729304
2026-05-06 22:20:00,0.39740987942430195
2026-05-06 22:21:00,2.5029424408882353
2026-05-06 22:22:00,3.394557631204439
2026-05-06 22:23:00,1.702408114661421
2026-05-06 22:24:00,3.6892229410661717
2026-05-06 22:25:00,2.773063393412693
2026-05-06 22:26:00,0.8074536407925834
2026-05-06 22:27:00,0.21711925461566578
2026-05-06 22:28:00,3.7566526735453585
2026-05-06 22:29:00,1.076802386792038
2026-05-06 22:30:00,1.446865212204436
2026-05-06 22:31:00,0.925351204560176
2026-05-06 22:32:00,3.609742961673273
2026-05-06 22:33:00,2.3398448575840747
2026-05-06 22:34:00,2.442289215046013
2026-05-06 22:35:00,0.7026701168062095
2026-05-06 22:36:00,4.2251889615034015
2026-05-06 22:37:00,2.106264983392739
2026-05-06 22:38:00,4.185138571880831
2026-05-06 22:39:00,0.5959357372631193
2026-05-06 22:40:00,3.0216817570346652
2026-05-06 22:41:00,0.5957083161238406
2026-05-06 22:42:00,0.17118635560118017
2026-05-06 22:43:00,1.7769116206255078
2026-05-06 22:44:00,2.8425857714074274
2026-05-06 22:45:00,4.02043820837503
2026-05-06 22:46:00,1.0549005332313248
2026-05-06 22:47:00,3.0513267014851815
2026-05-06 22:48:00,3.752959655470007
2026-05-06 22:49:00,2.420964387197329
2026-05-06 22:50:00,3.5871481306913653
2026-05-06 22:51:00,1.161430082026707
2026-05-06 22:52:00,1.7405111090296101
2026-05-06 22:53:00,4.133501282946932
2026-05-06 22:54:00,3.709485518269367
2026-05-06 22:55:00,3.68642446731295
2026-05-06 22:56:00,2.3566419810514345
2026-05-06 22:57:00,2.4152504129275347
2026-05-06 22:58:00,2.2050181022705257
2026-05-06 22:59:00,1.2478220334428674
2026-05-06 23:00:00,2.4899877119393854
2026-05-06 23:01:00,3.508464947452718
2026-05-06 23:02:00,3.221388780824621
2026-05-06 23:03:00,1.3683329061022562
2026-05-06 23:04:00,1.1395331551924759
2026-05-06 23:05:00,2.313048029451405
2026-05-06 23:06:00,0.0
2026-05-06 23:07:00,1.6346789129884631
2026-05-06 23:08:00,2.9429634085140206
2026-05-06 23:09:00,1.5205627392176608
2026-05-06 23:10:00,2.3309688643864908
2026-05-06 23:11:00,1.8613433079462143
2026-05-06 23:12:00,2.758470397531145
2026-05-06 23:13:00,1.7069477862887803
2026-05-06 23:14:00,1.8328634048787262
2026-05-06 23:15:00,1.0804013967093007
2026-05-06 23:16:00,0.5115126762189118
2026-05-06 23:17:00,1.3199854559208402
2026-05-06 23:18:00,0.912833908596537
2026-05-06 23:19:00,0.0
2026-05-06 23:20:00,1.6789476103395713
2026-05-06 23:21:00,2.102643233978319
2026-05-06 23:22:00,2.8994055501873635
2026-05-06 23:23:00,3.734473698189469
2026-05-06 23:24:00,2.4372453710925273
2026-05-06 23:25:00,1.8111495362780912
2026-05-06 23:26:00,1.8003003896247676
2026-05-06 23:27:00,3.6507105201121224
2026-05-06 23:28:00,2.251508427083021
2026-05-06 23:29:00,0.0
2026-05-06 23:30:00,3.306328320359386
2026-05-06 23:31:00,0.2532026888829637
2026-05-06 23:32:00,2.564419685947159
2026-05-06 23:33:00,0.543298942793036
2026-05-06 23:34:00,0.2491353267179589
2026-05-06 23:35:00,0.0
2026-05-06 23:36:00,0.9289293987984192
2026-05-06 23:37:00,0.0
2026-05-06 23:38:00,3.8900934056787455
2026-05-06 23:39:00,3.226398884293702
2026-05-06 23:40:00,3.2544493456458286
2026-05-06 23:41:00,4.097945554446414
2026-05-06 23:42:00,4.022521672761499
2026-05-06 23:43:00,3.1168499236325844
2026-05-06 23:44:00,1.20457803404246
2026-05-06 23:45:00,0.8423403793601228
2026-05-06 23:46:00,4.167211959735354
2026-05-06 23:47:00,3.724263532638684
2026-05-06 23:48:00,3.0594814412577893
2026-05-06 23:49:00,0.740013490235359
2026-05-06 23:50:00,1.4130370378356591
2026-05-06 23:51:00,1.1272494083719349
2026-05-06 23:52:00,2.972001495568163
2026-05-06 23:53:00,1.3404430590637146
2026-05-06 23:54:00,2.256422557504095
2026-05-06 23:55:00,2.78532957873463
2026-05-06 23:56:00,2.9160086929573303
2026-05-06 23:57:00,3.0824181984240555
2026-05-06 23:58:00,0.0
2026-05-06 23:59:00,3.198000991990232
2026-05-07 00:00:00,0.24534955976495343
2026-05-07 00:01:00,3.1843628213768214
2026-05-07 00:02:00,3.7870721759665233
2026-05-07 00:03:00,4.212486799078084
2026-05-07 00:04:00,0.0
2026-05-07 00:05:00,1.5951301911922096
2026-05-07 00:06:00,0.0
2026-05-07 00:07:00,3.889559445748806
2026-05-07 00:08:00,1.597735959053558
2026-05-07 00:09:00,0.4769167795568525
2026-05-07 00:10:00,2.371479946855639
2026-05-07 00:11:00,3.423801530816236
2026-05-07 00:12:00,0.46580932401034836
2026-05-07 00:13:00,1.9016164753627942
2026-05-07 00:14:00,3.8898119542699545
2026-05-07 00:15:00,3.414741911998944
2026-05-07 00:16:00,3.681465346926431
2026-05-07 00:17:00,2.7898925882933785
2026-05-07 00:18:00,1.5476986891821793
2026-05-07 00:19:00,0.08186117613716837
2026-05-07 00:20:00,2.079296045289663
2026-05-07 00:21:00,1.8988882403255212
2026-05-07 00:22:00,0.0
2026-05-07 00:23:00,1.2523325896425082
2026-05-07 00:24:00,0.8333816469104041
2026-05-07 00:25:00,2.104685289439397
2026-05-07 00:26:00,3.772884190506096
2026-05-07 00:27:00,1.5693443381253112
2026-05-07 00:28:00,1.1709203284301362
2026-05-07 00:29:00,2.7711376059214223
2026-05-07 00:30:00,3.7201197506059422
2026-05-07 00:31:00,2.16039388092978
2026-05-07 00:32:00,2.329263848817806
2026-05-07 00:33:00,1.5656287482776432
2026-05-07 00:34:00,0.22630469723669383
2026-05-07 00:35:00,2.5404318407312307
2026-05-07 00:36:00,3.128483107692262
2026-05-07 00:37:00,0.632131789430579
2026-05-07 00:38:00,0.4465669875320526
2026-05-07 00:39:00,1.2585148763367102
2026-05-07 00:40:00,4.091594782962272
2026-05-07 00:41:00,1.0179502972761685
2026-05-07 00:42:00,0.632536044119223
2026-05-07 00:43:00,1.03177575196348
2026-05-07 00:44:00,1.511461020423539
2026-05-07 00:45:00,3.9606031579693095
2026-05-07 00:46:00,0.23060953959400854
2026-05-07 00:47:00,0.3032672107710474
2026-05-07 00:48:00,0.4816770109099937
2026-05-07 00:49:00,1.2012218607398064
2026-05-07 00:50:00,0.9126273259208786
2026-05-07 00:51:00,2.221689595790723
2026-05-07 00:52:00,3.811899879807771
2026-05-07 00:53:00,2.4163232467578224
2026-05-07 00:54:00,0.9805191321904736
2026-05-07 00:55:00,2.077562540819583
2026-05-07 00:56:00,3.2862841935680414
2026-05-07 00:57:00,0.0
2026-05-07 00:58:00,0.2531712602898283
2026-05-07 00:59:00,1.3501050501204848
2026-05-07 01:00:00,4.1888835079161195
2026-05-07 01:01:00,2.6838965981447056
2026-05-07 01:02:00,1.6678550779584955
2026-05-07 01:03:00,3.0225541268238594
2026-05-07 01:04:00,3.0160512957590515
2026-05-07 01:05:00,0.0
2026-05-07 01:06:00,3.154446547600864
2026-05-07 01:07:00,2.2601203377873285
2026-05-07 01:08:00,2.0057315634356003
2026-05-07 01:09:00,2.8687723165388377
2026-05-07 01:10:00,1.8600456715316054
2026-05-07 01:11:00,1.347732210994767
2026-05-07 01:12:00,1.9672486675063148
2026-05-07 01:13:00,2.2490368037280977
2026-05-07 01:14:00,4.145809392855283
2026-05-07 01:15:00,4.179460223836724
2026-05-07 01:16:00,3.776236301014264
2026-05-07 01:17:00,0.9357649206641245
2026-05-07 01:18:00,0.3888272296801868
2026-05-07 01:19:00,1.9150741363424606
2026-05-07 01:20:00,4.146069445728534
2026-05-07 01:21:00,2.0672549901001585
2026-05-07 01:22:00,2.195580300759895
2026-05-07 01:23:00,0.3269739239730049
2026-05-07 01:24:00,2.1965148035372586
2026-05-07 01:25:00,1.424204996967426
2026-05-07 01:26:00,0.0
2026-05-07 01:27:00,0.7918139873331841
2026-05-07 01:28:00,3.9480970486078237
2026-05-07 01:29:00,3.6811217347525993
2026-05-07 01:30:00,2.864010114598679
2026-05-07 01:31:00,2.5203937586135776
2026-05-07 01:32:00,1.4712575505183105
2026-05-07 01:33:00,0.17592566951661143
2026-05-07 01:34:00,2.220569347227144
2026-05-07 01:35:00,0.6928745181913036
2026-05-07 01:36:00,0.441446079373568
2026-05-07 01:37:00,1.483232055317072
2026-05-07 01:38:00,1.17875348686287
2026-05-07 01:39:00,3.703272713339204
2026-05-07 01:40:00,0.2723303707127734
2026-05-07 01:41:00,1.9656529643284322
2026-05-07 01:42:00,0.29352472528675877
2026-05-07 01:43:00,0.0
2026-05-07 01:44:00,3.5502738912411664
2026-05-07 01:45:00,2.52067271594547
2026-05-07 01:46:00,0.8663853735498374
2026-05-07 01:47:00,1.3972173783600503
2026-05-07 01:48:00,2.6906829435586643
2026-05-07 01:49:00,2.020829758708937
2026-05-07 01:50:00,0.0
2026-05-07 01:51:00,4.110356123983865
2026-05-07 01:52:00,0.3962767251179316
2026-05-07 01:53:00,0.5654386340848062
2026-05-07 01:54:00,0.5009829430531403
2026-05-07 01:55:00,0.6732010742348697
2026-05-07 01:56:00,0.21329181772692501
2026-05-07 01:57:00,1.489903803922316
2026-05-07 01:58:00,2.0265578289676593
2026-05-07 01:59:00,2.4968299714223394
2026-05-07 02:00:00,1.7937366811568385
2026-05-07 02:01:00,3.0421322162022055
2026-05-07 02:02:00,3.833975855339353
2026-05-07 02:03:00,0.4754369141469039
2026-05-07 02:04:00,0.2716662296905299
2026-05-07 02:05:00,0.2826825807709014
2026-05-07 02:06:00,0.6570401913560169
2026-05-07 02:07:00,3.0323320258498083
2026-05-07 02:08:00,2.1824904731975954
2026-05-07 02:09:00,3.4906550640279734
2026-05-07 02:10:00,0.07835389986391994
2026-05-07 02:11:00,0.26293051553189495
2026-05-07 02:12:00,0.684108447615002
2026-05-07 02:13:00,2.2694447272057356
2026-05-07 02:14:00,0.4502944741843237
2026-05-07 02:15:00,0.4152387406964845
2026-05-07 02:16:00,3.223400613235008
2026-05-07 02:17:00,0.0
2026-05-07 02:18:00,0.0
2026-05-07 02:19:00,1.7461845619430834
2026-05-07 02:20:00,3.5251581241123926
2026-05-07 02:21:00,0.28459669395945997
2026-05-07 02:22:00,0.0
2026-05-07 02:23:00,3.2774436719710285
2026-05-07 02:24:00,3.144838325665998
2026-05-07 02:25:00,1.2654732949884848
2026-05-07 02:26:00,2.741988823321746
2026-05-07 02:27:00,1.1395403328564324
2026-05-07 02:28:00,0.056821277757023725
2026-05-07 02:29:00,3.1543397029733313
2026-05-07 02:30:00,3.896508655941658
2026-05-07 02:31:00,4.233116205138566
2026-05-07 02:32:00,1.472993133717845
2026-05-07 02:33:00,3.2867150299687853
2026-05-07 02:34:00,0.09409953108042357
2026-05-07 02:35:00,3.3735410272874526
2026-05-07 02:36:00,0.4595968211265631
2026-05-07 02:37:00,2.7996935858060814
2026-05-07 02:38:00,2.395110932073665
2026-05-07 02:39:00,2.295498027240338
2026-05-07 02:40:00,2.2262050458447153
2026-05-07 02:41:00,3.2657514737411737
2026-05-07 02:42:00,1.5379105134712745
2026-05-07 02:43:00,0.0
2026-05-07 02:44:00,2.586860345801523
2026-05-07 02:45:00,0.603252494540035
2026-05-07 02:46:00,2.4946742556417187
2026-05-07 02:47:00,3.229437302545125
2026-05-07 02:48:00,2.564318659989384
2026-05-07 02:49:00,2.358537836625946
2026-05-07 02:50:00,2.3000569075556836
2026-05-07 02:51:00,0.9117944588803092
2026-05-07 02:52:00,1.140212959395381
2026-05-07 02:53:00,2.363515350808301
2026-05-07 02:54:00,0.7170874024562268
2026-05-07 02:55:00,2.562712357802268
2026-05-07 02:56:00,4.173508102743327
2026-05-07 02:57:00,0.7772339975896791
2026-05-07 02:58:00,0.7792758515268399
2026-05-07 02:59:00,2.5497690835652618
2026-05-07 03:00:00,0.052572236377787185
2026-05-07 03:01:00,3.483328578598122
2026-05-07 03:02:00,0.002673648927877137
2026-05-07 03:03:00,1.8622945021800037
2026-05-07 03:04:00,2.1169341536711066
2026-05-07 03:05:00,1.7242620344646475
2026-05-07 03:06:00,4.213280204530148
2026-05-07 03:07:00,3.164850496621945
2026-05-07 03:08:00,0.27094107540907364
2026-05-07 03:09:00,0.5971334998320872
2026-05-07 03:10:00,0.0
2026-05-07 03:11:00,1.9377858414843558
2026-05-07 03:12:00,3.130377979008185
2026-05-07 03:13:00,0.0
2026-05-07 03:14:00,3.024005738699513
2026-05-07 03:15:00,0.6800416634747438
2026-05-07 03:16:00,3.651543571644841
2026-05-07 03:17:00,1.7408677740271088
2026-05-07 03:18:00,1.2227121458252959
2026-05-07 03:19:00,1.0053826675414455
2026-05-07 03:20:00,0.0
2026-05-07 03:21:00,2.543168841356003
2026-05-07 03:22:00,1.5202632553285342
2026-05-07 03:23:00,3.5484711373993054
2026-05-07 03:24:00,1.80515638187811
2026-05-07 03:25:00,3.4579091920989873
2026-05-07 03:26:00,1.6350771113031992
2026-05-07 03:27:00,3.5958927698633354
2026-05-07 03:28:00,0.0
2026-05-07 03:29:00,2.3806637945060682
2026-05-07 03:30:00,3.578667579367192
2026-05-07 03:31:00,1.080464879851144
2026-05-07 03:32:00,0.4672995564098483
2026-05-07 03:33:00,0.3266981863880768
2026-05-07 03:34:00,0.0
2026-05-07 03:35:00,2.613277983798395
2026-05-07 03:36:00,0.0
2026-05-07 03:37:00,2.060000010194228
2026-05-07 03:38:00,3.429203166662568
2026-05-07 03:39:00,0.0
2026-05-07 03:40:00,0.19640409171546058
2026-05-07 03:41:00,0.9907860212407029
2026-05-07 03:42:00,3.019004445135379
2026-05-07 03:43:00,2.8489476584916824
2026-05-07 03:44:00,3.5816483875397664
2026-05-07 03:45:00,1.2592214963179282
2026-05-07 03:46:00,2.3169683487946244
2026-05-07 03:47:00,0.23395202931839837
2026-05-07 03:48:00,2.248411071524219
2026-05-07 03:49:00,0.6289265704786985
2026-05-07 03:50:00,0.18613690554651996
2026-05-07 03:51:00,0.3948025990051028
2026-05-07 03:52:00,0.25640067625162244
2026-05-07 03:53:00,1.4076172628652386
2026-05-07 03:54:00,2.7542535498617484
2026-05-07 03:55:00,2.3025748089577025
2026-05-07 03:56:00,3.4333242328209828
2026-05-07 03:57:00,1.3242769435687212
2026-05-07 03:58:00,3.669676596206424
2026-05-07 03:59:00,1.3525444793798376
2026-05-07 04:00:00,2.4635412836033015
2026-05-07 04:01:00,3.838572370833109
2026-05-07 04:02:00,0.02636396431168775
2026-05-07 04:03:00,0.6962999691292681
2026-05-07 04:04:00,2.9493712313410594
2026-05-07 04:05:00,1.8686435601177465
2026-05-07 04:06:00,1.3213155597271653
2026-05-07 04:07:00,3.1996490446685852
2026-05-07 04:08:00,0.0
2026-05-07 04:09:00,2.4866093024666984
2026-05-07 04:10:00,3.6623119576201506
2026-05-07 04:11:00,3.9204553131423676
2026-05-07 04:12:00,2.141883746183793
2026-05-07 04:13:00,0.5466040596828411
2026-05-07 04:14:00,3.800420172999863
2026-05-07 04:15:00,0.4480794875884802
2026-05-07 04:16:00,2.570815433463727
2026-05-07 04:17:00,0.3098806956734175
2026-05-07 04:18:00,0.7828569577902966
2026-05-07 04:19:00,2.9043483188213575
2026-05-07 04:20:00,2.8367621615199314
2026-05-07 04:21:00,0.5462337735121248
2026-05-07 04:22:00,2.0406889108209647
2026-05-07 04:23:00,3.233639811194516
2026-05-07 04:24:00,3.1600778756802397
2026-05-07 04:25:00,0.49376366847795133
2026-05-07 04:26:00,2.9445902076231154
2026-05-07 04:27:00,0.0
2026-05-07 04:28:00,0.8108500287925788
2026-05-07 04:29:00,2.2631145297937665
2026-05-07 04:30:00,3.496434019471805
2026-05-07 04:31:00,1.8960304033883029
2026-05-07 04:32:00,1.6785440772279272
2026-05-07 04:33:00,3.0095672428063733
2026-05-07 04:34:00,2.8281907405085285
2026-05-07 04:35:00,1.3851792413972992
2026-05-07 04:36:00,3.2574150158588853
2026-05-07 04:37:00,0.30676215229372145
2026-05-07 04:38:00,3.1242464854879235
2026-05-07 04:39:00,2.3999346220960254
2026-05-07 04:40:00,2.285807388323078
2026-05-07 04:41:00,1.205524048947971
2026-05-07 04:42:00,2.990368379858822
2026-05-07 04:43:00,3.264351061009034
2026-05-07 04:44:00,2.4813820726583833
2026-05-07 04:45:00,0.3364816774892804
2026-05-07 04:46:00,0.004941904441106093
2026-05-07 04:47:00,0.2541563917676143
2026-05-07 04:48:00,0.03763696220915891
2026-05-07 04:49:00,3.819789640132634
2026-05-07 04:50:00,0.7664727870818283
2026-05-07 04:51:00,0.0
2026-05-07 04:52:00,0.05561365058578471
2026-05-07 04:53:00,1.5997335031250177
2026-05-07 04:54:00,1.1509432265321629
2026-05-07 04:55:00,1.308701361835694
2026-05-07 04:56:00,4.018203107939286
2026-05-07 04:57:00,1.2043303632791522
2026-05-07 04:58:00,4.187472956380366
2026-05-07 04:59:00,0.6442180235287767
2026-05-07 05:00:00,4.203042523514459
2026-05-07 05:01:00,2.6041276644398645
2026-05-07 05:02:00,0.19298790878169414
2026-05-07 05:03:00,0.71665398994824
2026-05-07 05:04:00,0.0
2026-05-07 05:05:00,3.5323665712840926
2026-05-07 05:06:00,0.022308109466876225
2026-05-07 05:07:00,3.0077490682473305
2026-05-07 05:08:00,1.2896782839396648
2026-05-07 05:09:00,2.364730248988086
2026-05-07 05:10:00,3.4412082703739486
2026-05-07 05:11:00,1.920169653689207
2026-05-07 05:12:00,3.601044349902234
2026-05-07 05:13:00,0.3365021705522122
2026-05-07 05:14:00,4.242011362898345
2026-05-07 05:15:00,4.3274994159882265
2026-05-07 05:16:00,3.8657086858753775
2026-05-07 05:17:00,3.1032094660091616
2026-05-07 05:18:00,3.5333340440769962
2026-05-07 05:19:00,0.0
2026-05-07 05:20:00,0.6082347687295462
2026-05-07 05:21:00,2.1192415545555416
2026-05-07 05:22:00,0.8119519020299253
2026-05-07 05:23:00,1.3135636240562667
2026-05-07 05:24:00,3.8433489806776007
2026-05-07 05:25:00,1.8724927882090998
2026-05-07 05:26:00,1.4125563197989537
2026-05-07 05:27:00,0.5239861785117164
2026-05-07 05:28:00,0.41027233231049864
2026-05-07 05:29:00,0.9144830036970155
2026-05-07 05:30:00,0.0
2026-05-07 05:31:00,1.9628502466162763
2026-05-07 05:32:00,2.8045511571590223
2026-05-07 05:33:00,0.8908313269346395
2026-05-07 05:34:00,0.6582807533105367
2026-05-07 05:35:00,2.1639876025963893
2026-05-07 05:36:00,1.5649385595469893
2026-05-07 05:37:00,0.5047301379714754
2026-05-07 05:38:00,0.2825884368134827
2026-05-07 05:39:00,4.083033079570754
2026-05-07 05:40:00,1.4981460049951965
2026-05-07 05:41:00,1.714340400423928
2026-05-07 05:42:00,0.21953189541991902
2026-05-07 05:43:00,0.4256913085784161
2026-05-07 05:44:00,0.6219287822362433
2026-05-07 05:45:00,0.7026620885262339
2026-05-07 05:46:00,3.5666554235636347
2026-05-07 05:47:00,0.5827598157837844
2026-05-07 05:48:00,2.6966508909519984
2026-05-07 05:49:00,4.08086419603542
2026-05-07 05:50:00,2.5007743634583246
2026-05-07 05:51:00,0.6413741656943883
2026-05-07 05:52:00,0.7961321437964616
2026-05-07 05:53:00,1.6174605600393965
2026-05-07 05:54:00,3.1643708448289294
2026-05-07 05:55:00,0.8660481772611183
2026-05-07 05:56:00,0.2196595791782916
2026-05-07 05:57:00,2.513273760921122
2026-05-07 05:58:00,0.25611129570689956
2026-05-07 05:59:00,4.12869202153669
2026-05-07 06:00:00,0.0
2026-05-07 06:01:00,2.725608024294569
2026-05-07 06:02:00,4.2323812297542975
2026-05-07 06:03:00,2.6261499147703296
2026-05-07 06:04:00,3.708269092779982
2026-05-07 06:05:00,3.4260758117275874
2026-05-07 06:06:00,3.976009203094521
2026-05-07 06:07:00,3.1023331398022713
2026-05-07 06:08:00,0.8743369845846383
2026-05-07 06:09:00,1.2565969573531535
2026-05-07 06:10:00,1.7985043422934188
2026-05-07 06:11:00,0.6917196717885818
2026-05-07 06:12:00,3.583593121548774
2026-05-07 06:13:00,2.7447572545764807
2026-05-07 06:14:00,0.0
2026-05-07 06:15:00,2.0814451506094085
2026-05-07 06:16:00,1.6897988430965665
2026-05-07 06:17:00,1.7085206915631688
2026-05-07 06:18:00,3.437209352368037
2026-05-07 06:19:00,2.485676998837668
2026-05-07 06:20:00,3.1013937062174213
2026-05-07 06:21:00,3.2421497394138
2026-05-07 06:22:00,0.18289671443514388
2026-05-07 06:23:00,0.2960985209520217
2026-05-07 06:24:00,0.7898407533210949
2026-05-07 06:25:00,2.4487944427807413
2026-05-07 06:26:00,0.6321293901372205
2026-05-07 06:27:00,3.012299402871056
2026-05-07 06:28:00,0.0
2026-05-07 06:29:00,1.1833404571333876
2026-05-07 06:30:00,0.0
2026-05-07 06:31:00,0.3744916580231249
2026-05-07 06:32:00,0.0
2026-05-07 06:33:00,2.5931536992463045
2026-05-07 06:34:00,2.0301663700952846
2026-05-07 06:35:00,3.0263983835988713
2026-05-07 06:36:00,1.2342250055833153
2026-05-07 06:37:00,0.0
2026-05-07 06:38:00,2.2871559752549953
2026-05-07 06:39:00,1.5277805884283249
2026-05-07 06:40:00,0.7239490311865722
2026-05-07 06:41:00,1.3952538953548477
2026-05-07 06:42:00,0.49543078407963115
2026-05-07 06:43:00,3.53501953271652
2026-05-07 06:44:00,2.8263778039345238
2026-05-07 06:45:00,1.7280532921586167
2026-05-07 06:46:00,2.5700735156088306
2026-05-07 06:47:00,0.6541480294412045
2026-05-07 06:48:00,3.9256892600609943
2026-05-07 06:49:00,3.146089264379939
2026-05-07 06:50:00,3.726507611422768
2026-05-07 06:51:00,3.0973657375844894
2026-05-07 06:52:00,1.0645160475832158
2026-05-07 06:53:00,0.16156482502149389
2026-05-07 06:54:00,3.472018800873818
2026-05-07 06:55:00,1.5249328336231454
2026-05-07 06:56:00,0.010568766654803663
2026-05-07 06:57:00,2.7742488896037765
2026-05-07 06:58:00,0.9641034828669668
2026-05-07 06:59:00,2.418191787695025
2026-05-07 07:00:00,1.7983331122393573
2026-05-07 07:01:00,3.952372088186531
2026-05-07 07:02:00,0.7236985132352063
2026-05-07 07:03:00,2.051732603390331
2026-05-07 07:04:00,4.170727322274576
2026-05-07 07:05:00,3.193741629108831
2026-05-07 07:06:00,0.12191568561320565
2026-05-07 07:07:00,0.580412194903037
2026-05-07 07:08:00,1.0644804999984192
2026-05-07 07:09:00,0.790549637563016
2026-05-07 07:10:00,3.967405354818598
2026-05-07 07:11:00,1.345460164488981
2026-05-07 07:12:00,0.699954657302179
2026-05-07 07:13:00,0.0
2026-05-07 07:14:00,2.5408097119546236
2026-05-07 07:15:00,0.0
2026-05-07 07:16:00,0.016430318899257168
2026-05-07 07:17:00,2.636067442532875
2026-05-07 07:18:00,0.1683640135379741
2026-05-07 07:19:00,0.0
2026-05-07 07:20:00,1.1536833403115259
2026-05-07 07:21:00,2.8859868880589863
2026-05-07 07:22:00,0.0
2026-05-07 07:23:00,1.20022364240199
2026-05-07 07:24:00,2.9788868062392173
2026-05-07 07:25:00,0.47985564308642326
2026-05-07 07:26:00,0.7327697805637335
2026-05-07 07:27:00,0.023380584343695054
2026-05-07 07:28:00,0.012563208399525627
2026-05-07 07:29:00,0.15124492600938522
2026-05-07 07:30:00,1.8351313465732668
2026-05-07 07:31:00,2.786443429994568
2026-05-07 07:32:00,2.3808279868444604
2026-05-07 07:33:00,3.9178863096360588
2026-05-07 07:34:00,1.4961168334173756
2026-05-07 07:35:00,3.939859691552484
2026-05-07 07:36:00,3.8485093186128476
2026-05-07 07:37:00,3.023497330667729
2026-05-07 07:38:00,0.2340218907899917
2026-05-07 07:39:00,2.6808040630396537
2026-05-07 07:40:00,0.7766704529614482
2026-05-07 07:41:00,4.011375849746127
2026-05-07 07:42:00,0.5321191637117597
2026-05-07 07:43:00,0.18746394072915684
2026-05-07 07:44:00,3.1869586714127003
2026-05-07 07:45:00,1.7462619951083598
2026-05-07 07:46:00,3.767129028510849
2026-05-07 07:47:00,2.847643039232376
2026-05-07 07:48:00,2.3023881951009275
2026-05-07 07:49:00,2.736070249547563
2026-05-07 07:50:00,1.7735053358052546
2026-05-07 07:51:00,1.3253802896225317
2026-05-07 07:52:00,0.09731925160887722
2026-05-07 07:53:00,2.6415791719337456
2026-05-07 07:54:00,0.8162899081614563
2026-05-07 07:55:00,1.8919306385605204
2026-05-07 07:56:00,1.9696973725145006
2026-05-07 07:57:00,4.087670026206418
2026-05-07 07:58:00,1.7332320752259895
2026-05-07 07:59:00,2.9299084811301546
2026-05-07 08:00:00,1.1187269110316684
2026-05-07 08:01:00,0.0
2026-05-07 08:02:00,0.9088958191440317
2026-05-07 08:03:00,4.152931305713538
2026-05-07 08:04:00,2.9355838323399435
2026-05-07 08:05:00,1.1671359523163023
2026-05-07 08:06:00,0.0
2026-05-07 08:07:00,2.172824841241786
2026-05-07 08:08:00,2.00930753926154
2026-05-07 08:09:00,0.0
2026-05-07 08:10:00,0.0
2026-05-07 08:11:00,3.070051213037255
2026-05-07 08:12:00,2.6480628543319025
2026-05-07 08:13:00,4.017071384753494
2026-05-07 08:14:00,2.5396674515570608
2026-05-07 08:15:00,1.5689845725196405
2026-05-07 08:16:00,0.9335113361772756
2026-05-07 08:17:00,0.43864679539407025
2026-05-07 08:18:00,0.32988675685887164
2026-05-07 08:19:00,3.785478702475226
2026-05-07 08:20:00,3.8211116254007598
2026-05-07 08:21:00,1.194825913531436
2026-05-07 08:22:00,0.5942173219357804
2026-05-07 08:23:00,1.787473783273735
2026-05-07 08:24:00,1.8222949157487065
2026-05-07 08:25:00,1.778890557060496
2026-05-07 08:26:00,0.02532232676390589
2026-05-07 08:27:00,1.9333442071833784
2026-05-07 08:28:00,2.2163425357235744
2026-05-07 08:29:00,0.30318928499612424
2026-05-07 08:30:00,3.1518343687167003
2026-05-07 08:31:00,1.9640374403266854
2026-05-07 08:32:00,1.7456699766807184
2026-05-07 08:33:00,3.2386759680293693
2026-05-07 08:34:00,0.0
2026-05-07 08:35:00,0.638779014327503
2026-05-07 08:36:00,3.746041170821391
2026-05-07 08:37:00,3.5756840612577974
2026-05-07 08:38:00,1.6387805311624781
2026-05-07 08:39:00,0.18442772667328627
2026-05-07 08:40:00,0.6651265861781099
2026-05-07 08:41:00,0.6804459428762518
2026-05-07 08:42:00,1.146720911356034
2026-05-07 08:43:00,2.2401621213327747
2026-05-07 08:44:00,4.134909336664227
2026-05-07 08:45:00,1.2564301434649925
2026-05-07 08:46:00,4.149782953269366
2026-05-07 08:47:00,2.1504079235617026
2026-05-07 08:48:00,1.9822207165451977
2026-05-07 08:49:00,2.621224504125382
2026-05-07 08:50:00,0.9350691258161773
2026-05-07 08:51:00,3.2945367972490294
2026-05-07 08:52:00,0.14673290007841178
2026-05-07 08:53:00,3.827949399646906
2026-05-07 08:54:00,0.6050787545108984
2026-05-07 08:55:00,2.9030839050321546
2026-05-07 08:56:00,2.255125631974433
2026-05-07 08:57:00,2.26006133881052
2026-05-07 08:58:00,4.147808654674728
2026-05-07 08:59:00,2.7462945115370414
2026-05-07 09:00:00,4.1722300617921215
2026-05-07 09:01:00,0.571949035392989
2026-05-07 09:02:00,1.2002463499214855
2026-05-07 09:03:00,3.005408599478188
2026-05-07 09:04:00,2.1092481208653258
2026-05-07 09:05:00,2.892462339121246
2026-05-07 09:06:00,0.4568209732968719
2026-05-07 09:07:00,0.2138908718121602
2026-05-07 09:08:00,3.7780890860590537
2026-05-07 09:09:00,0.4037606074473258
2026-05-07 09:10:00,3.8300070979569987
2026-05-07 09:11:00,0.0
2026-05-07 09:12:00,0.32088593660880604
2026-05-07 09:13:00,2.0148387735117677
2026-05-07 09:14:00,2.27238340104648
2026-05-07 09:15:00,2.1883446712373575
2026-05-07 09:16:00,0.05906567717523592
2026-05-07 09:17:00,1.3729999841253249
2026-05-07 09:18:00,0.26596083881484034
2026-05-07 09:19:00,2.847127607368132
2026-05-07 09:20:00,0.0
2026-05-07 09:21:00,0.2993401399979258
2026-05-07 09:22:00,1.1978347207827171
2026-05-07 09:23:00,0.49924707072979824
2026-05-07 09:24:00,0.015062755608404865
2026-05-07 09:25:00,2.28034759098679
2026-05-07 09:26:00,2.0854011436801283
2026-05-07 09:27:00,3.0070664839431447
2026-05-07 09:28:00,1.6178122516670752
2026-05-07 09:29:00,1.692572156580542
2026-05-07 09:30:00,4.020753402948148
2026-05-07 09:31:00,4.185925820374161
2026-05-07 09:32:00,1.1455692866436933
2026-05-07 09:33:00,0.9015870566388795
2026-05-07 09:34:00,3.9661871795321506
2026-05-07 09:35:00,0.3490053097174119
2026-05-07 09:36:00,2.1611641322596036
2026-05-07 09:37:00,2.7855791157890866
2026-05-07 09:38:00,1.542514581482812
2026-05-07 09:39:00,2.862645049820877
2026-05-07 09:40:00,3.3326415494463
2026-05-07 09:41:00,2.5454540119739777
2026-05-07 09:42:00,0.6085414174717153
2026-05-07 09:43:00,0.16671578948639687
2026-05-07 09:44:00,2.8943947122032205
2026-05-07 09:45:00,3.344386323007958
2026-05-07 09:46:00,2.5262719684449157
2026-05-07 09:47:00,2.609045919189561
2026-05-07 09:48:00,1.1860107621846288
2026-05-07 09:49:00,0.7294929285381845
2026-05-07 09:50:00,3.4682978784755183
2026-05-07 09:51:00,1.6946144827235816
2026-05-07 09:52:00,2.686981074989626
2026-05-07 09:53:00,2.7521252393886244
2026-05-07 09:54:00,2.9840489092180302
2026-05-07 09:55:00,0.3510687315179697
2026-05-07 09:56:00,1.6228788089001491
2026-05-07 09:57:00,0.250436606157252
2026-05-07 09:58:00,2.553458346835738
2026-05-07 09:59:00,2.564222858503269
2026-05-07 10:00:00,3.6811908102408153
2026-05-07 10:01:00,0.012625218938181915
2026-05-07 10:02:00,1.8180759431314677
2026-05-07 10:03:00,2.2389124972886534
2026-05-07 10:04:00,2.7574048687727584
2026-05-07 10:05:00,2.0318088651492583
2026-05-07 10:06:00,1.813584200403898
2026-05-07 10:07:00,2.016173921309081
2026-05-07 10:08:00,1.5717533386922535
2026-05-07 10:09:00,0.1668501098470831
2026-05-07 10:10:00,2.7986021504866048
2026-05-07 10:11:00,0.2236750144512022
2026-05-07 10:12:00,1.9598180018031626
2026-05-07 10:13:00,0.4595644822598888
2026-05-07 10:14:00,2.570761924550985
2026-05-07 10:15:00,2.0786509565208644
2026-05-07 10:16:00,0.0
2026-05-07 10:17:00,3.371861810349089
2026-05-07 10:18:00,3.84487953009128
2026-05-07 10:19:00,1.4352029283410246
2026-05-07 10:20:00,1.6024759108306443
2026-05-07 10:21:00,3.985826701179559
2026-05-07 10:22:00,1.1220539620505385
2026-05-07 10:23:00,1.8966228189206054
2026-05-07 10:24:00,0.0
2026-05-07 10:25:00,0.0
2026-05-07 10:26:00,2.4892885303522974
2026-05-07 10:27:00,1.3556974736289646
2026-05-07 10:28:00,4.087647825403662
2026-05-07 10:29:00,3.1640918563505576
2026-05-07 10:30:00,3.154376853522633
2026-05-07 10:31:00,1.5824739384419555
2026-05-07 10:32:00,1.2152749995168146
2026-05-07 10:33:00,0.15132018347167409
2026-05-07 10:34:00,2.399564850327682
2026-05-07 10:35:00,3.4588023861415946
2026-05-07 10:36:00,4.231192975130183
2026-05-07 10:37:00,1.6165685938086392
2026-05-07 10:38:00,3.7899818456575907
2026-05-07 10:39:00,0.695294148026621
2026-05-07 10:40:00,0.05400252672325745
2026-05-07 10:41:00,3.3306436499368157
2026-05-07 10:42:00,1.4549396078437067
2026-05-07 10:43:00,4.19477593127314
2026-05-07 10:44:00,0.0
2026-05-07 10:45:00,0.6155977065152459
2026-05-07 10:46:00,1.2743029944751725
2026-05-07 10:47:00,3.0131575691470154
2026-05-07 10:48:00,2.3172294033688825
2026-05-07 10:49:00,2.7811718557943186
2026-05-07 10:50:00,1.4633520795955786
2026-05-07 10:51:00,3.5940481945996474
2026-05-07 10:52:00,0.6320205587480969
2026-05-07 10:53:00,2.440883703717678
2026-05-07 10:54:00,3.5084277601421734
2026-05-07 10:55:00,1.1106954225379249
2026-05-07 10:56:00,0.38004654467452953
2026-05-07 10:57:00,2.776806584185299
2026-05-07 10:58:00,1.85840478099184
2026-05-07 10:59:00,1.4067760933412776
2026-05-07 11:00:00,3.516449580351324
2026-05-07 11:01:00,3.7039665727181763
2026-05-07 11:02:00,2.1146409221975553
2026-05-07 11:03:00,3.5455838967780604
2026-05-07 11:04:00,1.5470846788728636
2026-05-07 11:05:00,3.432659402996717
2026-05-07 11:06:00,0.0
2026-05-07 11:07:00,0.7241574221949018
2026-05-07 11:08:00,2.3877478868854176
2026-05-07 11:09:00,1.537198604165114
2026-05-07 11:10:00,3.664120499828457
2026-05-07 11:11:00,1.9612465125203133
2026-05-07 11:12:00,3.376067224431914
2026-05-07 11:13:00,3.706759208054863
2026-05-07 11:14:00,0.0
2026-05-07 11:15:00,2.882636009603974
2026-05-07 11:16:00,2.768845182440183
2026-05-07 11:17:00,0.14987197978412814
2026-05-07 11:18:00,3.663344160280631
2026-05-07 11:19:00,0.21445849934861333
2026-05-07 11:20:00,2.721231436903591
2026-05-07 11:21:00,0.3817637571850164
2026-05-07 11:22:00,1.9814404596568314
2026-05-07 11:23:00,2.904569038915156
2026-05-07 11:24:00,0.8054365335167568
2026-05-07 11:25:00,3.967818935032816
2026-05-07 11:26:00,2.235555863316638
2026-05-07 11:27:00,2.400618839373965
2026-05-07 11:28:00,0.0
2026-05-07 11:29:00,0.4901972342964791
2026-05-07 11:30:00,3.394935311290204
2026-05-07 11:31:00,4.083453231783434
2026-05-07 11:32:00,1.0916995830516971
2026-05-07 11:33:00,2.3185841112468095
2026-05-07 11:34:00,3.4127928183681635
2026-05-07 11:35:00,1.8462508835202425
2026-05-07 11:36:00,3.4521743549614246
2026-05-07 11:37:00,2.0132856911724484
2026-05-07 11:38:00,0.4006994680190374
2026-05-07 11:39:00,0.0
2026-05-07 11:40:00,0.0
2026-05-07 11:41:00,3.9658022413625367
2026-05-07 11:42:00,1.5042989169336636
2026-05-07 11:43:00,1.3982694686913262
2026-05-07 11:44:00,2.815110903574564
2026-05-07 11:45:00,0.0
2026-05-07 11:46:00,3.567241683570382
2026-05-07 11:47:00,2.7715492816761635
2026-05-07 11:48:00,0.0
2026-05-07 11:49:00,0.6826395613350474
2026-05-07 11:50:00,3.6784810745642895
2026-05-07 11:51:00,4.262520613298477
2026-05-07 11:52:00,2.3446634474587555
2026-05-07 11:53:00,0.6940029919493705
2026-05-07 11:54:00,4.08302496959555
2026-05-07 11:55:00,4.1425131403168285
2026-05-07 11:56:00,3.469748766486298
2026-05-07 11:57:00,0.695892526582708
2026-05-07 11:58:00,0.9262207986798152
2026-05-07 11:59:00,3.981091988314481
2026-05-07 12:00:00,3.7166482097259923
2026-05-07 12:01:00,3.9134655392624054
2026-05-07 12:02:00,0.1657060333398669
2026-05-07 12:03:00,0.4028508323555123
2026-05-07 12:04:00,1.50977062023857
2026-05-07 12:05:00,2.6821530391851116
2026-05-07 12:06:00,3.637048524481166
2026-05-07 12:07:00,3.748677856857386
2026-05-07 12:08:00,1.1510853217784287
2026-05-07 12:09:00,0.6141616343959262
2026-05-07 12:10:00,3.9610773113217514
2026-05-07 12:11:00,2.796552317527053
2026-05-07 12:12:00,3.4196659673444705
2026-05-07 12:13:00,2.887490217334795
2026-05-07 12:14:00,1.8526159868394085
2026-05-07 12:15:00,1.8216132857303737
2026-05-07 12:16:00,2.4912136361951362
2026-05-07 12:17:00,1.2669087302784239
2026-05-07 12:18:00,0.0
2026-05-07 12:19:00,1.2120271967454832
2026-05-07 12:20:00,0.4939290559062737
2026-05-07 12:21:00,2.9205951579246836
2026-05-07 12:22:00,1.5076726152039281
2026-05-07 12:23:00,2.0712522125908825
2026-05-07 12:24:00,0.8382665348989862
2026-05-07 12:25:00,2.3132789518287025
2026-05-07 12:26:00,0.4853206728208416
2026-05-07 12:27:00,0.3698244893322826
2026-05-07 12:28:00,0.18599845252139047
2026-05-07 12:29:00,2.328193522817044
2026-05-07 12:30:00,1.1172171236367836
2026-05-07 12:31:00,1.8127953173203755
2026-05-07 12:32:00,2.4099936222191958
2026-05-07 12:33:00,1.902210111888345
2026-05-07 12:34:00,0.8017356557891877
2026-05-07 12:35:00,3.4564113759456774
2026-05-07 12:36:00,3.6374790089475337
2026-05-07 12:37:00,2.4024600845373776
2026-05-07 12:38:00,3.3672156167761194
2026-05-07 12:39:00,1.9799268083438757
2026-05-07 12:40:00,2.2574283188457387
2026-05-07 12:41:00,2.8181643193914776
2026-05-07 12:42:00,4.178547766554302
2026-05-07 12:43:00,2.2366933564788214
2026-05-07 12:44:00,3.0545635924911223
2026-05-07 12:45:00,1.388325448479586
2026-05-07 12:46:00,0.8310523373189737
2026-05-07 12:47:00,0.0
2026-05-07 12:48:00,0.0
2026-05-07 12:49:00,0.8777523756543915
2026-05-07 12:50:00,0.7970547078810912
2026-05-07 12:51:00,2.728671028749628
2026-05-07 12:52:00,0.10457120797992392
2026-05-07 12:53:00,2.1034346855946278
2026-05-07 12:54:00,0.0
2026-05-07 12:55:00,1.1958220673378799
2026-05-07 12:56:00,2.303599109722076
2026-05-07 12:57:00,2.639653619897029
2026-05-07 12:58:00,3.693490381121576
2026-05-07 12:59:00,3.796655665285224
2026-05-07 13:00:00,0.2280480101803492
2026-05-07 13:01:00,2.652979582636626
2026-05-07 13:02:00,0.0
2026-05-07 13:03:00,2.390096863015163
2026-05-07 13:04:00,1.1697312631928456
2026-05-07 13:05:00,0.008376475563870778
2026-05-07 13:06:00,3.6828270569791632
2026-05-07 13:07:00,1.7605014077857477
2026-05-07 13:08:00,0.0
2026-05-07 13:09:00,0.9586702703400907
2026-05-07 13:10:00,4.009508911422222
2026-05-07 13:11:00,1.918879892392619
2026-05-07 13:12:00,3.680838988226749
2026-05-07 13:13:00,3.4508709929412857
2026-05-07 13:14:00,0.0
2026-05-07 13:15:00,0.4005607289138646
2026-05-07 13:16:00,2.7926590785707046
2026-05-07 13:17:00,0.161069486339102
2026-05-07 13:18:00,3.796709979625405
2026-05-07 13:19:00,1.1054171051821258
2026-05-07 13:20:00,1.1596389326646719
2026-05-07 13:21:00,1.8017547543715664
2026-05-07 13:22:00,4.018381903565689
2026-05-07 13:23:00,2.241414046497872
2026-05-07 13:24:00,0.0
2026-05-07 13:25:00,0.0
2026-05-07 13:26:00,2.940522216951288
2026-05-07 13:27:00,3.5098598861632047
2026-05-07 13:28:00,0.08737825519145526
2026-05-07 13:29:00,3.668331917915382
2026-05-07 13:30:00,0.02139855475366359
2026-05-07 13:31:00,3.0896078425271023
2026-05-07 13:32:00,1.0993838217409935
2026-05-07 13:33:00,0.6253622023832588
2026-05-07 13:34:00,3.776929860356801
2026-05-07 13:35:00,2.7915600790082395
2026-05-07 13:36:00,1.5671846344143465
2026-05-07 13:37:00,3.0429466862800254
2026-05-07 13:38:00,0.5490905507307383
2026-05-07 13:39:00,3.662456819519976
2026-05-07 13:40:00,0.45367046020402085
2026-05-07 13:41:00,0.0
2026-05-07 13:42:00,1.6333199436934291
2026-05-07 13:43:00,4.270075179314314
2026-05-07 13:44:00,0.8905486464322525
2026-05-07 13:45:00,2.863597966237539
2026-05-07 13:46:00,2.6608675963955872
2026-05-07 13:47:00,0.0
2026-05-07 13:48:00,0.14076715182597965
2026-05-07 13:49:00,0.0
2026-05-07 13:50:00,3.6533484388713275
2026-05-07 13:51:00,1.2760469531920318
2026-05-07 13:52:00,2.116823279079295
2026-05-07 13:53:00,0.7314556881613328
2026-05-07 13:54:00,3.2428213549800127
2026-05-07 13:55:00,4.054572585865416
2026-05-07 13:56:00,2.9593989085162486
2026-05-07 13:57:00,1.3152017073519544
2026-05-07 13:58:00,1.5878804730047908
2026-05-07 13:59:00,0.5820722337210077
2026-05-07 14:00:00,1.366178639979064
2026-05-07 14:01:00,2.717704597158331
2026-05-07 14:02:00,2.678739161540361
2026-05-07 14:03:00,1.4355882835384466
2026-05-07 14:04:00,0.0
2026-05-07 14:05:00,0.0
2026-05-07 14:06:00,1.9137955700654183
2026-05-07 14:07:00,1.3839245627224344
2026-05-07 14:08:00,0.44173110790000847
2026-05-07 14:09:00,3.0672108554997455
2026-05-07 14:10:00,1.389575430569511
2026-05-07 14:11:00,0.9400519250336721
2026-05-07 14:12:00,3.181079184750854
2026-05-07 14:13:00,3.265500313833379
2026-05-07 14:14:00,1.7973413383089714
2026-05-07 14:15:00,0.38724316820157983
2026-05-07 14:16:00,1.0938763909845308
2026-05-07 14:17:00,1.1808889270436396
2026-05-07 14:18:00,3.0377082599348446
2026-05-07 14:19:00,0.0
2026-05-07 14:20:00,1.34900495283958
2026-05-07 14:21:00,3.279357345200273
2026-05-07 14:22:00,0.8562688546147619
2026-05-07 14:23:00,3.482816553737398
2026-05-07 14:24:00,1.2205741252893079
2026-05-07 14:25:00,0.9035012945869741
2026-05-07 14:26:00,0.13016062041195686
2026-05-07 14:27:00,0.8583809206352453
2026-05-07 14:28:00,3.601300903584566
2026-05-07 14:29:00,2.7762368983138606
2026-05-07 14:30:00,3.46683991949653
2026-05-07 14:31:00,2.885198628274051
2026-05-07 14:32:00,0.0
2026-05-07 14:33:00,0.9605954357234456
2026-05-07 14:34:00,3.9646948599897813
2026-05-07 14:35:00,2.731482209221525
2026-05-07 14:36:00,3.151799491855707
2026-05-07 14:37:00,0.0
2026-05-07 14:38:00,3.6605202906234426
2026-05-07 14:39:00,3.010971027816556
2026-05-07 14:40:00,2.2280959823382176
2026-05-07 14:41:00,1.8147134020520062
2026-05-07 14:42:00,1.6392026102268067
2026-05-07 14:43:00,2.3603448521850385
2026-05-07 14:44:00,0.1864954273032956
2026-05-07 14:45:00,4.302021680595248
2026-05-07 14:46:00,2.2959936745330602
2026-05-07 14:47:00,1.7015306434428032
2026-05-07 14:48:00,0.7695497901724917
2026-05-07 14:49:00,0.06772025687863947
2026-05-07 14:50:00,2.1949735058032207
2026-05-07 14:51:00,3.601474453616894
2026-05-07 14:52:00,0.5118442410802067
2026-05-07 14:53:00,1.004148610293072
2026-05-07 14:54:00,0.8450631665801436
2026-05-07 14:55:00,1.0191816457217642
2026-05-07 14:56:00,0.692435828149469
2026-05-07 14:57:00,4.142341477903118
2026-05-07 14:58:00,0.04681537923210055
2026-05-07 14:59:00,1.086373308337974
2026-05-07 15:00:00,2.8098073593756365
2026-05-07 15:01:00,0.055813026036068636
2026-05-07 15:02:00,2.0177284463963723
2026-05-07 15:03:00,3.7111015759211323
2026-05-07 15:04:00,1.6562592956918674
2026-05-07 15:05:00,3.885534728609782
2026-05-07 15:06:00,2.1684085562318787
2026-05-07 15:07:00,3.4458627325665194
2026-05-07 15:08:00,3.3037714132700793
2026-05-07 15:09:00,0.0
2026-05-07 15:10:00,4.039151794191767
2026-05-07 15:11:00,0.9855645129268209
2026-05-07 15:12:00,1.6496095591887285
2026-05-07 15:13:00,4.142097925659034
2026-05-07 15:14:00,1.57323671090158
2026-05-07 15:15:00,0.9365651377841586
2026-05-07 15:16:00,0.638489691105601
2026-05-07 15:17:00,1.7730970158432589
2026-05-07 15:18:00,1.8988207545344025
2026-05-07 15:19:00,1.5118098800631934
2026-05-07 15:20:00,0.12480640335956528
2026-05-07 15:21:00,2.19554647696728
2026-05-07 15:22:00,0.11341953564766905
2026-05-07 15:23:00,3.58346840122889
2026-05-07 15:24:00,2.152126752999921
2026-05-07 15:25:00,3.435883414830749
2026-05-07 15:26:00,2.5195844287952283
2026-05-07 15:27:00,1.8820715916926773
2026-05-07 15:28:00,0.3479237774994715
2026-05-07 15:29:00,1.2897198977729554
2026-05-07 15:30:00,0.20751441333686432
2026-05-07 15:31:00,1.0830308890827112
2026-05-07 15:32:00,2.428134824564552
2026-05-07 15:33:00,1.8572667617316796
2026-05-07 15:34:00,1.203268066428204
2026-05-07 15:35:00,1.3771739513450953
2026-05-07 15:36:00,0.4898836153554316
2026-05-07 15:37:00,3.703314461133792
2026-05-07 15:38:00,3.772929730951091
2026-05-07 15:39:00,0.9581707640327375
2026-05-07 15:40:00,2.021306781215851
2026-05-07 15:41:00,2.289304134049327
2026-05-07 15:42:00,3.2240196130400705
2026-05-07 15:43:00,1.3233167325199877
2026-05-07 15:44:00,2.1113204119270272
2026-05-07 15:45:00,3.258463007301953
2026-05-07 15:46:00,2.0396852392218014
2026-05-07 15:47:00,1.6829265700376284
2026-05-07 15:48:00,3.5953584610987948
2026-05-07 15:49:00,0.0
2026-05-07 15:50:00,1.8014766280993844
2026-05-07 15:51:00,0.0
2026-05-07 15:52:00,2.6975144998035385
2026-05-07 15:53:00,3.7252104812321263
2026-05-07 15:54:00,0.0
2026-05-07 15:55:00,4.146741571548457
2026-05-07 15:56:00,2.7869303017584883
2026-05-07 15:57:00,0.31125910878716717
2026-05-07 15:58:00,3.0345637464319286
2026-05-07 15:59:00,2.4764868650039022
2026-05-07 16:00:00,1.48928563175857
2026-05-07 16:01:00,1.7589043625139555
2026-05-07 16:02:00,3.2057608470851253
2026-05-07 16:03:00,0.25935088357858527
2026-05-07 16:04:00,0.0
2026-05-07 16:05:00,2.783570988633717
2026-05-07 16:06:00,0.28130182106103035
2026-05-07 16:07:00,2.3710313452861698
2026-05-07 16:08:00,1.5813782039447157
2026-05-07 16:09:00,3.3276893216346233
2026-05-07 16:10:00,1.54226874182023
2026-05-07 16:11:00,4.168746008814079
2026-05-07 16:12:00,1.4000381024844042
2026-05-07 16:13:00,0.9209347326180857
2026-05-07 16:14:00,4.164760245409199
2026-05-07 16:15:00,3.448890203705046
2026-05-07 16:16:00,1.8425880172809208
2026-05-07 16:17:00,2.9239551378743167
2026-05-07 16:18:00,0.6454063187094646
2026-05-07 16:19:00,0.4271725357805838
2026-05-07 16:20:00,0.0
2026-05-07 16:21:00,0.8882526247388021
2026-05-07 16:22:00,3.0619331914461014
2026-05-07 16:23:00,0.5102724387812946
2026-05-07 16:24:00,2.944736621102776
2026-05-07 16:25:00,0.0
2026-05-07 16:26:00,0.5201838311908223
2026-05-07 16:27:00,2.373206413040895
2026-05-07 16:28:00,0.5262028771497997
2026-05-07 16:29:00,2.9564616428173367
2026-05-07 16:30:00,3.4326528999055395
2026-05-07 16:31:00,1.243568300430557
2026-05-07 16:32:00,1.8528982364369662
2026-05-07 16:33:00,3.7071254836909535
2026-05-07 16:34:00,2.9101861810409453
2026-05-07 16:35:00,1.3327784966166645
2026-05-07 16:36:00,0.8287271920700324
2026-05-07 16:37:00,0.18219472801065828
2026-05-07 16:38:00,0.5083342373819053
2026-05-07 16:39:00,0.12015650500890046
2026-05-07 16:40:00,0.8380188590657045
2026-05-07 16:41:00,3.5520667742420504
2026-05-07 16:42:00,0.8119942051609083
2026-05-07 16:43:00,1.4960304879951336
2026-05-07 16:44:00,3.8511745056741358
2026-05-07 16:45:00,3.1933512616810935
2026-05-07 16:46:00,3.8254365196156526
2026-05-07 16:47:00,0.21050508398016493
2026-05-07 16:48:00,0.0
2026-05-07 16:49:00,2.9532727374839522
2026-05-07 16:50:00,2.425239082535115
2026-05-07 16:51:00,0.9900049510232731
2026-05-07 16:52:00,4.001836923209483
2026-05-07 16:53:00,2.561016873836751
2026-05-07 16:54:00,4.0400457730096555
2026-05-07 16:55:00,3.8441937454425883
2026-05-07 16:56:00,0.14044955023395067
2026-05-07 16:57:00,0.0
2026-05-07 16:58:00,3.3472788667414677
2026-05-07 16:59:00,0.0
2026-05-07 17:00:00,2.0053636449506307
2026-05-07 17:01:00,0.5726909359153989
2026-05-07 17:02:00,2.3157475715720963
2026-05-07 17:03:00,0.0
2026-05-07 17:04:00,3.1910347388011226
2026-05-07 17:05:00,3.1361671874542987
2026-05-07 17:06:00,3.6663734861404227
2026-05-07 17:07:00,0.48305522363132375
2026-05-07 17:08:00,1.1070078917675177
2026-05-07 17:09:00,2.666756715557752
2026-05-07 17:10:00,0.0
2026-05-07 17:11:00,0.37862583021264123
2026-05-07 17:12:00,1.1399098549531352
2026-05-07 17:13:00,0.9241793829457908
2026-05-07 17:14:00,0.7516037464926325
2026-05-07 17:15:00,1.2882641740792784
2026-05-07 17:16:00,2.788805820129753
2026-05-07 17:17:00,0.0
2026-05-07 17:18:00,3.4145895082136617
2026-05-07 17:19:00,0.15269468573027278
2026-05-07 17:20:00,2.8133520948822213
2026-05-07 17:21:00,1.7622382282387663
2026-05-07 17:22:00,0.6501126440415114
2026-05-07 17:23:00,2.201545198637627
2026-05-07 17:24:00,1.0763916363557746
2026-05-07 17:25:00,2.09965450115288
2026-05-07 17:26:00,1.2889970310646854
2026-05-07 17:27:00,3.462674049172351
2026-05-07 17:28:00,3.6811445405255405
2026-05-07 17:29:00,3.402757957977866
2026-05-07 17:30:00,2.530376401370937
2026-05-07 17:31:00,0.903887420622455
2026-05-07 17:32:00,0.9002666440202229
2026-05-07 17:33:00,4.147881950518772
2026-05-07 17:34:00,0.059687445261380034
2026-05-07 17:35:00,2.0444937969057495
2026-05-07 17:36:00,4.055401331730174
2026-05-07 17:37:00,3.7532191002550515
2026-05-07 17:38:00,3.1506014434777607
2026-05-07 17:39:00,1.759573168158823
2026-05-07 17:40:00,3.809045714410864
2026-05-07 17:41:00,0.8176647036739779
2026-05-07 17:42:00,1.7941792450779888
2026-05-07 17:43:00,3.1364804968828164
2026-05-07 17:44:00,2.6176346591036173
2026-05-07 17:45:00,0.3350122104142825
2026-05-07 17:46:00,2.85164499697166
2026-05-07 17:47:00,1.3251397799990903
2026-05-07 17:48:00,2.919881974529151
2026-05-07 17:49:00,0.9014904810348305
2026-05-07 17:50:00,2.147419456531462
2026-05-07 17:51:00,0.571812305752764
2026-05-07 17:52:00,0.7592524675034046
2026-05-07 17:53:00,0.717548379252321
2026-05-07 17:54:00,1.8750329614243664
2026-05-07 17:55:00,3.374854355226516
2026-05-07 17:56:00,0.6470394932879086
2026-05-07 17:57:00,3.9630241492442226
2026-05-07 17:58:00,0.019648301961966097
2026-05-07 17:59:00,2.4391596761992123
2026-05-07 18:00:00,4.100617033055225
2026-05-07 18:01:00,3.5303977832817433
2026-05-07 18:02:00,1.382815068214212
2026-05-07 18:03:00,1.3527767962211406
2026-05-07 18:04:00,2.191341702672132
2026-05-07 18:05:00,3.10902975020075
2026-05-07 18:06:00,2.9705913598456903
2026-05-07 18:07:00,2.294440484108444
2026-05-07 18:08:00,0.372875431723754
2026-05-07 18:09:00,0.8738410125400142
2026-05-07 18:10:00,1.1972165759801996
2026-05-07 18:11:00,4.0229092647109015
2026-05-07 18:12:00,1.81061091933681
2026-05-07 18:13:00,0.8809369431593492
2026-05-07 18:14:00,2.8938986637721618
2026-05-07 18:15:00,0.0
2026-05-07 18:16:00,0.24500168571766434
2026-05-07 18:17:00,3.495562929845666
2026-05-07 18:18:00,0.18720298257096968
2026-05-07 18:19:00,2.4808653909440856
2026-05-07 18:20:00,0.0
2026-05-07 18:21:00,3.391441313338097
2026-05-07 18:22:00,3.629584036712054
2026-05-07 18:23:00,2.229554717800792
2026-05-07 18:24:00,0.17338784965577836
2026-05-07 18:25:00,0.0
2026-05-07 18:26:00,1.8884345613228213
2026-05-07 18:27:00,4.143362106995032
2026-05-07 18:28:00,0.0
2026-05-07 18:29:00,2.936103689609391
2026-05-07 18:30:00,2.841448750653847
2026-05-07 18:31:00,3.2967056756385946
2026-05-07 18:32:00,0.22137855503248272
2026-05-07 18:33:00,3.094883398026165
2026-05-07 18:34:00,3.143518925195323
2026-05-07 18:35:00,0.8532829882982895
2026-05-07 18:36:00,1.0752200188609662
2026-05-07 18:37:00,2.130674921686129
2026-05-07 18:38:00,1.7414857837264552
2026-05-07 18:39:00,2.4562306707099673
2026-05-07 18:40:00,1.5573939828177648
2026-05-07 18:41:00,3.006649366415982
2026-05-07 18:42:00,3.0679188910703195
2026-05-07 18:43:00,2.4722547459106607
2026-05-07 18:44:00,0.15946817078328224
2026-05-07 18:45:00,1.0527859977320424
2026-05-07 18:46:00,3.439902905394089
2026-05-07 18:47:00,0.2112878354148957
2026-05-07 18:48:00,2.4603898777899467
2026-05-07 18:49:00,3.705308026943702
2026-05-07 18:50:00,0.0
2026-05-07 18:51:00,2.066360701175223
2026-05-07 18:52:00,0.662095331148078
2026-05-07 18:53:00,2.558941179207575
2026-05-07 18:54:00,2.716158581471664
2026-05-07 18:55:00,3.1855842333380844
2026-05-07 18:56:00,3.6265172187281136
2026-05-07 18:57:00,0.0
2026-05-07 18:58:00,2.0755241607738855
2026-05-07 18:59:00,1.8992559757711902
2026-05-07 19:00:00,3.469335067737048
2026-05-07 19:01:00,0.0
2026-05-07 19:02:00,0.8005370210452697
2026-05-07 19:03:00,4.148080578166835
2026-05-07 19:04:00,0.4612268075791107
2026-05-07 19:05:00,3.4741822065529653
2026-05-07 19:06:00,0.73891081434737
2026-05-07 19:07:00,1.9722840230534282
2026-05-07 19:08:00,0.5443119544672209
2026-05-07 19:09:00,1.324631444649369
2026-05-07 19:10:00,0.1569182235179319
2026-05-07 19:11:00,3.001644267178345
2026-05-07 19:12:00,1.4510674065470954
2026-05-07 19:13:00,0.1690083574135327
2026-05-07 19:14:00,3.385628908343993
2026-05-07 19:15:00,0.6751469530622982
2026-05-07 19:16:00,0.7240179657020424
2026-05-07 19:17:00,3.6185417668332542
2026-05-07 19:18:00,3.7407377960519232
2026-05-07 19:19:00,0.0
2026-05-07 19:20:00,4.039303996761367
2026-05-07 19:21:00,1.0368410781755457
2026-05-07 19:22:00,2.2308353474901566
2026-05-07 19:23:00,1.181198198336388
2026-05-07 19:24:00,3.8917127870987542
2026-05-07 19:25:00,2.0807463383359064
2026-05-07 19:26:00,4.165367946784884
2026-05-07 19:27:00,0.3704929050673236
2026-05-07 19:28:00,2.8086992591171955
2026-05-07 19:29:00,0.06385866669092988
2026-05-07 19:30:00,1.7000104525431787
2026-05-07 19:31:00,0.47970956586890334
2026-05-07 19:32:00,0.7009075131860719
2026-05-07 19:33:00,1.0478747974887817
2026-05-07 19:34:00,0.0
2026-05-07 19:35:00,1.143854482627389
2026-05-07 19:36:00,2.4175482058494957
2026-05-07 19:37:00,3.8044424573032223
2026-05-07 19:38:00,3.1245305261000316
2026-05-07 19:39:00,0.0
2026-05-07 19:40:00,0.0
2026-05-07 19:41:00,2.722895346934319
2026-05-07 19:42:00,1.7800361416037815
2026-05-07 19:43:00,0.7058588530451384
2026-05-07 19:44:00,3.954666681528999
2026-05-07 19:45:00,2.53949375144005
2026-05-07 19:46:00,1.1686798101098468
2026-05-07 19:47:00,2.6188413913554225
2026-05-07 19:48:00,0.0
2026-05-07 19:49:00,3.2702695413899847
2026-05-07 19:50:00,2.221286579768859
2026-05-07 19:51:00,1.1905724641837376
2026-05-07 19:52:00,3.2235225496138096
2026-05-07 19:53:00,2.1336863646982254
2026-05-07 19:54:00,2.2365266515047026
2026-05-07 19:55:00,0.10935171033632007
2026-05-07 19:56:00,0.23036332635666895
2026-05-07 19:57:00,1.1480161533489137
2026-05-07 19:58:00,2.984972127233685
2026-05-07 19:59:00,1.3069700503139494
2026-05-07 20:00:00,2.0088114077908497
2026-05-07 20:01:00,0.463340132430233
2026-05-07 20:02:00,3.863480348090705
2026-05-07 20:03:00,2.500012427749685
2026-05-07 20:04:00,2.676329040417817
2026-05-07 20:05:00,3.3858670365973027
2026-05-07 20:06:00,0.7248771321431032
2026-05-07 20:07:00,1.9554319457182827
2026-05-07 20:08:00,1.5841389156198962
2026-05-07 20:09:00,0.8506105752968248
2026-05-07 20:10:00,2.5800545304065348
2026-05-07 20:11:00,2.952898276978566
2026-05-07 20:12:00,3.739195357682066
2026-05-07 20:13:00,2.919068878044106
2026-05-07 20:14:00,2.3639425572150943
2026-05-07 20:15:00,1.743082624923844
2026-05-07 20:16:00,3.6115364212303196
2026-05-07 20:17:00,3.2479126957776945
2026-05-07 20:18:00,2.131602678965568
2026-05-07 20:19:00,1.6672244009667683
2026-05-07 20:20:00,3.778601939943152
2026-05-07 20:21:00,3.785229528071139
2026-05-07 20:22:00,3.8017908230941675
2026-05-07 20:23:00,3.562166876614897
2026-05-07 20:24:00,2.6091854737253186
2026-05-07 20:25:00,3.86521380885404
2026-05-07 20:26:00,1.7801313189360928
2026-05-07 20:27:00,1.6030664725215908
2026-05-07 20:28:00,0.0
2026-05-07 20:29:00,0.0
2026-05-07 20:30:00,1.232111041031024
2026-05-07 20:31:00,2.0472819619599476
2026-05-07 20:32:00,1.2524559912272637
2026-05-07 20:33:00,3.8991574036257304
2026-05-07 20:34:00,4.1042570427310245
2026-05-07 20:35:00,0.32370511353014275
2026-05-07 20:36:00,0.7236826439124951
2026-05-07 20:37:00,3.00434547233217
2026-05-07 20:38:00,0.0
2026-05-07 20:39:00,0.0
2026-05-07 20:40:00,1.8734619366984195
2026-05-07 20:41:00,1.4887101864570473
2026-05-07 20:42:00,1.1084595148085632
2026-05-07 20:43:00,0.5195027917646304
2026-05-07 20:44:00,0.04526101125416049
2026-05-07 20:45:00,4.2160401435905985
2026-05-07 20:46:00,2.4666455498833337
2026-05-07 20:47:00,2.879820149365152
2026-05-07 20:48:00,2.9094324740484803
2026-05-07 20:49:00,3.416206176828439
2026-05-07 20:50:00,0.9592618339061334
2026-05-07 20:51:00,2.7749643913193798
2026-05-07 20:52:00,3.009822506253048
2026-05-07 20:53:00,1.1477724408555214
2026-05-07 20:54:00,3.7969206455424622
2026-05-07 20:55:00,0.5095479807685244
2026-05-07 20:56:00,3.653733865461434
2026-05-07 20:57:00,1.329657965697137
2026-05-07 20:58:00,3.151253899990079
2026-05-07 20:59:00,1.5334667487156555
2026-05-07 21:00:00,2.0925807383023405
2026-05-07 21:01:00,3.6764886571467534
2026-05-07 21:02:00,0.01852763126574175
2026-05-07 21:03:00,0.05709810598472764
2026-05-07 21:04:00,3.066162992506085
2026-05-07 21:05:00,0.46678352477354346
2026-05-07 21:06:00,3.7132827629982064
2026-05-07 21:07:00,2.362044327338329
2026-05-07 21:08:00,0.049661221360493224
2026-05-07 21:09:00,1.6589396643078973
2026-05-07 21:10:00,1.4614942353919873
2026-05-07 21:11:00,3.7451211727246427
2026-05-07 21:12:00,1.5053859812986419
2026-05-07 21:13:00,0.0
2026-05-07 21:14:00,2.926133903838804
2026-05-07 21:15:00,0.2533431030346637
2026-05-07 21:16:00,2.1795178954442562
2026-05-07 21:17:00,2.1182311357938857
2026-05-07 21:18:00,1.7670637091451817
2026-05-07 21:19:00,1.4928600409102148
2026-05-07 21:20:00,0.05264459150305367
2026-05-07 21:21:00,4.229794380985938
2026-05-07 21:22:00,2.950804498628539
2026-05-07 21:23:00,0.6785400501379628
2026-05-07 21:24:00,2.129786028184453
2026-05-07 21:25:00,3.5044778297074717
2026-05-07 21:26:00,2.419345290882508
2026-05-07 21:27:00,0.0
2026-05-07 21:28:00,3.1873681309394115
2026-05-07 21:29:00,1.602364388655557
2026-05-07 21:30:00,3.729767066739639
2026-05-07 21:31:00,4.016591015904026
2026-05-07 21:32:00,0.2934626391549079
2026-05-07 21:33:00,1.3854813330899471
2026-05-07 21:34:00,0.13617825476167789
2026-05-07 21:35:00,0.08412017159812568
2026-05-07 21:36:00,3.521570532415939
2026-05-07 21:37:00,3.540656878521914
2026-05-07 21:38:00,4.156649559488841
2026-05-07 21:39:00,3.020145602223869
2026-05-07 21:40:00,2.4415272061159983
2026-05-07 21:41:00,1.1982933771186388
2026-05-07 21:42:00,3.004558878858739
2026-05-07 21:43:00,0.49789538006331313
2026-05-07 21:44:00,0.19222233983096904
2026-05-07 21:45:00,3.458219705811276
2026-05-07 21:46:00,2.2015441208673496
2026-05-07 21:47:00,3.3579585341676124
2026-05-07 21:48:00,2.4736990367301503
2026-05-07 21:49:00,0.0
2026-05-07 21:50:00,3.4624375144538933
2026-05-07 21:51:00,1.5785299549217575
2026-05-07 21:52:00,0.0
2026-05-07 21:53:00,0.19985688586301875
2026-05-07 21:54:00,4.16428889863219
2026-05-07 21:55:00,4.056767659541282
2026-05-07 21:56:00,2.35584408004655
2026-05-07 21:57:00,3.132164626741375
2026-05-07 21:58:00,1.4430360821371973
2026-05-07 21:59:00,3.0129144878826737
2026-05-07 22:00:00,1.720984848790545
2026-05-07 22:01:00,1.6558912449076115
2026-05-07 22:02:00,3.7042971387551207
2026-05-07 22:03:00,0.0
2026-05-07 22:04:00,2.4104172688525063
2026-05-07 22:05:00,3.783480601042749
2026-05-07 22:06:00,3.51367592635451
2026-05-07 22:07:00,0.40958907547496837
2026-05-07 22:08:00,1.3434786151073717
2026-05-07 22:09:00,0.0
2026-05-07 22:10:00,2.530600036012233
2026-05-07 22:11:00,2.478424598407522
2026-05-07 22:12:00,2.9799211904979863
2026-05-07 22:13:00,0.5661153041566905
2026-05-07 22:14:00,4.235883179575204
2026-05-07 22:15:00,3.0659497849231085
2026-05-07 22:16:00,4.1402009987847865
2026-05-07 22:17:00,0.20468469810055562
2026-05-07 22:18:00,3.3837286816710126
2026-05-07 22:19:00,3.0153970910832912
2026-05-07 22:20:00,0.0
2026-05-07 22:21:00,3.3429958785191323
2026-05-07 22:22:00,1.266875761083703
2026-05-07 22:23:00,1.3349716072554267
2026-05-07 22:24:00,4.0579273609654765
2026-05-07 22:25:00,1.4772535636706543
2026-05-07 22:26:00,3.463069976062868
2026-05-07 22:27:00,2.4433973165829164
2026-05-07 22:28:00,2.773832786801454
2026-05-07 22:29:00,2.0990311363786214
2026-05-07 22:30:00,3.3437521902241563
2026-05-07 22:31:00,1.8337724478471369
2026-05-07 22:32:00,3.060732578034894
2026-05-07 22:33:00,2.951705105661808
2026-05-07 22:34:00,1.3278980242313474
2026-05-07 22:35:00,0.3900852018550147
2026-05-07 22:36:00,1.0623000176449342
2026-05-07 22:37:00,2.803356861370746
2026-05-07 22:38:00,1.8583837471146414
2026-05-07 22:39:00,3.4225004930793927
2026-05-07 22:40:00,0.4978488817638037
2026-05-07 22:41:00,3.9011225598746373
2026-05-07 22:42:00,2.07808595626528
2026-05-07 22:43:00,1.3097120563397477
2026-05-07 22:44:00,0.28726520530517957
2026-05-07 22:45:00,1.2389575173125809
2026-05-07 22:46:00,0.279637894775485
2026-05-07 22:47:00,0.0
2026-05-07 22:48:00,2.07155714212581
2026-05-07 22:49:00,0.6577555313071447
2026-05-07 22:50:00,2.7289593574285043
2026-05-07 22:51:00,1.6662460283195688
2026-05-07 22:52:00,0.6365170873278111
2026-05-07 22:53:00,2.2744623443867287
2026-05-07 22:54:00,3.697144850336019
2026-05-07 22:55:00,1.236427439015098
2026-05-07 22:56:00,1.7832255160459103
2026-05-07 22:57:00,0.3579531674371173
2026-05-07 22:58:00,2.434581189705118
2026-05-07 22:59:00,0.4576607327642771
2026-05-07 23:00:00,3.4141818433441475
2026-05-07 23:01:00,0.4279132326447015
2026-05-07 23:02:00,2.6979768024239648
2026-05-07 23:03:00,0.3478762226854555
2026-05-07 23:04:00,1.6860403895746736
2026-05-07 23:05:00,0.0
2026-05-07 23:06:00,2.788171472517119
2026-05-07 23:07:00,3.4438476748122135
2026-05-07 23:08:00,0.5302215546350746
2026-05-07 23:09:00,2.5154669169951176
2026-05-07 23:10:00,1.2125104384682701
2026-05-07 23:11:00,2.3223163149923027
2026-05-07 23:12:00,0.49096787912128637
2026-05-07 23:13:00,0.0
2026-05-07 23:14:00,2.5139941768592102
2026-05-07 23:15:00,1.4899732073899226
2026-05-07 23:16:00,1.5686573921155929
2026-05-07 23:17:00,2.6871102810357095
2026-05-07 23:18:00,3.099296642582778
2026-05-07 23:19:00,3.8891799392795665
2026-05-07 23:20:00,3.4383475584066163
2026-05-07 23:21:00,0.0
2026-05-07 23:22:00,4.1426715985332905
2026-05-07 23:23:00,0.0
2026-05-07 23:24:00,2.0966378535681933
2026-05-07 23:25:00,2.3870840430350055
2026-05-07 23:26:00,2.89031011453405
2026-05-07 23:27:00,0.0
2026-05-07 23:28:00,0.0
2026-05-07 23:29:00,0.11098061369755663
2026-05-07 23:30:00,3.959059587979042
2026-05-07 23:31:00,2.5290681149023513
2026-05-07 23:32:00,2.911050064194023
2026-05-07 23:33:00,0.6909980278756624
2026-05-07 23:34:00,0.5061195062242654
2026-05-07 23:35:00,2.638870076199333
2026-05-07 23:36:00,2.202347864979189
2026-05-07 23:37:00,3.4936604032588687
2026-05-07 23:38:00,1.5583143867240858
2026-05-07 23:39:00,2.686580131042394
2026-05-07 23:40:00,0.8616144095305097
2026-05-07 23:41:00,0.025673111124431602
2026-05-07 23:42:00,0.6789360910936602
2026-05-07 23:43:00,2.7779784987783813
2026-05-07 23:44:00,1.1066157206003282
2026-05-07 23:45:00,3.4473233140187443
2026-05-07 23:46:00,0.9764197790943894
2026-05-07 23:47:00,3.664469844665292
2026-05-07 23:48:00,3.88519555788566
2026-05-07 23:49:00,3.074589015786933
2026-05-07 23:50:00,2.3165379281018015
2026-05-07 23:51:00,2.4401138804867877
2026-05-07 23:52:00,1.5857259760567493
2026-05-07 23:53:00,2.8641579681107374
2026-05-07 23:54:00,2.0871940876005484
2026-05-07 23:55:00,2.677668284260049
2026-05-07 23:56:00,2.0635609299078124
2026-05-07 23:57:00,1.8883600675198178
2026-05-07 23:58:00,4.044493171289915
2026-05-07 23:59:00,0.3612368142346693
2026-05-08 00:00:00,0.0
2026-05-08 00:01:00,0.7343288242221597
2026-05-08 00:02:00,0.0
2026-05-08 00:03:00,1.9478320591808278
2026-05-08 00:04:00,3.5994862558594076
2026-05-08 00:05:00,1.4700931636061543
2026-05-08 00:06:00,3.132797866696156
2026-05-08 00:07:00,0.6925091390412527
2026-05-08 00:08:00,2.2234435889077493
2026-05-08 00:09:00,3.514433345447631
2026-05-08 00:10:00,2.5228491250578733
2026-05-08 00:11:00,2.723991257120775
2026-05-08 00:12:00,4.0160246556291685
2026-05-08 00:13:00,3.3204987073084578
2026-05-08 00:14:00,1.991612257902646
2026-05-08 00:15:00,0.8322915961570767
2026-05-08 00:16:00,0.0
2026-05-08 00:17:00,4.06347360438915
2026-05-08 00:18:00,0.9010156397784728
2026-05-08 00:19:00,1.0600297220765378
2026-05-08 00:20:00,0.5310211179890375
2026-05-08 00:21:00,0.19725079624953368
2026-05-08 00:22:00,2.775540459895316
2026-05-08 00:23:00,0.0010687752239889603
2026-05-08 00:24:00,1.3428619944044655
2026-05-08 00:25:00,2.035025086416779
2026-05-08 00:26:00,2.6032599703448955
2026-05-08 00:27:00,1.4657511064497764
2026-05-08 00:28:00,3.91689347752634
2026-05-08 00:29:00,2.3408747681563153
2026-05-08 00:30:00,1.918225880820057
2026-05-08 00:31:00,1.7328160964197876
2026-05-08 00:32:00,2.9284348017085207
2026-05-08 00:33:00,1.4851788601359157
2026-05-08 00:34:00,0.17672614155143068
2026-05-08 00:35:00,2.9194484691112654
2026-05-08 00:36:00,2.385372339275474
2026-05-08 00:37:00,0.8994239775121455
2026-05-08 00:38:00,2.3348371871738705
2026-05-08 00:39:00,0.0
2026-05-08 00:40:00,2.0839042138338306
2026-05-08 00:41:00,3.259793238019669
2026-05-08 00:42:00,1.9830692176403284
2026-05-08 00:43:00,1.9480540848981156
2026-05-08 00:44:00,0.2206790808582687
2026-05-08 00:45:00,2.4672423146345395
2026-05-08 00:46:00,1.0141940596723118
2026-05-08 00:47:00,0.7623568420817237
2026-05-08 00:48:00,1.7918053174143547
2026-05-08 00:49:00,2.956868986544988
2026-05-08 00:50:00,3.3168353178128624
2026-05-08 00:51:00,0.8383542706763591
2026-05-08 00:52:00,2.806865400229843
2026-05-08 00:53:00,3.3302819910553607
2026-05-08 00:54:00,2.3660725184984233
2026-05-08 00:55:00,3.18587732591687
2026-05-08 00:56:00,0.0
2026-05-08 00:57:00,0.4217490529609545
2026-05-08 00:58:00,2.7206282858647204
2026-05-08 00:59:00,0.0
2026-05-08 01:00:00,2.8335824435687953
2026-05-08 01:01:00,2.56983752344059
2026-05-08 01:02:00,4.243965166797552
2026-05-08 01:03:00,1.9209136640182294
2026-05-08 01:04:00,2.730072908635211
2026-05-08 01:05:00,0.9480678914947747
2026-05-08 01:06:00,1.6141290746369021
2026-05-08 01:07:00,0.0
2026-05-08 01:08:00,3.3646825836985905
2026-05-08 01:09:00,3.812917988219966
2026-05-08 01:10:00,3.7260966730201734
2026-05-08 01:11:00,4.241320891234929
2026-05-08 01:12:00,2.9441225827063655
2026-05-08 01:13:00,0.336881322106082
2026-05-08 01:14:00,2.2028552467241767
2026-05-08 01:15:00,4.242203474753231
2026-05-08 01:16:00,0.5987144119410922
2026-05-08 01:17:00,1.2451311684182094
2026-05-08 01:18:00,3.726775605551019
2026-05-08 01:19:00,3.13168488662682
2026-05-08 01:20:00,3.17225070213306
2026-05-08 01:21:00,0.0
2026-05-08 01:22:00,1.1524532039191069
2026-05-08 01:23:00,2.5670630641991425
2026-05-08 01:24:00,1.2272492470528922
2026-05-08 01:25:00,3.706738208314687
2026-05-08 01:26:00,0.6980633487900629
2026-05-08 01:27:00,3.377136096929106
2026-05-08 01:28:00,0.9099381394960213
2026-05-08 01:29:00,1.3572906151570026
2026-05-08 01:30:00,2.2368537228430494
2026-05-08 01:31:00,2.9883903257169075
2026-05-08 01:32:00,1.8586339703505304
2026-05-08 01:33:00,1.5303047004662278
2026-05-08 01:34:00,1.5033455969894254
2026-05-08 01:35:00,2.3832499797744826
2026-05-08 01:36:00,4.107828816088567
2026-05-08 01:37:00,0.0
2026-05-08 01:38:00,2.093852206125657
2026-05-08 01:39:00,2.1055447200525035
2026-05-08 01:40:00,3.497117227982648
2026-05-08 01:41:00,0.0
2026-05-08 01:42:00,2.3897830102635402
2026-05-08 01:43:00,0.7666365280446572
2026-05-08 01:44:00,3.277883426484714
2026-05-08 01:45:00,2.682957889403303
2026-05-08 01:46:00,3.3585176916937507
2026-05-08 01:47:00,0.8963042839276145
2026-05-08 01:48:00,0.0
2026-05-08 01:49:00,2.7158029042654412
2026-05-08 01:50:00,0.46626834916985915
2026-05-08 01:51:00,0.11569552962679697
2026-05-08 01:52:00,2.125637991105606
2026-05-08 01:53:00,0.921998127482264
2026-05-08 01:54:00,2.7032859652800303
2026-05-08 01:55:00,0.0
2026-05-08 01:56:00,0.0
2026-05-08 01:57:00,2.7253833921411137
2026-05-08 01:58:00,0.484055160579028
2026-05-08 01:59:00,0.8646064065540029
2026-05-08 02:00:00,2.0091521563972115
2026-05-08 02:01:00,1.53048122926227
2026-05-08 02:02:00,1.4658600873203615
2026-05-08 02:03:00,0.7188549542351453
2026-05-08 02:04:00,3.1566932343371104
2026-05-08 02:05:00,0.17607145306999378
2026-05-08 02:06:00,2.8591190678704947
2026-05-08 02:07:00,3.8753090210622694
2026-05-08 02:08:00,1.5925364487439508
2026-05-08 02:09:00,2.779032429935379
2026-05-08 02:10:00,2.5155730525540996
2026-05-08 02:11:00,0.5968069402398549
2026-05-08 02:12:00,2.7223091544744964
2026-05-08 02:13:00,1.7939830736273432
2026-05-08 02:14:00,3.0006809277368722
2026-05-08 02:15:00,0.8541063754461258
2026-05-08 02:16:00,3.2504964473243803
2026-05-08 02:17:00,0.0
2026-05-08 02:18:00,1.1716333294702719
2026-05-08 02:19:00,1.8283565342138481
2026-05-08 02:20:00,1.6243615546583614
2026-05-08 02:21:00,4.153454294205228
2026-05-08 02:22:00,3.607043805053551
2026-05-08 02:23:00,2.075262630983503
2026-05-08 02:24:00,2.1992973663227016
2026-05-08 02:25:00,3.8946592137936804
2026-05-08 02:26:00,0.7609511849455208
2026-05-08 02:27:00,1.6983465347268591
2026-05-08 02:28:00,0.8174179300062444
2026-05-08 02:29:00,0.18714664405758796
2026-05-08 02:30:00,1.5583816362110532
2026-05-08 02:31:00,1.916348089214464
2026-05-08 02:32:00,0.354001356258929
2026-05-08 02:33:00,3.556065420925589
2026-05-08 02:34:00,0.0
2026-05-08 02:35:00,3.6765835677647223
2026-05-08 02:36:00,1.6470625437497342
2026-05-08 02:37:00,3.057859006202207
2026-05-08 02:38:00,3.4516760307574152
2026-05-08 02:39:00,1.6178548470416219
2026-05-08 02:40:00,3.1133606552881536
2026-05-08 02:41:00,0.3691295793933097
2026-05-08 02:42:00,2.4826031221280096
2026-05-08 02:43:00,0.9388443437545136
2026-05-08 02:44:00,0.8471292214967744
2026-05-08 02:45:00,1.8744496137374436
2026-05-08 02:46:00,0.7062291242329032
2026-05-08 02:47:00,3.700862451177805
2026-05-08 02:48:00,0.33206961748658176
2026-05-08 02:49:00,0.7475066188939206
2026-05-08 02:50:00,2.817178204274833
2026-05-08 02:51:00,1.8717192971807692
2026-05-08 02:52:00,1.541523315177276
2026-05-08 02:53:00,2.0936205375772214
2026-05-08 02:54:00,1.043749467097769
2026-05-08 02:55:00,2.489438302410571
2026-05-08 02:56:00,2.7303603726751313
2026-05-08 02:57:00,3.4541560014404395
2026-05-08 02:58:00,2.484187676495503
2026-05-08 02:59:00,2.4782331448387356
2026-05-08 03:00:00,0.010619562067194388
2026-05-08 03:01:00,3.8719443557174005
2026-05-08 03:02:00,4.155236551243144
2026-05-08 03:03:00,2.6908546593325915
2026-05-08 03:04:00,0.7999069888678679
2026-05-08 03:05:00,3.187068323993538
2026-05-08 03:06:00,2.3826167557860667
2026-05-08 03:07:00,1.3580116523573542
2026-05-08 03:08:00,4.113703493077815
2026-05-08 03:09:00,2.714698987145149
2026-05-08 03:10:00,1.700601850861223
2026-05-08 03:11:00,2.718668364023994
2026-05-08 03:12:00,0.4175453389803446
2026-05-08 03:13:00,2.323571840598391
2026-05-08 03:14:00,3.3427495970726864
2026-05-08 03:15:00,0.8282923748269398
2026-05-08 03:16:00,0.0
2026-05-08 03:17:00,3.197940057771447
2026-05-08 03:18:00,1.243720817630491
2026-05-08 03:19:00,2.738338311389298
2026-05-08 03:20:00,1.7998130206784333
2026-05-08 03:21:00,4.212967658904546
2026-05-08 03:22:00,1.0896175661069045
2026-05-08 03:23:00,3.1971100798893892
2026-05-08 03:24:00,1.2397949023644759
2026-05-08 03:25:00,0.7069952032017942
2026-05-08 03:26:00,0.8877582036419727
2026-05-08 03:27:00,1.8191413591770147
2026-05-08 03:28:00,3.3986730620583825
2026-05-08 03:29:00,4.145489410692106
2026-05-08 03:30:00,0.0
2026-05-08 03:31:00,4.189911013820131
2026-05-08 03:32:00,0.7377148002317027
2026-05-08 03:33:00,0.0
2026-05-08 03:34:00,0.1817691157095817
2026-05-08 03:35:00,0.6024178273116261
2026-05-08 03:36:00,0.0
2026-05-08 03:37:00,2.970655999677521
2026-05-08 03:38:00,1.5757502178971179
2026-05-08 03:39:00,0.6353772136848715
2026-05-08 03:40:00,1.8607670233844698
2026-05-08 03:41:00,2.0438181152087496
2026-05-08 03:42:00,1.2667457057979963
2026-05-08 03:43:00,1.2455693687680043
2026-05-08 03:44:00,0.455691078124822
2026-05-08 03:45:00,3.862536381899905
2026-05-08 03:46:00,3.3740007760343453
2026-05-08 03:47:00,3.8146806545018253
2026-05-08 03:48:00,0.024533644581337666
2026-05-08 03:49:00,4.140516848590764
2026-05-08 03:50:00,0.5960712549844318
2026-05-08 03:51:00,1.2103561737155364
2026-05-08 03:52:00,3.4275270146476853
2026-05-08 03:53:00,0.49863284270637137
2026-05-08 03:54:00,0.28792056539336597
2026-05-08 03:55:00,2.9775837965311025
2026-05-08 03:56:00,4.152731291389128
2026-05-08 03:57:00,3.313440991835895
2026-05-08 03:58:00,1.2980328375330428
2026-05-08 03:59:00,1.5173157353857247
2026-05-08 04:00:00,0.7510939798495753
2026-05-08 04:01:00,2.175260984337969
2026-05-08 04:02:00,4.073427478429944
2026-05-08 04:03:00,0.0
2026-05-08 04:04:00,3.1434532708291956
2026-05-08 04:05:00,3.4759956748282024
2026-05-08 04:06:00,0.0
2026-05-08 04:07:00,3.8012036187891756
2026-05-08 04:08:00,3.1609655446888523
2026-05-08 04:09:00,3.727397127510306
2026-05-08 04:10:00,1.3208062587828362
2026-05-08 04:11:00,2.10893292554807
2026-05-08 04:12:00,4.058262838035261
2026-05-08 04:13:00,0.7409507576322543
2026-05-08 04:14:00,1.095157384617589
2026-05-08 04:15:00,0.0
2026-05-08 04:16:00,1.980418007276027
2026-05-08 04:17:00,3.6167958697996774
2026-05-08 04:18:00,3.1327782844129706
2026-05-08 04:19:00,3.676730742197433
2026-05-08 04:20:00,0.0
2026-05-08 04:21:00,1.0115610518901652
2026-05-08 04:22:00,2.6385214575930624
2026-05-08 04:23:00,0.7353492687792367
2026-05-08 04:24:00,3.05601920118018
2026-05-08 04:25:00,4.289788816003349
2026-05-08 04:26:00,1.3819610871295307
2026-05-08 04:27:00,3.3139627607366426
2026-05-08 04:28:00,0.0
2026-05-08 04:29:00,2.879664181537909
2026-05-08 04:30:00,0.6312321236215633
2026-05-08 04:31:00,3.2324965890427144
2026-05-08 04:32:00,0.0
2026-05-08 04:33:00,2.0274456002396946
2026-05-08 04:34:00,3.83765146893105
2026-05-08 04:35:00,3.143391220466814
2026-05-08 04:36:00,0.6841853106150975
2026-05-08 04:37:00,0.5013234275573364
2026-05-08 04:38:00,1.9636634866201645
2026-05-08 04:39:00,1.6689699758737708
2026-05-08 04:40:00,0.18362225439704272
2026-05-08 04:41:00,0.24483968575590953
2026-05-08 04:42:00,0.5044843307316809
2026-05-08 04:43:00,2.667722587640136
2026-05-08 04:44:00,3.645241237823515
2026-05-08 04:45:00,0.0
2026-05-08 04:46:00,1.8494855801456302
2026-05-08 04:47:00,3.2708266198451312
2026-05-08 04:48:00,3.875793530865481
2026-05-08 04:49:00,0.5042395734101042
2026-05-08 04:50:00,3.149502140363639
2026-05-08 04:51:00,1.3253059402393295
2026-05-08 04:52:00,1.2535093020236792
2026-05-08 04:53:00,0.0
2026-05-08 04:54:00,2.246409742583614
2026-05-08 04:55:00,3.788192498119737
2026-05-08 04:56:00,3.9572046210865723
2026-05-08 04:57:00,0.0
2026-05-08 04:58:00,2.5284069673275638
2026-05-08 04:59:00,4.249932675989388
2026-05-08 05:00:00,1.8798389907334858
2026-05-08 05:01:00,2.2837225564185397
2026-05-08 05:02:00,4.067192656913042
2026-05-08 05:03:00,3.005528210902791
2026-05-08 05:04:00,2.2599847202053143
2026-05-08 05:05:00,2.856535515393814
2026-05-08 05:06:00,2.3197059098082624
2026-05-08 05:07:00,1.9532854850425854
2026-05-08 05:08:00,3.0907950270088325
2026-05-08 05:09:00,1.3312815119423136
2026-05-08 05:10:00,0.4177571538763479
2026-05-08 05:11:00,3.977121046777044
2026-05-08 05:12:00,3.398201053708969
2026-05-08 05:13:00,1.6454389338973432
2026-05-08 05:14:00,1.4824513107836674
2026-05-08 05:15:00,1.4565740556027547
2026-05-08 05:16:00,1.5936365654661615
2026-05-08 05:17:00,2.3743994717266563
2026-05-08 05:18:00,1.2516191613906429
2026-05-08 05:19:00,0.0
2026-05-08 05:20:00,2.7256028887570887
2026-05-08 05:21:00,2.322019253366002
2026-05-08 05:22:00,0.33601275517620555
2026-05-08 05:23:00,0.06339152473743892
2026-05-08 05:24:00,0.0
2026-05-08 05:25:00,2.8858689271084126
2026-05-08 05:26:00,1.9821552184990625
2026-05-08 05:27:00,3.2125120893866783
2026-05-08 05:28:00,0.0
2026-05-08 05:29:00,0.7839153428719374
2026-05-08 05:30:00,1.1167646251694952
2026-05-08 05:31:00,4.171163327857317
2026-05-08 05:32:00,2.7324726269324566
2026-05-08 05:33:00,0.0
2026-05-08 05:34:00,2.9799192483595633
2026-05-08 05:35:00,2.4543957170171646
2026-05-08 05:36:00,0.8948253069843399
2026-05-08 05:37:00,0.22207560049520975
2026-05-08 05:38:00,0.6322473515421142
2026-05-08 05:39:00,1.475347909607776
2026-05-08 05:40:00,0.32307328414912545
2026-05-08 05:41:00,0.8011199218310098
2026-05-08 05:42:00,2.3321395344961102
2026-05-08 05:43:00,3.2702113096278023
2026-05-08 05:44:00,4.271030332434377
2026-05-08 05:45:00,1.5698203754878943
2026-05-08 05:46:00,1.954634671508546
2026-05-08 05:47:00,2.721044156768519
2026-05-08 05:48:00,0.2608193705465982
2026-05-08 05:49:00,3.3190578425881805
2026-05-08 05:50:00,2.559306540281195
2026-05-08 05:51:00,3.101845574427009
2026-05-08 05:52:00,3.616458717764178
2026-05-08 05:53:00,2.209148886260817
2026-05-08 05:54:00,1.8627184755398558
2026-05-08 05:55:00,4.079951814722629
2026-05-08 05:56:00,0.49304683903028224
2026-05-08 05:57:00,0.0
2026-05-08 05:58:00,0.9614228454284601
2026-05-08 05:59:00,1.2939716700486943
2026-05-08 06:00:00,3.724514145666718
2026-05-08 06:01:00,3.9962001898113844
2026-05-08 06:02:00,3.955145997784433
2026-05-08 06:03:00,1.0213083440627129
2026-05-08 06:04:00,0.0
2026-05-08 06:05:00,1.6757188264829592
2026-05-08 06:06:00,0.32541261754531764
2026-05-08 06:07:00,2.818633377195262
2026-05-08 06:08:00,0.09391950729277943
2026-05-08 06:09:00,0.8664904055963056
2026-05-08 06:10:00,3.9777550434007
2026-05-08 06:11:00,4.238473216307625
2026-05-08 06:12:00,0.4444898748770998
2026-05-08 06:13:00,0.0
2026-05-08 06:14:00,2.560647101713996
2026-05-08 06:15:00,2.9789860523773863
2026-05-08 06:16:00,2.861664912462802
2026-05-08 06:17:00,1.836487454999055
2026-05-08 06:18:00,1.202472120849496
2026-05-08 06:19:00,0.09899190557124282
2026-05-08 06:20:00,0.0
2026-05-08 06:21:00,0.0
2026-05-08 06:22:00,3.699374290826795
2026-05-08 06:23:00,1.2923757684126123
2026-05-08 06:24:00,3.644063962587512
2026-05-08 06:25:00,1.0460145884599716
2026-05-08 06:26:00,2.6751064087364482
2026-05-08 06:27:00,2.9099364731011685
2026-05-08 06:28:00,0.0
2026-05-08 06:29:00,3.685437141665099
2026-05-08 06:30:00,1.538150477766766
2026-05-08 06:31:00,2.222290505671877
2026-05-08 06:32:00,3.2504954210605397
2026-05-08 06:33:00,1.6422707895875805
2026-05-08 06:34:00,3.8183983731057762
2026-05-08 06:35:00,3.4646069536701605
2026-05-08 06:36:00,1.3179579165240995
2026-05-08 06:37:00,2.0361298658591576
2026-05-08 06:38:00,0.7529376926480278
2026-05-08 06:39:00,1.6038000403271915
2026-05-08 06:40:00,0.0
2026-05-08 06:41:00,3.5455746729996234
2026-05-08 06:42:00,2.943165762762516
2026-05-08 06:43:00,2.0868824703098694
2026-05-08 06:44:00,3.5527086167882493
2026-05-08 06:45:00,2.789677719444731
2026-05-08 06:46:00,0.0
2026-05-08 06:47:00,1.871437545020845
2026-05-08 06:48:00,0.0
2026-05-08 06:49:00,1.596816738782108
2026-05-08 06:50:00,0.5487322277580773
2026-05-08 06:51:00,2.9805516047492375
2026-05-08 06:52:00,0.09191329143781402
2026-05-08 06:53:00,3.839430922748017
2026-05-08 06:54:00,2.5981438723796195
2026-05-08 06:55:00,3.5686981769942
2026-05-08 06:56:00,0.5280939762899066
2026-05-08 06:57:00,2.2312955208138163
2026-05-08 06:58:00,0.8024166919491207
2026-05-08 06:59:00,1.6651270061844705
2026-05-08 07:00:00,0.0
2026-05-08 07:01:00,2.0726855724071496
2026-05-08 07:02:00,0.6738341260874274
2026-05-08 07:03:00,4.01698377569103
2026-05-08 07:04:00,3.8833192907450336
2026-05-08 07:05:00,1.2587369135442699
2026-05-08 07:06:00,2.2992384481058235
2026-05-08 07:07:00,1.2669783373198045
2026-05-08 07:08:00,3.5575870953496023
2026-05-08 07:09:00,3.061962792487021
2026-05-08 07:10:00,2.1713270265796503
2026-05-08 07:11:00,0.9363118780012349
2026-05-08 07:12:00,0.0
2026-05-08 07:13:00,3.0427494510255606
2026-05-08 07:14:00,0.0
2026-05-08 07:15:00,0.14329538371907902
2026-05-08 07:16:00,0.10998187608245125
2026-05-08 07:17:00,0.3019467076337897
2026-05-08 07:18:00,3.0714730377614203
2026-05-08 07:19:00,0.0
2026-05-08 07:20:00,4.174693415791311
2026-05-08 07:21:00,3.5827094326953546
2026-05-08 07:22:00,1.7197773073545692
2026-05-08 07:23:00,2.228344985642655
2026-05-08 07:24:00,0.0
2026-05-08 07:25:00,1.3008482589068757
2026-05-08 07:26:00,2.190128756785251
2026-05-08 07:27:00,3.8291262392225427
2026-05-08 07:28:00,2.5731418507008685
2026-05-08 07:29:00,1.9290405291888542
2026-05-08 07:30:00,2.6565413015613073
2026-05-08 07:31:00,0.0
2026-05-08 07:32:00,3.7798105587514494
2026-05-08 07:33:00,4.181763128414208
2026-05-08 07:34:00,3.9091927781107447
2026-05-08 07:35:00,2.4133680874820316
2026-05-08 07:36:00,1.1873604918992129
2026-05-08 07:37:00,1.4737333943677473
2026-05-08 07:38:00,2.1707189585189575
2026-05-08 07:39:00,2.525090023381564
2026-05-08 07:40:00,3.462057475187935
2026-05-08 07:41:00,0.0
2026-05-08 07:42:00,1.7649147238758236
2026-05-08 07:43:00,1.5295813700896845
2026-05-08 07:44:00,2.133504780489279
2026-05-08 07:45:00,0.3391175836664407
2026-05-08 07:46:00,1.4711278268227794
2026-05-08 07:47:00,1.0387996694831028
2026-05-08 07:48:00,0.423971577300428
2026-05-08 07:49:00,1.2870119795505315
2026-05-08 07:50:00,2.2027825952565707
2026-05-08 07:51:00,2.689436706739593
2026-05-08 07:52:00,2.983842597619887
2026-05-08 07:53:00,2.5603508426363835
2026-05-08 07:54:00,0.46590177633056684
2026-05-08 07:55:00,3.564783756080349
2026-05-08 07:56:00,3.0276365168200465
2026-05-08 07:57:00,0.7506614090532646
2026-05-08 07:58:00,3.4149712747627383
2026-05-08 07:59:00,0.41690999647222066
2026-05-08 08:00:00,0.0895467614426656
2026-05-08 08:01:00,3.761755715262863
2026-05-08 08:02:00,2.7253894959169305
2026-05-08 08:03:00,3.9870269912987064
2026-05-08 08:04:00,2.4030939585100253
2026-05-08 08:05:00,4.131826276526888
2026-05-08 08:06:00,3.666826417332614
2026-05-08 08:07:00,0.0
2026-05-08 08:08:00,1.4319074091958721
2026-05-08 08:09:00,1.3261884686985563
2026-05-08 08:10:00,2.1318045956346228
2026-05-08 08:11:00,0.19787115381366283
2026-05-08 08:12:00,3.8944092151697403
2026-05-08 08:13:00,0.7719532982762048
2026-05-08 08:14:00,3.783516502143342
2026-05-08 08:15:00,0.0
2026-05-08 08:16:00,1.8308801487873838
2026-05-08 08:17:00,3.330901987675939
2026-05-08 08:18:00,3.1114812929522575
2026-05-08 08:19:00,3.1134723543352303
2026-05-08 08:20:00,0.0600264756933625
2026-05-08 08:21:00,0.0
2026-05-08 08:22:00,0.4471297439026571
2026-05-08 08:23:00,1.4937169852362433
2026-05-08 08:24:00,1.2709934624612063
2026-05-08 08:25:00,3.315150541112951
2026-05-08 08:26:00,1.9093196626922473
2026-05-08 08:27:00,2.2112993844235875
2026-05-08 08:28:00,2.4450207605860013
2026-05-08 08:29:00,2.951434801473021
2026-05-08 08:30:00,2.6992686518918925
2026-05-08 08:31:00,0.7406237080378518
2026-05-08 08:32:00,2.7778743437217246
2026-05-08 08:33:00,0.728200100875793
2026-05-08 08:34:00,0.0
2026-05-08 08:35:00,1.3454619937954684
2026-05-08 08:36:00,3.4810997881603574
2026-05-08 08:37:00,0.012806483690084303
2026-05-08 08:38:00,0.731618914961519
2026-05-08 08:39:00,3.940759028678526
2026-05-08 08:40:00,0.0
2026-05-08 08:41:00,1.3619030548883606
2026-05-08 08:42:00,3.9525768946043893
2026-05-08 08:43:00,1.9508211904457593
2026-05-08 08:44:00,2.3406964520511275
2026-05-08 08:45:00,2.369389900793588
2026-05-08 08:46:00,3.728309708144885
2026-05-08 08:47:00,0.0
2026-05-08 08:48:00,3.586209294035781
2026-05-08 08:49:00,2.079425670719913
2026-05-08 08:50:00,0.0
2026-05-08 08:51:00,0.2990989456159172
2026-05-08 08:52:00,1.4407097776206852
2026-05-08 08:53:00,4.074583317825684
2026-05-08 08:54:00,0.0
2026-05-08 08:55:00,2.2569482715328117
2026-05-08 08:56:00,3.746768687311385
2026-05-08 08:57:00,3.870910295293222
2026-05-08 08:58:00,0.29999507435880113
2026-05-08 08:59:00,1.8914575900979451
2026-05-08 09:00:00,2.1788753769418414
2026-05-08 09:01:00,3.0466874466800573
2026-05-08 09:02:00,3.513633708553918
2026-05-08 09:03:00,3.9102357892049144
2026-05-08 09:04:00,4.076702782766322
2026-05-08 09:05:00,3.565806000102322
2026-05-08 09:06:00,3.198014237216658
2026-05-08 09:07:00,2.245040702449365
2026-05-08 09:08:00,3.029949945367804
2026-05-08 09:09:00,3.723059907736772
2026-05-08 09:10:00,3.0745077331841713
2026-05-08 09:11:00,3.6483766132276876
2026-05-08 09:12:00,2.16866972172778
2026-05-08 09:13:00,1.25302420991479
2026-05-08 09:14:00,2.0303709615679133
2026-05-08 09:15:00,2.3834290952255595
2026-05-08 09:16:00,3.2169332585176
2026-05-08 09:17:00,2.1625362006610516
2026-05-08 09:18:00,0.7733484355425287
2026-05-08 09:19:00,1.3774949261400042
2026-05-08 09:20:00,0.0
2026-05-08 09:21:00,2.4845059263371887
2026-05-08 09:22:00,3.608981773031617
2026-05-08 09:23:00,0.5127396417034833
2026-05-08 09:24:00,1.3658153544298735
2026-05-08 09:25:00,0.2951903954260705
2026-05-08 09:26:00,0.018064576699793444
2026-05-08 09:27:00,2.0591208849059464
2026-05-08 09:28:00,3.2309966926380658
2026-05-08 09:29:00,4.030706777448034
2026-05-08 09:30:00,3.4690246033474534
2026-05-08 09:31:00,3.4242110920170443
2026-05-08 09:32:00,0.0
2026-05-08 09:33:00,1.2388770812073675
2026-05-08 09:34:00,0.29630273349893815
2026-05-08 09:35:00,2.764422243192147
2026-05-08 09:36:00,2.3157473200235326
2026-05-08 09:37:00,1.1560349647582489
2026-05-08 09:38:00,4.02965670168187
2026-05-08 09:39:00,3.9145859411469965
2026-05-08 09:40:00,4.090082786367842
2026-05-08 09:41:00,2.012713877663782
2026-05-08 09:42:00,0.8274249386021171
2026-05-08 09:43:00,0.9130530538587167
2026-05-08 09:44:00,3.986625985139036
2026-05-08 09:45:00,0.9120851049666652
2026-05-08 09:46:00,2.3918947138401467
2026-05-08 09:47:00,3.0425750708859614
2026-05-08 09:48:00,4.027752982970851
2026-05-08 09:49:00,2.7909321066269186
2026-05-08 09:50:00,2.1461620916192556
2026-05-08 09:51:00,3.1757308214868836
2026-05-08 09:52:00,1.712688722382983
2026-05-08 09:53:00,2.776202788564885
2026-05-08 09:54:00,3.7996534088141978
2026-05-08 09:55:00,3.1671128020685417
2026-05-08 09:56:00,0.37962943964126983
2026-05-08 09:57:00,0.2745418414452946
2026-05-08 09:58:00,0.9692421386904382
2026-05-08 09:59:00,1.4094931284671741
2026-05-08 10:00:00,2.5885157028497683
2026-05-08 10:01:00,0.7668760007515849
2026-05-08 10:02:00,3.82701277507374
2026-05-08 10:03:00,0.5259373771813863
2026-05-08 10:04:00,0.9933237229731169
2026-05-08 10:05:00,2.875893390155907
2026-05-08 10:06:00,2.994636421691925
2026-05-08 10:07:00,2.542346334490551
2026-05-08 10:08:00,1.8634549101772249
2026-05-08 10:09:00,0.5082156615970201
2026-05-08 10:10:00,4.05055721673654
2026-05-08 10:11:00,2.434499876656283
2026-05-08 10:12:00,3.877289385739333
2026-05-08 10:13:00,2.783191968119225
2026-05-08 10:14:00,3.87037341830929
2026-05-08 10:15:00,2.520095445683333
2026-05-08 10:16:00,0.5972299877952599
2026-05-08 10:17:00,3.380873165204746
2026-05-08 10:18:00,3.7859338090637307
2026-05-08 10:19:00,3.405824123988416
2026-05-08 10:20:00,3.918039443555381
2026-05-08 10:21:00,1.9177747542525128
2026-05-08 10:22:00,3.70839446459916
2026-05-08 10:23:00,2.672296411156145
2026-05-08 10:24:00,0.0
2026-05-08 10:25:00,0.9878284711673041
2026-05-08 10:26:00,0.0
2026-05-08 10:27:00,0.8374230053083043
2026-05-08 10:28:00,0.46010770968297987
2026-05-08 10:29:00,1.5084058321438514
2026-05-08 10:30:00,1.9319536878850192
2026-05-08 10:31:00,1.7511691088114147
2026-05-08 10:32:00,3.545791069369157
2026-05-08 10:33:00,3.3059878068994215
2026-05-08 10:34:00,3.8315132539897236
2026-05-08 10:35:00,1.1636216173639244
2026-05-08 10:36:00,0.0
2026-05-08 10:37:00,3.606061966193579
2026-05-08 10:38:00,1.2996680407288794
2026-05-08 10:39:00,0.5831291788125947
2026-05-08 10:40:00,2.7627786872213598
2026-05-08 10:41:00,0.0
2026-05-08 10:42:00,2.294540849795898
2026-05-08 10:43:00,2.77735250026503
2026-05-08 10:44:00,2.4490275035644076
2026-05-08 10:45:00,0.46616992605417895
2026-05-08 10:46:00,3.9841666247416225
2026-05-08 10:47:00,0.1012039268617152
2026-05-08 10:48:00,1.6828228608804088
2026-05-08 10:49:00,0.5744342542907549
2026-05-08 10:50:00,3.8987722079733844
2026-05-08 10:51:00,1.787405234151618
2026-05-08 10:52:00,1.8167350632995034
2026-05-08 10:53:00,1.8381957432028577
2026-05-08 10:54:00,3.646840509121904
2026-05-08 10:55:00,3.5707473620898638
2026-05-08 10:56:00,3.610426197390508
2026-05-08 10:57:00,2.9925614285353013
2026-05-08 10:58:00,1.0883482817117687
2026-05-08 10:59:00,0.8375469225036211
2026-05-08 11:00:00,2.827446591144615
2026-05-08 11:01:00,0.0
2026-05-08 11:02:00,3.328615752173488
2026-05-08 11:03:00,3.3010856117292566
2026-05-08 11:04:00,2.651815608585318
2026-05-08 11:05:00,2.764464917991134
2026-05-08 11:06:00,1.4724587771126645
2026-05-08 11:07:00,1.9178404154873991
2026-05-08 11:08:00,1.0474551521301851
2026-05-08 11:09:00,1.5025938515140764
2026-05-08 11:10:00,2.7585400955679185
2026-05-08 11:11:00,2.7901735552911906
2026-05-08 11:12:00,1.9191671348945165
2026-05-08 11:13:00,3.4340031478081094
2026-05-08 11:14:00,4.208851679738919
2026-05-08 11:15:00,1.1682182970127981
2026-05-08 11:16:00,3.150265241067176
2026-05-08 11:17:00,0.4378208874787614
2026-05-08 11:18:00,2.3838828300120736
2026-05-08 11:19:00,1.0028522056339302
2026-05-08 11:20:00,2.463810407723064
2026-05-08 11:21:00,3.477831950644895
2026-05-08 11:22:00,2.301508307572031
2026-05-08 11:23:00,0.6724787554275328
2026-05-08 11:24:00,3.5640492806992765
2026-05-08 11:25:00,2.808207549352864
2026-05-08 11:26:00,2.6783364734773296
2026-05-08 11:27:00,2.063754767650551
2026-05-08 11:28:00,3.2992751406928913
2026-05-08 11:29:00,0.08078807424053447
2026-05-08 11:30:00,4.189471909610211
2026-05-08 11:31:00,4.090426874938897
2026-05-08 11:32:00,3.4758369282387607
2026-05-08 11:33:00,1.7753108423554465
2026-05-08 11:34:00,1.2706315992969064
2026-05-08 11:35:00,0.5313284624931804
2026-05-08 11:36:00,3.6128091251583254
2026-05-08 11:37:00,0.6899374536772215
2026-05-08 11:38:00,2.029326219783039
2026-05-08 11:39:00,1.2259433178074484
2026-05-08 11:40:00,0.4515966014267323
2026-05-08 11:41:00,2.1784707775738226
2026-05-08 11:42:00,0.1603217986339227
2026-05-08 11:43:00,3.5696368025951593
2026-05-08 11:44:00,4.14999838383477
2026-05-08 11:45:00,3.236499849888369
2026-05-08 11:46:00,3.762626345251006
2026-05-08 11:47:00,3.080730339039209
2026-05-08 11:48:00,3.9989960639754503
2026-05-08 11:49:00,1.6295584024329355
2026-05-08 11:50:00,3.6531997188113063
2026-05-08 11:51:00,0.7181137493344846
2026-05-08 11:52:00,3.515474130505107
2026-05-08 11:53:00,2.8388000042345305
2026-05-08 11:54:00,0.0
2026-05-08 11:55:00,3.526830243240723
2026-05-08 11:56:00,0.139475406868809
2026-05-08 11:57:00,3.254870643872061
2026-05-08 11:58:00,3.980065905326069
2026-05-08 11:59:00,1.36289715211195
2026-05-08 12:00:00,1.4236192358661808
2026-05-08 12:01:00,1.0977197178822373
2026-05-08 12:02:00,3.331932729492549
2026-05-08 12:03:00,1.514341330210345
2026-05-08 12:04:00,1.746231936730716
2026-05-08 12:05:00,0.5825795669211233
2026-05-08 12:06:00,1.232683358285379
2026-05-08 12:07:00,1.747435942919351
2026-05-08 12:08:00,0.24300619075119295
2026-05-08 12:09:00,0.8379278304146609
2026-05-08 12:10:00,3.4859815792616486
2026-05-08 12:11:00,3.064057636432735
2026-05-08 12:12:00,1.3222496192440438
2026-05-08 12:13:00,3.33070820105171
2026-05-08 12:14:00,1.5981168504838037
2026-05-08 12:15:00,0.0
2026-05-08 12:16:00,2.487278660632949
2026-05-08 12:17:00,2.214603593607566
2026-05-08 12:18:00,1.4233835439423395
2026-05-08 12:19:00,3.594646052516481
2026-05-08 12:20:00,2.2600751143364093
2026-05-08 12:21:00,3.0104994677131787
2026-05-08 12:22:00,2.9032754014220883
2026-05-08 12:23:00,0.0
2026-05-08 12:24:00,3.85182039926482
2026-05-08 12:25:00,3.896492578287969
2026-05-08 12:26:00,1.7396748440207932
2026-05-08 12:27:00,0.0
2026-05-08 12:28:00,3.7090779448457805
2026-05-08 12:29:00,2.3806341118410623
2026-05-08 12:30:00,2.848664674082574
2026-05-08 12:31:00,0.13218726320395546
2026-05-08 12:32:00,1.980303034363481
2026-05-08 12:33:00,3.8241140737348367
2026-05-08 12:34:00,0.0
2026-05-08 12:35:00,2.184450288762123
2026-05-08 12:36:00,3.5029072365999636
2026-05-08 12:37:00,3.0506295040632088
2026-05-08 12:38:00,0.9485864387012672
2026-05-08 12:39:00,2.8341800732556868
2026-05-08 12:40:00,0.0
2026-05-08 12:41:00,0.0
2026-05-08 12:42:00,3.072168276125139
2026-05-08 12:43:00,3.276031469721792
2026-05-08 12:44:00,3.729551299153187
2026-05-08 12:45:00,4.05544870186631
2026-05-08 12:46:00,2.044293809583192
2026-05-08 12:47:00,2.655522327817481
2026-05-08 12:48:00,0.2656327343994236
2026-05-08 12:49:00,0.21114310546384601
2026-05-08 12:50:00,3.9833771136764655
2026-05-08 12:51:00,1.6133606809848593
2026-05-08 12:52:00,4.042108547116415
2026-05-08 12:53:00,3.0445258157098656
2026-05-08 12:54:00,1.6987301572047608
2026-05-08 12:55:00,2.4942066100673292
2026-05-08 12:56:00,2.684322536960331
2026-05-08 12:57:00,3.7677542599862774
2026-05-08 12:58:00,1.0006389640879096
2026-05-08 12:59:00,1.919438620478449
2026-05-08 13:00:00,2.6820035452902182
2026-05-08 13:01:00,3.5237322336068173
2026-05-08 13:02:00,4.228222491671066
2026-05-08 13:03:00,4.079297861205955
2026-05-08 13:04:00,2.7766598875529955
2026-05-08 13:05:00,3.5912195115683483
2026-05-08 13:06:00,4.06122927240303
2026-05-08 13:07:00,3.3938969482314083
2026-05-08 13:08:00,0.0
2026-05-08 13:09:00,2.6432541393244957
2026-05-08 13:10:00,1.8572364005486661
2026-05-08 13:11:00,0.8337911104242186
2026-05-08 13:12:00,2.323330468664529
2026-05-08 13:13:00,3.5397593222297665
2026-05-08 13:14:00,3.1720831941698138
2026-05-08 13:15:00,4.176071147313362
2026-05-08 13:16:00,0.3260834503186867
2026-05-08 13:17:00,0.0
2026-05-08 13:18:00,3.5851578097024426
2026-05-08 13:19:00,2.0322946969860016
2026-05-08 13:20:00,2.3835760976106357
2026-05-08 13:21:00,3.6350074175011597
2026-05-08 13:22:00,2.818224501371659
2026-05-08 13:23:00,2.6873102379857916
2026-05-08 13:24:00,0.0
2026-05-08 13:25:00,0.21576534029436534
2026-05-08 13:26:00,3.8441293367371596
2026-05-08 13:27:00,3.2394973784972176
2026-05-08 13:28:00,1.2545945067136492
2026-05-08 13:29:00,3.7763330900314838
2026-05-08 13:30:00,2.708835116048968
2026-05-08 13:31:00,3.9798604880933666
2026-05-08 13:32:00,0.0
2026-05-08 13:33:00,0.2745274436630549
2026-05-08 13:34:00,0.09611906867516962
2026-05-08 13:35:00,3.9117256214679594
2026-05-08 13:36:00,0.64284265797916
2026-05-08 13:37:00,4.019241385190044
2026-05-08 13:38:00,4.112143682421794
2026-05-08 13:39:00,0.0
2026-05-08 13:40:00,2.1549231467995567
2026-05-08 13:41:00,3.2886273053232196
2026-05-08 13:42:00,3.7680194366776876
2026-05-08 13:43:00,0.0
2026-05-08 13:44:00,4.047523454280813
2026-05-08 13:45:00,2.3378753693922234
2026-05-08 13:46:00,3.9916068611615407
2026-05-08 13:47:00,2.327953171433097
2026-05-08 13:48:00,1.2243808234298457
2026-05-08 13:49:00,2.4069865464373636
2026-05-08 13:50:00,3.6250956060929784
2026-05-08 13:51:00,0.2715559462871135
2026-05-08 13:52:00,2.0472700691946173
2026-05-08 13:53:00,2.79747643932284
2026-05-08 13:54:00,2.0695922896633525
2026-05-08 13:55:00,1.8212461587144622
2026-05-08 13:56:00,3.2006843810414236
2026-05-08 13:57:00,0.0958797786047671
2026-05-08 13:58:00,0.0
2026-05-08 13:59:00,1.3949908658849748
2026-05-08 14:00:00,3.1120407419773426
2026-05-08 14:01:00,2.2095712623255155
2026-05-08 14:02:00,1.3530375718022802
2026-05-08 14:03:00,1.9421619976694529
2026-05-08 14:04:00,2.14646761546574
2026-05-08 14:05:00,0.18451069263100806
2026-05-08 14:06:00,3.668449494477621
2026-05-08 14:07:00,4.244283165099063
2026-05-08 14:08:00,2.669759010517023
2026-05-08 14:09:00,0.5476772769122856
2026-05-08 14:10:00,0.0
2026-05-08 14:11:00,2.1248222481750814
2026-05-08 14:12:00,2.3141061361107007
2026-05-08 14:13:00,2.449279466236299
2026-05-08 14:14:00,1.809930284417845
2026-05-08 14:15:00,3.162260526358738
2026-05-08 14:16:00,0.4996951951723394
2026-05-08 14:17:00,0.0
2026-05-08 14:18:00,2.5118220242102085
2026-05-08 14:19:00,0.0
2026-05-08 14:20:00,1.124325172079113
2026-05-08 14:21:00,1.5549456274943225
2026-05-08 14:22:00,2.943950750456978
2026-05-08 14:23:00,1.167780174013504
2026-05-08 14:24:00,3.8716323676594175
2026-05-08 14:25:00,3.2621502357141052
2026-05-08 14:26:00,0.0
2026-05-08 14:27:00,1.2826817844805176
2026-05-08 14:28:00,0.1842691464259103
2026-05-08 14:29:00,0.5560970113719815
2026-05-08 14:30:00,0.31521973741307585
2026-05-08 14:31:00,3.2825646826773522
2026-05-08 14:32:00,1.07708181373617
2026-05-08 14:33:00,0.2581001760461818
2026-05-08 14:34:00,2.187925588874014
2026-05-08 14:35:00,1.9465766999039793
2026-05-08 14:36:00,1.9153158777248036
2026-05-08 14:37:00,4.2402870756240745
2026-05-08 14:38:00,2.303782168828131
2026-05-08 14:39:00,3.0773788484711204
2026-05-08 14:40:00,2.747045631955745
2026-05-08 14:41:00,0.9503841167572984
2026-05-08 14:42:00,0.8252862176095876
2026-05-08 14:43:00,4.181165969826241
2026-05-08 14:44:00,3.0671668407027064
2026-05-08 14:45:00,0.4366997168780421
2026-05-08 14:46:00,4.167685766487111
2026-05-08 14:47:00,1.3462779672264227
2026-05-08 14:48:00,0.0
2026-05-08 14:49:00,1.6967447711265915
2026-05-08 14:50:00,1.7715820281709793
2026-05-08 14:51:00,4.104452544327724
2026-05-08 14:52:00,0.29034272716656495
2026-05-08 14:53:00,2.5538965501311552
2026-05-08 14:54:00,2.612234726116352
2026-05-08 14:55:00,0.7204217885528517
2026-05-08 14:56:00,0.0
2026-05-08 14:57:00,2.054264683237071
2026-05-08 14:58:00,0.559382022946973
2026-05-08 14:59:00,0.5842170756333607
2026-05-08 15:00:00,0.09361675069650932
2026-05-08 15:01:00,0.9918399528105861
2026-05-08 15:02:00,3.9519235410008715
2026-05-08 15:03:00,1.87049150969424
2026-05-08 15:04:00,3.5366220999372002
2026-05-08 15:05:00,1.1353631219785965
2026-05-08 15:06:00,2.801978154380532
2026-05-08 15:07:00,0.0
2026-05-08 15:08:00,0.931844930350181
2026-05-08 15:09:00,0.0
2026-05-08 15:10:00,1.1421140181883787
2026-05-08 15:11:00,0.0
2026-05-08 15:12:00,0.0
2026-05-08 15:13:00,0.9086323005905993
2026-05-08 15:14:00,0.49459599292255524
2026-05-08 15:15:00,0.977643243574574
2026-05-08 15:16:00,1.959207049104216
2026-05-08 15:17:00,3.385522643922369
2026-05-08 15:18:00,3.1616523183344722
2026-05-08 15:19:00,2.34390936479549
2026-05-08 15:20:00,2.636748312329866
2026-05-08 15:21:00,3.9137449581013346
2026-05-08 15:22:00,0.0
2026-05-08 15:23:00,0.0
2026-05-08 15:24:00,1.4703574516727902
2026-05-08 15:25:00,1.5844284065685994
2026-05-08 15:26:00,0.1609427427243474
2026-05-08 15:27:00,3.0043686381571653
2026-05-08 15:28:00,0.05064263513180878
2026-05-08 15:29:00,1.642647816940136
2026-05-08 15:30:00,3.3255550957024673
2026-05-08 15:31:00,3.8627045769888126
2026-05-08 15:32:00,3.9962270232705146
2026-05-08 15:33:00,2.8671117511491335
2026-05-08 15:34:00,2.458001293978764
2026-05-08 15:35:00,4.056295736308238
2026-05-08 15:36:00,3.030176237867848
2026-05-08 15:37:00,3.218235773293867
2026-05-08 15:38:00,0.9256632502624117
2026-05-08 15:39:00,1.3675975055376304
2026-05-08 15:40:00,3.766400368078297
2026-05-08 15:41:00,2.0607280135328465
2026-05-08 15:42:00,2.523061067612741
2026-05-08 15:43:00,2.959210214369186
2026-05-08 15:44:00,3.9679448794386314
2026-05-08 15:45:00,0.59425542263224
2026-05-08 15:46:00,3.284545556237524
2026-05-08 15:47:00,2.09796481589461
2026-05-08 15:48:00,2.070304658024818
2026-05-08 15:49:00,0.5901912628536861
2026-05-08 15:50:00,2.2563958409923415
2026-05-08 15:51:00,3.233041339073024
2026-05-08 15:52:00,2.6522162626325203
2026-05-08 15:53:00,0.9268144008002338
2026-05-08 15:54:00,4.017836170103042
2026-05-08 15:55:00,1.0473102021120553
2026-05-08 15:56:00,0.8496825675775955
2026-05-08 15:57:00,1.0084339389847277
2026-05-08 15:58:00,3.9185754717494548
2026-05-08 15:59:00,3.819748555633451
2026-05-08 16:00:00,2.6123490825985103
2026-05-08 16:01:00,2.0111737754972547
2026-05-08 16:02:00,1.3411037196391322
2026-05-08 16:03:00,2.430506675202655
2026-05-08 16:04:00,3.5761115015894713
2026-05-08 16:05:00,0.0
2026-05-08 16:06:00,2.4467424396958526
2026-05-08 16:07:00,0.8378900322329546
2026-05-08 16:08:00,3.6035305555255017
2026-05-08 16:09:00,0.9577994100591125
2026-05-08 16:10:00,1.1100780454989985
2026-05-08 16:11:00,1.0405245028655863
2026-05-08 16:12:00,3.0401475203699295
2026-05-08 16:13:00,0.06210275447580971
2026-05-08 16:14:00,0.0
2026-05-08 16:15:00,3.184894618916182
2026-05-08 16:16:00,2.209096302234141
2026-05-08 16:17:00,2.297544300711913
2026-05-08 16:18:00,3.091472195457176
2026-05-08 16:19:00,3.072062913965693
2026-05-08 16:20:00,3.76312844469292
2026-05-08 16:21:00,1.6984227366077504
2026-05-08 16:22:00,2.6911988015656214
2026-05-08 16:23:00,1.0576158792124006
2026-05-08 16:24:00,0.3212898019913131
2026-05-08 16:25:00,1.7667018054917318
2026-05-08 16:26:00,2.845124010000617
2026-05-08 16:27:00,0.028773829997384648
2026-05-08 16:28:00,0.0
2026-05-08 16:29:00,1.478893137761476
2026-05-08 16:30:00,2.8534748006851705
2026-05-08 16:31:00,2.6163597944365087
2026-05-08 16:32:00,1.5753853011618024
2026-05-08 16:33:00,0.4774815983057066
2026-05-08 16:34:00,1.5324055842118032
2026-05-08 16:35:00,2.0290209171089932
2026-05-08 16:36:00,4.081709089928796
2026-05-08 16:37:00,1.652571278962591
2026-05-08 16:38:00,2.092523827451883
2026-05-08 16:39:00,2.9140395732067805
2026-05-08 16:40:00,3.704610824857599
2026-05-08 16:41:00,4.05266116350478
2026-05-08 16:42:00,0.5879419625581883
2026-05-08 16:43:00,1.6059116227792605
2026-05-08 16:44:00,0.013694831873339974
2026-05-08 16:45:00,0.8502882829572829
2026-05-08 16:46:00,2.526127811765671
2026-05-08 16:47:00,0.2557658203989247
2026-05-08 16:48:00,3.446658520162792
2026-05-08 16:49:00,1.1106998429631472
2026-05-08 16:50:00,1.9559303784738307
2026-05-08 16:51:00,3.2825431449764912
2026-05-08 16:52:00,3.7418372998082106
2026-05-08 16:53:00,0.0
2026-05-08 16:54:00,3.8651753895428604
2026-05-08 16:55:00,2.293541698851964
2026-05-08 16:56:00,3.0489734591679394
2026-05-08 16:57:00,0.362966792026183
2026-05-08 16:58:00,2.4100192662813273
2026-05-08 16:59:00,3.2060266695255266
2026-05-08 17:00:00,2.9332888275850557
2026-05-08 17:01:00,2.354640714125046
2026-05-08 17:02:00,2.3915835729752173
2026-05-08 17:03:00,1.2910678849018873
2026-05-08 17:04:00,1.6994420862427586
2026-05-08 17:05:00,3.056433702494066
2026-05-08 17:06:00,3.420269483206152
2026-05-08 17:07:00,1.953299188033943
2026-05-08 17:08:00,0.0
2026-05-08 17:09:00,1.8707457597729558
2026-05-08 17:10:00,2.6232422291043855
2026-05-08 17:11:00,0.5770430996534686
2026-05-08 17:12:00,0.6388881464795013
2026-05-08 17:13:00,0.0
2026-05-08 17:14:00,3.4907505598042
2026-05-08 17:15:00,1.2519552522994388
2026-05-08 17:16:00,3.8915391330213667
2026-05-08 17:17:00,1.6632244669049736
2026-05-08 17:18:00,2.9879223686148837
2026-05-08 17:19:00,0.1043721224829085
2026-05-08 17:20:00,0.8733212422819285
2026-05-08 17:21:00,0.5112827814983771
2026-05-08 17:22:00,3.154445096268314
2026-05-08 17:23:00,1.9913667273444497
2026-05-08 17:24:00,3.80081229551514
2026-05-08 17:25:00,2.2397278111462073
2026-05-08 17:26:00,1.3311723874385955
2026-05-08 17:27:00,0.0
2026-05-08 17:28:00,2.967847072429846
2026-05-08 17:29:00,2.211213340269949
2026-05-08 17:30:00,2.642820804860406
2026-05-08 17:31:00,2.751061556005512
2026-05-08 17:32:00,1.0896084543495987
2026-05-08 17:33:00,0.17227064725839503
2026-05-08 17:34:00,1.3460808149948957
2026-05-08 17:35:00,0.0
2026-05-08 17:36:00,1.6976313360145396
2026-05-08 17:37:00,0.6948113866554048
2026-05-08 17:38:00,2.703814280279788
2026-05-08 17:39:00,1.1846793522847632
2026-05-08 17:40:00,0.186344119434266
2026-05-08 17:41:00,3.3558220818304116
2026-05-08 17:42:00,2.4973999247018517
2026-05-08 17:43:00,1.3667903614019639
2026-05-08 17:44:00,0.3527872895252758
2026-05-08 17:45:00,2.889667341749981
2026-05-08 17:46:00,3.5679150670256967
2026-05-08 17:47:00,2.4777567850706683
2026-05-08 17:48:00,0.5928566966960681
2026-05-08 17:49:00,0.4186637249264754
2026-05-08 17:50:00,2.3076806217155976
2026-05-08 17:51:00,1.563481948310496
2026-05-08 17:52:00,0.7924006494292932
2026-05-08 17:53:00,2.183257272851761
2026-05-08 17:54:00,2.1746512299693324
2026-05-08 17:55:00,1.189867775584738
2026-05-08 17:56:00,3.911351815196892
2026-05-08 17:57:00,0.5145990499905679
2026-05-08 17:58:00,2.9805449888228615
2026-05-08 17:59:00,1.3235770290042241
2026-05-08 18:00:00,0.9424568643256814
2026-05-08 18:01:00,0.0
2026-05-08 18:02:00,2.3290175442557017
2026-05-08 18:03:00,3.4775072796254283
2026-05-08 18:04:00,2.0613763408052996
2026-05-08 18:05:00,2.173685450746972
2026-05-08 18:06:00,0.0
2026-05-08 18:07:00,1.6885255592576138
2026-05-08 18:08:00,0.0
2026-05-08 18:09:00,3.155937822077271
2026-05-08 18:10:00,0.02475340020764638
2026-05-08 18:11:00,3.441197855695157
2026-05-08 18:12:00,2.449609779937422
2026-05-08 18:13:00,2.3013744149905735
2026-05-08 18:14:00,2.6255487735271594
2026-05-08 18:15:00,0.3821059254903686
2026-05-08 18:16:00,3.424164908672117
2026-05-08 18:17:00,0.0
2026-05-08 18:18:00,0.5990765413664285
2026-05-08 18:19:00,3.9761379907399315
2026-05-08 18:20:00,2.187069519542023
2026-05-08 18:21:00,2.523511140714336
2026-05-08 18:22:00,0.21254980254590072
2026-05-08 18:23:00,3.711963828083108
2026-05-08 18:24:00,3.41257801298097
2026-05-08 18:25:00,2.454490771853359
2026-05-08 18:26:00,2.849485431527936
2026-05-08 18:27:00,2.487827756607467
2026-05-08 18:28:00,0.9633731515253817
2026-05-08 18:29:00,3.6302772955381113
2026-05-08 18:30:00,4.145685682390882
2026-05-08 18:31:00,2.823122004161269
2026-05-08 18:32:00,0.630840745421802
2026-05-08 18:33:00,2.5005540838559734
2026-05-08 18:34:00,2.3840721835946876
2026-05-08 18:35:00,3.683552190340957
2026-05-08 18:36:00,0.0
2026-05-08 18:37:00,2.8667490089241516
2026-05-08 18:38:00,0.9265087005154276
2026-05-08 18:39:00,2.2987682161487584
2026-05-08 18:40:00,2.856851075174316
2026-05-08 18:41:00,2.3260358203393823
2026-05-08 18:42:00,0.42072948603957305
2026-05-08 18:43:00,3.150844247739565
2026-05-08 18:44:00,1.5875991490728327
2026-05-08 18:45:00,0.7789278555015601
2026-05-08 18:46:00,0.017224036702835344
2026-05-08 18:47:00,3.0905594761023423
2026-05-08 18:48:00,0.0
2026-05-08 18:49:00,1.539939028191458
2026-05-08 18:50:00,4.120631070982653
2026-05-08 18:51:00,1.838730121168432
2026-05-08 18:52:00,3.3087912586351784
2026-05-08 18:53:00,3.1893094180199646
2026-05-08 18:54:00,0.0
2026-05-08 18:55:00,2.792595180861447
2026-05-08 18:56:00,3.483396298223734
2026-05-08 18:57:00,1.1488239773315874
2026-05-08 18:58:00,1.8623661031840844
2026-05-08 18:59:00,3.866884350956298
2026-05-08 19:00:00,1.864446614300407
2026-05-08 19:01:00,3.9868528530903102
2026-05-08 19:02:00,2.9701136639256416
2026-05-08 19:03:00,2.9317239227532976
2026-05-08 19:04:00,2.3833222598842663
2026-05-08 19:05:00,2.6763575682680463
2026-05-08 19:06:00,3.7772581922049775
2026-05-08 19:07:00,2.6767324705663205
2026-05-08 19:08:00,0.6615324366992155
2026-05-08 19:09:00,3.244207393854313
2026-05-08 19:10:00,0.49708991585746326
2026-05-08 19:11:00,1.9203304254020392
2026-05-08 19:12:00,0.13543549268297855
2026-05-08 19:13:00,4.048600065296469
2026-05-08 19:14:00,3.86068013127602
2026-05-08 19:15:00,0.6720805550944079
2026-05-08 19:16:00,0.8444695029156271
2026-05-08 19:17:00,1.1753075258403811
2026-05-08 19:18:00,2.1174298945927355
2026-05-08 19:19:00,0.3370107573529056
2026-05-08 19:20:00,0.9902713974526649
2026-05-08 19:21:00,1.8007622331041193
2026-05-08 19:22:00,1.1109226479583132
2026-05-08 19:23:00,2.850886027464376
2026-05-08 19:24:00,2.551372176364069
2026-05-08 19:25:00,3.6370746739959356
2026-05-08 19:26:00,3.1211170957606775
2026-05-08 19:27:00,0.26167561512774445
2026-05-08 19:28:00,4.094853516463521
2026-05-08 19:29:00,3.0645823280227384
2026-05-08 19:30:00,3.600715513985253
2026-05-08 19:31:00,3.43229866979641
2026-05-08 19:32:00,0.9385435115718911
2026-05-08 19:33:00,1.8562495504307939
2026-05-08 19:34:00,3.745306530501307
2026-05-08 19:35:00,1.8780838106687077
2026-05-08 19:36:00,2.103553184162859
2026-05-08 19:37:00,3.016522659678527
2026-05-08 19:38:00,2.2200393667360876
2026-05-08 19:39:00,0.8801480538640448
2026-05-08 19:40:00,1.4905080745136388
2026-05-08 19:41:00,3.0780559855375875
2026-05-08 19:42:00,2.6684340007703833
2026-05-08 19:43:00,0.6919873525868027
2026-05-08 19:44:00,0.687425352941233
2026-05-08 19:45:00,0.6212085495369573
2026-05-08 19:46:00,2.4093256120745887
2026-05-08 19:47:00,4.083847407616421
2026-05-08 19:48:00,3.5240444437440637
2026-05-08 19:49:00,1.714316710093646
2026-05-08 19:50:00,0.7574125289342007
2026-05-08 19:51:00,3.3305178528244155
2026-05-08 19:52:00,3.957839831666604
2026-05-08 19:53:00,1.5270734741112064
2026-05-08 19:54:00,3.5823644689391125
2026-05-08 19:55:00,0.5240722127947322
2026-05-08 19:56:00,2.401183216045381
2026-05-08 19:57:00,1.2772308876707297
2026-05-08 19:58:00,0.4996801283721994
2026-05-08 19:59:00,3.48501056908423
2026-05-08 20:00:00,0.705556237759232
2026-05-08 20:01:00,1.4779527150939908
2026-05-08 20:02:00,2.594006801622199
2026-05-08 20:03:00,1.2184328381436247
2026-05-08 20:04:00,2.0243426803249354
2026-05-08 20:05:00,1.7790469493161072
2026-05-08 20:06:00,0.046623241495413414
2026-05-08 20:07:00,3.8604900784039278
2026-05-08 20:08:00,0.9522541865064397
2026-05-08 20:09:00,2.1356026614891332
2026-05-08 20:10:00,0.6614222351968329
2026-05-08 20:11:00,1.7240822036890553
2026-05-08 20:12:00,2.7352963387582925
2026-05-08 20:13:00,3.1934737252126384
2026-05-08 20:14:00,3.6277041497039044
2026-05-08 20:15:00,0.0
2026-05-08 20:16:00,0.12268983518602233
2026-05-08 20:17:00,4.003854745673536
2026-05-08 20:18:00,3.655947682874582
2026-05-08 20:19:00,1.2208998897734022
2026-05-08 20:20:00,0.8664276282387586
2026-05-08 20:21:00,0.899850136863965
2026-05-08 20:22:00,1.5478371119878553
2026-05-08 20:23:00,0.0
2026-05-08 20:24:00,0.522691683135343
2026-05-08 20:25:00,1.9048944343926641
2026-05-08 20:26:00,2.9669711367479037
2026-05-08 20:27:00,0.39888913116255253
2026-05-08 20:28:00,0.1038881513700296
2026-05-08 20:29:00,3.9705084079973663
2026-05-08 20:30:00,1.1513403968485454
2026-05-08 20:31:00,2.523546280067123
2026-05-08 20:32:00,4.088731667994214
2026-05-08 20:33:00,0.6423148505284808
2026-05-08 20:34:00,0.378295173432094
2026-05-08 20:35:00,3.44736185336916
2026-05-08 20:36:00,0.5729321340849179
2026-05-08 20:37:00,1.0303840059660299
2026-05-08 20:38:00,1.8844895275017846
2026-05-08 20:39:00,3.1453853879999176
2026-05-08 20:40:00,1.4254945416313753
2026-05-08 20:41:00,3.085551292028375
2026-05-08 20:42:00,0.0
2026-05-08 20:43:00,3.01963061225834
2026-05-08 20:44:00,1.7936767945386862
2026-05-08 20:45:00,0.18356614653200165
2026-05-08 20:46:00,1.3505602129445256
2026-05-08 20:47:00,1.9456500908768746
2026-05-08 20:48:00,1.522246201462077
2026-05-08 20:49:00,3.0631659586646913
2026-05-08 20:50:00,1.6612575609205318
2026-05-08 20:51:00,3.4172125591922677
2026-05-08 20:52:00,0.3208154747863326
2026-05-08 20:53:00,0.0
2026-05-08 20:54:00,2.774517976945555
2026-05-08 20:55:00,2.8234562370725964
2026-05-08 20:56:00,1.6127651238196021
2026-05-08 20:57:00,3.733862175455193
2026-05-08 20:58:00,0.33356029285316297
2026-05-08 20:59:00,0.0
2026-05-08 21:00:00,3.9373006538618225
2026-05-08 21:01:00,1.9833052214312696
2026-05-08 21:02:00,3.612533022798824
2026-05-08 21:03:00,2.4060544507562556
2026-05-08 21:04:00,1.711515545923692
2026-05-08 21:05:00,4.153289520125073
2026-05-08 21:06:00,1.7270758121795442
2026-05-08 21:07:00,2.924481311985761
2026-05-08 21:08:00,3.121425648803821
2026-05-08 21:09:00,3.761147102866124
2026-05-08 21:10:00,3.1527401327698152
2026-05-08 21:11:00,3.1555905582816006
2026-05-08 21:12:00,1.0513743625122538
2026-05-08 21:13:00,3.82125901278182
2026-05-08 21:14:00,0.23590823695184926
2026-05-08 21:15:00,2.83539061293431
2026-05-08 21:16:00,0.9149963447509556
2026-05-08 21:17:00,2.4768448581453777
2026-05-08 21:18:00,2.0104594938780047
2026-05-08 21:19:00,3.123525587908194
2026-05-08 21:20:00,1.019483477657233
2026-05-08 21:21:00,0.1863038634241415
2026-05-08 21:22:00,0.0
2026-05-08 21:23:00,2.143192106924877
2026-05-08 21:24:00,2.5995006838793264
2026-05-08 21:25:00,2.4433078849907255
2026-05-08 21:26:00,1.1781395201413702
2026-05-08 21:27:00,2.4098066407342804
2026-05-08 21:28:00,1.6354983273940413
2026-05-08 21:29:00,0.0
2026-05-08 21:30:00,0.5032119613618485
2026-05-08 21:31:00,0.21608242189695476
2026-05-08 21:32:00,0.0
2026-05-08 21:33:00,4.173335478398944
2026-05-08 21:34:00,3.5219417374583184
2026-05-08 21:35:00,2.8348255228420998
2026-05-08 21:36:00,0.6975517445308377
2026-05-08 21:37:00,0.7278189354151925
2026-05-08 21:38:00,0.0
2026-05-08 21:39:00,1.1882357639427474
2026-05-08 21:40:00,0.7200287129846432
2026-05-08 21:41:00,0.3974988708665971
2026-05-08 21:42:00,3.89114256345023
2026-05-08 21:43:00,3.761175823195182
2026-05-08 21:44:00,0.5426432828162002
2026-05-08 21:45:00,2.133381981375524
2026-05-08 21:46:00,0.7016556055051231
2026-05-08 21:47:00,1.7892510800908283
2026-05-08 21:48:00,1.775259010719272
2026-05-08 21:49:00,0.0
2026-05-08 21:50:00,2.0480332538345714
2026-05-08 21:51:00,1.4017594318463358
2026-05-08 21:52:00,0.0
2026-05-08 21:53:00,1.2368703329971635
2026-05-08 21:54:00,1.1908762138338744
2026-05-08 21:55:00,0.6271901492816924
2026-05-08 21:56:00,3.145721812848415
2026-05-08 21:57:00,0.43813864840251493
2026-05-08 21:58:00,0.8590111875074549
2026-05-08 21:59:00,2.288998083214432
2026-05-08 22:00:00,0.5622719244913001
2026-05-08 22:01:00,1.153251514503316
2026-05-08 22:02:00,0.0
2026-05-08 22:03:00,3.4132728999338027
2026-05-08 22:04:00,2.397419324112937
2026-05-08 22:05:00,0.0
2026-05-08 22:06:00,0.6100749802328927
2026-05-08 22:07:00,2.4850904365448137
2026-05-08 22:08:00,0.0
2026-05-08 22:09:00,0.007328953494824653
2026-05-08 22:10:00,2.2516269337453334
2026-05-08 22:11:00,0.0
2026-05-08 22:12:00,3.1974491262652665
2026-05-08 22:13:00,2.627965934760904
2026-05-08 22:14:00,0.9391593630364334
2026-05-08 22:15:00,0.19769476068979375
2026-05-08 22:16:00,0.6921102638894545
2026-05-08 22:17:00,3.02535784773724
2026-05-08 22:18:00,1.6420391101496414
2026-05-08 22:19:00,3.61727688166971
2026-05-08 22:20:00,3.15403505010761
2026-05-08 22:21:00,1.4861892003206072
2026-05-08 22:22:00,2.6051487459357867
2026-05-08 22:23:00,4.187307389872369
2026-05-08 22:24:00,0.0
2026-05-08 22:25:00,2.122364104580952
2026-05-08 22:26:00,3.24415616641207
2026-05-08 22:27:00,3.701490780839858
2026-05-08 22:28:00,3.092363284964675
2026-05-08 22:29:00,0.0
2026-05-08 22:30:00,0.5336640673954729
2026-05-08 22:31:00,3.3857595753681022
2026-05-08 22:32:00,3.7094072463739596
2026-05-08 22:33:00,3.768453263754112
2026-05-08 22:34:00,3.3630022807365374
2026-05-08 22:35:00,1.1943789668113742
2026-05-08 22:36:00,0.0
2026-05-08 22:37:00,1.2186730188718888
2026-05-08 22:38:00,3.846486955690065
2026-05-08 22:39:00,1.8564941002852484
2026-05-08 22:40:00,0.10139562176845407
2026-05-08 22:41:00,3.533927586492162
2026-05-08 22:42:00,3.6521724821587407
2026-05-08 22:43:00,1.9797974864621553
2026-05-08 22:44:00,0.5031676338515412
2026-05-08 22:45:00,2.647298374110666
2026-05-08 22:46:00,2.2250625087940197
2026-05-08 22:47:00,0.7835486908060765
2026-05-08 22:48:00,3.3482382718628196
2026-05-08 22:49:00,2.847706494034284
2026-05-08 22:50:00,0.0
2026-05-08 22:51:00,3.713012012922605
2026-05-08 22:52:00,0.6826195985149959
2026-05-08 22:53:00,0.118329637765475
2026-05-08 22:54:00,2.3748768166456937
2026-05-08 22:55:00,0.0
2026-05-08 22:56:00,2.1923652507642917
2026-05-08 22:57:00,3.506107412398177
2026-05-08 22:58:00,0.0
2026-05-08 22:59:00,1.340317847239831
2026-05-08 23:00:00,4.173565252704895
2026-05-08 23:01:00,1.9890683158042544
2026-05-08 23:02:00,3.1095950786083497
2026-05-08 23:03:00,0.1671979260943665
2026-05-08 23:04:00,3.227745405174411
2026-05-08 23:05:00,2.8717012246386653
2026-05-08 23:06:00,3.944312673874756
2026-05-08 23:07:00,0.2473359757020352
2026-05-08 23:08:00,0.22864049375154943
2026-05-08 23:09:00,0.6125243723868696
2026-05-08 23:10:00,2.838897177893183
2026-05-08 23:11:00,0.8728866741362951
2026-05-08 23:12:00,3.806151610085891
2026-05-08 23:13:00,1.9818510452203142
2026-05-08 23:14:00,3.929395329067188
2026-05-08 23:15:00,2.4558306732468678
2026-05-08 23:16:00,1.0914351082730998
2026-05-08 23:17:00,0.569275482201237
2026-05-08 23:18:00,3.2126004465761056
2026-05-08 23:19:00,2.982636003751553
2026-05-08 23:20:00,1.286149264296157
2026-05-08 23:21:00,0.0
2026-05-08 23:22:00,0.0
2026-05-08 23:23:00,2.8802246828412774
2026-05-08 23:24:00,1.5974172245214249
2026-05-08 23:25:00,3.995120798335509
2026-05-08 23:26:00,0.3375124962264121
2026-05-08 23:27:00,3.476802901947185
2026-05-08 23:28:00,0.20836362012981524
2026-05-08 23:29:00,0.07148599730920857
2026-05-08 23:30:00,3.750060671489375
2026-05-08 23:31:00,3.545064337819734
2026-05-08 23:32:00,1.6751701122160605
2026-05-08 23:33:00,1.5261377708332078
2026-05-08 23:34:00,2.9366210904512733
2026-05-08 23:35:00,4.14680556996169
2026-05-08 23:36:00,2.6045156380286505
2026-05-08 23:37:00,0.1908563169037396
2026-05-08 23:38:00,2.785840411681155
2026-05-08 23:39:00,0.005275575615822592
2026-05-08 23:40:00,0.24671736147658757
2026-05-08 23:41:00,1.5414226826941217
2026-05-08 23:42:00,3.648524856392748
2026-05-08 23:43:00,2.1478162107880143
2026-05-08 23:44:00,0.25768162396016586
2026-05-08 23:45:00,0.45988210145871417
2026-05-08 23:46:00,0.0681117071460754
2026-05-08 23:47:00,0.0
2026-05-08 23:48:00,3.3248497129759023
2026-05-08 23:49:00,3.6391883290061324
2026-05-08 23:50:00,4.136407175818254
2026-05-08 23:51:00,2.4580881730548727
2026-05-08 23:52:00,1.744160971507339
2026-05-08 23:53:00,2.449721280849457
2026-05-08 23:54:00,3.219286718736293
2026-05-08 23:55:00,1.443364329461691
2026-05-08 23:56:00,0.10017375182792343
2026-05-08 23:57:00,2.939782224801709
2026-05-08 23:58:00,2.740225214928024
2026-05-08 23:59:00,4.216993514451355
2026-05-09 00:00:00,0.8961597449416043
2026-05-09 00:01:00,0.0
2026-05-09 00:02:00,2.1917302930842957
2026-05-09 00:03:00,0.9489809758645814
2026-05-09 00:04:00,1.7140318764294766
2026-05-09 00:05:00,0.6092226396570212
2026-05-09 00:06:00,4.261393275487408
2026-05-09 00:07:00,3.860686432275781
2026-05-09 00:08:00,0.6487988206582456
2026-05-09 00:09:00,0.2923337673452102
2026-05-09 00:10:00,1.9125064486423038
2026-05-09 00:11:00,0.3575433546041949
2026-05-09 00:12:00,0.0
2026-05-09 00:13:00,3.12667863116856
2026-05-09 00:14:00,2.8184930657678566
2026-05-09 00:15:00,4.3185129859515925
2026-05-09 00:16:00,1.1666217669543721
2026-05-09 00:17:00,2.8364444203583075
2026-05-09 00:18:00,1.4745393037890784
2026-05-09 00:19:00,2.6981830523300285
2026-05-09 00:20:00,2.0730778233927687
2026-05-09 00:21:00,0.3550952684906423
2026-05-09 00:22:00,0.0
2026-05-09 00:23:00,0.323093031255613
2026-05-09 00:24:00,3.993972949675009
2026-05-09 00:25:00,4.251458246291149
2026-05-09 00:26:00,1.5101414948041847
2026-05-09 00:27:00,3.5027989597625133
2026-05-09 00:28:00,1.279002401886359
2026-05-09 00:29:00,2.695682087679559
2026-05-09 00:30:00,3.6492971554948053
2026-05-09 00:31:00,0.20752053245055052
2026-05-09 00:32:00,0.7566551085387399
2026-05-09 00:33:00,0.6349485973545924
2026-05-09 00:34:00,0.07115249284678837
2026-05-09 00:35:00,1.148522309886509
2026-05-09 00:36:00,4.312260463523649
2026-05-09 00:37:00,1.8701288352485679
2026-05-09 00:38:00,4.11626721429008
2026-05-09 00:39:00,0.3069392791351373
2026-05-09 00:40:00,3.147288331591507
2026-05-09 00:41:00,1.192177709374049
2026-05-09 00:42:00,2.008368440938082
2026-05-09 00:43:00,2.9617837737284853
2026-05-09 00:44:00,3.8170115632484873
2026-05-09 00:45:00,4.285495144648821
2026-05-09 00:46:00,1.0728519436265582
2026-05-09 00:47:00,2.366775402972414
2026-05-09 00:48:00,3.5162887286547084
2026-05-09 00:49:00,1.6543909905679135
2026-05-09 00:50:00,2.150170958648883
2026-05-09 00:51:00,3.1801410777133032
2026-05-09 00:52:00,1.6583475637888654
2026-05-09 00:53:00,2.3048767796643923
2026-05-09 00:54:00,0.18725286183119155
2026-05-09 00:55:00,1.1641013400594888
2026-05-09 00:56:00,2.4864176954146293
2026-05-09 00:57:00,3.2174041532817537
2026-05-09 00:58:00,3.31680997786687
2026-05-09 00:59:00,1.530388770543587
2026-05-09 01:00:00,2.256269048723417
2026-05-09 01:01:00,2.1819152915142057
2026-05-09 01:02:00,1.415457066958853
2026-05-09 01:03:00,0.0
2026-05-09 01:04:00,4.015977419731428
2026-05-09 01:05:00,2.349809529813367
2026-05-09 01:06:00,0.0
2026-05-09 01:07:00,2.0971616000694757
2026-05-09 01:08:00,3.377678304260246
2026-05-09 01:09:00,2.2109765941641086
2026-05-09 01:10:00,3.320895844630396
2026-05-09 01:11:00,0.6385467666082522
2026-05-09 01:12:00,3.285163239881201
2026-05-09 01:13:00,0.0
2026-05-09 01:14:00,0.8938846138700649
2026-05-09 01:15:00,0.6521527546418213
2026-05-09 01:16:00,1.8117864288509726
2026-05-09 01:17:00,3.9613132018774033
2026-05-09 01:18:00,3.8896866720011745
2026-05-09 01:19:00,1.3703804343242347
2026-05-09 01:20:00,0.0
2026-05-09 01:21:00,0.37033556955599545
2026-05-09 01:22:00,4.273548328112373
2026-05-09 01:23:00,0.7479287344923786
2026-05-09 01:24:00,0.0
2026-05-09 01:25:00,0.0
2026-05-09 01:26:00,0.6304969561793292
2026-05-09 01:27:00,0.39108053442312957
2026-05-09 01:28:00,0.02179780957714239
2026-05-09 01:29:00,4.253320554258954
2026-05-09 01:30:00,1.1734870037111758
2026-05-09 01:31:00,3.9839206118339283
2026-05-09 01:32:00,2.9491405820365557
2026-05-09 01:33:00,0.2892669187671166
2026-05-09 01:34:00,2.069517890690105
2026-05-09 01:35:00,1.460661378272678
2026-05-09 01:36:00,1.8663651827921357
2026-05-09 01:37:00,1.2175504731020577
2026-05-09 01:38:00,2.162295107345341
2026-05-09 01:39:00,2.22254821725731
2026-05-09 01:40:00,3.531075234326342
2026-05-09 01:41:00,3.887644929167456
2026-05-09 01:42:00,0.9651579108007915
2026-05-09 01:43:00,1.3393529527220718
2026-05-09 01:44:00,3.111857200754837
2026-05-09 01:45:00,3.793564948341977
2026-05-09 01:46:00,2.107545765516099
2026-05-09 01:47:00,0.9721649080651498
2026-05-09 01:48:00,2.6925505597802877
2026-05-09 01:49:00,2.3665458233618217
2026-05-09 01:50:00,0.0
2026-05-09 01:51:00,2.179166196682288
2026-05-09 01:52:00,0.6857998126983635
2026-05-09 01:53:00,0.7120194750564236
2026-05-09 01:54:00,0.38306956914494766
2026-05-09 01:55:00,2.6896991537997446
2026-05-09 01:56:00,2.197312021895465
2026-05-09 01:57:00,0.6165183529214359
2026-05-09 01:58:00,4.128697164861686
2026-05-09 01:59:00,2.723554857575357
2026-05-09 02:00:00,0.0
2026-05-09 02:01:00,1.0564060596313811
2026-05-09 02:02:00,0.07224033685164843
2026-05-09 02:03:00,1.8248555712270456
2026-05-09 02:04:00,3.5432726926203215
2026-05-09 02:05:00,0.6838914728362857
2026-05-09 02:06:00,1.8769333564063717
2026-05-09 02:07:00,0.9518585716359584
2026-05-09 02:08:00,1.5032491190835517
2026-05-09 02:09:00,0.0
2026-05-09 02:10:00,0.0
2026-05-09 02:11:00,4.012811466407021
2026-05-09 02:12:00,3.6154815050325935
2026-05-09 02:13:00,0.17799379564484763
2026-05-09 02:14:00,4.007786024525101
2026-05-09 02:15:00,2.670764893152478
2026-05-09 02:16:00,0.12829334963043598
2026-05-09 02:17:00,0.0
2026-05-09 02:18:00,3.0274502998717834
2026-05-09 02:19:00,1.6620268200934836
2026-05-09 02:20:00,4.151728386164408
2026-05-09 02:21:00,3.949607469696913
2026-05-09 02:22:00,0.7657173683714682
2026-05-09 02:23:00,3.1837685130460796
2026-05-09 02:24:00,0.0
2026-05-09 02:25:00,2.754994930841897
2026-05-09 02:26:00,0.3046963206002711
2026-05-09 02:27:00,4.157190342776816
2026-05-09 02:28:00,1.8897281367320167
2026-05-09 02:29:00,3.118796815241439
2026-05-09 02:30:00,2.198018495147427
2026-05-09 02:31:00,0.273701808994851
2026-05-09 02:32:00,1.1946483075099046
2026-05-09 02:33:00,0.8211526475799926
2026-05-09 02:34:00,1.3957640356060756
2026-05-09 02:35:00,3.8953884834199437
2026-05-09 02:36:00,1.088292235027807
2026-05-09 02:37:00,1.6290628634698252
2026-05-09 02:38:00,2.4776468972538117
2026-05-09 02:39:00,0.6243396641603259
2026-05-09 02:40:00,1.5061263741095616
2026-05-09 02:41:00,3.5032559407543897
2026-05-09 02:42:00,3.3329123185028884
2026-05-09 02:43:00,1.4193043606270777
2026-05-09 02:44:00,0.7568580748383669
2026-05-09 02:45:00,1.72929809281408
2026-05-09 02:46:00,2.391086747481318
2026-05-09 02:47:00,3.1930979623531655
2026-05-09 02:48:00,3.9364320244468507
2026-05-09 02:49:00,1.3935855839656772
2026-05-09 02:50:00,3.6304235599148154
2026-05-09 02:51:00,3.2477932561330416
2026-05-09 02:52:00,0.0
2026-05-09 02:53:00,1.5639530709320786
2026-05-09 02:54:00,0.0
2026-05-09 02:55:00,2.2184443542785353
2026-05-09 02:56:00,2.1752868310420475
2026-05-09 02:57:00,3.4274749148425996
2026-05-09 02:58:00,2.1145004542263592
2026-05-09 02:59:00,3.8151971143320864
2026-05-09 03:00:00,2.1929938868810073
2026-05-09 03:01:00,2.776688928593577
2026-05-09 03:02:00,2.656985039198985
2026-05-09 03:03:00,3.8093298682668846
2026-05-09 03:04:00,4.1444803889235
2026-05-09 03:05:00,0.0
2026-05-09 03:06:00,3.4863102305418803
2026-05-09 03:07:00,1.9974539624540628
2026-05-09 03:08:00,0.9657210687485991
2026-05-09 03:09:00,3.8712209872927446
2026-05-09 03:10:00,2.268086709631802
2026-05-09 03:11:00,2.2236134671295185
2026-05-09 03:12:00,2.073929423955215
2026-05-09 03:13:00,0.0
2026-05-09 03:14:00,3.871183601823889
2026-05-09 03:15:00,2.359599583263857
2026-05-09 03:16:00,1.01815760756338
2026-05-09 03:17:00,0.8191876383010576
2026-05-09 03:18:00,0.0
2026-05-09 03:19:00,3.599813486106692
2026-05-09 03:20:00,0.0
2026-05-09 03:21:00,2.07065429035747
2026-05-09 03:22:00,0.0
2026-05-09 03:23:00,3.465292211704024
2026-05-09 03:24:00,3.216107405574296
2026-05-09 03:25:00,2.0654751913842686
2026-05-09 03:26:00,3.5902395217312164
2026-05-09 03:27:00,2.6022710484115437
2026-05-09 03:28:00,0.0
2026-05-09 03:29:00,2.5728691042247194
2026-05-09 03:30:00,3.466752740504871
2026-05-09 03:31:00,1.5122607060426887
2026-05-09 03:32:00,4.172400988662668
2026-05-09 03:33:00,1.0247053362689857
2026-05-09 03:34:00,1.6915302160390877
2026-05-09 03:35:00,3.4442834622928267
2026-05-09 03:36:00,3.0899705921440925
2026-05-09 03:37:00,3.322789703584003
2026-05-09 03:38:00,0.5280277882890883
2026-05-09 03:39:00,0.28479340569498746
2026-05-09 03:40:00,2.853066274130321
2026-05-09 03:41:00,1.7112131740262777
2026-05-09 03:42:00,0.5586471089923467
2026-05-09 03:43:00,3.7787429956939707
2026-05-09 03:44:00,1.005020788401481
2026-05-09 03:45:00,4.111806666046689
2026-05-09 03:46:00,2.375819704867413
2026-05-09 03:47:00,1.830393446188127
2026-05-09 03:48:00,2.3964081928509917
2026-05-09 03:49:00,1.4005611118068937
2026-05-09 03:50:00,1.356630250845781
2026-05-09 03:51:00,0.8203210314477685
2026-05-09 03:52:00,1.7831833525000214
2026-05-09 03:53:00,2.534930663630058
2026-05-09 03:54:00,0.5880253299092582
2026-05-09 03:55:00,4.138491060540236
2026-05-09 03:56:00,2.942897618707282
2026-05-09 03:57:00,2.2464617673292926
2026-05-09 03:58:00,2.7763705852259144
2026-05-09 03:59:00,3.684028700580993
2026-05-09 04:00:00,0.5530121474080442
2026-05-09 04:01:00,0.9107144844099142
2026-05-09 04:02:00,2.7904511225921964
2026-05-09 04:03:00,3.6163775935852165
2026-05-09 04:04:00,1.9452486499433879
2026-05-09 04:05:00,1.3674806209885402
2026-05-09 04:06:00,1.8585230839673357
2026-05-09 04:07:00,4.186034487529534
2026-05-09 04:08:00,0.19863947247099273
2026-05-09 04:09:00,3.5105463574361937
2026-05-09 04:10:00,2.6358270126473675
2026-05-09 04:11:00,2.938171220862231
2026-05-09 04:12:00,3.9788117103814447
2026-05-09 04:13:00,3.1677592574824454
2026-05-09 04:14:00,0.8125511925134811
2026-05-09 04:15:00,3.417931057935356
2026-05-09 04:16:00,1.5007470105894902
2026-05-09 04:17:00,0.4136669719333042
2026-05-09 04:18:00,0.5521459402223734
2026-05-09 04:19:00,2.8043287070014653
2026-05-09 04:20:00,3.11124404446028
2026-05-09 04:21:00,0.5829567414093312
2026-05-09 04:22:00,3.2502917315806426
2026-05-09 04:23:00,2.4989952547886647
2026-05-09 04:24:00,2.8760830065236744
2026-05-09 04:25:00,2.887138886671596
2026-05-09 04:26:00,2.927802565266549
2026-05-09 04:27:00,0.0
2026-05-09 04:28:00,0.367796410052797
2026-05-09 04:29:00,4.177391841215714
2026-05-09 04:30:00,1.3182127156845622
2026-05-09 04:31:00,1.6893582380905843
2026-05-09 04:32:00,4.202085413646206
2026-05-09 04:33:00,1.0754229416260106
2026-05-09 04:34:00,3.1887199499058134
2026-05-09 04:35:00,3.4816844226248325
2026-05-09 04:36:00,3.5773082465528137
2026-05-09 04:37:00,3.590668102204476
2026-05-09 04:38:00,2.013375763798682
2026-05-09 04:39:00,2.307102608385972
2026-05-09 04:40:00,4.108436659646794
2026-05-09 04:41:00,1.280041241079693
2026-05-09 04:42:00,2.6400187780268816
2026-05-09 04:43:00,1.4428411002965629
2026-05-09 04:44:00,3.2650954536638888
2026-05-09 04:45:00,4.006973411526442
2026-05-09 04:46:00,2.347598871566792
2026-05-09 04:47:00,3.3826565578896335
2026-05-09 04:48:00,0.0
2026-05-09 04:49:00,0.34611504471933424
2026-05-09 04:50:00,0.0
2026-05-09 04:51:00,3.5592412129681774
2026-05-09 04:52:00,3.2681119112873778
2026-05-09 04:53:00,0.17812171487220768
2026-05-09 04:54:00,1.8087188551853004
2026-05-09 04:55:00,0.0
2026-05-09 04:56:00,2.6035870067802884
2026-05-09 04:57:00,0.6967846717902856
2026-05-09 04:58:00,0.861593394528087
2026-05-09 04:59:00,1.9196261614809806
2026-05-09 05:00:00,2.207759943792428
2026-05-09 05:01:00,3.4778607204124206
2026-05-09 05:02:00,3.0052875616396375
2026-05-09 05:03:00,4.01037159028154
2026-05-09 05:04:00,3.0847616112820586
2026-05-09 05:05:00,0.9533338208831166
2026-05-09 05:06:00,0.934110582726212
2026-05-09 05:07:00,1.38574263421966
2026-05-09 05:08:00,3.450101536906687
2026-05-09 05:09:00,1.8348699561254713
2026-05-09 05:10:00,2.794832171572743
2026-05-09 05:11:00,1.0683499601077393
2026-05-09 05:12:00,2.5899944980135006
2026-05-09 05:13:00,2.2841277811753455
2026-05-09 05:14:00,0.4078965760797787
2026-05-09 05:15:00,2.185692416893059
2026-05-09 05:16:00,1.8304517909785019
2026-05-09 05:17:00,2.8652658520046783
2026-05-09 05:18:00,1.5309185596915393
2026-05-09 05:19:00,4.079643093994046
2026-05-09 05:20:00,3.770294521782887
2026-05-09 05:21:00,2.652632682035735
2026-05-09 05:22:00,0.2133053936255795
2026-05-09 05:23:00,0.0
2026-05-09 05:24:00,3.7286715981508145
2026-05-09 05:25:00,3.4235012586457607
2026-05-09 05:26:00,3.254587262671879
2026-05-09 05:27:00,2.429776169045449
2026-05-09 05:28:00,3.536039994614125
2026-05-09 05:29:00,2.0476122893521325
2026-05-09 05:30:00,4.193003019265645
2026-05-09 05:31:00,1.300111578016213
2026-05-09 05:32:00,3.7436490278324825
2026-05-09 05:33:00,1.5973417252036968
2026-05-09 05:34:00,1.0154618974488419
2026-05-09 05:35:00,0.3268862231334463
2026-05-09 05:36:00,3.4194541212373424
2026-05-09 05:37:00,1.1427178981153316
2026-05-09 05:38:00,0.8829983441498779
2026-05-09 05:39:00,0.09243084892666964
2026-05-09 05:40:00,3.819648161372958
2026-05-09 05:41:00,1.9993071824792361
2026-05-09 05:42:00,0.8466334529102323
2026-05-09 05:43:00,4.033494893078389
2026-05-09 05:44:00,4.158393500324717
2026-05-09 05:45:00,3.309123224202347
2026-05-09 05:46:00,2.9557038298751377
2026-05-09 05:47:00,0.504647261464201
2026-05-09 05:48:00,3.335408299597109
2026-05-09 05:49:00,0.5187756817425848
2026-05-09 05:50:00,1.757456946588416
2026-05-09 05:51:00,1.3922351389353436
2026-05-09 05:52:00,3.551963163511379
2026-05-09 05:53:00,3.8858134785937812
2026-05-09 05:54:00,1.692205803678665
2026-05-09 05:55:00,3.8349168978345087
2026-05-09 05:56:00,0.0
2026-05-09 05:57:00,1.8186227768024752
2026-05-09 05:58:00,3.7412818682065807
2026-05-09 05:59:00,0.0709648279542131
2026-05-09 06:00:00,1.9541421275203557
2026-05-09 06:01:00,1.276032445037907
2026-05-09 06:02:00,3.902777655628441
2026-05-09 06:03:00,2.0233730076578698
2026-05-09 06:04:00,2.226645108233305
2026-05-09 06:05:00,3.7839244864872006
2026-05-09 06:06:00,1.211856257548505
2026-05-09 06:07:00,2.6898149588674376
2026-05-09 06:08:00,0.16334610286437978
2026-05-09 06:09:00,3.1848345699048943
2026-05-09 06:10:00,0.6724796867671643
2026-05-09 06:11:00,3.734241786668759
2026-05-09 06:12:00,4.036940800838701
2026-05-09 06:13:00,2.345609270807717
2026-05-09 06:14:00,2.324479464171724
2026-05-09 06:15:00,0.24497944936323335
2026-05-09 06:16:00,0.2354632649551876
2026-05-09 06:17:00,2.121189776653611
2026-05-09 06:18:00,3.083945533443239
2026-05-09 06:19:00,2.7636665900063377
2026-05-09 06:20:00,0.35219861733855024
2026-05-09 06:21:00,0.6348534728658329
2026-05-09 06:22:00,3.2721030759305623
2026-05-09 06:23:00,0.0
2026-05-09 06:24:00,2.9889430045870737
2026-05-09 06:25:00,2.0071539823706592
2026-05-09 06:26:00,0.22902800618397257
2026-05-09 06:27:00,1.5450297743022703
2026-05-09 06:28:00,2.1868121509518605
2026-05-09 06:29:00,2.981656523651689
2026-05-09 06:30:00,1.5292461773375798
2026-05-09 06:31:00,2.9849700846139253
2026-05-09 06:32:00,1.6726708605839886
2026-05-09 06:33:00,4.2024749185094175
2026-05-09 06:34:00,0.6177665779520409
2026-05-09 06:35:00,1.9363584963750664
2026-05-09 06:36:00,0.26937084554636376
2026-05-09 06:37:00,0.0
2026-05-09 06:38:00,1.7188063770974702
2026-05-09 06:39:00,2.5887090302730336
2026-05-09 06:40:00,3.0411464966795925
2026-05-09 06:41:00,0.0
2026-05-09 06:42:00,2.6500832866274355
2026-05-09 06:43:00,4.037508086288607
2026-05-09 06:44:00,1.3305418775420352
2026-05-09 06:45:00,1.1608792115584272
2026-05-09 06:46:00,1.4459858307854747
2026-05-09 06:47:00,0.7705114747082362
2026-05-09 06:48:00,1.576754841054083
2026-05-09 06:49:00,2.421143932878297
2026-05-09 06:50:00,3.791780303218025
2026-05-09 06:51:00,3.4466406769293902
2026-05-09 06:52:00,3.3763829051576586
2026-05-09 06:53:00,4.17582495891284
2026-05-09 06:54:00,1.2538815861579877
2026-05-09 06:55:00,3.4971859950835382
2026-05-09 06:56:00,3.6317229012525094
2026-05-09 06:57:00,2.9965950729943223
2026-05-09 06:58:00,3.9003998343262083
2026-05-09 06:59:00,1.6084348387413083
2026-05-09 07:00:00,2.868322117078387
2026-05-09 07:01:00,0.0
2026-05-09 07:02:00,4.15840560480032
2026-05-09 07:03:00,0.0
2026-05-09 07:04:00,2.5288510526196424
2026-05-09 07:05:00,2.310261718316754
2026-05-09 07:06:00,4.192632379315813
2026-05-09 07:07:00,2.4108452859833633
2026-05-09 07:08:00,3.2127454569075966
2026-05-09 07:09:00,3.1208007314829853
2026-05-09 07:10:00,1.2361209500926775
2026-05-09 07:11:00,1.199096513382591
2026-05-09 07:12:00,3.85645566023495
2026-05-09 07:13:00,0.9653691266065074
2026-05-09 07:14:00,1.017614318349357
2026-05-09 07:15:00,0.3920681721471718
2026-05-09 07:16:00,2.0271715537799913
2026-05-09 07:17:00,1.8682839913403844
2026-05-09 07:18:00,3.195740038383722
2026-05-09 07:19:00,3.616511362384987
2026-05-09 07:20:00,0.8881547989342156
2026-05-09 07:21:00,2.238326961286491
2026-05-09 07:22:00,3.3512585788707665
2026-05-09 07:23:00,3.8820128453977776
2026-05-09 07:24:00,2.295935520618271
2026-05-09 07:25:00,0.013802294497663903
2026-05-09 07:26:00,2.1921415564013587
2026-05-09 07:27:00,2.5451650357947044
2026-05-09 07:28:00,0.7804450786860828
2026-05-09 07:29:00,1.8954651240272078
2026-05-09 07:30:00,3.2922425219167453
2026-05-09 07:31:00,2.1309983314584082
2026-05-09 07:32:00,3.7418615385056846
2026-05-09 07:33:00,3.544541395274983
2026-05-09 07:34:00,1.5827166254861267
2026-05-09 07:35:00,0.0
2026-05-09 07:36:00,4.016572943407784
2026-05-09 07:37:00,3.313147473217343
2026-05-09 07:38:00,3.6252053271741973
2026-05-09 07:39:00,3.2852305274489053
2026-05-09 07:40:00,2.865569991447673
2026-05-09 07:41:00,2.740179887259283
2026-05-09 07:42:00,2.4592775251175985
2026-05-09 07:43:00,0.03958249957050097
2026-05-09 07:44:00,2.9927218492853727
2026-05-09 07:45:00,0.0
2026-05-09 07:46:00,2.7828344150254716
2026-05-09 07:47:00,0.0
2026-05-09 07:48:00,0.5483005690459263
2026-05-09 07:49:00,1.3408490840465832
2026-05-09 07:50:00,1.6617874438963718
2026-05-09 07:51:00,0.5910481498780003
2026-05-09 07:52:00,0.7885615891398327
2026-05-09 07:53:00,3.7168882218233272
2026-05-09 07:54:00,1.8041940185226577
2026-05-09 07:55:00,0.05250019582366894
2026-05-09 07:56:00,4.0137998481763555
2026-05-09 07:57:00,2.32789363993652
2026-05-09 07:58:00,1.113595251755411
2026-05-09 07:59:00,3.053851265397516
2026-05-09 08:00:00,0.4703925154211697
2026-05-09 08:01:00,1.0513463325260572
2026-05-09 08:02:00,1.7897891171126532
2026-05-09 08:03:00,0.0
2026-05-09 08:04:00,0.0
2026-05-09 08:05:00,1.1681840295499022
2026-05-09 08:06:00,2.5449563892993234
2026-05-09 08:07:00,2.0380643228522626
2026-05-09 08:08:00,0.2677601513636864
2026-05-09 08:09:00,0.0
2026-05-09 08:10:00,1.433479175820219
2026-05-09 08:11:00,4.142925729124992
2026-05-09 08:12:00,1.3282642145293813
2026-05-09 08:13:00,0.0
2026-05-09 08:14:00,1.0699346557362963
2026-05-09 08:15:00,0.6725234454258231
2026-05-09 08:16:00,0.0
2026-05-09 08:17:00,3.4699102761374183
2026-05-09 08:18:00,1.7255943650835128
2026-05-09 08:19:00,0.15805015510367604
2026-05-09 08:20:00,2.453885123469309
2026-05-09 08:21:00,3.53219227367365
2026-05-09 08:22:00,1.8617802611402763
2026-05-09 08:23:00,3.89446884878239
2026-05-09 08:24:00,1.5031676125162923
2026-05-09 08:25:00,0.5261042153815241
2026-05-09 08:26:00,0.15557358727046106
2026-05-09 08:27:00,0.11910770041826124
2026-05-09 08:28:00,0.0
2026-05-09 08:29:00,3.7161689963331734
2026-05-09 08:30:00,0.8403529468364201
2026-05-09 08:31:00,1.6968321406951277
2026-05-09 08:32:00,3.8297958508861645
2026-05-09 08:33:00,3.4759605324238176
2026-05-09 08:34:00,0.0
2026-05-09 08:35:00,1.612478287091364
2026-05-09 08:36:00,1.9139878688470167
2026-05-09 08:37:00,3.6756865981974567
2026-05-09 08:38:00,1.35710514491773
2026-05-09 08:39:00,2.03277409539656
2026-05-09 08:40:00,2.8376700824590446
2026-05-09 08:41:00,2.1388688917442975
2026-05-09 08:42:00,3.22382210863766
2026-05-09 08:43:00,2.6157982214395954
2026-05-09 08:44:00,0.15048683360081982
2026-05-09 08:45:00,2.6189081368477245
2026-05-09 08:46:00,3.3362216630158312
2026-05-09 08:47:00,3.665229890716958
2026-05-09 08:48:00,2.9548867661340585
2026-05-09 08:49:00,3.4654407676330092
2026-05-09 08:50:00,2.6590591754355204
2026-05-09 08:51:00,3.7698040292227875
2026-05-09 08:52:00,0.5986942723464815
2026-05-09 08:53:00,3.4516071425779304
2026-05-09 08:54:00,2.0169990426233033
2026-05-09 08:55:00,2.8416616895327502
2026-05-09 08:56:00,2.737418537730072
2026-05-09 08:57:00,0.14153197580975113
2026-05-09 08:58:00,1.979595335961509
2026-05-09 08:59:00,3.8768660494714093
2026-05-09 09:00:00,2.376718786071465
2026-05-09 09:01:00,0.9145901092287638
2026-05-09 09:02:00,3.282694969873477
2026-05-09 09:03:00,3.793123946050128
2026-05-09 09:04:00,4.034656524669732
2026-05-09 09:05:00,0.0
2026-05-09 09:06:00,3.887005962568207
2026-05-09 09:07:00,1.33153012810146
2026-05-09 09:08:00,4.113970267393177
2026-05-09 09:09:00,0.05395463575554604
2026-05-09 09:10:00,1.614630156672761
2026-05-09 09:11:00,0.8852068448104886
2026-05-09 09:12:00,3.39041175531791
2026-05-09 09:13:00,2.126227352370792
2026-05-09 09:14:00,1.0603110866339784
2026-05-09 09:15:00,0.0
2026-05-09 09:16:00,2.7949285969428685
2026-05-09 09:17:00,3.942521232061111
2026-05-09 09:18:00,1.6362264483570959
2026-05-09 09:19:00,3.8312139603155684
2026-05-09 09:20:00,1.67269870205049
2026-05-09 09:21:00,1.0722762272914506
2026-05-09 09:22:00,2.261086925957459
2026-05-09 09:23:00,0.0
2026-05-09 09:24:00,2.681614659167815
2026-05-09 09:25:00,0.0
2026-05-09 09:26:00,1.8559119668169894
2026-05-09 09:27:00,3.324527513261971
2026-05-09 09:28:00,3.6359443955438207
2026-05-09 09:29:00,3.5899266864751853
2026-05-09 09:30:00,3.8306571676050325
2026-05-09 09:31:00,3.7260199852061753
2026-05-09 09:32:00,1.2013935401134042
2026-05-09 09:33:00,4.006866596715409
2026-05-09 09:34:00,0.0
2026-05-09 09:35:00,0.0
2026-05-09 09:36:00,2.4993849927281553
2026-05-09 09:37:00,3.167340143790784
2026-05-09 09:38:00,1.2226598168016762
2026-05-09 09:39:00,0.8802771057625465
2026-05-09 09:40:00,0.010764579243524142
2026-05-09 09:41:00,2.6545991584911803
2026-05-09 09:42:00,4.001610654297972
2026-05-09 09:43:00,3.8085945605797393
2026-05-09 09:44:00,0.4908362491801995
2026-05-09 09:45:00,3.8510475334150835
2026-05-09 09:46:00,2.826185701321104
2026-05-09 09:47:00,2.891279990173248
2026-05-09 09:48:00,3.333490520073858
2026-05-09 09:49:00,0.0
2026-05-09 09:50:00,2.490952301317666
2026-05-09 09:51:00,0.4495887767290708
2026-05-09 09:52:00,1.5260085195441104
2026-05-09 09:53:00,0.12582674441314406
2026-05-09 09:54:00,0.6690894151044109
2026-05-09 09:55:00,1.2666005410832333
2026-05-09 09:56:00,2.567605792653941
2026-05-09 09:57:00,0.47595193749111314
2026-05-09 09:58:00,0.5521129648902571
2026-05-09 09:59:00,3.4819019876950392
2026-05-09 10:00:00,1.655812307843194
2026-05-09 10:01:00,0.0
2026-05-09 10:02:00,0.33940911185744166
2026-05-09 10:03:00,3.391456888345605
2026-05-09 10:04:00,1.759892686677882
2026-05-09 10:05:00,3.4855248707911866
2026-05-09 10:06:00,1.7269370144586982
2026-05-09 10:07:00,1.0009987489143173
2026-05-09 10:08:00,0.0
2026-05-09 10:09:00,2.9960377553843056
2026-05-09 10:10:00,1.0459753240550995
2026-05-09 10:11:00,2.1165863778916005
2026-05-09 10:12:00,3.1741281738243057
2026-05-09 10:13:00,2.4619799048702067
2026-05-09 10:14:00,2.013039078080732
2026-05-09 10:15:00,1.6309839886970892
2026-05-09 10:16:00,1.077279010228304
2026-05-09 10:17:00,3.223580342223248
2026-05-09 10:18:00,1.5859711993921304
2026-05-09 10:19:00,1.6534165301035602
2026-05-09 10:20:00,3.1242338899886555
2026-05-09 10:21:00,4.058303184364098
2026-05-09 10:22:00,0.0
2026-05-09 10:23:00,1.032451702362641
2026-05-09 10:24:00,2.1639446348295808
2026-05-09 10:25:00,2.054850577475934
2026-05-09 10:26:00,0.0
2026-05-09 10:27:00,0.00737576873523893
2026-05-09 10:28:00,1.6927854519302594
2026-05-09 10:29:00,2.246969239073695
2026-05-09 10:30:00,0.2533373652823651
2026-05-09 10:31:00,2.058385597416584
2026-05-09 10:32:00,0.5580940164942002
2026-05-09 10:33:00,0.9690541209057993
2026-05-09 10:34:00,0.41207767601562206
2026-05-09 10:35:00,0.634014879056799
2026-05-09 10:36:00,3.0011147630551847
2026-05-09 10:37:00,0.33474252780168556
2026-05-09 10:38:00,2.4419842827321894
2026-05-09 10:39:00,1.6365871473223779
2026-05-09 10:40:00,0.0
2026-05-09 10:41:00,0.4811758317667836
2026-05-09 10:42:00,1.6729871938147698
2026-05-09 10:43:00,0.48968233157419094
2026-05-09 10:44:00,1.0142465826204718
2026-05-09 10:45:00,4.034686366420795
2026-05-09 10:46:00,1.1855044177064054
2026-05-09 10:47:00,3.206677146218045
2026-05-09 10:48:00,0.0
2026-05-09 10:49:00,1.4639424279400157
2026-05-09 10:50:00,3.0616623353449963
2026-05-09 10:51:00,1.8666276524719414
2026-05-09 10:52:00,2.728383896096958
2026-05-09 10:53:00,0.9831890331260783
2026-05-09 10:54:00,0.10169218479732334
2026-05-09 10:55:00,1.1056175452800607
2026-05-09 10:56:00,0.20223351509553616
2026-05-09 10:57:00,1.407854819014613
2026-05-09 10:58:00,1.5581917219970096
2026-05-09 10:59:00,0.8640840328294156
2026-05-09 11:00:00,3.427912842060563
2026-05-09 11:01:00,1.2297044419452723
2026-05-09 11:02:00,0.5661080928512969
2026-05-09 11:03:00,2.3214596121811817
2026-05-09 11:04:00,3.08908847923834
2026-05-09 11:05:00,1.2790782487991803
2026-05-09 11:06:00,2.001943258628295
2026-05-09 11:07:00,4.264307851323272
2026-05-09 11:08:00,1.7789103341737968
2026-05-09 11:09:00,1.3591237239271137
2026-05-09 11:10:00,2.9831228371986835
2026-05-09 11:11:00,3.433458263772503
2026-05-09 11:12:00,0.0
2026-05-09 11:13:00,2.704667385867598
2026-05-09 11:14:00,3.8217516366710926
2026-05-09 11:15:00,4.111557938993901
2026-05-09 11:16:00,2.9046582905832214
2026-05-09 11:17:00,0.03402643180610676
2026-05-09 11:18:00,3.1593492359950774
2026-05-09 11:19:00,0.13097668317692784
2026-05-09 11:20:00,1.982496794477778
2026-05-09 11:21:00,0.6434047718852576
2026-05-09 11:22:00,3.7266367413381127
2026-05-09 11:23:00,0.6096597594110805
2026-05-09 11:24:00,1.2941767700905014
2026-05-09 11:25:00,0.0
2026-05-09 11:26:00,0.15646706287040835
2026-05-09 11:27:00,2.124287836633357
2026-05-09 11:28:00,2.884268959849963
2026-05-09 11:29:00,1.5778019686187879
2026-05-09 11:30:00,3.1278210827533504
2026-05-09 11:31:00,1.2999266292060914
2026-05-09 11:32:00,0.7788318031174126
2026-05-09 11:33:00,2.94214645058203
2026-05-09 11:34:00,1.400649307540652
2026-05-09 11:35:00,0.975659773680635
2026-05-09 11:36:00,0.22509941957978286
2026-05-09 11:37:00,1.0102563685209232
2026-05-09 11:38:00,1.6842718406460049
2026-05-09 11:39:00,2.0341005588814554
2026-05-09 11:40:00,1.1724952545783989
2026-05-09 11:41:00,0.0
2026-05-09 11:42:00,3.01909095360263
2026-05-09 11:43:00,1.8477659832306483
2026-05-09 11:44:00,0.0
2026-05-09 11:45:00,4.265858977039903
2026-05-09 11:46:00,3.8480321071406722
2026-05-09 11:47:00,1.2069312382184652
2026-05-09 11:48:00,0.46669016038246103
2026-05-09 11:49:00,2.43956961048465
2026-05-09 11:50:00,0.46293113919622964
2026-05-09 11:51:00,2.6889697695839927
2026-05-09 11:52:00,0.0
2026-05-09 11:53:00,2.7625811388726134
2026-05-09 11:54:00,1.3700520014296367
2026-05-09 11:55:00,0.0
2026-05-09 11:56:00,3.0027627330605347
2026-05-09 11:57:00,1.5059150507469088
2026-05-09 11:58:00,3.095568319887404
2026-05-09 11:59:00,2.8107957949642373
2026-05-09 12:00:00,0.0
2026-05-09 12:01:00,2.9551641995188143
2026-05-09 12:02:00,0.03976806298474578
2026-05-09 12:03:00,2.472626513755587
2026-05-09 12:04:00,1.351385122753857
2026-05-09 12:05:00,2.5827914579413607
2026-05-09 12:06:00,1.284286590260706
2026-05-09 12:07:00,3.570944332891133
2026-05-09 12:08:00,2.3216411852440215
2026-05-09 12:09:00,1.0466752485418667
2026-05-09 12:10:00,0.09931912906776419
2026-05-09 12:11:00,0.894577598772847
2026-05-09 12:12:00,2.0449154606949342
2026-05-09 12:13:00,2.403142014818763
2026-05-09 12:14:00,3.173741471082396
2026-05-09 12:15:00,2.9274235311059273
2026-05-09 12:16:00,3.9977122063364416
2026-05-09 12:17:00,2.860868029951007
2026-05-09 12:18:00,2.898710750303093
2026-05-09 12:19:00,3.5525083459565048
2026-05-09 12:20:00,1.340348739367423
2026-05-09 12:21:00,3.5416400023029793
2026-05-09 12:22:00,3.831671588590261
2026-05-09 12:23:00,3.6711543055851457
2026-05-09 12:24:00,1.4832780788607374
2026-05-09 12:25:00,1.813934563093302
2026-05-09 12:26:00,1.9745171715953163
2026-05-09 12:27:00,3.4852797597037872
2026-05-09 12:28:00,0.6742062770614187
2026-05-09 12:29:00,2.6719517841161706
2026-05-09 12:30:00,2.408834883640105
2026-05-09 12:31:00,1.533010828325215
2026-05-09 12:32:00,3.5293104294505984
2026-05-09 12:33:00,0.8140974270186926
2026-05-09 12:34:00,1.7403581021780785
2026-05-09 12:35:00,2.139161400474869
2026-05-09 12:36:00,2.947879986064843
2026-05-09 12:37:00,1.9010947638286395
2026-05-09 12:38:00,2.7150972232303334
2026-05-09 12:39:00,2.5838926272507576
2026-05-09 12:40:00,0.1323661095752937
2026-05-09 12:41:00,2.1184207155971704
2026-05-09 12:42:00,2.2421993336364228
2026-05-09 12:43:00,0.3075824520429172
2026-05-09 12:44:00,2.757831622323229
2026-05-09 12:45:00,2.1114900654321564
2026-05-09 12:46:00,2.3068817193372655
2026-05-09 12:47:00,0.9233107141887722
2026-05-09 12:48:00,3.894429506274247
2026-05-09 12:49:00,1.0171233046786137
2026-05-09 12:50:00,4.065584791030996
2026-05-09 12:51:00,0.22089436714736538
2026-05-09 12:52:00,2.4216050873455597
2026-05-09 12:53:00,0.7319544329558023
2026-05-09 12:54:00,0.44255166981080607
2026-05-09 12:55:00,0.11482952708729521
2026-05-09 12:56:00,3.8525185096556394
2026-05-09 12:57:00,1.7950675635820552
2026-05-09 12:58:00,3.765687914073295
2026-05-09 12:59:00,3.093555369355734
2026-05-09 13:00:00,0.5994601747708821
2026-05-09 13:01:00,0.13063761906343907
2026-05-09 13:02:00,3.2584944255350976
2026-05-09 13:03:00,2.8195311430951837
2026-05-09 13:04:00,0.29659379672309666
2026-05-09 13:05:00,2.551313266781123
2026-05-09 13:06:00,4.267321948718077
2026-05-09 13:07:00,0.3170576411293884
2026-05-09 13:08:00,2.444232682269586
2026-05-09 13:09:00,1.9524618896283603
2026-05-09 13:10:00,1.3279588788129013
2026-05-09 13:11:00,2.1262472206562655
2026-05-09 13:12:00,3.3949620641907403
2026-05-09 13:13:00,0.2026077206897754
2026-05-09 13:14:00,2.343292175422572
2026-05-09 13:15:00,3.286364732235827
2026-05-09 13:16:00,0.6048116332833017
2026-05-09 13:17:00,0.4915146324340414
2026-05-09 13:18:00,0.0
2026-05-09 13:19:00,3.174189003555746
2026-05-09 13:20:00,3.5635823053898177
2026-05-09 13:21:00,0.4511458521082583
2026-05-09 13:22:00,2.2336804906155705
2026-05-09 13:23:00,2.1719345874506
2026-05-09 13:24:00,1.3060417146661991
2026-05-09 13:25:00,3.111516399186808
2026-05-09 13:26:00,1.1617211912833563
2026-05-09 13:27:00,2.800136080916203
2026-05-09 13:28:00,0.6304839428714926
2026-05-09 13:29:00,3.0307843980516957
2026-05-09 13:30:00,0.8188517771789028
2026-05-09 13:31:00,3.4411951604355875
2026-05-09 13:32:00,3.231279815270123
2026-05-09 13:33:00,1.5405940453337168
2026-05-09 13:34:00,3.4759010192787803
2026-05-09 13:35:00,0.0
2026-05-09 13:36:00,0.46862928091254824
2026-05-09 13:37:00,3.845638506316926
2026-05-09 13:38:00,3.9528235480666662
2026-05-09 13:39:00,0.0
2026-05-09 13:40:00,2.24903278067174
2026-05-09 13:41:00,3.7923916661090025
2026-05-09 13:42:00,2.648681893987015
2026-05-09 13:43:00,0.0
2026-05-09 13:44:00,3.122728188079371
2026-05-09 13:45:00,3.890425074291646
2026-05-09 13:46:00,3.1290177721688726
2026-05-09 13:47:00,2.1448776452751854
2026-05-09 13:48:00,0.19440249271769539
2026-05-09 13:49:00,0.9920860889262545
2026-05-09 13:50:00,1.304422858718699
2026-05-09 13:51:00,2.5230271179884376
2026-05-09 13:52:00,1.3775730546632672
2026-05-09 13:53:00,0.8548913891376392
2026-05-09 13:54:00,0.8152190193972723
2026-05-09 13:55:00,0.08023685731751395
2026-05-09 13:56:00,1.9237216970067679
2026-05-09 13:57:00,3.871651454079052
2026-05-09 13:58:00,2.822413014934576
2026-05-09 13:59:00,1.364238229338286
2026-05-09 14:00:00,2.7282783212377786
2026-05-09 14:01:00,1.2459656208508014
2026-05-09 14:02:00,1.9662716302134
2026-05-09 14:03:00,1.0845706585521926
2026-05-09 14:04:00,2.616849632904848
2026-05-09 14:05:00,2.121430833878633
2026-05-09 14:06:00,2.9106954858491907
2026-05-09 14:07:00,2.9524818795816943
2026-05-09 14:08:00,1.6306088117665853
2026-05-09 14:09:00,1.5114230498228745
2026-05-09 14:10:00,2.4348953591999525
2026-05-09 14:11:00,1.0254834942572142
2026-05-09 14:12:00,1.765129975022987
2026-05-09 14:13:00,4.2435630939513675
2026-05-09 14:14:00,3.7173466699603903
2026-05-09 14:15:00,0.3221845070620377
2026-05-09 14:16:00,2.3026750967872758
2026-05-09 14:17:00,3.817324848360622
2026-05-09 14:18:00,1.1384639790523123
2026-05-09 14:19:00,0.5590102011278201
2026-05-09 14:20:00,3.3679850010881225
2026-05-09 14:21:00,0.721358205683562
2026-05-09 14:22:00,0.8963962200317643
2026-05-09 14:23:00,0.21789348636782618
2026-05-09 14:24:00,0.7171736439047415
2026-05-09 14:25:00,3.6991903932765613
2026-05-09 14:26:00,1.675227598252837
2026-05-09 14:27:00,1.6028563211556812
2026-05-09 14:28:00,0.35880070972925965
2026-05-09 14:29:00,1.8944034319272696
2026-05-09 14:30:00,0.0
2026-05-09 14:31:00,1.498967201781852
2026-05-09 14:32:00,1.9622030206762038
2026-05-09 14:33:00,3.009918983607113
2026-05-09 14:34:00,0.0
2026-05-09 14:35:00,2.936358211658275
2026-05-09 14:36:00,4.261237291740598
2026-05-09 14:37:00,3.5002805547081683
2026-05-09 14:38:00,0.4355041867236149
2026-05-09 14:39:00,3.821890881734041
2026-05-09 14:40:00,1.9530212981039314
2026-05-09 14:41:00,3.3609887727866226
2026-05-09 14:42:00,3.696987557030159
2026-05-09 14:43:00,4.232170101845536
2026-05-09 14:44:00,3.1388420158578882
2026-05-09 14:45:00,3.2750129121133895
2026-05-09 14:46:00,0.10792800354480081
2026-05-09 14:47:00,3.688708549125778
2026-05-09 14:48:00,3.2664889059350903
2026-05-09 14:49:00,0.0
2026-05-09 14:50:00,2.020810809212203
2026-05-09 14:51:00,3.3207244578313775
2026-05-09 14:52:00,4.226774071214217
2026-05-09 14:53:00,4.14958981239717
2026-05-09 14:54:00,0.45134813349100444
2026-05-09 14:55:00,2.2931467435448365
2026-05-09 14:56:00,1.6698015265435027
2026-05-09 14:57:00,1.1462077720103694
2026-05-09 14:58:00,3.511652088564831
2026-05-09 14:59:00,3.229082211443673
2026-05-09 15:00:00,3.362858073556423
2026-05-09 15:01:00,0.11979216161964679
2026-05-09 15:02:00,1.9566385464202747
2026-05-09 15:03:00,2.028306842549033
2026-05-09 15:04:00,0.8478934751182263
2026-05-09 15:05:00,0.1405647172376881
2026-05-09 15:06:00,0.03602361949032307
2026-05-09 15:07:00,3.505068290806004
2026-05-09 15:08:00,1.4121258693206526
2026-05-09 15:09:00,0.7784203693347816
2026-05-09 15:10:00,1.6966452511494023
2026-05-09 15:11:00,1.5874544519114462
2026-05-09 15:12:00,0.6723503231201674
2026-05-09 15:13:00,3.494238050660589
2026-05-09 15:14:00,1.6165786833127855
2026-05-09 15:15:00,2.072357579479549
2026-05-09 15:16:00,1.5849618661109148
2026-05-09 15:17:00,0.6589634954883905
2026-05-09 15:18:00,2.595462313635359
2026-05-09 15:19:00,0.4522075125918953
2026-05-09 15:20:00,1.9130579165514348
2026-05-09 15:21:00,3.761741762586553
2026-05-09 15:22:00,0.054084382254167784
2026-05-09 15:23:00,3.7722400720753204
2026-05-09 15:24:00,0.6425069395794266
2026-05-09 15:25:00,3.1559192601503927
2026-05-09 15:26:00,3.253138091464259
2026-05-09 15:27:00,0.4957498823630847
2026-05-09 15:28:00,2.4962099653570573
2026-05-09 15:29:00,1.9142932402223363
2026-05-09 15:30:00,1.6070748937604318
2026-05-09 15:31:00,3.844515540871892
2026-05-09 15:32:00,3.46780978087054
2026-05-09 15:33:00,0.36802764831016255
2026-05-09 15:34:00,2.147446254109358
2026-05-09 15:35:00,1.5287676138174322
2026-05-09 15:36:00,0.4911829588835057
2026-05-09 15:37:00,2.1856267077381517
2026-05-09 15:38:00,0.0
2026-05-09 15:39:00,1.5191484245275961
2026-05-09 15:40:00,2.8029060594279565
2026-05-09 15:41:00,2.649945290226573
2026-05-09 15:42:00,0.5801996044979743
2026-05-09 15:43:00,2.3199301281777878
2026-05-09 15:44:00,0.0
2026-05-09 15:45:00,2.6189400365038473
2026-05-09 15:46:00,0.15108923810462255
2026-05-09 15:47:00,3.2200350735276713
2026-05-09 15:48:00,4.018538603476446
2026-05-09 15:49:00,4.057280031666147
2026-05-09 15:50:00,2.598755825603448
2026-05-09 15:51:00,1.7216879860988312
2026-05-09 15:52:00,1.2966489336543652
2026-05-09 15:53:00,0.0
2026-05-09 15:54:00,4.045064796667717
2026-05-09 15:55:00,2.30949360976724
2026-05-09 15:56:00,0.0
2026-05-09 15:57:00,0.47598581557175307
2026-05-09 15:58:00,2.96993649973294
2026-05-09 15:59:00,3.8323467420027963
2026-05-09 16:00:00,1.1900492678429377
2026-05-09 16:01:00,1.9655221164861614
2026-05-09 16:02:00,0.7753761109556934
2026-05-09 16:03:00,1.40202073468683
2026-05-09 16:04:00,2.1048195226336626
2026-05-09 16:05:00,4.105116435231283
2026-05-09 16:06:00,3.6072420371749323
2026-05-09 16:07:00,0.32461625187655874
2026-05-09 16:08:00,2.96272112310997
2026-05-09 16:09:00,0.8606852268897536
2026-05-09 16:10:00,3.5630314469542057
2026-05-09 16:11:00,1.039089131310528
2026-05-09 16:12:00,2.142282553737271
2026-05-09 16:13:00,0.40535216329651297
2026-05-09 16:14:00,2.0048050150398105
2026-05-09 16:15:00,2.954306101928049
2026-05-09 16:16:00,3.142922856786789
2026-05-09 16:17:00,0.6047063400736763
2026-05-09 16:18:00,3.3267981794252854
2026-05-09 16:19:00,3.6976722095777674
2026-05-09 16:20:00,2.904851750607989
2026-05-09 16:21:00,2.9306081043873435
2026-05-09 16:22:00,1.639441849258065
2026-05-09 16:23:00,2.0297097315092
2026-05-09 16:24:00,1.9782549187123293
2026-05-09 16:25:00,3.3388702725552717
2026-05-09 16:26:00,1.8490449133316447
2026-05-09 16:27:00,0.0
2026-05-09 16:28:00,0.5890098143025885
2026-05-09 16:29:00,2.135505514744809
2026-05-09 16:30:00,2.905065934403153
2026-05-09 16:31:00,0.0
2026-05-09 16:32:00,0.4604759343640803
2026-05-09 16:33:00,0.9435784433757937
2026-05-09 16:34:00,3.6369491903035143
2026-05-09 16:35:00,0.21463411344309125
2026-05-09 16:36:00,1.973853173151976
2026-05-09 16:37:00,0.8628274292417724
2026-05-09 16:38:00,0.8998790144504043
2026-05-09 16:39:00,2.704586830641219
2026-05-09 16:40:00,0.0
2026-05-09 16:41:00,3.380514106137595
2026-05-09 16:42:00,2.7431234450257467
2026-05-09 16:43:00,2.8261457138679806
2026-05-09 16:44:00,4.21830605303899
2026-05-09 16:45:00,1.7603353802905115
2026-05-09 16:46:00,0.4745655671542435
2026-05-09 16:47:00,1.3319703328784305
2026-05-09 16:48:00,3.922153824868073
2026-05-09 16:49:00,3.81127061271338
2026-05-09 16:50:00,2.5780877381415173
2026-05-09 16:51:00,2.274031806867283
2026-05-09 16:52:00,0.6271310701795518
2026-05-09 16:53:00,2.7184885872867652
2026-05-09 16:54:00,0.06972223693536594
2026-05-09 16:55:00,4.177955839801648
2026-05-09 16:56:00,1.9916929069838152
2026-05-09 16:57:00,3.527269979722903
2026-05-09 16:58:00,2.355927597514597
2026-05-09 16:59:00,3.9512460590374174
2026-05-09 17:00:00,3.955518699448524
2026-05-09 17:01:00,0.6656254741423882
2026-05-09 17:02:00,0.5529974463933887
2026-05-09 17:03:00,0.4351630159986153
2026-05-09 17:04:00,0.17251659096286548
2026-05-09 17:05:00,0.46293807081762023
2026-05-09 17:06:00,3.3231836741632863
2026-05-09 17:07:00,2.923789698884202
2026-05-09 17:08:00,0.0
2026-05-09 17:09:00,3.360599194531665
2026-05-09 17:10:00,0.5080180621802839
2026-05-09 17:11:00,3.3489076530848503
2026-05-09 17:12:00,1.3343329793279004
2026-05-09 17:13:00,3.749226939408956
2026-05-09 17:14:00,2.197865206044847
2026-05-09 17:15:00,4.180277522651749
2026-05-09 17:16:00,1.287897067756938
2026-05-09 17:17:00,3.3978278008155947
2026-05-09 17:18:00,0.6210854959699103
2026-05-09 17:19:00,2.3316812083330816
2026-05-09 17:20:00,1.1723377240938082
2026-05-09 17:21:00,1.0898444443694044
2026-05-09 17:22:00,2.7195315630905115
2026-05-09 17:23:00,1.2352877754607121
2026-05-09 17:24:00,0.5149903867276393
2026-05-09 17:25:00,0.3672341670906231
2026-05-09 17:26:00,2.2413083160733773
2026-05-09 17:27:00,0.0
2026-05-09 17:28:00,2.535039381074367
2026-05-09 17:29:00,4.078808264801421
2026-05-09 17:30:00,3.035326600841127
2026-05-09 17:31:00,1.8750858141539897
2026-05-09 17:32:00,3.4937421786547618
2026-05-09 17:33:00,0.9325995921686188
2026-05-09 17:34:00,0.13869888068171682
2026-05-09 17:35:00,1.8001898994614862
2026-05-09 17:36:00,2.3682090442912482
2026-05-09 17:37:00,2.0693789691354096
2026-05-09 17:38:00,0.0
2026-05-09 17:39:00,3.0518209066764115
2026-05-09 17:40:00,3.0980842425343083
2026-05-09 17:41:00,0.7415431324178543
2026-05-09 17:42:00,3.0837794639784026
2026-05-09 17:43:00,0.33433586448720154
2026-05-09 17:44:00,1.9427995036088588
2026-05-09 17:45:00,1.1363781669297204
2026-05-09 17:46:00,4.109093255762537
2026-05-09 17:47:00,4.1770510080375916
2026-05-09 17:48:00,2.034298102178359
2026-05-09 17:49:00,0.2844608998675984
2026-05-09 17:50:00,0.8124952016589042
2026-05-09 17:51:00,2.2774239401587084
2026-05-09 17:52:00,2.147195354071686
2026-05-09 17:53:00,0.4670030387083576
2026-05-09 17:54:00,1.3883002470448162
2026-05-09 17:55:00,1.5617646875231248
2026-05-09 17:56:00,2.7408644804790017
2026-05-09 17:57:00,2.680291160673337
2026-05-09 17:58:00,2.6208556587770384
2026-05-09 17:59:00,0.759629424613701
2026-05-09 18:00:00,0.6908188505304766
2026-05-09 18:01:00,2.210183198233036
2026-05-09 18:02:00,2.7899774804592004
2026-05-09 18:03:00,4.108281647309889
2026-05-09 18:04:00,0.0
2026-05-09 18:05:00,0.0
2026-05-09 18:06:00,4.248271526321907
2026-05-09 18:07:00,0.5244167492559443
2026-05-09 18:08:00,1.1067855985315826
2026-05-09 18:09:00,1.1086108244308748
2026-05-09 18:10:00,2.164702663745985
2026-05-09 18:11:00,0.7621511742194238
2026-05-09 18:12:00,3.962009600690479
2026-05-09 18:13:00,0.6018471190095646
2026-05-09 18:14:00,2.262543021525901
2026-05-09 18:15:00,0.9177083381455403
2026-05-09 18:16:00,2.869589042478535
2026-05-09 18:17:00,0.0
2026-05-09 18:18:00,1.9030987326714515
2026-05-09 18:19:00,0.0
2026-05-09 18:20:00,0.1265137604120239
2026-05-09 18:21:00,3.097907941587809
2026-05-09 18:22:00,3.702099154901076
2026-05-09 18:23:00,2.8707121355660226
2026-05-09 18:24:00,0.8756177051406271
2026-05-09 18:25:00,0.41257650770888044
2026-05-09 18:26:00,3.669220626104507
2026-05-09 18:27:00,1.3289862356755195
2026-05-09 18:28:00,1.5230239995693897
2026-05-09 18:29:00,0.521419413486467
2026-05-09 18:30:00,2.3609612366368093
2026-05-09 18:31:00,0.0
2026-05-09 18:32:00,4.096624561773332
2026-05-09 18:33:00,1.4707058018926062
2026-05-09 18:34:00,1.68377245514227
2026-05-09 18:35:00,3.998690273554585
2026-05-09 18:36:00,0.7985247986957965
2026-05-09 18:37:00,0.3304678289577989
2026-05-09 18:38:00,1.4948855711743394
2026-05-09 18:39:00,3.4746114631788654
2026-05-09 18:40:00,0.0
2026-05-09 18:41:00,3.5714390596235837
2026-05-09 18:42:00,3.7138634914393487
2026-05-09 18:43:00,1.9378793914784398
2026-05-09 18:44:00,0.8871715910346357
2026-05-09 18:45:00,4.211691483887267
2026-05-09 18:46:00,3.113878515583899
2026-05-09 18:47:00,0.5692192764311179
2026-05-09 18:48:00,2.51921719473362
2026-05-09 18:49:00,0.6845554325168004
2026-05-09 18:50:00,0.44154588471434597
2026-05-09 18:51:00,0.5099690552820391
2026-05-09 18:52:00,3.2688682964252225
2026-05-09 18:53:00,1.214914394127312
2026-05-09 18:54:00,2.19735812975918
2026-05-09 18:55:00,1.2756900789218883
2026-05-09 18:56:00,2.835578514630562
2026-05-09 18:57:00,1.249352824610689
2026-05-09 18:58:00,3.5967495587416987
2026-05-09 18:59:00,0.0
2026-05-09 19:00:00,1.0723558362104482
2026-05-09 19:01:00,3.9192711512917113
2026-05-09 19:02:00,0.0
2026-05-09 19:03:00,0.9805735748864437
2026-05-09 19:04:00,3.22197745968973
2026-05-09 19:05:00,3.2673287811053493
2026-05-09 19:06:00,0.1925881383440009
2026-05-09 19:07:00,2.211769460167399
2026-05-09 19:08:00,0.7462553425469453
2026-05-09 19:09:00,2.287006440200255
2026-05-09 19:10:00,2.849891692338232
2026-05-09 19:11:00,3.3389207773745886
2026-05-09 19:12:00,3.1801530194723933
2026-05-09 19:13:00,0.24452326516816425
2026-05-09 19:14:00,2.370056431328141
2026-05-09 19:15:00,1.0821209764935218
2026-05-09 19:16:00,0.5802840710767246
2026-05-09 19:17:00,2.7873988877991365
2026-05-09 19:18:00,2.019336317811085
2026-05-09 19:19:00,3.8458942934073335
2026-05-09 19:20:00,0.7229094384877555
2026-05-09 19:21:00,0.0016366715273856691
2026-05-09 19:22:00,0.9452703908066893
2026-05-09 19:23:00,0.0
2026-05-09 19:24:00,1.0836906359323175
2026-05-09 19:25:00,0.0
2026-05-09 19:26:00,3.0466715959718953
2026-05-09 19:27:00,2.656066770295161
2026-05-09 19:28:00,3.276869632114868
2026-05-09 19:29:00,2.2221159601616423
2026-05-09 19:30:00,4.152497288101693
2026-05-09 19:31:00,0.5198895966619879
2026-05-09 19:32:00,2.194264077361537
2026-05-09 19:33:00,0.11794505684487122
2026-05-09 19:34:00,3.6899486546559457
2026-05-09 19:35:00,3.62701864612277
2026-05-09 19:36:00,3.943854899339329
2026-05-09 19:37:00,0.8984728800648747
2026-05-09 19:38:00,2.463605266535528
2026-05-09 19:39:00,3.6835616166686584
2026-05-09 19:40:00,3.9565596691575973
2026-05-09 19:41:00,1.0632520544611097
2026-05-09 19:42:00,2.3292798114426967
2026-05-09 19:43:00,0.0
2026-05-09 19:44:00,4.0761150148518634
2026-05-09 19:45:00,0.10077339289088871
2026-05-09 19:46:00,1.6391612367284996
2026-05-09 19:47:00,1.7573440212887985
2026-05-09 19:48:00,0.46285012305076384
2026-05-09 19:49:00,2.7591263452491592
2026-05-09 19:50:00,3.1820303007959825
2026-05-09 19:51:00,0.5828732060724185
2026-05-09 19:52:00,2.879666990687071
2026-05-09 19:53:00,3.0981681793981206
2026-05-09 19:54:00,3.641760949774583
2026-05-09 19:55:00,3.0262716701770778
2026-05-09 19:56:00,3.2432167213269882
2026-05-09 19:57:00,0.31651753593735915
2026-05-09 19:58:00,3.394813425012696
2026-05-09 19:59:00,3.2087059315261937
2026-05-09 20:00:00,3.8860430595740225
2026-05-09 20:01:00,0.05998899408427405
2026-05-09 20:02:00,2.191326334801854
2026-05-09 20:03:00,1.985476438759906
2026-05-09 20:04:00,0.4730848506329812
2026-05-09 20:05:00,1.4657682765328128
2026-05-09 20:06:00,0.32650541015991885
2026-05-09 20:07:00,3.81222649869834
2026-05-09 20:08:00,0.21039631163825373
2026-05-09 20:09:00,0.31139597398378616
2026-05-09 20:10:00,1.2742133124526671
2026-05-09 20:11:00,4.0893609761984715
2026-05-09 20:12:00,0.2627089120485259
2026-05-09 20:13:00,1.1771923482812183
2026-05-09 20:14:00,2.618580175742304
2026-05-09 20:15:00,2.946342992553348
2026-05-09 20:16:00,1.3818185870589064
2026-05-09 20:17:00,4.165753214663657
2026-05-09 20:18:00,0.444806749083471
2026-05-09 20:19:00,0.7218467674454598
2026-05-09 20:20:00,1.1193934168565045
2026-05-09 20:21:00,0.0
2026-05-09 20:22:00,0.11706965217520471
2026-05-09 20:23:00,0.9068636798404476
2026-05-09 20:24:00,0.752007934951852
2026-05-09 20:25:00,0.0
2026-05-09 20:26:00,3.931577375600546
2026-05-09 20:27:00,0.03256924858062615
2026-05-09 20:28:00,0.0
2026-05-09 20:29:00,3.7364389291682407
2026-05-09 20:30:00,3.3949402535123228
2026-05-09 20:31:00,3.0072158207690283
2026-05-09 20:32:00,0.16017583148265346
2026-05-09 20:33:00,1.616099333116749
2026-05-09 20:34:00,3.882510540809109
2026-05-09 20:35:00,0.5337875455217344
2026-05-09 20:36:00,2.0594228663005927
2026-05-09 20:37:00,0.6423886300389613
2026-05-09 20:38:00,0.7689732383290145
2026-05-09 20:39:00,1.9133179119664618
2026-05-09 20:40:00,0.5256472569878828
2026-05-09 20:41:00,2.1282120166540865
2026-05-09 20:42:00,3.216768146777119
2026-05-09 20:43:00,0.8402653484930057
2026-05-09 20:44:00,3.4818518739839295
2026-05-09 20:45:00,2.1582116900520063
2026-05-09 20:46:00,1.5019431924403412
2026-05-09 20:47:00,0.0
2026-05-09 20:48:00,2.6162264280413217
2026-05-09 20:49:00,0.0
2026-05-09 20:50:00,0.1166852675570611
2026-05-09 20:51:00,3.435138324803207
2026-05-09 20:52:00,1.1318751002603062
2026-05-09 20:53:00,1.75128576090058
2026-05-09 20:54:00,3.1212792524006847
2026-05-09 20:55:00,3.1750621101193905
2026-05-09 20:56:00,4.025168878547885
2026-05-09 20:57:00,1.8070172839591647
2026-05-09 20:58:00,0.4345519026895731
2026-05-09 20:59:00,0.4661626675322659
2026-05-09 21:00:00,3.1075688415653593
2026-05-09 21:01:00,3.0933913058431304
2026-05-09 21:02:00,2.692448499702423
2026-05-09 21:03:00,0.0
2026-05-09 21:04:00,3.9555907288509835
2026-05-09 21:05:00,3.758528751903521
2026-05-09 21:06:00,3.540637133204558
2026-05-09 21:07:00,2.390897633333631
2026-05-09 21:08:00,0.923320303716773
2026-05-09 21:09:00,4.0817899808529345
2026-05-09 21:10:00,2.048332889604641
2026-05-09 21:11:00,2.3218855492759554
2026-05-09 21:12:00,0.6326968478394199
2026-05-09 21:13:00,3.6381737464828285
2026-05-09 21:14:00,3.931707904678355
2026-05-09 21:15:00,0.7348651792628969
2026-05-09 21:16:00,0.6213673678305032
2026-05-09 21:17:00,2.1429170770796953
2026-05-09 21:18:00,2.438318395964825
2026-05-09 21:19:00,0.0
2026-05-09 21:20:00,2.369306010857651
2026-05-09 21:21:00,0.4908807317762954
2026-05-09 21:22:00,1.2604119987775715
2026-05-09 21:23:00,1.045896299220587
2026-05-09 21:24:00,1.2506599649590255
2026-05-09 21:25:00,3.895239777684507
2026-05-09 21:26:00,3.988255776699015
2026-05-09 21:27:00,0.4637742793754595
2026-05-09 21:28:00,0.0
2026-05-09 21:29:00,3.7425955697763778
2026-05-09 21:30:00,4.229833914594762
2026-05-09 21:31:00,2.4160164280264764
2026-05-09 21:32:00,1.1512511007950443
2026-05-09 21:33:00,2.6431694536844894
2026-05-09 21:34:00,2.726542644120155
2026-05-09 21:35:00,4.124024415147692
2026-05-09 21:36:00,0.0
2026-05-09 21:37:00,0.867001914380603
2026-05-09 21:38:00,1.9168556703668942
2026-05-09 21:39:00,1.9533141659859852
2026-05-09 21:40:00,3.1450093713751404
2026-05-09 21:41:00,0.1139002806013889
2026-05-09 21:42:00,1.8646881819099748
2026-05-09 21:43:00,2.3798464551340737
2026-05-09 21:44:00,4.044705005218987
2026-05-09 21:45:00,2.533863040471149
2026-05-09 21:46:00,3.069742033109408
2026-05-09 21:47:00,4.064820610596252
2026-05-09 21:48:00,0.8380330858561575
2026-05-09 21:49:00,3.785347714525221
2026-05-09 21:50:00,0.8700060062002989
2026-05-09 21:51:00,2.9775994844363254
2026-05-09 21:52:00,1.9213088370451115
2026-05-09 21:53:00,3.927707794643388
2026-05-09 21:54:00,2.877045798666452
2026-05-09 21:55:00,3.56257456296177
2026-05-09 21:56:00,3.5461610996745248
2026-05-09 21:57:00,3.3154521896337608
2026-05-09 21:58:00,3.8178550490797347
2026-05-09 21:59:00,0.3224528847662382
2026-05-09 22:00:00,0.956527528731441
2026-05-09 22:01:00,1.280697018932116
2026-05-09 22:02:00,0.40997841067261614
2026-05-09 22:03:00,3.478651261741298
2026-05-09 22:04:00,0.05926819859946608
2026-05-09 22:05:00,1.080404284173011
2026-05-09 22:06:00,0.6076773603242559
2026-05-09 22:07:00,3.0472553708278673
2026-05-09 22:08:00,0.8205985698822051
2026-05-09 22:09:00,2.4591308936078917
2026-05-09 22:10:00,3.672635539109413
2026-05-09 22:11:00,0.0
2026-05-09 22:12:00,3.0418872542835595
2026-05-09 22:13:00,0.8794923975664906
2026-05-09 22:14:00,2.5894147273762615
2026-05-09 22:15:00,3.5780933470064826
2026-05-09 22:16:00,0.49517404402570997
2026-05-09 22:17:00,0.5871175705684374
2026-05-09 22:18:00,1.4153123327420514
2026-05-09 22:19:00,2.64892649167386
2026-05-09 22:20:00,3.340495376351856
2026-05-09 22:21:00,1.7315565872185008
2026-05-09 22:22:00,2.8954344792698627
2026-05-09 22:23:00,0.0
2026-05-09 22:24:00,1.9254323800764996
2026-05-09 22:25:00,0.2846371759789448
2026-05-09 22:26:00,2.35741382755756
2026-05-09 22:27:00,0.10714071914147971
2026-05-09 22:28:00,2.215360464222809
2026-05-09 22:29:00,3.425098185726671
2026-05-09 22:30:00,3.0248558197986157
2026-05-09 22:31:00,1.8001993859882475
2026-05-09 22:32:00,0.6826507649359984
2026-05-09 22:33:00,1.7478744937044017
2026-05-09 22:34:00,0.0
2026-05-09 22:35:00,2.5014969406119594
2026-05-09 22:36:00,4.0248444585466325
2026-05-09 22:37:00,0.4367502749165457
2026-05-09 22:38:00,0.4825380408702862
2026-05-09 22:39:00,0.3940278869802774
2026-05-09 22:40:00,2.86995961216717
2026-05-09 22:41:00,1.3397576345624096
2026-05-09 22:42:00,4.0776856892621085
2026-05-09 22:43:00,3.2045591042361243
2026-05-09 22:44:00,1.622488990122076
2026-05-09 22:45:00,2.16364225120825
2026-05-09 22:46:00,3.434237032462982
2026-05-09 22:47:00,1.39810971473035
2026-05-09 22:48:00,0.6996387240296418
2026-05-09 22:49:00,1.368698201064113
2026-05-09 22:50:00,1.163964154775264
2026-05-09 22:51:00,0.4745331097123985
2026-05-09 22:52:00,1.278148974131918
2026-05-09 22:53:00,0.8657406756547269
2026-05-09 22:54:00,3.094698557031989
2026-05-09 22:55:00,2.5228410313938205
2026-05-09 22:56:00,3.3085038893711443
2026-05-09 22:57:00,2.3899095986003256
2026-05-09 22:58:00,0.6431465605161301
2026-05-09 22:59:00,3.760879422851412
2026-05-09 23:00:00,1.8552249821689109
2026-05-09 23:01:00,3.175238043776494
2026-05-09 23:02:00,1.9757891093159494
2026-05-09 23:03:00,0.717864901411948
2026-05-09 23:04:00,0.0
2026-05-09 23:05:00,1.330789672297584
2026-05-09 23:06:00,1.138227000580775
2026-05-09 23:07:00,0.5368569072039604
2026-05-09 23:08:00,0.23286762017798268
2026-05-09 23:09:00,2.7064243352042485
2026-05-09 23:10:00,0.0
2026-05-09 23:11:00,0.3460471531847204
2026-05-09 23:12:00,3.8712709017692326
2026-05-09 23:13:00,1.9307285137856562
2026-05-09 23:14:00,3.9557407625284866
2026-05-09 23:15:00,3.8158940115456454
2026-05-09 23:16:00,4.006964434767312
2026-05-09 23:17:00,0.20551087969883458
2026-05-09 23:18:00,2.0911704276254097
2026-05-09 23:19:00,4.158629397716857
2026-05-09 23:20:00,0.8069907758104078
2026-05-09 23:21:00,2.167773001850461
2026-05-09 23:22:00,1.5592604331070161
2026-05-09 23:23:00,1.0848771263285544
2026-05-09 23:24:00,3.825948147297117
2026-05-09 23:25:00,1.7592420234304542
2026-05-09 23:26:00,3.7389540839309428
2026-05-09 23:27:00,3.806522964423975
2026-05-09 23:28:00,0.6341202216037995
2026-05-09 23:29:00,3.2497868152814577
2026-05-09 23:30:00,2.5542321543269693
2026-05-09 23:31:00,2.8443415815630892
2026-05-09 23:32:00,3.7069159316046822
2026-05-09 23:33:00,1.8535178006186066
2026-05-09 23:34:00,3.763389821567284
2026-05-09 23:35:00,1.8962449999482573
2026-05-09 23:36:00,0.8620483074498935
2026-05-09 23:37:00,0.14816212122198547
2026-05-09 23:38:00,2.5298970278056236
2026-05-09 23:39:00,0.0
2026-05-09 23:40:00,2.7068285078722263
2026-05-09 23:41:00,0.3556550752950802
2026-05-09 23:42:00,1.3897268288201858
2026-05-09 23:43:00,0.0
2026-05-09 23:44:00,0.7268952252345883
2026-05-09 23:45:00,3.381629715697278
2026-05-09 23:46:00,0.7017033059614792
2026-05-09 23:47:00,1.4490699497344681
2026-05-09 23:48:00,1.4637257384371347
2026-05-09 23:49:00,2.000387769704363
2026-05-09 23:50:00,1.444998621037
2026-05-09 23:51:00,0.42451941281836003
2026-05-09 23:52:00,3.8696168306795657
2026-05-09 23:53:00,2.9873114921706128
2026-05-09 23:54:00,0.74521595510697
2026-05-09 23:55:00,0.1054602830121758
2026-05-09 23:56:00,0.9702540968965362
2026-05-09 23:57:00,0.0
2026-05-09 23:58:00,1.1016337911158582
2026-05-09 23:59:00,2.4218716238925344
2026-05-10 00:00:00,0.00847613719374396
2026-05-10 00:01:00,3.271101708776709
2026-05-10 00:02:00,1.458481227034206
2026-05-10 00:03:00,1.8002738925508497
2026-05-10 00:04:00,0.24093401467715375
2026-05-10 00:05:00,0.2030481037711097
2026-05-10 00:06:00,3.0744298963601304
2026-05-10 00:07:00,0.0
2026-05-10 00:08:00,1.8784172356219755
2026-05-10 00:09:00,0.4528239461426177
2026-05-10 00:10:00,1.6387176737105245
2026-05-10 00:11:00,1.0682424561146264
2026-05-10 00:12:00,0.9591114103631481
2026-05-10 00:13:00,3.1493758393998377
2026-05-10 00:14:00,0.7301736966502671
2026-05-10 00:15:00,0.8681857312844525
2026-05-10 00:16:00,3.435738595916966
2026-05-10 00:17:00,3.9605896700234924
2026-05-10 00:18:00,0.0
2026-05-10 00:19:00,0.9809305460274615
2026-05-10 00:20:00,2.9529220522432995
2026-05-10 00:21:00,0.0
2026-05-10 00:22:00,2.954037388557117
2026-05-10 00:23:00,1.15660401614713
2026-05-10 00:24:00,1.1379151551024236
2026-05-10 00:25:00,0.0
2026-05-10 00:26:00,0.0612692308023387
2026-05-10 00:27:00,1.6178035308733176
2026-05-10 00:28:00,1.893752448064371
2026-05-10 00:29:00,0.15031350525198295
2026-05-10 00:30:00,4.22935148076115
2026-05-10 00:31:00,0.8797956921285448
2026-05-10 00:32:00,3.1695568172660096
2026-05-10 00:33:00,0.0
2026-05-10 00:34:00,2.741925480559891
2026-05-10 00:35:00,0.0
2026-05-10 00:36:00,1.3316707856416148
2026-05-10 00:37:00,4.021279355320468
2026-05-10 00:38:00,1.0831701575556456
2026-05-10 00:39:00,1.7816894193180424
2026-05-10 00:40:00,0.4027678702076778
2026-05-10 00:41:00,2.6217301018845536
2026-05-10 00:42:00,1.7018838354524288
2026-05-10 00:43:00,1.1485240704550619
2026-05-10 00:44:00,0.0
2026-05-10 00:45:00,3.428644116677958
